clean_text,label,pos_count,neg_count,sentiment_score
sungguh benci ahok prestasi saing ahok pilkada jakarta terus muncul bagai senjata siap serang ahok isu sara ahok cina kurang sopan santun lontar puruk si ahok aneh bukan jatuh buat orang benci popularitas ahok sinar saing saing ahok terus dapat hujat terus terang masuk orang benci ahok benci prestasi jabat gubernur dki liat gimana ahok perkasa bongkar kasus dana siluman tutup sarang preman prostitusi kalijodo pecat pns gak becus kerja prestasi ahok jaya percaya warga prestasi rasa saing saing ahok lihat kerdil datang bagai kalang jadi buat benci ahok perkasa ahok tingkat percaya masyarakat tinggi pimpin ahok pilkada dki bakal tidak seru ahok menang mudah main cepat selesai ahok menang jadi cundang huhh benci benar benar cinta ahok,1,8,9,-1
ahok sandera kpk hasil survey baru puas publik kerja ahok capai timing laku survey tepat kait kalijodo tidak tidak tahu jelas fakta fakta laku pilgub dki ahok bakal menang titik lemah ahok letak kasus tanah sumber waras lawan politik ahok goreng habis habis kawan politik ahok jadi posisi tawar ahok balas budi ahok penuh minta kawan politik ahok ahok tidak jadi sangka ahok tolak minta kawan politik ahok ahok jadi sangka tidak makan siang gratis kawan politik ahok tidak penting ahok lewat jalur independen lewat jalur parpol penting ahok menang sisi citra peluang ahok besar menang lewat jalur independen parpol usung ahok tetap dukung ahok kartu ahok pegang bikin ahok tidak kutik kasus ahok kait sumber waras bukti ahok bukan manusia tengah dewa ahok tepat sebut manusia tengah dewa tengah setan ahok gusur kalijodo ahok sebut manusia tengah dewa ahok biar kali lokasi judi prostitusi miras ahok sebut manusia tengah setan ahok tindak dewa tindak setan gantung penting untung jadi setan jadi manusia tengah dewa ahok tahu fenomena ahok bukti pilih pimpin pilih hadap pilih bagus buruk percaya ahok masuk bagus buruk ahok bagus haji lulung selamat kerja ahok,1,12,9,3
ahok butuh dukung parpol rasa tidak etis menyianyiakan sungguh teman ahok dukung ahok maju pilgub dki lewat jalur independen kumpul dukung masyarakat dki putus ahok terima dukung teman ahok putus bijak setifaknya ahok tidak menyianyiakan mesin politik bukti dukung ahok jelas ahok butuh dukung parpol nasdem beri dukung prediksi parpol susul dukung ahok bukti ahok menang pilgub dki muncul tanya ahok minoritas dukung mayoritas ingat dekat perang media sosial tajam kasar vulgar uras emosi pikir agam taktik guna yakin masa pilih dukung tidak dukung ahok strategi kubu ahok jelas pecah kuat lawan ahok lewat figur arti kaum oposisi dorong usung calon calon oposisi besar peluang ahok menang masa ragu dorong dukung ahok lewat nonjolkan prestasi ahok sadar ahok tidak invisible hand kuat besar diam diam beri dukung ahok kelompok ingin jak rta baik ahok kerja nyata rubah jakarta jadi baik ahok bukan figur ideal ahok perlu dukung pihak tutup kurang ahok pihak lepas ego lihat penting besar jadi jakarta baik titik ahok parpol temu bekerjasama sinergi bangun jakarta ahok lewat jalu independen ahok tidak ninggalkan parpol,1,9,5,4
pasang tepat ahok pilkada dki pertama tama ucap selamat atas hasil teman ahok yg kerja keras hasil kumpul syarat minimal ktp ahok maju jalur independen jadi tanya damping ahok maju dipilkada dki pilkada dki jarak tahun pilpres tahun mnelihat hubung baik jalin jokowi ahok besar mungkin ahok damping jokowi pilpres ahok calon kuat besar mungkin menang pilkada dki ahok damping jokowi pilpres besar mungkin pasang jokowi ahok menang pilpres tsb calon wakil ahok tsb jabat gubernur dki ahok tinggal jokowi jadi presiden ingat hubung baik jokowi ahok besar antusiasme kader pdip sambut ahok dirakernas pdip kemarin pdip minat usung ahok pilkada dki tsb lupa teman ahok juang ahok maju jalur independen ahok tidak ikat partai usung jadi turut calon wakil ahok baik partai pdip maju jalur independen cara ahok dapat dukung pdip pdip tidak usung calon resmi karna kader maju independen ahok pdip rugi tidak dukung ahok karna kerja ahok rasa manfaat warga jakarta dukung ahok menang pilkada dki kader pdip cukup kuat saing ahok pilkada tsb bu risma walikota surabaya pdip siap bu risma saing ahok baik pdip siap bu risma maju pilkada jatim pilih salah kader jadi wakil ahok mungkin besar damping jokowi maju pilpres otomatis wakil ahok tsb jadi gubernur dki yakin teman ahok tidak berat ahok dapat dukung pdip pilih calon wakil kader pdip ahok maju jalur independen pdip seleksi kader pantas maju damping ahok pdip aju calon oneng simbolon orang cagub gagal tidak pantas damping ahok doa moga pak ahok dapat wakil baik menang pilkada dki,1,15,2,13
muslim dukung ahok salah judul atas baca apa salah muslim larang dukung ahok dosa masuk neraka muslim tidak faham agama ikut ikut takut ancam neraka dukung ahok pilkada dki tahun genderang perang urat saraf opini mulai lancar heran prilaku hater ahok phobia ahok jadi gubernur dki serang tubi tubi lancar bukan pribadi ahok dukung ahok teman ahok serang halus bentuk tulis opini mapun kasar bentuk caci maki kolom komentar media sosial silih ganti ikut ramai perang urat syaraf ayal ahok moncer lawan ahok tetap elektabilitasnya memble lawan ahok punya prestasi jelas bukan gali potensi prestasi serang ahok untung ahok dapat kampanye gratis debat perang opini tidak sadar lawan politik ahok terus gencar serang ahok serang bumerang tingkat eletabilitas ahok turun elektabilitas lawan ahok judul heboh kata jadi hoax serang ahok teman ahok jadi salah cara laku laku politik praktis serang masif kutat suku ras agama masyarakat bukan jaman orba gampang cekok tidak benar hoax masyarakat hidup era medsos pandai rata rata milik didik minimal smp bukan jaman banyak tamat sd tidak sekolah era buka masyarakat tahu pimpin kerja suka kaya kroni jadi menang lawan ahok tunjuk prestasi koar koar cari keburu ahok kata pepatah tepuk air dulang percik muka salam kompasiana,1,10,9,1
ahok jadi usung pdip kata dunia kata ahok berani kata ahok teman ahok siap buat fenomena baru politik tanah air juang tanpa parpol kata parpol parpol tidak percaya kata kata ahok mencla mencle nyata maju pilgub dki lewat jalur independen ridwan kamil datang ganjar pranowo datang langsung ahok jadi galau bicara ahok emil ganjar ahok nyata maju pilgub dki dukung pdip benar benar kejut teman ahok marah langsung buat meme sindir pdip pdip kata teman ahok hipnotis ahok ubah pikir hehe ahok balik nyata maju lewat jalur independen syarat ktp kumpul capai ktp d sikap ahok mencla mencle nilai amat politik charta politika yunarto wijaya manuver kosmetik politik awal ahok tidak berani maju lewat jalur independen ahok kalah pilgub babel trauma ahok bentuk lsm nama teman ahok lsm usaha kumpul ktp ktp simpatisan ahok akhir sebut capai ktp jumlah buat ahok pede nyata datang emil ganjar buka kedok ahok ahok gentar lawan kang emil ganjar pranowo ahok langsung dekat pdip yunarto wijaya ahok guna teman ahok sarana bargaining politik ktp ahok tawar tawar parpol usung jadi awal ahok tidak niat maju lewat jalur independen kosmetik politik belaka informasi kabar burung malam kabar ahok hadap ibu megawati minta dukung pdip pilgub dki datang malam sekjen pdip hasto kristanto keluar nyata pdip dukung cagub tarung pilkada lewat jalur parpol pdip punya mekanisme sendiri seleksi kader aju usung jadi calon kepala daerah pdip buka kerja rakyat rawan sedia juang sinyal pdip pdip punya rencana dukung ahok lewat jalur parpol gandeng rawan hal laku pilpres simpul jadi ahok maju pilgub dki lewat jalur parpol mungkin besar ahok tidak berani ambil resiko kalah maju lewat jalur independen jadi bukti kata yunarto wijaya benar ahok laku citra ahok laku kosmetik politik ahok manfaat teman ahok daya tawar partai usung kata dunia sekian sumber,0,6,6,0
fenomena ahok ahok ahok basuki tjahaja purnama ahok gubernur dki masa bakti fenomenal sih tulis ahok baik prestasi jelek tulis angkat ringkas obrol e warung kopi notabene bas e berita e duga kata budayawan arswendo atmowiloto dosa ahok turun tionghoa kristen teman ahok tidak jadi masalah penting pimpin jujur bersih berani transparan professional lawan ahok amunisi ampuh jatuh ahok celaka dosa jadi cikal bakal jadi fenomena ahok putar balik waktu jelas benak fenomenal nya pasang jokowi ahok muncul menang pilih kepala daerah khusus ibukota jakarta menang tarung hadir figur pimpin baru duduk ibukota peristiwa tidak sia sia kalang media halaman berita e berita banjir giat putus ucap jokowi ahok khusus ahok rasa liput berita wagub ahok jauh lebih wagub wagub dki dahulu dosa ahok liput liput media besar ahok beri sempat publik teropong awas bidik muncul sisi koin sisi luas publik tahu sikap positif ahok sisi belah lawan ahok siap tembak amunisi tambah ahok nyata keluar partai genderang perang mulai tabuh lawan ahok media cetak sosial mulai umbar amunisi nya tanpa ajar sadar angkat berita negatif ahok jadi topik trend media sosial angkat ahok muka lingkup jakarta jadi nasional lihat ahok ungkap soal anggar siluman apbd tarik perhati komentar dukung warga netizen luar jakarta galau lihat popularitas ahok julang lawan ahok masuk kalang media laku blunder angkat isu pilkada tahun isu buat teman ahok jadi gencar maju jalur independen mulai kumpul dukung ktp ahok mulai juli luar duga gera dapat tanggap besar rakyat jakarta non jakarta animo masyarakat diri posko posko sukarela tes pasar adang gadang nama cagub adhyaksa dault sandiaga uno ridwan kamil rk tantowi yahya nur mahmud ismail nachrowi ramli nara budiman sudjatmiko isu kuat posisi ahok individu tampil rk tidak punya rekam jejak jelas pimpin daerah lihat hasil survei laku smrc responden pilih ahok hasil isi bukan pilih ganda komentar komentar miring ahok tutur kata santun urus relokasi kampung pulo rs sumber waras gate isu beri kesan fenomena jokowi pilpres ulang ahok pilkada dki ahok jegal langkah jadi bola salju tahan fakta ikut menetralisir komentar komentar miring rasa nyaman bersih tidak bau soal tempat bau banget mas kata toyib warga tahun tinggal kampung pulo jum at kayak ratna sarumpaet dukung dukung foke fauzi bowo teman foke ujar ahok balai kota jakarta pusat selasa sekadar informasi prijanto lapor duga kasus korupsi kait beli tanah rs sumber waras bareskrim polri komisi berantas korupsi kpk prijanto tidak tindak lanjut harianterbit com selasa october wib partisipasi acara mata najwa tidak wakil seluruh tantang ahok hadir tampil acara mata najwa sumbang tambah popularitas elektabilitas ahok kecil kualitas tantang ahok pinjam nyata laku gol bunuh nya jokowi fenomena ahok terus gulir duga lanjut kompasiana mulai banjir artikel ahok media cetak sosial baik pro kontra independen kubu lawan ahok gerindra popularitas jamin menang pilgub ikut perlu perhati redam fenomena ahok i ajar sejarah taktik devide et impera bakal lemah kuat kubu lawan ahok seyogyanya konsolidasi kuat dukung pecah bagi individu maju lawan ahok pihak teman ahok kuat satu kerucut tuju ii ajar dunia bisnis hp vs eds vs ibm jadi hp eds vs ibm upaya lawan kurang kena upaya rangkul ampuh jadi contoh lawan ahok soal reklamasi terus terus kritik tanpa bukti ilmiah baik tawar solusi penuh lebih lebih banding ide ahok contoh laku bang nara pak ahok pak adhyaksa dault hitung hitung cermat pungkas nara detikcom selasa oct wib iii ajar ilmu tahu alam aksi reaksi besar caci cerca ahok besar dukung alir ahok lihat personel personel isi pemuda i kampanye hitam jadi bumerang bukan serang ahok serang dukung nyata pemuda i ajar teliti pemuda i tulus dukung ahok lawan ahok keluar jurus kreatif kampanye hitam kubu teman ahok jalan terjal terjal muncul isu isu reklamasi larang zikir monas dukung jakmania sibuk kumpul ktp teman ahok sibuk beri klarifikasi klarifikasi maksud nyata ide ahok asal upaya tunjuk konsistensi tulus niat mulia kubu teman ahok terima dukung ahok kubu pimpin aku ahok lawan berat walikota bandung ridwan kamil bupati banyuwangi abdullah azwar anas walikota solo fx rudy walikota surabaya tri rismaharini bupati bantaeng nurdin abdullah walikota makassar moh ramdhan pomanto ikut ikut maju lawan ahok pilkada dki hitung hitung politik putus bijaksana tidak lawan ahok putus rk popularitas elektabilitas ahok cukup tinggi jadi hilang daerah baik tetap fokus daerah tunggu ahok selesai masa bakti maksimum ikut era ahok peluang menang jadi besar tarung pilkada dki simpul fenomena ahok awal dosa ahok goreng orang media cetak sosial jadi panas gelora kata ahok pilkada jadi tes tarik bijak bijak terap kena sentuh harap bagi besar rakyat jakarta wassalam,1,32,18,14
buat ahok mundur ikut kembang politik tanah air kenal nama basuki tjahaja purnama alias ahok kenal pribadi dar kenal nama dengar nama ahok langsung asosiasi gubernur dki gubernur berani tegas jarang sebut gubernur galak soal persepsi sikap ahok silah nilai perlu debat orang dekat ahok keluarga tetangga ahok sikap ahok cenderung beda gubernur umum buat ahok suka orang lawan politik ingin ahok mundur gubernur suka sikap ahok dukung ahok suka ahok bagai upaya laku ahok lengser kursi gubernur jauh upaya upaya gagal jadi wakil gubernur duduk kursi gubernur ahok rasa bagai sindir tegur tekan mundur bagai pihak ahok tidak gentar hasil konversi jadi supplement buat garang salah baik rakyat jabat libas ingin mundur rela ingin pupus partisipasi pilkada calon gubernur jalur independent faktor jadi timbang ahok putus juang jalur independent salah satu percaya beliau kuat anak muda gabung teman ahok baik teman ahok ahok yakin kumpul jumlah ktp sesuai target yakin jadi dasar putus maju lewat jalur independent jalur independent buat ahok tuduh laku upaya deparpolisasi upaya nihil peran partai politik demokrasi deparpolisasi tenar ahok putus lewat jalur independent calon kepala daerah maju lewat jalur independent gaung tidak kuat ahok isu deparpolisasi tidak popular isu deparpolisasi angkat ahok diguga parpol parpol khawatir atas pilih tentu ahok parpol khawatir ahok menang pilkada deparpolisasi bukan dar isu belaka fakta fakta parpol pengaruh besar demokrasi akibat lanjut masyarakat tidak percaya parpol dampak niscaya jadi kader kader baik partai andal partai upaya dulang suara rakyat keluar partai kuat tokoh tiru jejak ahok hindar dampak dampak parpol tinggal diam bagai upaya laku lawan jegal ahok upaya lawan ahok salah satu upaya parpol panggil pendekar baik populer sebar bagai daerah minta datang dki lawan ahok upaya belum hasil pendekar pilih kuasa dunia silat daerah upaya kini niat jegal ahok cuat wacana revisi undang undang milu pasal kait jalur independent wacana gabung kuat partai dki menang pilkada dki anggap pihak partai upaya halau ahok ahok sulit mundur jalur independent ahok balik arah teman ahok datang parpol jadi bagi parpol ahok benar benar mundur calon gengsi dekat partai lanjur pilih independet lantas revisi undang undang pilkada gabung kuat partai buat ahok mundur ada upaya peran orang buat ahok mundur jawab orang tukang parkir sopir ahok tukang parkir sopir ahok orang orang potensial paksa ahok mundur bilang mundur ahok ahok sulit tolak cenderung meng iya ahok daya hadap perintah sang sopir pribadi ahok kata pak jalan macet parah mundur balik arah cari jalan ahok kuasa tolak silah penting cepat selamat tuju ahok sopir ahok kendara mobil parkir keluar parkir tukang parkir kuasa ahok masuk perintah ahok mundur mundur pak patah kanan terus kanan bales pak bales mundur lurus priiiit teriak tukang parkir sambung suara peluit ahok kuasa bantah turut perintah tukang parkir ahok mundur fotografer kameramen fotografer cameramen profesi jenis masuk orang orang untung perintah ahok mundur hebat politikus handal hasil mundur ahok misal sesi ambil gambar ruang sempit fotografer sulit dapat gambar utuh mampu kamera ambil gambar mentok posisi kameramen tabrak dinding posisi ahok mungkin mundur mohon maaf pak pak ahok mundur langkah gambar baik utuh oke jawab ahok serta langkah mundur cukup ahok pasti cukup pak oke pak jawab cameramen cameramen hasil buat ahok mundur jadi sia harap upaya mundur ahok baik politis jabat anggota dewan coba profesi sopir tukang parkir fotografer kameramen tidak buat ahok mundur jabat tidak perintah ahok mundur langkah perintah sulit tolak ahok sekian,1,35,13,22
takut ahok ahok si anak macan buat induk berang anak macan punya rasa takut sumber jpnn com jadi nulis ahok nih tulis berita ahok panggil basuki tjahaja purnama btp ahok gubernur unik magnet tarik logam logam ada keliling magnet kuat besar gaya tarik tarik logam logam besar jadi kecil logam besar ibu puan ikut tarik bukan tarik he he he bukti ahok deklarasi maju pilkada jalur independen merta pdip bakar jenggot bagi besar anggota pdip tidak jenggot jenggot bagai besar anggota pks jenggot orang duga anggota pks partai adil sejahtera ciri khas orang jenggot kumis disunnahkan keluar istilah jenggot pks tinggal pdip pks focus tulis ahok ahok bikin ulah ulah main main langkah politik berani takut calon pdip ahok deklarasi teman ahok maju pilkada dki jakarta oya lupa ahok jadi gubernur bukan pilih rakyat jakarta kata langsung ahok jadi nara sumber adalam acara kick andy ahok jadi gubernur ketiban durian naik jokowi gubernur jadi presiden atur otomatis wakil gubernur ganti betul wakil ahok kasus ahok megawati jadi presiden ketiban durian gus dur lengser mpr naik megawati jadi presiden betul waktu jadi wakil gusdur gusdur turun otomatis atur megawatilah jadi presiden jadi megawati ahok konteks ketiban durian jadi dua jadi presiden gubernur bukan pilih rakyat ketiban durian bukti nyata kali maju jadi capres tahun megawati ko megawati pilih rakyat indonesia jadi presiden alam alami ahok lihat hubung cerita ahok bukan takut ahok jadi bilang ahok kenal takut urat takut hilang akh nyata tidak ahok manusia punya rasa takut bahas rasa takut ahok lepas sepak terjang lihat berani pertama ahok takut pilih jadi balon gubernur dki jakarta takut utama ahok ahok punya ambisi bukan jadi gubernur dua kali jadi presiden republik indonesia catat bukan bilang kata ahok jadi nara sumber acara kick andy lihat youtube tidak ahok ngarep jadi presiden salah ahok ngarep jadi presiden sby susilo bambang yudoyono indonesia jfk john f kennedy amerika serikat ahok ikut singkat nama basuki tjahaja purnama jadi btp tiga hurup ahok tertawa lebar ngarep kata acara jadi ahok politikus duduk kuasa setinggi tinggi salah lupa polikus partai besar singkat nama jadi tiga hurup arb panjang arb malas nulisnya anggap tahu dua ahok takut jadi gubernur dki takut ahok ahok jadi gubernur dki maju capres cawapres pilpres pupus loh alas telak jadi capres cawapres jadi gubenur dki pilih pilih pilakada bukti nyata ahok jadi gubernur bukan pilih rakyat ketiban durian jelas atas takut nomor ahok hadap mata ahok deklarasi teman ahok jadi balon gubernur independen tidak jalur partai mana jelas takut ahok takut calon pdip gerindra jauh ahok tuai hasil sombong ahok cari musuh bukan cari teman utama teman teman partai jadi istilah depolarisasi politik bukan tuju ahok ahok takut hantu siang bolong takut calon jadi balon gubernur dki jakarta pdip ahok takut bu risma maju pdip bukan tidak partai partai lain punya calon pbb yusril i mehendra demokrat roy suryo pkb dhani pks hidayat nur wahid gerendra uno golkar tantowi pan partai adyaksa daud tiga ahok takut partai calon jadi balon gubernur takut tiga sebab ahok deklarasi teman ahok ahok percaya alias takut calon partai partai nyata benar partai besar punya calon tinggal nasdem mungkin dukung ahok hanura belum dengar suara jadi hitung hitung politik ahok benar maju jalur independen jalur ahok atas kertas maju jadi balon gubernur balon gubernur tahana nyata ahok takut benar benar takut takut calon jadi balon gubenrnur dua kali ahok takut luar ahok stress benar partai calon jadi bilang ahok haus kuasa ahok haus kuasa kerja kerja kerja peduli calon tidak pilkada datang nyata tidak ahok takut calon jadi balon gubernur jadi gubernur tiga ahok takut nasib gubenur ini alas gubernur fauzi bowo jabat gubernur dki jakarta pilkada fauzi bowo gubernur tahana dukung kuat kalah betul waktu lawan berat jokowi naik daun jadi media darling fauzi bowo gigit jari jokowi baik hati fauzi bowo dubes jerman lumayan jadi kalah fauzi bowo punya jabat duta besar deplu cita cita diplomat karier ajar alam gubernur sebab ahok gerak cepat hilang langkah lambat ahok ko ahok takut jadi musuh partai partai mati mati menghadang ahok partai gerindra partai benar benar jadi ahok musuh laten utama pilkada ahok jadi anak macan makan sang induk empat ahok takut jadi musuh takut logis ahok tahu betul laku luka partai baik partai partai besar pdip gerindra ahok merta keluar gerindra wacana gubernur pilih dprd ahok langsung tohok gerindra keluar partai calon jadi balon wakil gubernur pilkada luar berani akan tampar partai gerindra tampar bukan sembarang mantan jendral akh masa tahu benar janga takut ahok ujud jadi musuh akata muncul istilah aba asal bukan ahok takut ahok pihak lawan satu ahok ko pihak lawan pecah belah ahok senyam senyum menang mata lima ahok takut pulang kampung loh hubung pilkada dki jelas takut ahok baca ahok kalah pilkada ahok malu kali kalah bangka belitung pilih gubernur eh kalah pilkada jakarta ahok jadi gubernur bukan pilih rakyat ketiban durian ahok takut nasib megawati kali ko pilpres ahok kalah mau kampungny balitung rasa tidak jadi panjang nih akh serius cukup lima takut ahok tambah misal ahok takut istri takut kasus rumah sakit sumber waras tetap usut kpk nyata takut takut ahok jadi bilang ahok kenal takut urat takut putus akh nyata mitos belaka bumbung orang jadi superman nyata cemen percaya bukti ahok superman permen cemen,0,28,29,-1
ahok skak adhyaksa dault baca strategi gerindra jungkal ahok bukan dukung ahok bukan benci ahok ahok cukup prestasi dki jakarta ahok nambah periode berat suka ahok cuman mulut kasar temperamental rasa benar eh kurang bukan yaa hehehee masalah ahok tuju tuju aja ahok pimpin dki masalah dukung ahok media media social kompasiana kompasiana mah tau persis kompasianer kompasianer dukung ahok kritisi baca detiknews kompas com garuk garuk kepala aja lihat komentar komentar dukung ahok norak sombong belagu songong mirip banget dukung pks zaman anis matta dukung ahok kompasiana singgung yak ngomongin ngomongin dukung ahok eks komentar media media online nasional hehehe adhiyaksa dault benar ahok tidak paham baca hasil survey tau cerita kurang waktu lembaga survey csis rilis hasil survey elektabilitas calon gubernur dki nama nama ahok ridwan kamil tri rismaharini adhiyaksa daud hasil surveynya ikut ahok raih angka elektabilitas ridwan kamil tri rismaharini adhiyaksa dauult hasil survey tidak salah adhyaksa beri komentar elektabilitas ahok tidak takut berani tarung ahok adhyaksa belum punya kendara politik adhyaksa belum resmi calon ahok dengar nyata adhyaksa keluar statement rendah adhiyaksa kurang adhyaksa dault persen empat persen persen tahu guna cara kasihan arti persen orang jakarta suka kasihan kata ahok balai kota jl medan merdeka selatan jakarta senin menteri olah raga jadi erti sistem statistik sistem survei erti kata ahok lanjut statement ahok buat adhyaksa gusar adhyaksa kata ahok jumawa adhyaksa sebut ahok rendah bidang olah raga tangan adhyaksa kata ahok tidak paham baca hasil survey elektabilitas nyata adyaksa ahok buat adhyaksa serbu dibully ratus dukung ahok detiknews bikin garuk garuk kepala rasa heran dukung ahok kata adhyaksa dault benar baca survey elektabilitas angka ahok arti ahok tidak kuat elektabilitasnya pilgub dki datang ahok incumbent hamper tahun pimpin dki mayoritas duduk dki puas pimpin ahok hasil survey elektabilitas ahok ada angka angka asumsi atas bulat warga jakarta hendak ahok pimpin jakarta contoh elektabilitas tri rismaharini pilwako surabaya kemarin elektabilitas tri rismaharini capai kondisi tidak berani coba lawan bu risma jelas warga surabaya pilih risma jadi lawan menang tulis udah bahas sebut jelas elektabilitas ahok bawah peluang ahok menang pilgub dki belum pada saran ahok gabung minta dukung partai dengan pdip elektabilitas incumbent bawah bahaya besar mungkin kalah nyata saing cukup kuat elektabilitasnya jauh bawah ahok ucap ahok rendah adhyaksa sebut angka elektabilitas adhyaksa dault persen persen cukup rendah kata alam ad bidang olahraga tidak paham statistic blunder besar buat ahok sisi jadi buka lemah ahok ahok tidak paham baca elektabilitas hasil survey gerindra laku strategi baik tulis udah jelas basis massa partai dki jakarta besar pdip gerindra pks partai partai jauh bawah tiga udah jelas gerindra punya dendam bara ahok niat jungkal ahok cara atas kertas gerindra pks gabung kuat minta ppp ikut dukung basis massa partai atas tinggal tentu calon kuat lawan ahok gerindra santai lawan ahok gerindra main main asa ahok haji lulung suruh ganggu ahok statement statemenya ejek ahok sandiaga uno tengah dukung gerindra lihat reaksi ahok belum calon calon independen adhyaksa dault bukan disupport gerindra nama nama sandiaga uno adhyaksa dault ragu ridwan kamil datang jakarta ahok sulit tentu strategi ahok bingung jadi lawan kuat ahok sombong tidak minta dukung parpol parpol ahok hilang start awal lancar strategi jelang musim kampanye pilgub dki kalah start arti kalah awal ahok baca gerindra laku maneuver bulan batas daftar kpu jakarta siap ahok strategi mudah goda lulung sandiaga uno adhyaksa dault jumawa teman ahok dukung yakin bulan bahas strategi gerindra mantau mantau masbro heheheee udah ah jalan jalan cari angpao sumber tulis musuh peluang ahok menang pilgub dki kecil catat pliss admin artikel artikel hl highligt tq,0,23,29,-6
mulai hari cawagub resmi ahok heru budi hartono salut ahok atas berani pasti laju pilgub dki jalur independen berita detiknews malam teman ahok datang diam ahok bicara pilgub dki teman ahok nyata tidak tunggu pasti pdip minta ahok tentu sikap tarung teman ahok pdip ahok minta teman ahok jadi rawan pdip pdip usung jalur parpol pasang djarot sayang teman ahok tidak percaya pdip teman ahok unik sulit tebak jokowi dicapreskan pdip ratus rawan rela sinergi pdip koalisi juang jokowi jadi presiden ri teman ahok curiga pdip tidak pdip detiknews kabar hari teman ahok mulai kumpul surat dukung ahok surat dukung cantum cagubnya ahok cawagubnya heru ucap ahok kutip detiknews bicara semangat teman ahok percaya runtuh politis isi sila masukin nama heru jadi mulai hari kumpul tanda tangan heru mulai hari kata ahok balai kota dki jl medan merdeka selatan jakarta pusat senin pdip mungkin besar usung cagub formasi boy sadikin djarot ganjar djarot pks gerindra usung yusril sandiaga pkb sulit tentu ahmad dan damping adhiyaksa dault tidak sekian sumber,1,6,4,2
megawati benar ahok tidak jantan kecut tulis artikel bukan bahas pilgub dki jelas ahok tidak jadi gubernur dki tipis mungkin tulis sadar ahokers bangun mimpi mimpi bangun ahokers hadap nyata hidup ahok tidak sempurna kira sadar ahok bukan dewa tidak laku salah ahok manusia cukup untung baik hati prabowo sanding cagub jokowi tahun ahokers bagi besar ahok deadlovers alias cinta mati ahok pakai istilah cinta lekat taik kucing asa coklat wak wau orang normal waras beda coklat orang tidak waras sulit beda pribahasa umur puluh tahun tidak orang hasil sanggah jadi hukum alam barangkali bahaya orang cinta mati nalar logika tidak kerja emosi jadi sensitive buat tidak kendali ahokers kumpul layak massa beringas dunia nyata provokasi kecil kes ancam ahok jadi anarkis dunia maya tidak anarkis hancur benda kompensasi pembullyan pembullyan identic anarkis pembullyan identic hakim subjektif hakim gejala bahaya timbul cinta mati orang cinta mati tidak sadar ubah cukup takut wak wau sadar ahokers mimpi perlu jelas maksud megawati ahok tidak jantan tidak jantan sinonim kecut konteks bahasa bukan kata ngatai ahok kecut marah sensi senyum manis ahokers bukti ahok jantan kecut orang jantan identic sikap ksatria kalimat bukan kalimat ras kalimat tidak sanggah orang waras tidak waras coba sanggah teori teori beranda andai cocok cocok premis beranda andai teman teman angguk angguk anggap teori benar wak wau mata non ahokers ahokers sadar sepakat ahok tidak jantan peristiwa bukti ahok tidak aku salah jelas salah tuduh babi buta tuduh tidak bukti ahok kura kura perahu pura pura bego pura pura lupa ahok tuduh jokowi tanda tangan apbd ubah dki nyata tanda tangan ahok anggap angin tidak jantan aku salah minta maaf jokowi ahok salah tuduh ibu hadap tanya kartu jakarta pintar anak ahok maki tuduh ibu niat tipu bukti ibu tuntut hak ahok maki guru honorer tanya status pns nya gantung tahun tahun ahok tuduh guru hasut fakta guru tidak salah ahok tidak jantan minta maaf ibu malang guru malang ahok menuiduh bungkus kable pihak men sabotase ring ring banjir nyata tidak bukti ahok minta maaf public umbar tuduh ahok minta maaf khusus bungkus kable benda mati tuduh laku sabotase poin ahokers cinta mati tetap anggap ahok tidak salah kronologis beli lahan sumber waras mata ahokers cinta mati ahok tidak salah repot hadap kaum deadlover akhir soal tidak jantan ahok alias kecut ahok lihat ikut ahok bilang maju lewat jalur independen orang faisal basri hendardi tokoh maju pilgub jalur jalur independen non partisan non partisan tidak ajak ngajak parpol dukung ahok banci maju lewat jalur independen emis ngemis minta dukung parpol tidak jantan ahok ahok tidak jantan aku dukung orang orang culun percaya ormas teman ahok kerja tanpa cukong cukong biaya logika sederhana tidak teman ahok gerak tanpa modal sadar ahokers bangun mimpi mimpi buruk tidak jantan ahok ingat baik baik ahokers ahok bukti tahun tahun tidak temu ada tengah tengah rakyat pernah lihat fenomena ahok kerumun massa lihat akrab ahok pernah lihat ahok komunikasi akrab masyarakat bawah dki tidak ahok kecut ahok takut rakyat ahok rasa punya salah rakyat jakarta milik phobia temu kerumun rakyat ahok takut ahok bawa minimal orang bodyguardnya ahokers yakin ahok bukan kecut kata jantan sekian,0,25,33,-8
ahok plintat plintut kecut ikut fakta tulis hari ulas dapat amat politik charta politica yunarto wijaya sebut ahok laku kosmetik politik yunarto nilai ahok awal tidak niat maju lewat jalur independen ahok laku manuver kumpul ktp dki akhir jumlah ktp kata jumlah capai kpt tidak buat ahok berani maju jalur independen jumlah ktp milik alat tawar tawar partai partai niat usung pilgub dki datang tidak dikte partai partai cara kumpul ktp laku teman ahok jadi pembicangan netizen ktp kumpul cara jemput bola rayu duduk jakarta kerja vendor bagai gerai makan restoran caf unjung caf tawar discount harga makan produk jual syarat unjung sedia tanda tangan surat dukung ahok ikut serah fc ktp nya benar kategori beri gratifikasi alias voucher nilai rupiah tidak bahas soal voucher voucher cara bisnis kumpul ktp teman ahok kategori money politic fokus substansi ahok niat maju lewat independen lewat partai fakta bicara pilkada menang calon independen lawan calon lewat parpol nyata prosentasenya kecil bulat jadi prosentase peluang ahok menang lewat jalur independen angka peluang jadi besar besar besar calon dukung parpol gabung parpol lawan tidak punya nilai jual peluang atas fakta tarik simpul sederhana ahok punya diri tidak ahok punya berani lewat jalur independen tidak catat bulan juli tahun ahok nyata maju lewat jalur independen konsekwensinya ikut ahok sebut berani nyata lawan lawan ahok kualitas cukup punya nama besar tri rismaharini ridwan kamil ganjar pranowo waktu siap siap tahun pilkada umum calon calon deklarasi laku siap siap tim sukses nyata salah nama top atas nyata ikut pilgub dki ahok tetap nyata maju lewat jalur independen simpul ahok berani visioner bawa fenomena baru ahok bilang kecut nyata tantang serius punya nama besar nama atas tiba tiba ahok ubah dapat maju lewat parpol menghianati teman ahok mudah mudah dapat terima dukung ahok culun culun kata ah bukan kecut cerdas pakai strategi orang menang politik jadi pakai cara cerdas bela tulis bahas ahok masuk kategori politis kutu loncat kali pindah partai kali jabat tidak selesai jadi bupati belitung timur tahun kejar pilgub bangka belitung jadi anggota dpr tahun kejar pilgub dki jadi istilah kutu loncat tidak amanah wajar semat ahok fakta bantah tetap ban ahok deadlover politis jadi kutu loncat bela bilang lompat lompat wajar orang pindah pindah usaha capai jabat baik bela debat kaum culun sulit terima fakta haha kawan warga minoritas kompasiana tulis jelas fakta tidak anggap admin kompasiana beri label pilih bantu ditweet twitter jegal posisi haha tidak perlu bilang ahok berani kecut lihat fakta uji ahok plintat plintut tidak ikut cermat timeline ahok bulan juli lewat berita kompas com ahok pilih maju independen lewat partai politik hadir teman ahok diri posko posko kumpul ktp ktp dukung ahok target ktp tengah oktober lewat situs temanahok com rilis nyata ahok kurang bunyi teman ahok hasil kumpul ktp ahok tidak kecewa desember ahok dapat kado natal special jumlah ktp dukung capai buah arti capai batas syarat kpu semu lolos verifikasi kpu ahok punya tiket tarung pilgub dki lewat jalur independen ahok rapat baris teman ahok tanggal februari ridwan kamil datang jakarta temu ahok abar temu tokoh nasional public ira prabowo nyata jokowi rk tahu timbang niat maju pilgub dki tidak rk tinggal kantor ahok ahok nyata rk tarung dengan pilgub dki datang tiba tiba ahok keluar harap usung pdip lawan rk harga teman ahok alangkah baik ikut pdip sumber februari hari nyata ahok jam teman ahok langsung galau keluar butir nyata jelang siang situs teman ahok keluar meme sindir pdip pdip gambar banteng jahat hipnotis ahok nyata partai ngusung yakin orang meme buat pdip singgung ahok bela teman ahok sih nama teman ahok jasa ngomong aja kata ahok balai kota jl medan merdeka selatan jakarta pusat jumat sumber februari ahok nyata repot usung pdip arti ahok suka tidak usung pdip putus independen partai dukung partai partai harap pdip dukung repot pdip ngusung jelas ahok resmi dit polair polda metro jaya jakut sabtu sumber senin februari jam ridwan kamil umum batal tarung pilgub dki jam ahok nyata kira tetap independen utama teman ahok independen orang juang tengah mati kata ahok balai kota jakarta jl medan merdeka selatan senin detiknews sumber tanggal jam ahok buat nyata calon wagubnya bukan djarot asal pdip djarot tidak izin pdip cari istri baru mah cari istri kata ahok wartawan balai kota dki jakarta pusat senin detiknews ahok sebut cari cawagub asal pns prestasi sumber maret pukul ahok ubah nyata djarot jadi cawagubnya alas djarot orang jujur serakah macem macem kenal tahun kenal waktu bupati wali kota kerja oke fokus politik awas gitu oke beber ahok balai kota dki jl medan merdeka selatan jakarta pusat selasa sumber simpul tidak simpul ahok plintat plintut kecut kronologis butir butir s d tahun ahok nyata maju lewat jalur independen butir tanggal februari gara gara duga ridwan kamil maju pilgub dki ahok tiba tiba nyata pdip baik sisi harga teman ahok tanggal februari teman ahok marah sindir nyindir pdip ahok bingung bela ahok bilang susah payah wajar ngomong lanjut tanggal februari ahok nyata repot usung pdip sinyal kuat ahok rencana jalur independen tanggal februari kang emil nyata batal maju ahok nyata utama jalur independen sore hari ahok nyata tidak ikat djarot cawagubnya pdip tidak tuju djarot jadi cawagubnya tidak masalah pilih cari istri kata ahok ahok ingin cawagubnya pns prestasi tanggal maret kemarin ahok ralat ucap djarot pilih nomor satu cawagub djarot orang tidak rasa cukup fakta tinggal baca simpul ahok plintat plintut tidak ahok berani tidak sekian,0,33,14,19
ridwan kamil tiga faktor ahok kalah beda jokowi ahok pahit realita sungguh ahok media ahok gambar menang telak gambar bayang ahok mudah sapu menang sungguh tiga faktor beda ahok jokowi ahok potret ulas opini media kait tertib kalijodo jadi jebak ahok kentara tengok tipu gambar menang ahok tidak sentuh media sembunyi hati riang senang girang suka cita senang bahagia suka cita senantiasa media gempita opini hari berita menang ahok ahok menang realitanya kumpul ktp gagal capai modal ktp absah ktp verifikasi kpud verifikasi kritis tidak jamin ahok lolos maju pilgub dki jalur independen tambah kawan ahok bukan timses ahok belum cukup situ busuk ahok muncul bagai kuat semat ahok tidak realitanya dukung presiden jokowi ahok tidak benar dukung tni polri ahok tidak benar kait pilgub dki semat ahok gambar menang ahok mata sungguh ahok kalah maju pilgub dki tidak milik tiga ikut kandidat lawan ahok satu kalah ridwan kamil alias rika milik nama besar bandung prestasi nol belum buat banding ahok rika besar media pertama ahok tidak milik timses kawan ahok kumpul sukarelawan jumlah gelintir bukan kumpul orang orang milik organisasi timses kampanye ahok lawan hadap kelompok lawan komplit parpol timses uang tanpa kuat timses kampanye hebat andal media sosial ahok kalah telak jokowi ahok sukarelawan lebur timses dukung parpol kuat pdip ibu megawati perintah anggota dprd dki juang wilayah beri bantu dana tenaga dukung tidak ahok gandeng pdip dua ahok tidak milik sumber dana uang gempita media ahok gambar ahok menang realitanya jokowi ahok dukung dana anggota dprd dki jakarta hashim djojohadikusumo sebut biaya besar rp miliar butuh kampanye jokowi ahok belakang ban ahmad basarah pdip benar tidak dana jelas ahok tidak milik uang tarung riskan ahok pasti kalah politik uang kental masyarakat masuk dki jakarta menang ahok milik saksi saksi bayar ribu tps jakarta tidak saksi kerja tanpa imbal uang saku rp minimal saksi tps tanpa saksi andal awas media jelas kalah fakta tunjuk dki jakarta orang laku curang pilpres gambar saksi mahkamah konstitusi tanpa saksi saksi ahok kalah telak dki jakarta tiga akar ahok double minority kristen tionghoa sentiment sengaja tutup fakta jadi beban politik kait pilgub dki ahok bukan beban pluralisme ragam sosial sisi isu double minority buat ahok dapat dukung bagai kelompok orang tionghoa jumlah signifikan dki tidak takut intimidasi kelompok non muslim kelompok masyarakat agama dukung pluralisme untung sisi isu double minority guna kampanye gagal efektif ahok tidak milik tameng jokowi jadi tameng ahok ahok jadi dulang suara besar kalang minoritas cerdas prabowo ajak ahok jadi lambang pluralisme indonesia jakarta barometer tameng maksud ahok wakil jokowi muslim mui dki keluar fatwa hahaha publik ingat fpi muhammad taufik lulung tentang ahok jadi gubernur dki gubernur tanding kondisi ridwan kamil alias rika maju bandung belum bangun alias nol besar ahok hilang suara gambar menang media jadi tipu omong kosong ahok hempas ahok faktor ridwan kamil rika ahok kalah pilgub dki ahok milik timses hebat ahok milik uang kampanye politik double minority tionghoa kristen orang buang tipu sebut pilih dki cerdas sungguh pilih cerdas pilih dki cerdas lihat anggota dprd dki korupsi fahmi zulfikar hasibuan manusia muhammad taufik penjara gegara korupsi menang ahok singkir ridwan kamil alias rika calon calon trondolo sandiaga uno alias gaun ahmad dhani alias ani yusril alias yusihma jadi bahan canda masyarakat kawan ahok legowo gandeng pdip bentuk timses milik uang kampanye tanpa laku ahok besar media penuh tipu penjurumasan kompasiana kalah telak salam bahagia ala,0,25,18,7
ahok pilih jalur independen putus ahok pilih jalur independen pilgub dki bukan arti ahok ninggalkan partai politik ahok tetap butuh dukung parpol ahok dukung parpol utama kih koalisi indonesia hebat kalo ahok tidak jadi sangka yakin tahun ahok tidak bakal jadi sangka kasus beli lahan eks rs sumber waras tid k lepas dukung elite politik indonesia baik duduk parpol invisible hand luar parpol alas sederhana ahok manfaat mudharatnya jadi ahok sangka tidak bawa jakarta jadi baik ahok representasi tokoh politik indonesia tidak sempurna tidak sempurna ahok jasa jadi jakarta baik jelas tidak gratis kait dukung beri ahok sadar betul ahok imbal ahok bayar kerja keras benah jakarta sadar elite politik indonesia utama penting bangsa negara atas penting golong mulai tunjuk tanda tanda menggembir mulai pikir jernih khusus sikap fenomena ahok kian tohok rasa jadi malu balas kerja keras ahok caci maki ahok jadi ahok sangka gara gara beda sudut pandang jelas tidak rupiah alir dana pihak ahok kait bebas orang kerja keras benah negara khusus benah jakarta cari cari salah letak rasa syukur letak rasa terima kasih tidak suka ahok sah sah benci sikap tidak adil sungguh adil dekat dekat iman selamat kerja ahok doa serta terima kasih,1,21,7,14
ahok tidak menang sahabat kompasianer baca survey smrc kandidat calon gubernur dki jakarta pilkada datang survey laku smrc pilkada dki jakarta laku basuki tjahaja purnama sapa ahok kalah kandidat potensial ridwan kamil risma ahok oleh besar kandidat ridwan kamil oleh besar bawah survey tanya kerja ahok gubernur dki jakarta warga jakarta nyata puas kerja ahok banding kerja fauzi bowo jadi gubernur dki jakarta kisar survey kerja foke laku tahun jelang pilkada tahun survey smrc nyata elektabilitas ahok tinggi jelang pilkada tahun tokoh gerindra tetap tidak yakin ahok menang pilkada tokoh gerindra kurang ahok sebab ahok tidak layak pilih gubernur poin sebab ahok tidak pilih jadi gubernur dki poin poin ikut politis gerindra target dapat daerah jakarta meleset jauh target dapat daerah jakarta rp triliun baru capai rp triliun jauh kata bukan serap anggar dki nyata tahun imbas dapat daerah tidak capai lihat infrastruktur ruang buka hijau hijau jakarta tangkal tangkal banjir serius laku masa perintah ahok gerindra sakit hati ahok partai gerindra tidak calon ahok pilkada lihat belot ahok partai partai takut calon ahok takut nasib gerindra tinggal ahok dapat posisi wakil gubernur politis gerindra partai calon ahok partai nasdem tawar calon ahok calon independen masyarakat jakarta ogah beri ktpnya ahok politis ragu ahok capai oleh ktp warga jakarta ahok laju indenpenden ngasih dukung kata kutip tempo co temanahok kumpul ktp warga dki jakarta dukung ahok calon gubernur dki pilkada hasil survey elekabilitas ahok capai banding jauh kandidat ragu politis kata taufik politis coba hibur tahu elektabilitas ahok tinggi kumpul ktp warga dki tuntas taufik shock tempat danset sari bagai sumber illustrasi foto dokumen jawa pos,1,4,7,-3
kalah ahok butuh usaha ekstra rebut kursi dki i gubernur dki jakarta mulai panas tokoh isu usung partai maju calon jalur independen kalah ahok tahana salah strategi lawan ahok tampak cara jatuh ahok bagai nyata keras lontar kritik pertama yusril kata ahok calon jembatan maju pilpres dua ahmad dhami kali kritik bijak ahok soal macet parah dki akhir gusur kalijodo tiga haji lulung mengataakan bijak ahok benar mudah kalah ahok pilgub dki empat bendahara gerindra m sanusi kritik ahok punya rasa manusia amat analisis kritik kritik punya dasar dalam soal macet kian parah kritik dan jawab ahok sifat akibat bangun transportasi massal serentak sarana prasarana transportasi massal selesai bangun macet jakarta kurang soal manusia dengung dengung pihak kurang kuat landas gusur wilayah kumuh alih tempat baik manusiawi banding biar orang tinggal daerah kumuh batu loncat jadi presiden ahok kata tidak dukung jokowi masa jabat dua ahok maju pilpres hak ahok aryinya tidak salah singkat kata kalah ahok perlu usaha keras tidak asal kritik aju program masuk akal baik sulit,1,5,18,-13
ahok menang mudah mudah hongkong kerja ahok bagus tanpa dukung partai pilkada ahok susah menang sumber merdeka com tokoh jadi gubernur dki tanya silah anad jawab jelas tokoh punya niat bahasa luar benah jakarta jadi baik dengar klise urus hati hati tokoh urus tahu tuhan adyaksa daud mantan menpora hidayat nur wahid mantan ketua mpr sederatan nama mantan menkumham yusril ihza mehendra mulai gadang gadang maju plkada dki bearti musuh lawan ahok tambah ahok senang ahok tambah senang ridwan kamil bu risma maju pilkada dki ahok tinggal petik hasil ahok keroyok ahok menang telak suara lawan pecah belah suara lawan sebar adyaksa hidayahat yusril tantowi ridwan risma misal nama tokoh atas puluh persen ahok dapat sisa empat puluh persen jelas tinggi lawan lawan naik prosentasenya puluh lima persen bagi rata empat orang jadi hitung hitung atas kertas ahok menang telak keroyok tidak jadi kali putar hitung suara banyak menang ahok ahok menang telak putar loh lihat belum laksana pilkada teman ahok ahok punya suara dukung orang tergetnya orang akhir tahun misal target teman ahok tercapat ktp duduk jakarta ikut pilkada jumlah duduk jakarta dasar data bps tahun kurang orang punya hak suara usia atas tahun meni tarulah orang prediksi data bps usia tahun kisar orang jadi tahun datang usia tahun jadi usia pilih target teman ahok capai teman ahok baru dapat x sisa bagi orang ahok orang dapat rata rata suara arti dapat suara x data atas ahok suara tokoh tokoh pakai suara x ahok juang keras tambah suara prediksi suara teman ahok full benar benar pilih ahok bukan ktpnya dukung ahok pilih bilik suara bukan ahok ahok kalah total jadi bilang ahok mutlak dapat suara ahok dekat partai suka suka tidak ahok ko lawan satu menggoolkan orang tokoh misal ridwan kamil bu risma yusril dukung tokoh suara kecil satu head to head putar dua ahok kalah total hadap suara prediksi belot ahok suara dapat lihat teman ahok kata suara ingat baru suara tangan ahok jadi ahok juang keras raih suara dukung partai ahok jadi gubernur semata mata suara teman ahok partai dekat ahok mungkin besar pdip itu pdip tidak calon bu risma partai kmp kih laku ahok dapat suara kih koalisi indonesia hebat pkb hanura pkpi nasdem pdip kih lihat belum muncul calon benar ahok atas angin partai tingkat nasional dukung jokowi golkar pan partai jago dki golkar tantowi pan mungkin desy ratnasari demokrat lihat lihat pks hidayat jadi dukung ahok gerindera pilkada jadi musuh keras ahok ahok ikut jejak jokowi jadi gubernur jadi presiden ri lihat susah jokowi gampang jadi presiden musuh ahok lepas kerja bagus musuh musuh ahok ingin ahok jadi gubernur dua kali jadi presiden ahok bilang enteng acara kick andy februari penting benci ahok lupa dapat ahok juang dapat suara itu benar benar teman ahok dapat suara cara kumpul ttd ktp jadi bilang ahok menang mudah mudah hongkong ahok menang mudah partai kih dukung beri suara ahok dukung jokowi dukung ahok jadi ahok tiru jokowi naik jadi presiden pilpres loh bukan milik jokowi syarat jokowi kerja bagus tahun tahun datang ahok tahun jadi gubernur dua kali hot sih tahun presidenya jokowi wakil ahok jadi ahok jadi gubernur dua kali cukup tahun serah wakil penting ahok cari wakil mumpuni duet maut jokowi ahok catat sejarah indonesia dunia jadi pertama indonesia dunia orang mantan gubernur wakil gubernur jadi pasang presiden wakil presiden keren,1,25,18,7
ahok buku tanda cinta bu mega pdi p pilgub dki ahok ada posisi secagai calon petanaha pilgub dki langkah tempuh ahok maju pilgub lewat jalur independen asa kejut orang prediksi ahok maju usung pdi p nasdem hanura mungkin pkb nyata prediksi orang ahok pilih jalur independen tinggal pdi p nasdem nyata dukung ahok maju jalur independen mungkin besar hanura ikut jejak nasdem ikut dukung ahok jalur independen kuat baris teman ahok fenomena tarik luncur buku megawati tanggal ahok hadir undang bu mega kerap sindir ahok tepat kata bu mega canda lancar guyon politik tanggap fenomena teman ahok guna moment ahok lama kenal presiden ri mampu tangkap substansi guyon bu mega muncul duga moment sengaja rancang ajang sinyal politik pdi p putar pilgub dki kira pdi p main kartu trupnya injury time dukung ahok dapat bu mega laku test water lihat reaksi teman ahok atas perlakuaannya ahok acara dua tunjuk ahok tetap pandang sahabat pdi p ahok tetap curi perhati bu mega kait masa karir poltiknya moment tafsir sinyal nasdem hanura all out dukung ahok pdip fokus paslon muncul saing ahok bakal usung poros gerindra pks ppp golkar pasang ahok heru baru batas bakal calon dua belum resmi daftar calon gubernur dki pilkada serentak februari tahap lalu ahok heru jadi paslon kerja penting laku teman ahok cepat pasti dukung ahok lewat jalur independen penuh syarat tentu hasil kerja teman ahok tentu situasi pilgub dki pdi p penting ahok tetap maju cagub dki lewat jalur independen usung nasdem hanura pkb ahok tetap maju ahok gagal maju pilgub jadi tarung djarot lawan sandiaga uno yusril anda ppp pks pan demokrat sikeras bangun poros pilgub dki tanpa hadir ahok jadi ajang tarung sengit tidak libat kuat parpol jadi ajang investasi upa gelontor uang jumlah besar menang tarung sifat penting strategis beda hal anda ahok ikut tampil cagub situasi jadi serba salah gedrindra pks ppp golkar gerindra golkar bentuk poros ppp pks pan demokrat bentuk poros kuat pecah mudah cundang ahok anda satu bentuk poros situasi jepit pdi p pkb sisi hanura nasdem teman ahok sisi jadi pdi p pkb tiba tiba ikut gabung dukung ahok injury time daftar calon gubernur teman ahok kuat tidak pandang remeh parpol ikut kontestasi politik pilgub dki kuat besar sifat riil jelas tegas mementukan pilih jatuh ahok kandidat gubernur kuat teman ahok sinergi main cantik pdi p nasdem hanura pkb jadi saing ahok heru pikir panjang anda gelontor uang jumlah besar akhir sia sia pdi p penting ahok tetap maju cagub dki bu mega pilih peran kuat partai pecah suara lawan benteng tahan kokoh ahok penting pdi p dki jakarta hitung pengaruh pilgub dki pileg pilpres teman ahok fenomena rawan fenomena rakyat pihak idealisme tokoh sosok publik figure panggung politik fenomena rawan bahaya lawan frontal muncul gaduh politik panjang politikus kelas megawati sp bijak nilai timbang situasi bu mega sempat guyon ahok tidak lepas amat politikus kawak ahok bukti pimpin bukan wayang tidak mampu duga ahok jadi tugas partai loyal sukar kendali partai ahok mampu jawab sumber ilustrasi,1,24,12,12
independen strategi jitu ahok paksa paslon yusril kunci artikel tidak panjang kali lebar lihat strategi jitu ahok selubung kunci lawan lawan politik soal alas sampai media strategi jitu ahok kunci lawan lawan menang tarung grand design ahok bagus jakarta tidak menang pilkada dki simak fakta ikut pertama paham mahfum baik lewat survei independen survey bayar tingkat elektabilitas ahok tinggi calon pilkada ada hari tidak ragu ahok pilih orang politik pilkada tahun tidak tidak jokowi ahok bukti masa kalah fauzi bowo milik elektabilitas kisar plus minus sadar waktu sisa ahok paham benar cara kerja orang orang politik ahok alam mulai bangka belitung dki tidak culun politik amat medsos mania kata ahok tidak paham politik salah besar main strategi jitu cundang lawan politik dua fakta ahok calon gadang gadang cagub dki misal risma triharini ganjar pranowo ridwan kamil yakin kalah ahok nyata tiga umum tidak maju pilkada dki tiga fakta risma ridwan kamil ganjar tidak ikut pilkada dki yakin orang saing ikut cukup kuat ahok yusril iza mahendra sandiaga uno lihat tiga fakta ahok mulai meta lawan kawan berangkat fakta atas ahok kalkulasi lemah lebih lawan politik isu lemah posisi ahok isu agama ahok asal kalang minoritas kristen protestan turun tionghoa saudara muslim tidak rela milik pimpin tidak iman lemah ahok besar isu jadi lawan dulang suara lihat fakta ahok hitung calon anggap wakil umat islam calon yusril izha mahendra adhyaksa dault kuat samping adhyaksa dault samping dukung politik minim ahok gampang marah representasi adhyaksa minimal yakin tidak mampu dapat dukung baik partai independen tinggal yusril izha mahendra saing berat ahok lebih wakil kalang islam tidak rela pimpin orang beda yakin saudara umat muslim lebih tidak masalah lihat yusril izha mahendra belum meri kode sanggup kalah ahok head to head ahok ah masalah besar jadi premis mungkin bawah pertama ahok maju lewat jalur partai prediksi usung pdip nasdem demokrat hanura pihak mungkin pasang yusril sandiaga uno dukung gerindra pks golkar sisa pan pkb lihat arus jadi mungkin yusril sandiaga menang pilkada dki besar pilih ahok pilih partai nasionalis arti yusril sandiaga raup suara partai dua sadar ahok hitung kenal pilih pilih ahok masyarakat rasa puas atas kerja ahok jadi gubernur dki pilih ahok masyarakat puas kerja ahok pasti fix tentu pilih ahok wakil isu apa usung partai lawan pilih setia ahok hal pilih ahok susah rayu diiming imingi arah pilih ahok bnerdasarkan track record kerja apik ahok survei akhir angka plus minus arti minimal duduk jakarta firm tentu suara ahok hal ahok butuh plus jaga rebut suara angka kalkulasi ahok ada ahok meta dukung meta lawan ahok mulai strategi jitu pecah perhati lawan politik ahok fix tentu calon wakil lawan politik pilih milih timang nimang usung lawan sibuk konsolidasi ahok teman ahok kerja sosialisasi pasang senyum ngakak guling guling lawan lawan tinggal jauh haha strategi jitu ahok nyata uras energi lawan politik kader pdip bakar jenggot ahok eh paksa maju tahu pdip harga tinggi mungkin besar usung paslon pdip tidak dukung yusril bunuh pdip pdip usung paslon harap ahok suara muslim tidak suka gerus paslon pdip mantap pdip gandeng partai partai arti yusril tidak dukung partai hal belum yusril keok strategi jitu ahok ahok rela kalah paslon pdip pdip usung risma ganjar asal kalah yusril ahok cinta warga jakarta jakarta pimpin yusril bayang jakarta jaman fauzi bowo ahok tidak kerja jokowi rusak ahok tidak rela estafet pimpin bangun hati tulus mundur tangan orang kurang profesional ahok kerja gubernur janji jakarta ahok fix heru kerja sosialisasi hitung bernego bakal masyarakat jakarta cerdas pintar saji buka hadap tinggal pilih menu santap masakan jadi mentah salam kompasiana,1,26,16,10
ahok pilgub dki konstelasi pilpres konstelasi politik pilgub dki udah mulai asa panas sosok ahok cinta caci sosok kontroversi mumpuni ramai ramai calon muncul calon tuju kalah ahok anggap bagi masyarakat tidak suka sebut cina kafir ahok susah bendung gaya ceplas ceplos temperamental sisi sosok baik peduli ahok temperamental ceplas ceplos rasa tidak benar simpang tidak masuk logika ahok turun cina agama kristen menang suara dki bukan tidak pilih bagi rakyat indonesia pilpres kutip kata kata adhyaksa dault kalo ahok muslim pilgub dki maju presiden menang nyata indonesia negara islam mayoritas duduk indonesia islam islam indonesia mudah gerak mudah panas panas reaktif bau agama ras suku golong benci ahok gaya lontar kata kata kasar kes tuduh buat orang orang bakar jenggot ahok pintar pancing ucap ucap keras tanpa keluar energi besar beliau pancing lawan lawan bersebrangan pancing oknum oknum tidak sentuh hukum ingat bagaiman ahok kata kata pedas project siluman ups nila t dapat lawan keras kata keras kasus kalijodo pancing daeng aziz turun gelanggang cari dukung ada lawan jokowi ahok tipe jokowi gaya diam hanyut ahok gaya keras ceplas ceplos tabrak tabrak akan tidak takut guling tau kalang masyarakat ingin lihat besar dukung respon masyarakat sosmed media elektronik ahok jokowi punya kuat citra olah bukan rakyat bangun jadi jakarta indonesia bersih jauh korupsi kolusi nepotisme maksiat kes tonjol apa laku citra simbol ahok jokowi jokowi sendiri bukan partai politik ahok tidak milik partai politik konstelasi jelang pilgub dki panas untung ahok ridwan kamil mundur calon ridwan kamil punya kans besar lawan ahok ridwan kamil punya kans cukup besar tantang jokowi jadi pasang jokowi ridwan kamil pasang jokowi pasang punya kuat besar jokowi hadap ridwan kamil pilpres tim perlu energi besar kalah ridwan kamil wakil masyarakat jabar punya pilih kurang juta orang pilih pilih mula anak anak muda punya potensi pilih ridwan kamil ahok kuat ahok gaya karakter beliau buat popularitas naik tanpa kontroversi buat ahok kurang greget kurang dapat perhati gaya karakter orang tunggu nunggu nih laku ahok masyarakat tunggu nunggu episode lanjut kisah ahok gubernur dki jatuh ahok bukan cara cara lihat h lulung m taufik serang ahok publik punya memori h lulung m taufik yusril jatuh ahok cara diam jauh lingkung sosmed media elektronik statement lawan ahok tokoh tokoh politik tokoh agama lsm lembaga rame rame kalah ahok calon calon langkah salah ahok kalah tokoh partai politik tokoh agama tidak dapat ahok organisasi tidak dapat ahok calon orang maju hadap head to head ahok mungkin ahok kalah calon orang maksud kalah ahok menang mudah raih ahok ingat ahok maju tarung jadi gubernur bangka belitung beliau hadap calon pakai bendera muslim alm eko maulana ali sofyan rebuin hudarni rani popularitas ahok perlahan terus mepet alm eko maulana ali hari jelang coblos lihat popularitas ahok kubu calon gera ulama ulama mesjid mesjid ceramah ceramah mesjid beri materi ceramah inti pilih pimpin muslim betul hari tepat hari juma at umat muslim laku ibdah sholat jumat langkah efektif alm eko maulana ali pilih suara banyak susul ahok urut dua ahok batu loncat ajar harga jadi kalah ahok calon calon guna cara cara elegan simpatik tidak perlu serang ahok tunjuk program rekam jejak baik mudah mudah muncul tantang ahok ridwan kamil head to head ahok,1,23,29,-6
kenal ahok pikir dengar nama ahok benci kata ahok arogan kasar galak cinta kata ahok berani tegas bersih tulis izin cerita kena alam temu ahok balai kota dki jakarta hari kamis hari datang lihat acara sosial anak anak kanker acara tidak hadir orang orang orang asal yayasan datang ahok buat kesima ajudan ahok arah duduk beliau salam anak kecil kena kanker senyum baru beliau salam urus yayasan ahok duduk urus yayasan anak anak kanker beliau terus senyum lihat anak anak kanker tari untuk musik selesai ahok langsung diri hampir anak anak kanker depan jabat tangan buat kesima inisiatif duduk belah ahok pak duduk tanya waktu tanya basa basi masa nyelonong orang nomor dki tidak enak ahok senyum silah duduk belah baru duduk waktu bingung tegang bicara ahok tengah tegang ahok buka bicara aktif urus anak kanker tanya ahok diam tidak tahu kata to the point jelas kesini temu beliau hebat ahok langsung tanya masalah hadap layan kurang baik tipe pimpin layan rakyat juru bicara kompak komunitas dukung ahok jelas ada komunitas tuju dukung ahok pilkada dki menejelaskan kompak laku jumlah rekrutmen rawan kumpul ktp situ ahok jelas pilih maju independen ahok rasa atur kumpul ktp sulit lihat raut wajah ahok ubah mulai pesimis kata rawan kerja keras koordinasi ktp kumpul ahok langsung jawab cara ahok bicara buat ada cair awal tegang bicara gubernur ahok bawa suasana jadi asyik buat aktif papar tantang tantang rawan blak blakan cerita kali kompak memposting kerja ahok dki serang gaya pimpin ahok ahok kata sosial media penting percaya rawan bicara akhir ahok diri foto anak anak kanker senyum pandang panggung ahok panggil foto foto foto silah ahok foto beliau ajak foto atas sama anak anak kanker baru naik atas panggung baca cerita singkat atas manusia rasional bukan benci cinta tempat nama ahok ahok jabat santun beliau santun rakyat tidak taruh sekat ahok tidak tempat gubernur layan rakyat ahok jabat ramah tidak segan cerita masalah hadap rakyat tidak segan dengar cerita rakyat tengah sibuk ahok kasar bukan rakyat kasar ahok koruptor pns tidak kerja rakyat kasar ahok bentuk cinta rakyat kasar ahok hadir munafik jabat dki jadi apbd sapi perah ahok suka marah ahok emosional ahok ngomong tidak tata ahok punya kurang sat ahok jabat cinta dki jakarta warga beliau rendah warga beliau maju lawan jahat topeng santun curi uang warga kenal ahok benci tanpa tahu ahok sungguh kenal sayang tsamara amanyjuru bicara kompak mahasiswi ilmu komunikasi universitas paramadina,1,14,28,-14
jokowi lindung ahok tidak ragu dekat presiden joko widodo gubernur dki jakarta basuki tjahaya purnama bagi dukung dua harap jokowi ahok pasang level tinggi maksud jokowi gandeng ahok masuk istana menteri wakil presiden bagai sempat jokowi turun tangan ahok alami masalah jakarta mulai lantik gubernur tentang bagi besar anggota dprd jakarta masalah buang sampah bantargebang kasus apbd akhir ahok minta bantu jokowi komisi berantas korupsi kpk mulai menemukanm niat kasus beli lahan sumber waras perkara operasi tangkap tangan kpk presiden direktur agung podomoro land ariesman widjaya tengah laku suap ketua komisi d dprd dki jakarta m sanusi staf khusus ahok sunny tanuwidjaja ikut seret ahok politis harga orang orang beri duduk hormat ahok mudah loncat partai partai pilih kepala daerah pilih penuh syahwat politik kuasa ahok rela jadi politis kutu loncat tanpa sedikit rasa hormat ahok enteng serang orang orang juang sama ahok etika urus nomor buncit selaras karakter mudah tuduh orang maling sabotase bijak koruptor bukti ahok tidak harga jokowi pertama enteng kata jokowi menandatangani apbd ubah dalam dapat anggar beli lahan sumber waras majelis hakim tipikor sidang kasus uninterruptible power supply ups tunjuk bukti ahok lantas ralat tuduh tanpa rasa malu ahok tidak pikir sulit posisi jokowi ahok putus guna jalur indepeden genk nya serang pdip rasa milik dukung ahok jumawa tekan tinggal pdip memback up bijak fakta jokowi kader pdip ikut luka partai jadi bahan olok olok tidak paham ahok kroni ahok lupa peperangan tetap laku etika musuh rasa hormat laku universal ahok cinta perlu saksi film troy teladan sikap achilles nasehat priam raja troya ayah hector bunuh achilles bagi dukung jokowi kekuatiran ahok tikam jokowi ahok ludah partai golkar gerindra tanda tanda arah tampak jelas jadi pak jokowi lindung ahok yakin tidak libat kasus beli lahan sumber waras kasus suap reklamasi pantai utara jakarta lindung cukup beri beri privilese ahok belum dapat balas khianat kasus apbd ubah tidak bayang andai hakim tipikor tidak jeli tunjuk bukti tanda tangan ahok hari dukung ahok tuntut jokowi mundur libat anggar beli lahan sumber waras jadi cukup sama ahok orang punya tata krama etika doa ahok ikut kontestasi pilgub dki jakarta salam,0,13,9,4
ahok bukan galau kecut seru pilkada dki jakarta tahun suhu panas rasa salah satu tarung sengit teman ahok vs pdip tanpa tedeng aling aling website resmi teman ahok sindir pdip rebut ahok karikatur beri judul partai usung ahok teman ahok yakin orang pdip murka sindir karikatur buat teman ahok kabid advokasi hukum ham dpd pdip dki jakarta braja abdul haris aku terima karikatur braja abdul haris karikatur teman ahok leceh hina pdip dampak perang buka teman ahok vs pdip buat ahok galau bimbang awal ahok proklamasi maju lewat jalur independen proklamasi ahok dorong teman ahok gigih kumpul ktp warga dki jakarta kumpul awal ahok minta pdip aju ijin teman ahok usung minta ahok anggap hina pdip memang teman ahok berani paksa pdip minta ijin ahok lupa pdip menang milu kuasa kursi dprd dki jakarta suara atas tanpa bantu pdip aju calon jelas pdip tolak mentah mentah minta ahok leceh minta ahok tolak mentah mentah pdip ahok balik minta teman ahok legowo usung pdip ahok jujur aku butuh kendara politik pdip tawar kata mampu kumpul ktp lembar ahok tidak yakin mampu teman ahok menang pilgub ahok kutu loncat kecut publik tahu ahok politis kutu loncat politis oportunis pragmatis ideologi kuasa bukan etika moralitas mulai pib seberang golkar pindah gerindra dapat tiket wagub dki jakarta seberang pdip tiket gubernur pindah ahok partai partai motif kuasa ahok bukan oportunis ahok tetap konsisten maju jalur independen teman ahok beri tiket gratis tanpa keringat parpol citra sarang koruptor aneh bin ajaib teriak teriak anti korupsi masuk sarang koruptor guna fasilitas moralitas integritas pegang teguh integritas moralitas ahok konsisten maju jalur independen teman ahok juang tahun kumpul ktp ahok pilih pdip tinggal teman ahok arti ahok abai tidak harga juang kerja keras teman ahok kata dunia kerja teman ahok jadi sia sia sila banding ahok rita widyasari golkar pecah jadi kubu bupati kuta kartanegara rita widyasari pilih maju jalur independen prestasi luar partai parati bondong bondong dukung calon rita widyasari jalur independen catat dukung partai hormat golkar besar nama dunia politik rita widyasari konsisten pilih maju jalur independen rita tolak tawar parpol usung pimpin konsisten tegas tidak plin plan hasil jalur independen rita widyasari mampu menang pilkada kukar oleh suara fantastis capai wow luar rita widyasari beri contoh konkrit jalur independen mampu menang mutlak capai syarat prestasi gemilang jabat kaca kasus rita widyasari tanya ahok tidak berani ikut jejak rita widyasari maju jalur independen jawab singkat ahok kecut rasa tidak prestasi jabat punya jawab,0,17,9,8
mundur ridwan kamil buat sulit ahok tuang analisa ridwan kamil bukan lawan ahok ahok bukan lawan ridwan kamil pilkada dki jakarta politis amat polemik liar ridwan kamil beri terang tidak maju pilkada dki jakarta kelak bukan takut kalah tidak sakit orang kutip terang ridwan kamil mohon maaf tidak maju pilkada dki jakarta tambah atas saran saran kolega masuk dalam bincang presiden jokowi tarik cermat jakarta tidak jakarta point penting tidak sakit orang sempat media rk sebut bincang presiden apa bincang jadi urus jokowi suka pimpin daerah bersih kreatif ahok ridwan kamil risma lihat jokowi beri apresiasi undang tanya ridwan kamil tidak ungkap jadi gamblang henti kalimat simpan lubuk hati sakit ridwan kamil maju pilkada dki luar masyarakat bandung ridwan kamil menang pilkada dki jakarta bukan mustahil ridwan kamil usaha beri alas alas tepat mohon maaf tidak capai titik klimaks nyata baca sembunyi ada rencana hebat ridwan kamil dki ada tawar besar untung hampir ridwan kamil tanpa maksud kecil tokoh calon pilkada dki jakarta kata ridwan kamil mampu saing ahok tidak mampu dekat elektability ahok jauh tetap pegang analisa jadi tanda tanya besar ridwan kamil nyata tidak maju rebut dki analisa tanya ahok dapat lawan padan kelak ahok mulus terus calon pilkada lihat fenomena kembang tambah putus ridwan kamil kata buat sulit ahok ahok tidak main peran politis ahok singkir hindar singkir ahok mampu rangkul sukarela paksa mohon terima pinang parpol laku mulai ahok teman ahok gembira atas oleh kumpul ktp faktor x hitung ktp jadi tidak arti iklim politik ubah pertama faktor x tangan politik tidak lihat ingat ahok anak politik lahir sukses beri kecewa kalang takut parpol besar pinang ajar lihat sepak terjang ahok buat parpol dilema tinggi pinang ahok resiko ama ramai tidak sentuh ahok politik tidak mustahil dua baca terus kepemimpnan jokowi ahok terap single domain atas peran perintah dki jakarta beda jokowi pimpin solusi konflik ahok legislatif yudikatif ahok tolong tetap lancar jalan pimpin tangan politik mungkin bantu ahok jadi wajar ridwan kamil gadang gadang parpol punya kans cukup baik nyata kata tidak saing pilkada dki politik apa alas ridwan kamil tidak maju pilkada dki kecewa politik kecewa parpol kecewa politik akibat iklim tolak belakang harap publik harap publik dki pilkada dki milik ahok parpol rela sandung penting ingat ahok sosok kenal no compromise bargaining parpol balik no compromise ahok bukan politis handal lahir besar karier politik cemerlang suka tidak suka kata ahok naung untung tiga partai sambang ahok akhir gerindra buat duduk jadi dki bagi kalang sebut kutu loncat nikmat politik harap calon lawan imbang pilkada dki kelak ingat ridwan kamil kata mundur lihat celah ridwan kamil kawatirkan iklim ubah tidak satu parpol pinang ahok otomatis ahok guna jalur independen parpol usung calon jadi ahok singkir mungkin besar tidak pilih konon presiden jokowi sahabat ahok beliau bukan ambil putus pdip dua faktor timbang ahok teman ahok jadi ahok mulai rayu pdip partai cukup ahok ahok rawan teman ahok jaga gengsi sulit raba iklim politik ahok teman ahok sikeras independen kalah siap sambut pilkada dki kelak mundur ridwan kamil jelas buat sulit ahok partai politik lang bukan buat mudah main politik dapat,1,29,21,8
deparpolisasi jalur independen ahok umum ikut jalur independen usung teman teman ahok mulai nampak galau paertai politik nyata sikap ahok tanggap sikap teman teman ahok desak ambil putus tegas ahok ahoksedang nanti putus pdip yakin dukung ahok pilkada putus belum beri ibu mega milik tabiat hati hati butuh waktu panjang baca kembang dapat petinggi partai teman ahok desak sikap akhir ahok tidak tunggu putus pdip putus diskus ibu mega berita sebar mulai timbul statmen petinggi partai tuduh teman teman ahok tiada partai istilah deparpolisasi tahu teman teman ahok juang cukup lama kumpul jumlah suara labih wajib lengkap nama calom wagub sanding ahok lanjur nama dukung kumpul formulir belum cantum nama calon wagub jadi harus teman ahok kerja ulang buat desak pasti ahok kejar waktu sisa tidak kronologi diisahkannya calon independen sah undang undang sungguh tidak pikir wakil dpr nama ahok populer usung teman ahok penuh jumlah suara takut mulai timbul jadi galau putus teman ahok tidak cantum nama jarot damping ahok belum tegas pdip siap usung tolak sikap buat teman ahok tidak tunggu batas waktu parpol galau ahok ikut jalur independen liat nyata petinggi pdip tuduh teman ahok niat deparpolisasi statmen sungguh tidak tepat bukan maksud teman ahok kejar waktu tidak pasti pdip beri putus tegas sikap pdip buat ahok pikir pilih independen kerja bebrapa bulan parpol belum kerja beri sikap dukung tegas waktu teman ahok penting kolor waktu pdip untung wait and see guncang gancing coret nama jarot jadi petinggi partai marah tuduh arogansi teman ahok mungkin kekuatiran ahok benar benar hasil menang pilkada dki jadi pukul berat langsung parpol jalur hasil ahok ahok baru daerah tidak mustahil milik rekam jejak jujur berani tegas taat konstitusi berani transparan jadi idola kemudi hari ikut jalur independen sungguh parpol berani koreksi depan bukan transaksional cari jabat kuasa parpol benar benar baca ingin rakyat tulis salut nasdem berani tidak populer tradisi berani nyata tanpa syarat dukung ikut aktif dukung sikap luar nasdem tunjuk sikap awal ikut milu dukung jokowi tanpa syarat hasil cukup kejut partai baru dua kali nasdem bukti tanpa jual mahal cara tradisi parpol berani beda parpol sungguh belum siap belum milik kader mampu saing bukti buka penndaftaran calon bagai pihak beda idiologi partai anut sungguh prihatin bukan jati partai gadai kuasa parpol terus terus tekan teman ahok ahok pribadi apa cara rugi angkat nama ahok mata masyarakat sungguh moment moment milik ahok teman teman ahok nya parpol sadar ulang bodoh ahok teman ahok tekan lawan sukarelawan teman ahok gerak cepat menang tanding mutlak saksi waktu waktu hari h pilkada dmulai ahok teman ahok jatuh cara tidak fair sejarah catat issiu deparpolisasi tidak laku jual uu ahok teman ahok lahir nama wakil rakyat duduk dpr sesal uu lahir parpol aja sulit ubah uu teman ahok ahok gigit jari buat issiu bodoh bumerang pukul,1,25,10,15
cagub gatot swandito ahok bukan si pitung sulit kalah tidak percaya serius nyagub cuci muka biar seger mikirnya cagub lawan ahok tidak beda yusril ihza mahendra kompasianer kawan tidak beda ahmad dhani sandiaga uno adhyaksa dault berani nyagub yakin kalah ahok pertama rilis survei pertama pilgub dki beda media media sosial amat teman kompasiana kata ahok sulit kalah nyata ahok tidak mudah tang pilgub tingkat popularitas ahok sentuh tidak imbang tingkat elektabilitas bawah jadi jomplang contoh ekstrimnya bang haji bang haji milik popularitas ahok elektabilitasnya populer pkb tidak mencapreskan bang haji dua jompang elektabilitas dukung ktp hasil kumpul teman ahok kata jumlah dpt dki jakarta jumlah dpt nyata capai teman ahok butuh waktu bulan heru putus cawagub formulir dukung risi nama ahok kumpul dukung ktp teman ahok tidak kenal lelah tempat mal mal buka stan cfd cari dukung aneka spanduk kampanye ahok konon kata gang gang sempit masuk formulir dukung ktp unduh kirim teman ahok bukan orang ambil jumlah formulir dukung bagi dukung ahok tidak datang teman ahok capai seok seok tiga pilih jakarta relatif polarisasi kutub ahok kutub non ahok dukung ahok jumlah stagnan sulit ahok tambah jumlah dukung lihat kumpul dukung situ lihat dukung ahok relatif homogen arti keuarga kantor komunitas contoh maudi kusnaidi suami dukung ahok sulit ajak pilih coblos ahok formulir dukung kumpul ahok sanggup raih suara golput arti oleh suara ahok angka tidak buruk angka oleh jokowi ahok putar pertama pilgub angka tanpa pengaruh kasus sogok agung podomoro m sanusi ahok belum libat jadi tidak libat ketap ahok bangga aku gubernur agung podomoro citra ahok jadi negatif citra negatif ahok aku gubernur agung podomoro terus hembus lawan lawan ahok untung lawan lawan ahok kasus sogok agung podomoro mudah cerna orang awam ketimbang duga korupsi rs sumber waras kasus sogok agung podomoro jelas sederhana dprd sogok agung podomoro ahok aku podomoro bangga aku gubernur usaha libat sogo kemarin dukung ahok tulis ahok serang moncer tidak pikir anak kemarin sore kaca pilpres jokowi bulan hari coblos berelektabilitas prabowo selisih jauh gencar serang jokowi selisih oleh suara alam pilpres simpul serang ahok turun elektabilitasnya serang model tepat arah ahok jelas bukan serang aroma sara serang jenis guna ahok dapat simpati perhati kubu ahok giat laku rangkai kampanye sara serang paing tepat serang lama buat muak contoh kasus sogok agung podomoro ahok bangga aku gubernur korporasi sogok agung podomoro proyek reklamasi lawan ahok tarik isu isu mudah paham masyarakat soal senjang sosial proyek reklamasi untung gelintir orang orang orang duit sengsara juta rakyat jakarta utama nelayan jadi dukung ahok anggap ahok si pitung tanya si pitung sengsara rakyat kaya gelintir orang,0,27,19,8
alas pilih ahok alas tolak ahok masyarakat masyarakat cerdas dki jakarta masyarakat paham partai politik kerja parpol umum kerja dasar naluri raih kuasa sifat sifat parpol bukan salah parpolnya salah oknum elit parpolnya oknum oknum penuh ambisi kuasa parpol bukan parpol orang orang ambisi alias rakus kuasa dpd non partisan parpol ciri ciri orang ambisi kuasa lihat lompat lompat orang partai partai sebut satu ingat mudah ingat salah satu ahok jadi gubernur dki buntuk dua kali salah ahok jadi gubernur tidak salah hak hak jadi gubernur tanya bukan tanya pantas ahok jadi gubernur dki timbang masyarakat cerdas timbang sisi orang punya baik keburu tinggal lihat baik buruk manfaat mudarat coba lihat gambar dasar versi yakin orang cerdas mungkin besar tidak pilih ahok ikut alas unggul ahok ahok orang bersih bersih korupsi maksud jadi bupati belitung timur jadi gubernur dki belum bukti ahok laku korupsi ahok orang cukup pintar teliti administrasi birokrasi ahok orang berani berani bongkar kasus korupsi ups libat anggota dprd dki ahok berani tentang dprd coba akal akal rapbd dki ahok pro transparansi birokrasi hasil contoh e budgeting tri rismaharini hasil kembang ahok punya ide buat jakarta jadi kota modern hal singapura ahok buat disney land super mall integrasi baik asal gusur rumah orang pribumi kata pribumi baca duduk asli jakarta warga turun sensi dengar kata ibu ibu kompasiana ngamuk ngamuk guna kata kata unggul ahok sayang ahok milik kurang catat lemah ahok ahok pimpin lungsur tidak pilih terima waris pilih jokowi ahok pilih jokowi jadi gubernur tidak lihat ahok yakin damping jokowi jokowi menang pilpres abraham samad mahfud md jk pasti jokowi menang silah sanggah poin punya alas an kuat poin ahok belum uji jadi pilih warga dki ahok orang gigih kejar kuasa punya ambisi besar kuasa silah tidak percaya punya logika fakta tidak sanggah ahok hasil jadi bupati belitung timur sedia emban tugas bulan apa dalih ahok tinggal masyarakat belitung timur sulit terima akal sehat ahok tidak sakit tidak masalah birokrasi legislative tidak masalah hokum masalah ahok jadi gubernur bangka belitung acara mata najwa kemarin ahok beber alas sayang tidak masuk akal fakta ahok bulan jabat bupati belitung timur kejar pilgub bangka belitung gagal terus kejar pilgub sumatra utara gagal maning lanjut kejar pilgub dki gagal ahok tidak mampu dapat ktp dukung ahok pungut gerindra sanding jokowi hasil jadi wagub dki hoki ahok jadi jokowi daulat rakyat jadi presiden hasil cita cita ahok jadi gubernur dki masyarakat belitung timur waris ahok kakak masyarakat sana tidak hendak inti poin ahok bukti orang haus jabat silah sanggah sanggah ahok orang tidak amanah kait percaya warga belitung timur sia sia ahok banding jokowi tukang debat bulan jadi bupati hasil waktu pendek ahok orang curang orang orang curang dekat orang perlu ahok rajin pindah pindah parpol tuju pribadi ternyatat partai pib golkar gerindra singgah ahok ahok masuk pdip tolak elit pdip ahok suka tusuk belakang alami prabowo berani taruh ahok pungut prabowo tempat tempat hormat damping rising star jokowi prabowo keluarga tebar modal milyaran rupiah menang kampanye jokowi ahok lihat ahok jadi gubernur alas sepele gerindra ikut ikut kmp rubah uu pilkada tidak langsung ahok langsung keluar gerindra akal akal ahok keluar gerindra dekat pdip ahok rencana masuk pdip tahun boy sadikin ketua dprd pdip tidak tuju poin nyata ahok politis kutu loncat siap tikam teman belakang ahok pimpin kasar suka maki orang suka semprot tidak ambil bulu kadang bahasa toilet keluar kasihan guru guru honorer hadap tanya status pns nya maki maki ahok silah sanggah ahok pimpin penuh curiga gampang tuduh orang jokowipun tuduh ahok tanda tangan apbd ubah isi anggar ups ahok aku lupa adil tipikor tanda tangan ahok tuduh sabotase bungkus kabel orang jadi saksi tuduh ahok ngawur ahok pimpin marah tidak harga orang bawah pemprov dki jelek ahok suka parah orang orang bukan pimpin tetap hari ahok orang tidak percaya mampu orang suka main pecat anak buah salah langsung pecat ahok tidak beri sempat bawah baik salah ahok takut bawah main pecat pecat aja ahok pimpin tidak mampu cipta suasana damai lingkung kerja berisik hari balai kota ria ria ahok hari tidak cipta damai kerja ahok mudah cipta musuh baru sifat sifat kekanak kana tidak kalah buat ahok mudah dapat musuh baru politis ngomong ahok langsung emosi timpal keras kes arogan tidak kritisi ahok umbar janji palsu janji ingat ahok janji besar pasar pasar tradisional tidak bukti tanah abang urus itu terus program jokowi ahok tidak rakyat jaga jarak rakyat ahok lihat kerumun massa jawab banding jokowi banding kang emil bu risma pak yoyok pak ganjar pak djarot silah banding punya nurani ahok tidak harga rakyat kalijodo bukti wenang wenang ahok gara gara celaka lalulintas mud mabok kalijodo ahok langsung rata kalijodo ahok beri waktu minggu warga kalijodo pindah rusun punya ktp dki punya empati bayang jadi warga kalijodo punya waktu minggu pindah pindah rumah bukan sepele pikir usaha pindah wiraswasta haru pikir tranportasi baru kerja belum urus sekolah anak transportasi sekolah urus orang pindah rumah cukup waktu minggu tidak punya ktp dki bukan rakyat indonesia pikir tidak punya empati tuju tuju ahok kejam ahok pimpin kontroversi ahok masalah kasus reklamasi teluk jakarta ahok masalah kasus rs sumber waras focus reklamasi teluk jakarta ahok tidak panjang izin reklamasi teken fauzi bowo alas uu ubah jadi tupoksi menteri pkk dampak reklamasi depan sumber waras bukti belum kata ahok korupsi jelas ahok beli lahan sumber waras tuju bangun rs kanker jakarta buat veronica istri ahok baru angkat pihak swasta jadi ketua yayasan kanker jakarta rs kanker atas desa veronica ahok wujud cita cita istri janggal naik njop beli lahan naik tajam njop wilayah tahun akhir banding naik tahun belum bukti bukti kuat korupsi indikasi main kuat ahok kurang harga umat islam ahok larang umat islam sembelih hewan kurban tempat laku masyarakat ahok tolerir maksiat punya ide buat pusat prostitusi tuju minum alkohol ahok tuju pemprov dki tanam saham pabrik bier ahok bier obat gampang kencing tidak mabuk jelas ahok ngawur ahok tajam bawah tumpul atas kalijodo bumi hangus alexis malioboro mangga besar pelihara kalijodo rata alas rth sisi hotel megah atas rth daerah elite tidak rata ahok pro kapitalis suka ngawur ide pribadi masa jalur busway jual ahok belum idejalan bayar puluh rupiah jalur sepeda motor batas ahok mayoritas duduk jakarta milik motor banding mobil ahok tidak jujur utama dukung akhir akhir sirat lembaga konglomerat mensupport ahok lihat awal nama ahok center curiga organisasi bubar tidak lama muncul teman ahok teman ahok tahun sewa gedung kantor pejaten jakarta selatan orang tahu harga sewa kantor sana puluh ratus puluh pegawai organisasi teman ahok alat lengkap komputer mesin fotocopy atk mobil motor guna fasilitas biaya operasional organisasi tidak jelas aku ahok rawan rekrut anak anak muda biaya operasional kata patungan rawan jual merchandise bentuk teman ahok punya ratus posko bulan akhir teman ahok sewa puluh booth mall mall jakarta jaring ktp dukung ahok orang mampu hitung operasional teman ahok tahun akhir capai rp milyar mampu teman ahok rata rata abg kumpul dana besar kuatirkan dana dana asal konglomerat hitam milik alexis malioboro tempat tempat maksiat tidak sentuh ahok bukan suudzon aneh biaya milyaran rupiah penuh teman teman ahok harap dukung ahok sanggah tulis dasar poin poin terima kasih selamat pilih pimpin jakarta baru sekian tulis mata najwa bayar ahok,0,61,51,10
gemas prabowo ahok berita bincang publik kait pilkada dki jakarta bagai spekulasi opini jadi lawan ahok jadi orang nomor jakarta terus gulir bahas bagai media online cetak kait isu pilkada dki jadi topik mati publik baru baru berita cukup tarik rmol kait ahok mantan capres bos ahok gerindra prabowo subianto dukung ahok pilgub dki keluar nyata ingat calon ahok ingat calon pimpin baik rakyat prabowo kenal sandi aktif militer belum move on kait putus ahok keluar gerindra bukti tanya wartawan kena pilkada dki jakarta tiba tiba langsung nyolot keluar statement kait ahok prabowo sindir pimpin milik jiwa jujur arif baik prabowo kagum karakter ahok sayang lepas ahok kader gerindra jadi calon independen tahu gerindra pilkada lahir sosok sosok ridwan kamil bandung ahok dki jakarta hubung ahok gerindra retak ahok tuju bijak gerindra dukung draft revisi uu pilkada pilih langsung jadi pilih via dprd ahok kerap olah situasi prajurit partai ketua gerindra jakarta muhammad taufik tentang ahok hubung benar benar pecah ahok nyata keluar gerindra september lihat sikap ahok jadi ingat manuel l quezon kata my loyalty to my party ends where my loyalty to my country begins sikap ahok positif partai jadi kader jadi daerah sapi perah kepala daerah pilih rakyat rujuk berita baca rmol analis politik akar rumput strategic consulting arsc mas oky nugroho nyata prabowo rasa jasa suskesnya karir ahok problem situasi ahok jadi milik publik walhasil nyata prabowo tidak milik bobot politik tidak dampak pilih dki mas sebut putus ahok keluar gerindra tahun putus maju jalur independen hak politik warga negara legitimate sistem demokrasi gerindra partai partai ambil ajar evaluasi atas jadi bukan salah ahok tuju nyata kasus ahok vs parpol ambil hikmah parpol reformasi tidak parpol jadi dinosaurus guna penting pribadi kuat demokrasi butuh parpol sehat kuat buka demokratis,1,13,2,11
tantang ahok jawab ikhsan modjo nilai ahok tipe pimpin kerja politis bicara wajar harap maklum emosi ledak ledak kritik ahok tipe politis anti kritik lihat kritik serang balik habis habis ruang publik media jaya suprana caci warga kelas provokator jj rizal maki sejarawan goblok beda banding ridwan kamil teknokrat dedi mulyadi budayawan risma triharini birokrat nurdin abdullah akademisi abdullah azwar anas berlatangbelakang santri jokowi usaha baik ridwan kamil dedi mulyadi risma triharini nurdin abdullah abdullah azwar anas jokowi tipe pimpin kerja keras contoh pimpin utama kerja kerja kerja tidak bicara banding ahok bicara bicara bicara kalo walikota pontianak kalimantan barat ahok bacot doank gak kerja miris hari berita media mainstream kait ahok isi debat seteru caci maki usai gusur warga kampung pulo guna cara keras khas orba ahok dapat musuh musuh baru komnas ham lbh jakarta aktivis pro demokrasi lsm ciliwung merdeka individu individu sejarawan jj rizal amat ekonomi ichsanudin norrsy seniman ratna sarumpaet gabung gera beda aktivis pro demokrasi bentuk gera lawan ahok ichsanudin norrsy seniman ratna sarumpaet bentuk gera pribumi gerak tokoh tokoh nasional diri belakang jokowi ahok pilkada dki mulai jengah perilaku ahok arogan hidup cara cara keras orba aktivis pro demokrasi satu tumbang orba otoriter represif ahok hidup cara cara orba aktivis pro demokrasi lawan gera lawan ahok cendekiawan muda yudi latief ahok gagal manfaat momentum gaya pimpin ahok pihak kalang kelas sosial atas tidak harga majemuk masyarakat wenang wenang rakyat miskin buat ahok hilang simpati awal orang dukung ahok jadi pimpin dki jakarta semangat harga majemuk ingin ahok jadi role model kalang minoritas ahok pimpin adil sayang dukung tepuk belah tangan bijak ahok nyata harga majemuk kelas kelas sosial masyarakat cenderung pihak kalang atas jelas yudi latif media pimpin jakarta ahok bawa jargon baru miskin tinggal jakarta bertolakbelakang gaya pimpin jokowi humanis ahok depan cara keras yudi latief wajar gera lawan ahok masuk kalang minoritas pimpin jaya suprana lieus sunkharisma dapat lawan penjuru ahok guna media serang lawan lawan seteru sejarawan jj rizal belum usai atas sikap arogansi ahok sejarawan profesi hina ahok mulai satu dukung jj rizal ahli tata kota mulai satu dukung jj rizal sindir caci maki jj rizal kata kata goblok ahok tantang ikhsan modjo tarung pilkada dki tidak parpol usung ahok pilkada dki tahun ahok rawan teman ahok jauh jauh hari kumpul ktp warga dki jakarta bekal maju calon independent dahsyat teman ahok milik kantor booth lokasi seluruh mall mall besar dki jakarta terus gerak bentuk kantor booth booth baru seluruh wilayah dki jakarta pilkada lama ahok pikir jauh genggam kuasa periode ahok akan beri target teman ahok kumpul minimal ktp jumlah luar jawab tantang ahok ikhsan modjo diplomat ahok tidak jumawa ikhsan modjo pilih warga dki jakarta jokowi bukan ahok ikhsan modjo minta ahok sabar bukti warga dki jakarta hendak ahok tumbang alami foke tarik tunggu,0,14,15,-1
kasihan ahok sebentar jadi sangka korupsi bulan kompasiana penuh tulis ahok baik tulis lover hater netral tidak dukung ahok tidak jelek ahok tidak coblos ahok pilkada dki jakarta netral identifikasi herry fk alas ktpnya jambi arke ktpnya gadai warung nasi markonah gunawan ktpnya medan protes kata herry fk arke gunawan netral posisi ahok gunawan tulis baik ahok kes gunawan jongos nya ahok herry fk arke tulis lendir sempak sabun akrab toilet ahok identik guna bahasa toilet kes herry fk arke pro ahok kalo cara tiga orang bela ahok terus terang jadi kasihan ahok poor ahok gunawan ahok manusia bukan dewa punya salah kurang pilkada dki jakarta kemarin untung jokowi pasang ahok ahok jadi wakil gubernur jadi gubernur dki jakarta andaikata jokowi pasang saiful jamil jadi gubernur dki jakarta saiful jamil saiful jamil bersih jokowi yakin saiful jamil jauh bersih jokowi kabar saiful jamil mandi hari x jokowi mandi x hari herry fk arke ahok pakai bahasa toilet beri erti orang orang bebal biar buka pikir tanpa basa basi biar cepat erti resiko ahok kata kasar jadi musuh pihak singgung omong bro dua pakai bahasa toilet lendir sempak sabun crott tuju hubung ahok jadi dua tidak kategori ahok lover ahok hater dua cocok sebut miyabi lover hobbynya nonton film miyabi box office tayang bioskop lupa kasihan ahok ahok kaya raya kalo kasihan papa marshanda jadi emis kemang miyabi beli baju aja gak mampu kasihan ahok tekan minimal alat bukti sah kpk tetap ahok sangka korupsi tanpa tunggu habis masa jabat ahok gubernur agung podomoro eh gubernur dki jakarta kait beli lahan rs sumber waras suap reklamasi pantai jakarta kasus kasus tinggal tunggu ledak sekian terima kasih salam sayang cuker,1,14,11,3
ahok pilih pilkada dki jakarta selenggara mulai geliat perang opini mulai agam opini ahok marah ahok tidak etika ahok cina ahok non muslim alas muka bagi orang tolak ahok ahok marah lihat video youtube lihat marah ahok hadap simpang laku tanpa jadi ahok marah marah milik alas hadap birokrat pemprov dki coba coba main susun anggar marah anggota legislatif masuk anggar siluman dalam e budgeting warga kuasa ambil bukan hak nya yakin laku ahok marah ingin pendam lihat perilaku ketidakadilan jadi ahok tidak etika konteks sepakat kata bon hargens agresivitas ahok reaksi pantas konteks jakarta amburadul sekian lama asai bandit bandit guna etika guna etika curi apbd triliun rupiah tahun anggar ahok cina sadar tidak sadar gugat asal usul turun saran tidak tanya sang milik hidup cipta makhluk nya bagai suku bangsa ahok non muslim salah ahok nasrani konstitusi tidak batas agama kiprah sistem demokrasi sayang nyata bakal calon gubernur dki jakarta acara mata najwa metrotv mengenyampingkan hasil ahok beda agama hal jadi alas tolak ahok gubernur wajar rawan teman ahok inisiatif kembali sadar masyarakat jakarta laku ahok nilai nilai ideal lama hilang bagai sumber,1,5,11,-6
lulung tuding ahok terima gratifikasi kait markas teman ahok pakai aset pemda dki wakil ketua dprd dki jakarta jadi ketua dpw ppp abraham lulung lunggana tuding gubernur dki jakarta basuki tjahaja purnama alias ahok terima gratifikasi kait guna rumah aset pemda dki pakai jadi markas teman ahok kumpul juta poto copy ktp syarat ahok maju pilkada dki graha pejaten jl pejaten raya jakarta timur hi lulung ahok gubernur dki jakarta tidak guna aset milik pemprov urus pribadi ahok kena sanksi langgar kait gratifikasi pakai fasilitas perintah sanksi masuk gratifikasi malu rakyat kata hemat buang buang uang partai guna aset perintah tuding lulung nada tinggi hi lulung tidak sendiri wakil gubernur dki jakarta djarot saiful hidayat kritik guna rumah aset milik perintah provinsi dki jadi basis kumpul fotokopi ktp dki bantu basuki tjahaja purnama ahok penuh syarat jadi kandidat independen pilkada dki djarot kata aset perintah oleh berkat uang rakyat aset milik pemda beri untung rakyat bukan orang aset aset milik pemda milik perintah guna besar besar layan warga bukan penting pribadi ujar djarot ahok sapa akrab basuki benar teman ahok markas salah rumah kompleks rumah graha pejaten pasar minggu jakarta timur kompleks rumah anggota dprd dki kelola badan kelola uang aset daerah bpkad dki rumah jadi kantor rawan teman ahok jauh hari pemprov dki laku kerja usaha swasta pt sarana jaya usaha beri teman ahok jadi markas teman ahok kumpul juta ktp dukung ahok maju laga pilkada dki bukan teman ahok laku kerja langsung pemprov dki laku kerjasa pt sarana jaya ahok tegas guna bangun kantor teman ahok legal sah sah udah lepas gitu bukan udah lepas tambah ahok gaung pilkada lama tahun nampaknya panas pra pilkada mulai genderang pilkada tabuh calon intip kelemahah lawan maklum jarot tercatatsebagai wakil gubernur dki jakrta nota bene wakil ahok tahun rena soal penting jarot tidak segan segan lontar kritik ahok kait guna aset pemda teman ahok kritik lontar jarot nada halus beda hi lulung buka tuding guna kantor teman ahok pejaten jakarta timut masuk grtifikasi alas hi lulung pakai aset pemda dki teman ahok penting ahok pribadi kumpul juta ktp syarat maju arena pilkada rebut kursi dki tanya benar markas teman ahok guna aset pemprov dki ahok sebut terima gratifikasi kantor teman ahok pakai fasilitas perintah sanksi masuk gratifikasi ujar hi lulung nada tinggi hindar debat kusir uji nyata benar kait polemik kantor teman ahok pakai fasilitas aset pemda dki dekat perkara atur kait guna aset perintah daerah simak atur atur menteri negeri nomor tahun pedoman teknis kelola barang daerah pasal ayat bunyi manfaat barang milik daerah laksana dasar timbang teknis perhati penting negara daerah penting umum jelas bagi dua pasal perinci bentuk bentuk manfaat barang milik daerah pasal bentuk bentuk pemanfaaatan barang milik daerah sewa pinjam pakai kerjasama pemanfaatn bangun serah serah dasar pasal atur menteri negeri nomor tahun pedoman teknis kelola barang daerah sesuai nyata ahok pemprov dki laku janji kerjasama pemanfaataan rumah jl pejaten jakarta timur pihak pt sarana jaya janji sah janji maksud belum akhir batal manfaat rumah pejaten jakarta tmur wenang manfaat pemprov alih pt sarana jaya pt sarana jaya rumah pejaten jakarta timur manfaat jadi markas teman ahok kumpul juta copy ktp syarat ahok maju pilkada sah sah ngak salah wenang pemafaatan rumah hukum lepas pemda alih jadi wenang pt saran jaya tuding hi lulung markas teman ahok pakai rumah aset pemprov dki masuk gratifikasi terima ahok urai atas tahu jauh api panggang sebut ahok terima grstifikasi kait pakai rumah aset pemda dki pejaten jakarta timur jadi markas teman ahok mengumpulkn juta copy ktp syarat ahok laga arena pilkada rebut kursi dki tidak hubung hukum ahok guna rumah aset pemda dki jadi markas teman ahok teman ahok hubung langsung pt sarana jaya ahok tidak tahu nahu masalah janji teman ahok pt saran jaya arti ahok tidak nahu nahu merta kasus pakai aset pemda ahok tidak salah kata ahok tidak salah ahok tidak salah tidak alas hukum tuding ahok terima gratfikasi tuding hi lulung ahok tuding hi lulung ahok sebut ahok terima gratifikasi kait markas teman ahok pakai aset pemda dki bantah ahok celar sumber guna aset dki markas djarot kritik teman ahok posko teman ahok mal raup ribu formulir hari guna aset barang milik negara daerah lulung ingat teman ahok pakai aset dki markas,1,14,11,3
ahok menang pilgub dki tidak jadi bicara hari atas kertas ahok menang pilgub dki kalkulasi politik kabar detiknews barusan djarot nyata siap jadi wakil ahok djarot kata bicara megawati sinyal sinyal ahok dukung jumlah parpol tampak jelas nasdem jelas jelas dukung ahok demokrat taraf pendekate pdip jauh hari dukung ahok tolok ukur pdip dukung ahok keluar boy sadikin pdip mudah baca boy ingin jabat cagub cawagub tidak restu megawati arti boy sadikin keluar partai banteng megawati dukung ahok kalkulasi politik dukung pdip tambah nasdem tambah demokrat tambah teman ahok cukup kuat riskan lawan ridwan kamil demokrat batal dukung ahok demokrat gerindra ppp golkar pks pan partai hitung kecil menang orang tantang ahok kalah ahok satu arti calon tantang ahok orang jadi misteri dukung partai lawan ahok nyata calon gerindra pks sandiaga uno yusril demokrat pkb dukung ahok pkb tidak berani dukung ahmad dan lawan ahok lawan sandiaga uno suara sandiaga suara dan kalah jauh suara ahok jadi putar ahok kalkulasi politik putar cagub tarung ahok menang calon arti ahok lawan mister a seru gantung mr a nya mr a bukaih ridwan kamil tri rismaharini mungkin besar ahok jaya sayang tri rismaharini tidak sedia ridwan kamil dukung ahok silah senang senang atas kertas maju sandiaga uno yusril ihza mahendra adhiyaksa dault plus ahmad dan coba keroyok ahok sia sia anda ridwan kamil tidak rayu datang dki mungkin besar tantang ahok djarot yusril sandiaga sandiaga dan yusril adhiyaksa atas kertas prediksi ahok menang keluar umum kpk ahok tetap jadi sangka kasus sumber waras moga baca ada waras sehat bahagia selamat siang salam,1,12,8,4
gerindra nagih utang ahok lawan bukan ahok nama lawan mulai mendagri haji lulung mahasiswa mafia rumah susun rekan bus trans jakarta lawan label minoritas ciut nyali usung gerindra maju pilkada dki jokowi loyalitas ahok tidak partai ahok tidak beri upeti militansi kader partai tidak lihat waktu pilpres abdi ahok basuki tjahaya purnama konstitusi rakyat siap mati bagai sempat ahok kata sampai keluarga siap mati rakyat tidak kata karakter tunjuk taat konstitusi bukan konstituen mati siap konstitusi kata ahok terima lima orang wakil massa bela haji lulung anggota dprd dki kenal punya kuasa tanah abang gaya ahok beda tipis anton medan beda anton medan mantan preman ahok jadi bupati belitung timur angota dpr dua berani ceplas ceplos cenderung reaktif sikap singit ahok nyata tidak tunjuk pihak pihak awal tidak milik dekat dengan turut kurang beres lawan kali lawan induk semang partai gerindra gerinda jadi motor gerak koalisi merah putih ko mahput usul pemilukada langsung ganti pilih kepala daerah dprd coba beri dapat manfaat mudarat pilih kepala daerah dprd ahok tunjuk sikap tegas luar partai gerindra tetap paksa usul pilih kepala daerah dprd pikir sampe laku keluar partai politik ngapain main partai politik ujar ahok usai rapat pimpin balaikota selasa tanggap nyata ahok reaksi partai gerindra kalah sengit hilang wibawa gerinda silah ahok luar lupa tuding ahok tahu terima kasih ahok minta mundur jadi gubernur ganti jokowi luar gerindra gerindra posisi ahok dki berkat jasa gerindra usung bukan ahok nama tidak lawan tantang mundur ahok langsung kirim surat undur soal jasa gerindra ahok tidak sangkal turut andil gerindra persen sisa rakyat pilih ahok balik tuding gerindra ingkar tarik golkar gerindra kata juang pilih rakyat gerindra jadi motor nafi hak pilih rakyat pilih kepala daerah ahok kecewa episode ahok vs gerindra panjang gerindra tetap tagih hutang ahok lawan rasa punya hutang tarung bakal seru gerindra punya baris rapat partai ahok dukung rakyat kadung jatuh hati gaya andaikata ahok pilih dprd cerita herman wijaya hw com,1,5,8,-3
pilkada ahok berantas korupsi akar basuki tjahaja purnama ahok jadi saksi sidang tipikor dakwa alex usman mantan kasi prasarana sarana sudin didik tengah jakarta barat sidang cukup tarik media ahok tetap suara lantang jadi ciri khas bagai sempat jadi tanya jawab ramai ahok acara alex usman sang acara usaha tanya detail perihal kasus ups tegas ahok kata tidak tahu nahu perihal muncul anggar ups jadi masalah indikasi rugi negara milyar kurang data ketidaksiapan ahok jadi saksi pertama lihat drama sidang paksa jawab rubah koreksi ahok ahok ban menandatangani perda apbd ubah nomor tahun dalam masuk anggar ada uninterruptible power supply ups ahok koreksi terang nyata menandatangani perda apbd p koreksi benar tandangatangan maaf lupa kata ahok jadi koreksi atas terang ahok jawab menandatangani perda tanggal november kepala daerah gubernur waktu jabat jokowi tahu bukan pak jokowi gubernur kata ahok lihat baru ahok ingat dua ahok tidak tahu alur rangkai susun anggar baik pihak pempov eksekutif dprd legislatif ujug ujug anggar lolos terang ahok kata tapd tidak lapor dinas tanya tidak aku larso marbun tugas potong belanja tidak pantas apbd inspektorat tidak tahu larso nyata bersih lempar jadi urus suku dinas sudin tiga acara alex usman ulang kali tanya soal masuk anggar ups dakwa jaksa kejar jakbar rugi uang negara rp miliar tegas ahok jawab tidak tahu soal proses penginputan anggar masuk tanya soal libat alex usman bahas anggar ups lolos masuk apbd ubah ahok aku tidak tahu bahas komisi e tidak buka ahok tidak tahu evaluasi kemendagri soal anggar ups benar ahok rujuk tahun kua ppas tidak kua ppas mendagri tolak kasus jadi tahun anggar blunder ketidaktahuan ahok empat sesi akhir acara tanya tidak lapor bapak ahok tanggungjawab ahok jawab sesuai surat tapd point pertama ahok menandatangani perda apbd p tanpa lihat isi anggar ahok dar menandatangani tanpa lihat isi jadi salah jabat kait langgar disiplin masuk inspektorat ingat alex usman kepala seksi kasi level atas point dua salah fatal benar ahok inspektorat tidak tahu alur susun anggar ahok inspektorat tidak merta lempar pokok masalah suku dinas sudin argumentasi ahok pimpin daerah inspektorat awas ahok lasro marbun inspektorat tidak tahu batas sudin didik tengah sudin tidak tahu perihal susun anggar tiga suku dinas sudin didik tengah bahas ancang anggar komisi e dprd tidak lapor tingkat jabat struktural provinsi tinggi tapd evaluasi kemendagri pasti ikan tembus kepala daerah sekda empat tidak lapor ahok tanggung jawab jawab ahok sesuai surat tapd tim anggar perintah daerah provinsi dki jakarta jadi krisis lapor krisis pimpin tapd bentuk provinsi dki anggota sekda inspektorat bpkad bappeda deputy gubernur masuk tim ahok sebut point point atas serba tidak tahu pasti ahok tidak terima lapor tapd anggota tapd selidik dilema ahok jelas bersih nama keluar pusar kasus ups sempat ikut adil ahok tidak bersih sebut ahok serba tidak tahu khawatir mudah guna serang ahok pilkada tokoh pimpin muda ahok tetap suara lantang ungkap bobrok korupsi dki jakarta pinjam argumentasi ahok serba tidak tahu kuat duga tapd dprd main salah fatal tapd tidak lapor gubernur bentuk sistematis korupsi ahok bongkar korupsi tuntas ingat ahok calon pilkada dki jakarta ahok sinergi kolega paham berantas korupsi dki jakarta,1,19,14,5
pilgub dki ahok vs pdip kalah ahok tetap menang menang pdip tetap kalah pilgub dki mulai panas akhir tahun tokoh politik usaha selebriti laku cek ombak lihat peluang maju pilgub dki hasil survey bukti kasat mata lihat tokoh tokoh tidak hasil dapat dukung lumayan warga dki jakarta alias belum tanding dekat tara ahok lengkap pasti ridwan kamil tidak maju cagub pilgub dki belakang bursa pilgub dki ramai manuver pdip balik arah lawan ahok ahok deklarasi maju jalur independen banyak sempat ahok tunjuk gesture kata tidak masalah maju usung pdip ahok sadar resiko besar hadap maju jalur independen ganjal ahok rela pinang pdip pdip tentu cagub nya bulan juni alas prosedur partai tidak salah buat teman ahok lihat resiko besar pdip tidak jadi usung ahok jalur independen jadi jalur buntu tidak cukup waktu siap data data dukung ahok verifikasi kpud buah simalakama resiko besar ahok tentu pilih maju jalur independen bursa pilgub dki kerucut jadi big match ahok vs pdip lebar jadi ahok independen vs parpol perang urat syaraf jadi kader kader pdip kompak seru istilah deparpolisasi kontaminasi suci istilah independen ahok tetap ahok jabat brand positioning bersih tidak korup transparan buat beliau percaya masyarakat laku media media darling brand positioning buat dukung beliau lawan jadi militan buat parpol serang ahok lempar bumerang pdip menang rasa kasat mata lihat jadi kalah agresif serang ahok kurang respek masyarakat luas partai tidak tanggulang dampak gerus oleh suara pdip milu suka tidak suka fakta ahok jabat fenomenal dapat dukung percaya langsung ratus warga dki bagai suku ras agama survey transparan tulis yakin warga daerah milik pimpin ahok independen jalur sah demokrasi hormat tidak kontaminasi istilah deparpolisasi layak teman ahok hormat putus pdip tetap cagub juni buah pimpin manfaat besar besar masyarakat pimpin bukan utama penting pribadi golong kata gus dur masyarakat butuh akhlak aqidahmu urus tuhan banyak manfaat rasa warga dki jakarta pimpin ahok ahok lanjur menang tanding jegal gagal partisipasi kalah pilgub dki jakarta beliau tetap menang pak jokowi tidak biar orang langka anggur contoh johan budi akhir nasdem tuai buah strategi tulus dukung ahok tanpa pamrih bukti nasdem jadi partai besar negara nyata masyarakat pintar selamat nikmat big match ahok vs pdip ahok independen vs parpol salam kompasiana,1,20,9,11
partai politik cerdas dukung ahok partai politik cerdas dukung ahok belakang mulai kasak kusuk orang orang bicara pilkada dki waktu kata cukup lama teman teman ahok volunteer kumpul ktp ahokpun ikut nimbrung bicara kali wakil wawancara televisi kelompok orang inisiatif usung ahok suka rela namunada kelompok orang pengin dukung ahok penuh prosedur partai kelompok usaha ganjal ahok sesumbar tantang ahok sengaja cari cari salah ahok kelompok ormas tidak legal indonesia turut ancam bunuh massal ahok pilih timbul tanya muncul orang orang aneh bumi indonesia kadang warga negara indonesia rasa malu dengar statement ucap orang orang model syarat teman teman ahok penuh syarat kumpul ktp ahok janji kumpul ktp baru maju pilkada calon independen bagai syarat penuh misal mesti tentu wakil partai politik mulai lihat ahok calon utama tidak remeh orang laku lawak sombong kata kalah ahok oknum dprd calon golong nyanyi usaha mantan menteri periode datang tidak perlu orang lomba lomba rebut kursi ahok biar ahok kerja tugas diprogamkan selesai ahok priode ahok turun barang kali segara program kerja selesai ganti tinggal jalan tugas tugas lancar ikut nimbrung pilkada arti orang tanggal tugas jabat maju tarung itu belum menang partai politik cerdas biar ahok kuasa priode usung ahok partai dapat simpati rakyat terus terang ahok bukan milik pegang ktp jakarta batas ktp jakarta tidak milik ktp tidak serah ktpnya amat tulis orang indonesia luar negeri dukung ahok lihat bangun jadi jakarta orang partai kecam ahok dapat bully habis habis nyata jadi hari partai dukung ahok pasti partai dapat dukung teman teman ahok pilkada datang pilpres tidak kalah seru pikir saumiman saud sf medio maret,1,10,10,0
cagub gatot swandito ahok loyo lagu lawas untuk awal maju cagub pikir pilgub dki bakal seru konon seliwer media ahok kuat kalah saking kuat tebar meme media sosial ahok bakal tang pilgub biarpun pasang sandal jepit nyata no belum ahok loyo ahok tuju senjakalanya maret kemarin kpk tangkap m sanusi kasus raperda soal reklamasi sanusi tangkap tangan jumlah agung podomoro susul presdir agung podomoro ariesman widjaja ahok bangga aku gubernur agung podomoro ahok belum libat jadi tidak libat persepsi publik ahok aku gubernur agung podomoro ubah awal positif positif ahok bangga jadi negatif persepsi negatif terus main lawan lawan politik ahok masuk cagub saing main persepsi ahok gubernur agung podomoro apa bela tanggap bantah jenis ahok dukung mudah mentah masyarakat tidak dengar kasus korupsi jerat sanusi agung podomoro publik menggarisbawahi ahok gubernur agung podomoro jadi cukup sebar meme lewat medsos gambar ahok gubernur agung podomoro publik beri nilai negatif ahok bukan fitnah bukan kampanye hitam kampanye negatif sah tidak langgar atur apa ahok aku gubernur agung podomoro simple kampanye lawan ahok dramatisasi hadap ahok ngotot dukung reklamasi menteri sus tolak reklamasi ahok aku gubernur agung podomoro persepsi negatif publik hadap sus citra positif ibarat ahok tokoh antagonis sus tokoh protagonis bukan sus hadap ahok gubernur agung podomoro dasar kampanye tidak butuh jelas panjang kali lebar cukup kalimat pendek pilih pengaruh kalimat pendek ahok gubernur agung podomoro biarpun ahok gubernur agung podomoro pasang jokowi bakal menang biarpun pasang sandal jepit ahok gubernur agung podomoro anggap tukang bohong gitu nyanyo rame rema lagu lawas nyanyi k s ahok gubernur agung podomoro judul lagu bohong yuk nyanyi goyang senggol bohong tukang bohong bohong ku percaya kata diri pacar satu bohong tukang bohong bohong benci jadi tangkap basah diri asyik cumbu ku suka suka suka punya pacar hati siksa ku punya pacar nakal nya ulah bikin malu bohong tukang bohong bohong janji palsu selamat tinggal cinta tiada maaf bagi,0,33,29,4
kado natal ahok target ktp penuh faktor buat ahok unggul kredibilitas integritas proporsionalitas akuntabilitas transparansi sikap tanpa kompromi sangkut hak rakyat tunjuk gubernur dki jakarta hasil buat ahok yakin mudah laju menang pilkada datang acu target kumpul ktp ahok maju lewat jalur independen lampau target hari jumlah ktp hasil kumpul capai ktp target minimal kumpul target buat ahok mudah memenagkan pilkada dki jakarta pertama ahok pimpin dki jakarta tinggal jokowi pilih presiden republik indonesia ahok dapat uji ganggu tingkat tinggi datang mitra kerja dprd dki jakarta anggota dprd dki jadi sangka bareskrim polri pasu anggar siluman apbd dki jakarta triliun masuk id dalam ada ups untuk sekolah dki jakarta ahok buka publik anggar siluman senjaga masuk bahas eksekutif ahok kasus masyarakat dki jakarta mampu lihat ahok jernih ahok sosok kepala daerah langkah jujur tidak khianat masyarakat dki jakarta pilih ahok kata siap mati rakyat bela dua pimpin ibukota negara belit agam soal ahok dapat hambat ganjal jalan tugas perintah utama soal kelola uang dki jakarta mental jabat korup buat ahok tantang lawan jabat korup buka publik kena anggar siluman sikap pahlawan ahok masyarakat dki jakarta terus ahok kuat sistem e budgeting e catalog terap implementasi sistem ahok mudah lihat alir alir dana alir terap sistem pasti ahok menang pilkada dki jakarta datang terap sistem buat ahok percaya harap ubah wajah dki jakarta tiga soal transportasi jakarta rumit kompleks metromini jadi momok takut orang sikap ugal ugalan sopir metromini hasil buat ahok bukti tegas berani henti aksi sopir metromini makan korban jiwa ahok putus cabut trayek metromini anggap tidak layak bahaya guna jalan tidak taat lalulintas ganti ahok putus transjakarta integrasi metromini transjakarta integrasi metromini tidak turun tumpang halte putus hapus trayek metromini biah bentuk tegas berani ahok bukti mampu benah carut marut sistem transportasi ibukota negara tantang musuh terus serang ahok ahok cermin nyata lihat ahok masyarakat dki pimpin bersih musuh orang praktis ahok pimpin dki dapat dukung penuh presiden jokowi ahok gampang ambil putus bijak yangakan ambil empat gubernur gubernur sungai dki jakarta kotor kurang dapat perhati serius perintah perintah jokowi ahok pimpin dki jakarta sungai dki jakarta lahan perlahan lihat bersih jaga kualitas ahok tinggal jokowi jadi presiden ri sungai sungai jakarta bersih jarang lihat kotor bedah kualitas ahok gubernur gubernur dki jokowi ahok duet ubah wajah ibukota negara jadi cermin indonesia mata internasional lima relokasi warga pinggir sungai putus ahok relokasi warga tinggal pinggir sungai pindah rusunawa bijaksana ahok tunjuk perhati masyarakat tinggal pinggir sungai cara manusiawi hasil memndahkan warga tinggal tempat tidak layak pinggir sungai jadi perintah konstitusi negara sedia temoat tinggal layak warga negara ahok jalan amanat konstitusi relokasi warga rusunawa salah upaya ahok cegah sungai tidak kotor akibat warga pinggir sungai buang sampah sungai banjir seqaktu waktu landa ibukota rasa lihat huja landa dki jakarta banjir kepung dki jakarta dikarekan upaya ahok relokasi warga pinggir sungai jadi sumber masalah banjir ibukota enam tengah tinggi angka kriminalitas ibukota tampik anak anak jadi target laku kriminalitas hindar ahok buat taman khusus anak anak ruang publik ramah anak buat taman untuk khusus anak anak bukti ahok milik tekad besar lindung anak anak tindak kriminalitas tengah pdatanya ibukota negara tuju ahok bangun ruang publik padu ramah anak rptra jelas cegah jadi keras anak anak dapat awas tempat sosial faktor enam ikut dorong orang tua dki jakarta ikut kumpul ktp nya ahok pimpin dki jakarta masyarakat dki jakarta kerja ahok baik butuh periode benah carut marut ibukota negara ktp kumpul lebih jumlah minimal kumpul rawan ahok menbuktikan ahok tetap percaya masyarakat dki jakarta pimpin jakarta periode datang masyarakat tidak asal asal kumpul ktp jadi faktor dorong masyarakat dki kumpul ktp faktor pimpin ahok tegas keras tanpa kompromi buat ahok tang tarung pilkada dki jakarta datang atas kumpul ktp hasil meleboihi target kian bukti masyarakat dki jakarta tidak masalah agama anut ahok masyarakat dki lihat tegas berani jujur ahok jalan roda perintah dki,1,31,19,12
ahok menang kalah pilgub dki penting bulan akhir jagad kompasiana benar benar asai ahok telusur rubrik politik lihat ahok ahok bukan ahok bukan ahok ahok bukan bukan ahok ahok ahok whuiikk emang ahok sih pihak melotot ahok mulai parpol tokoh politik amat politik baik pro dada puja benci melotot ahok penuh kagum benci sok tau sok bego sok bijak pokok dadak ahok gara gara orang nama ahok muncul istilah deparpolisasi kristen sasi sasi persis kayak vicky prasetyo lho mantan zaskia gotik halusinasi korupsi rs sumber waras naga whuiikk kayak cersil kho ping hoo ck ck ck kayak candu narkoba hobi halusinasi sibuk halusinasi mending kata ngomong fakta oke fakta pimpin ahok banjir dki surut hitung jam percaya jalan jalan keliling ibukota pas habis hujan lebat pelotot daerah banjir jam sabar yo monggo baca fakta pimpin ahok masyarakat dki punya tanah rumah tinggal nilai milyar rupiah bawah tidak bayar pbb mulai tahun percaya beli rumah tinggal jakarta njop nya semilyar bawah terus lihat pbb nya tahun punya duit silah lihat fakta pimpin ahok urus perijinan ktp perintah instansi dki tempat perlu pakai nyogok itu proses cepat percaya datang kantor lurah camat instansi jenis ngurus kek bukan warga dki lihat sinisebenarnya sih fakta fakta hasil perintah ahok rasa langsung rakyat kecil dki capek nulisnya fakta atas pikir cukup jadi ingat kata ahok acara mata najwa tanggal maret kemarin kurang penting jadi gubernur tahun penting jalan perintah baik bersih that s the point poin artikel tidak penting ribut ahok dukung gusur calon pilgub dki tahun penting ahok tanam pondasi perintah bersih beri manfaat rakyat kecil pondasi tanam ahok cukup kuat setan belang kek malaikat kek perintah dki tahun kali mimpi bongkar pondasi pingin diceburin kali ciliwung rakyat kecil dki pondasi tanam ahok makan biaya tidak buat banjir dki cepat surut ahok rekrut ribu phl kerja hari lepas bantu tugas ppsu tangan prasarana sarana umum upah tara umr buat mohon perijinan proses cepat pakai nyogok ahok alokasi anggar besar naik gaji pns atas perlu nyari uang sogo kebul asap dapur bebas rakyat kecil dki pbb ahok korban pad paksa turun trilyun tahun dana ahok dapat salah satu dana hasil selamat jarah rampok anggar tidak kutik perintah ahok pilgub dki musuh ahok keroyok silah hasil gusur ahok kuasa tidak enak udel rampok anggar dki jaman perintah ahok nekad laku kualitas layan masyarakat bobrok jaman ahok rakyat diam ingat rakyat kecil cenderung nekad dapat renggut jadi pimpin dki tidak terus program rancang ahok biar pondasi tanam ahok pingin diceburin kali ciliwung rakyat celaka dua jalan tidak beri peluang pimpin lanjut bagi jarah anggar dprd jadi relevansi ribut ahok tetap jadi gubernur gusur apa hasil pondasi tanam ahok tetap tetap bangun pelihara mikiirr bogor maret,1,24,22,2
ahok jeblok sok bacagub incumbent pilkada dki ahok rasa ada ujung tanduk kait nyata belum partai besar tegas pinang pdi prrjuangan harap ahok nyata terhir sungguh mensksk ster ahok pdip tidak usung cagub cawagub kutu loncat kuat partai politik barang kokoh demokrasi indonesia garis pdi juang tepat kader baik pdip percaya tulang punggung pdip personal paham detak jantung juang pdip tulis judul sinergy positif partai kader publikasi kompasiana maret ungkap pdip punya kader potensial kualitas kerja dengn pkb lahir patron jokowi ahok rano karno ki enthus sombong ahok berakhibat fatal tidak partai usung ahok menghianati gerindra partai usung pilkada dki pdip partai ajar kasus ahok gerindra ahok jadi bilang kacang lupa kulit orang jawa bilang watek digawa ngurek watak bawa mati karakter ahok terus ahok pasuk matang pribadi usung parati politik ahok misal nafi peran partai politik bunuh tunjuk ahok teman ahok sikap nafi peran partai politik jadi ahok sombong ahok tunjuk sikap olah partai politik butuh bukan butuh dukung partai politik sikap jadi bagi strategy ahok naik bargainingnya harga tawar hadap partaim politik nmun tengah gempur isue abah asal bukan ahok startegy jual mahal enjadi naif sikap megaloman sepperti jelas tidak tunjuk dewasa sikap pimpin sejati kader partai politik milik hubung sinergy perlu terus jaga mutualisme partai politik tanpa kader tiada kader tanpa partai politik tidak dapat wahana juang aspirasi politik tambah cenderung ahok mau gue jual mahal dampak jual ahok teman ahok buai angka angka elektabilitas introspeksi naik ahok jadi jakarta faktor jokowinya barang dukung jokowi belum dukung ahok tulis judul ahok ubah komapasiana oktober kait perilaku ahok ungkap problematika atas bukan monopoli jadi ahok bagai nyata sikap perilaku elit partai utama anggota dpr nyata nyata laku bagai tindak antiperubahan anti proaktivitas saksi detik detik prihatin ahir tulis beri saran ahok perhati tidak jalan ahok revolusi ubah pribadi hasil pribadi proaktif terima ubah ahok dengang dengung selamat ubah ahok sayang ahok tetap stylenya ahok tunjuk orang responsif bukan proaktif lihat proaktifitas steven r covey bukti ungkap bahasa non proaktif arti ahok adaah pribadi tidak ubah pribadi tunjuk sikap ahok kacang lupa kulit ambil simpul sikap itu mantap ahok ahok lupa partai usung lupa usung getol mustahil lupa rakyat dukung tinggal tunggu waktu insan politik indonesia harap sinergisme partai politik kader benar benar jaga hasil karya karya politik jadi indonesia kuat diri kokoh atas konstitusi dasar uud falsafah negara panca sila negara dasar politik pilar politk kuat masuk partai politik negara kuat pdip partai ajar kasus ahok gerindra ahok jadi bilang kacang lupa kulit orang jawa bilang watek digawa ngurek watak bawa mati karakter ahok terus ahok pasuk matang pribadi jadi kelola negara komitmen idelaisme sinergy partai politik terus jaga ingat mesin politik milik partai politik kadang mesin politik tidak efektif jalan,0,16,12,4
ahok independen teman ahok pdip ajar jadi analis politik hahahaha ahok independen teman ahok pdip jadi ahok sayang bukan wkwkwkwk pilih jalur independen teman ahok teman ahok agam komunitas keringat hindar istilah darah darah tekun setia tanpa pamrih terima hina intimidasi orang orang tidak suka ahok upaya teman ahok saudara saudara muslim ahok menang jadi legenda jadi preseden baik guna penting jalan politik indonesia ajar nila partai partai politik manfaat rakyat kecil sakit hati rakyat ahok kalah rakyat indonesia sabang merauke kenal mampu ahok ahok kurang tawar jadi jabat pusat jokowi jadi ri negri butuh orang orang ahok tidak keliru maaf nyata keliru pdip tinggal cilik nasdem buka nyata dukung ahok pilkada dki akhir tahun jokowi vs fauzi semut vs gerombol gajah rakyat kalang silent majority supir taxi ojek ibu rumah tangga generasi muda rasional diam diam dukung pilih ahok temu interaksi informal hari hari komentar komentar media sosial menang jokowi pilkada dki pilpres faktor parpol usung faktor figur jokowi ajar alam ahok perlu gentar maju lewat jalur independen menang kalah ahok nothing to lose jadi kg,1,8,8,0
kompasiana bosan artikel ahok tidak kreatif orang dewa ahok simpul baca artikel artikel dominasi kolom populer kolom tinggi kompasiana hari bilang tulis ahok tidak duli baca tidak butuh baca ahok tulis ahok hak orang mayoritas kompasianer tulis ahok lama lama kompasiana ubah jadi ahoksiana parah bantu admin beri label pilih tulis ahok mentweetnya twitter datang dukung ahok twitter jadi benar benar kompasiana jadi ahoksiana indonesia bukan jakarta masalah poltik bukan pilgub dki lama tahun banjir tulis tulis ahok baca baca dukung ahok serbu kompasiana buat artikel artikel hit nya tinggi dampak kolom populer tinggi jadi milik ahok tulis penting urus ahok jadi tenggelam tidak senang tidak suka ahok repot bilang tidak suka ahok pilih langsung dibully dukung ahok pilih jelek jelekkin cari cari salah dukung ahok jumlah ratus ribu orang kompasiana tidak rasa salah membully tidak aspirasi pokok ahok tidak punya salah ahok malaikat dewa tanya alas negara demokrasi punya hak juang dewa cara repot benar demokrasi terjemah cara sederhana sekian,0,11,8,3
cara lawan ahok akhir akhir media massa sorot langkah teman ahok capai ktp lewat syarat minimum kumpul ktp calon orang ktp capai teman ahok revisi mk tetap jumlah duduk jumlah jumlah duduk teman ahok kerja kumpul ktp putus sesuai uu no tahun pilkada capai sikap nyata dukung publik siap ahok calon orang calon independent cara tempuh tahun ahok tidak dapat dukung partai partai usung tilik pileg capai mampu unggul pdi p suara gerindra suara dukung ahok mampu kalah suara pks suara dukung ahok jauh tinggal suara hidayat nur wahid suara dukung terus kuat kerja keras teman ahok target dukung ktp ahok dukung dukung ktp dampak politik posisi politik ahok pilkada dki dukung dukung nilai politik ahok buat partai partai politik hitung matematis sikap ahok tidak tunduk ingin partai politik alas balas jasa ahok punya posisi tidak mudah remeh lepas dukung ahok terus kuat ambisi capai dukung bagai scenario hadap ahok mulai susun bagai kalang bagai scenario terus main baik cara elegan soal macet banjir bagai soal kota bagai issu mudah tangkap masyarakat potret issu issu main menghadang ahok pertama issu korupsi issu terus kumandang menghadang ahok cara murah praktis main tegak hukum issu mudha tangkap masyarakat umum anyar bpk lapor hasil audit lahan rs sumber waras kpk proses tawar tanah capai rp milyar lapor bpk kata beli lahan buat perintah rugi rp miliar issu terus gulir publik tunggu langkah jadi lewat kasus beli mobil transjakarta beli ups ahok hadap serang bagai penjuru beban ahok cukup berat yakin public kata dki tidak rugi beli lahan rs sumber waras dua issu sara issu main gelintir orang guna issu sara tema ahok tidak layak pimpin keluar kata kata kasar terus suara menghadang ahok tiga issu janji ahok benah jakarta tema transportasi public utama bakar transjakarta sarana public belum pada lepas baik kereta api bagai upaya serius benah angkut umum tema cukup berat hadap ahok akhir tahun waktu sisa tidak cukup maksimal benah jakarta lihat transportasi public empat tema reklamasi cukup dominan jadi wacana warga jakarta debat ahok menteri sus cukup populer buat ahok hitung emas issu baik nyata sus tidak izin reklamasi sarana public tarik lihat tahun empat tema cukup dominan jelang pilkada dki kiprah ahok bagai strategi ukur menghadang ahok tema tema sara janji benah jakarta mudah tangkis ahok bagai manuver ahok cukup piawai main issu dukung public terus alir lihat angkat lurah sus issu sara hasil tumbang lawan lawan ucap ahok taat konstitusi bumi buat lawan jadi diam bagai fasilitas umum mulai benah bagai taman terus bangun ahok tema dapat dukung lapis bawah tolak bangun sodet kampung pulo tanah abang tidak mampu henti populer ahok cara hasil lewat ahok cukup ciamik upaya menghadang ahok pilkada pertama butuh tokoh tokoh cukup popular bukti hasil tata prestasi nama nama ridwan kamil walikota bandung risma walikota surabaya lawan padan imbang ahok nama nama sulit imbang ahok pilkada dua butuh tokoh nasional punya karakter kuat terima masyarakat menteri sus harap imbang ahok tiga kerja keras partai politik koalisi pilkada tokoh tampil punya nama cukup popular toleran karya nyata partai sulit imbang ahok dapat dukung asumsi sampai pilkada dki lalu menang raih ahok ikut menang risma walikota surabaya menang telak cukup waktu siap tokoh tokoh tarung pilkada dki harap dinamika pilkada dki penuh warna warni wujud miniature indonesia,1,32,12,20
andai ahok kalah pilgub dki sumber foto basuki tjahaja purnama akrab sapa ahok selebritas dunia politik jelang helat pilkada dki tahun sosok jadi magnet berita wawancara tulis buru berita media kompasiana tanggal maret ahok tulis ulas kompasiater hari tulis jadi rentang hari tambah ulas ulas tulis ahok muat kompasiana sumber cari kompasiana jelang pilkada dki ahok jadi titik episentrum berita terang terang beliau ungkap maju calon dki ingin ahok suppport warga dki dukung ahok konsolidasi himpun wadah nama teman ahok wadah dorong ahok maju pilgub dki jalur independen target jangka panjang dorong ahok maju jadi ri tahun kontestasi pilgub dki ahok tahana unggul pihak menang tarung dasar survey popularitas elektabilitas ahok jauh atas nama nama sebut maju rebut kursi dki survey laku smrc rilis bulan oktober tempat ahok posisi atas dukung besar jauh ridwan kamil bulan november cyrus network rilis hasil survey nya dukung ahok kuat elektabilitasnya dekat dukung pilih loyal survey baru laku csis survey laku tanggal januari tempat tingkat pilih ahok angka tingkat popularitas capai link berita csis warga jakarta pilih ahok potensi menang ahok buat partai jadi bimbang posisi ambigu usung calon ada belakang ahok suara partai besar belah tengok misal pdi juang temu ahok megawati pegang otoritas partai tanggal pebruari nyata ahok tunjuk ingin kuat pdip megawati usung sang tahana pilgub dki kuat nyata eva sundari megawati beri dukung ahok lewat jalur independen sisi pdip dki jakarta bangun komunikasi yusril isha mahendra salah sosok gadang gadang maju pilgub dki link pdip dki dekat yusril cagub dki partai demokrat lihat statemen ruhut sitompul jubir pd demokrat usung ahok beda sampai nachrowi ketua pd dki demokrat usung ahok catat catat maksud kait etika bersih cerdas santun bilang kriteria etika pak ahok ubah tegas pak nachrowi tentang kait calon ahok jadi partai gerindra gerinda dki jakarta terang terang kata tidak usung ahok pilgub dki elit dpp misal desmond j mahesa keluar statemen partai besut prabowo usung ahok calon gubernur dki andai ahok kalah dukung ahok baik gabung komunitas teman ahok partai malu malu lihat dukung jelas yakin ahok mudah kalah jadi tantang pilgub dki dukung fanatik ahok jumlah survey cyrus haqqul yakin ahok sosok layak pimpin jakarta ahok bersih calon koruptor tidak tidak bela koruptor pokok bukan ahok kiamat jakarta media media mainstream amin angkat peluang besar sang tahana jadi tema dialog waktu waktu prime time pilgub laksana hari pasti ahok menang tarung mudah simpul bagi besar lembaga lembaga survey komunitas teman ahok sumber foto tulis tulis nampang kompasiana bagi besar puja tempat ahok satu sosok pantas pimpin jakarta indonseia ingat helat pilgub belum laksana tahun mungkin jadi salah ahok kalah pilgub dki alami fauzi bowo calon tahana pilgub dki hasil survey menggunggulkan ahok sang tahana komunitas teman ahok kata kumpul kurang dukung target nyata dukung sumber temanahok com jumlah cukup maju calon jalur orang beliau kata milik strong voter identifikasi pilih fanatik politik bicara probabilitas peluang menang bukan menang peluang kalah tetap andai ahok benar benar kalah kesal dukung ahok baik komunitas teman ahok amat parpol kompasiater tumpah kaca kasus kasus muncul potensi rugi ahok misal kasus sumber waras ahok duga libat penyalagunaan wewenang sang gubernur tumpah marah dprd tuduh fitnah niat jatuh bpk tuduh dutunggani oknum sengaja jerat kpk ahok lantang kata oknum kpk sengaja kriminal kelompok kelompok masyarakat himpun kuat masyarakat sipil tolak ada belakang ahok lawan fitnah kriminalisasi laku bpk dki jakarta nyata ahok benar benar kalah potensi salah serang ahok dukung andai apa hasil bukan warga dki jakarta jantung indonesia harap kontentasi pilgub dki langsung demokratis jujur adil hindar potensi potensi timbul pecah rawan akar rumput pesta demokrasi pilih gubernur anggap peristiwa andai ahok benar benar kalah dukung ahok sikap dewasa guna instrumen instrumen sedia sampai tidak puas bukti ahok menang mutlak itu terima tidak puas guna salur sedia sampai tidak puas tanpa ekspresi lebih salam luar jakarta,0,34,25,9
gara gara ahok logika jadi dungu dpr jadi kampung ahok jelma jadi buat gara gara negeri sukses menjungkirbalikan logika pihak jadi lihat dungu pihak lihat intelek nalar tinggi tiba tiba logika jongkok ngawur jadi bahan tertawa publik gara gara ahok gara gara ahok tiba tiba republik jadi gaduh partai jadi bakar jenggot rasa kibul ahok maju lewat jalur independen istilah independen vs partai tentang pilkada dki faisal basri maju jalur independen tidak soal jalur independen tuju dpr buat uu notabene asal partai istilah aneh deparpolisasi muncul muka istilah tidak tepat konteks pilkada nalar bahasa jadi tumpul gara gara ahok tiba tiba dpr nafsu revisi uu pilkada kait calon independen dpr rela muka tebal lagak anak tk sibuk rubah rubah atur pilkada indonesia tutup rasa malu tega korban penting pilkada ratus wilayah indonesia jegal ahok logika susut tengah gara gara ahok cara pikir dpr utama komisi iii jadi belagu kampung kata lontar ahok panggil komisi iii bayang komisi iii panggil ahok soal kasus sumberwaras gagal terus jadi sangka kpk logika kpk bpk panggil oleh jelas kait kasus sumber waras butuh baru gubernur ahok panggil logika dpr jadi balik hehe dprd dki jakarta tidak kalah ngawurnya oktober bawah abraham lunggana alias lulung pasu dprd dki serbu kpk lapor ahok indikasi korupsi kasus beli lahan sumberwaras tagih kpk bulan tanya ahok jadi sangka lihat paksa kpk tetap ahok sangka korupsi kpk nyata ahok belum bukti korup lulung kawan kawan jadi stress lho orang gagal sangka orang stress logika gara gara ahok logika aktivis perempuan ratna sarumpaet jadi dungu yakin kata ahok libat korupsi sumber waras lho bukti malu ratna sarumpaet kata ahok beli kpk tni polri logika darimana ahok mampu beli kpk tni polri ahok punya uang triliun tetap tidak beli kpk tni polri jelas kpk tni polri bukan barang dagang jual discount hehe gara gara ahok logika kaum agamawan munafikin jadi karat cerna logika lihat fakta ahok double minoritas jadi bupati belitung ahok jadi gubernur kepri sumatera hebat ahok sukses jadi gubernur ibu kota jakarta nota bene jantung republik celaka si ahok potensi jadi gubernur dki jakarta periode dua sia warga indonesia hak jadi pimpin mampu penuh syarat isu sara tetap jadi barang dagang terus jual jegal ahok gara gara ahok politis mie instan muncul tampil muka umum gaya modis ikut trendy nuansa citra lihat bang yusril tiba tiba pergi pasar pakai baju micky mouse ikut shalat jumat warga jadi pimpin butuh waktu lama tarik simpati rakyat kecil belalah juang perhati nasib gara gara tanding ahok ahmad dhani paksa buat program aneh bin ajaib kata jadi gubernur dki waktu minggu tidak macet jakarta yakin pasu anti macet bentuk supir metromini ugal ugalan ngetem sembarang cambuk ribu kali kali langgar ahmad dhani hilang bus transjakarta atas macet astaga gara gara ahok pandang both both mall jakarta lihat ramai poster tulis teman ahok himpun fotocopy ktp warga lihat solok aneh aneh both promosi produk jasa bukan promosi produk jasa promosi jalur independen maju jadi gubernur dki jakarta gara gara ahok media sosial jadi hiruk pikuk foto foto miris tulis muslim pilih ahok tulis foto bunyi kristen tidak pilih ahok media social tiba tiba akun akun terus serang ahok cari celah kecil lemah mem blow up besar gara gara ahok gara gara ahok negeri gaduh logika tumpul gara gara ahok daya nalar orang orang hidup negeri jadi baik cara nalar jawabanya buka mata buka telinga buka mulut buka hehe salam kompasiana asaaro lahagu illustrasi gambar,1,12,26,-14
waspada ahok culik gaduh politik jelang pilkada serentak tahap dua panas cukup lama langsung jakarta salah transetter politik nasional indonesia jadi salah sorot tarik bukan ibu kota negara calon incumbent kenal sosok kontroversial basuki tjahaya purnama sapa ahok gubernur patahana pasti jadi salah calon tarung pilkada datang dukung deras masyarakat bendung mantap langkah si milik suara keras posko posko teman ahok lihat atusiasme masyarakat jakarta beri dukung ktp sosok fenomenal maju jadi dki jalur independen partai nasdem hanura pasti dukung ahok tanpa syarat ahok pasti calon kuat pilkada dki belum lihat calon calon milik elektabilitas setinggi beliau dukung deras ahok tidak jadi buat dukung besar kepala dukung alir lihat cukup massive tolak ahok kelompok kelompok lawan ahok anti ahok muncul bagai media sosial kelompok tidak peduli kelompok asalakan tolak ahok gandeng tangan keroyok ahok tolak bukan ahok tidak mempu laku tugas jabat gubernur jakarta latar belakang ahok etnis tionghoa kristen non partai mayoritas masyarakat indonesia muslim enggan jadi pimpin luar muslim cara ampuh gagal langkah ahok menang pilkada kampanye sara jakarta salah propinsi tingkat pola pikir baik banding propinsi majemuk masyarakat jakarta wajah mini indonesia teman ahok dukung ahok tetap waspada kampa bas sara ahok mampu menang pilkada sela besar tolak pilkada jakarta jadi salah pilkada serentak daerah tidak peduli pilkada daerah jakarta sorot tarik fans fans ahok anti ahok baur dunia maya bagai daerah lihat cakap pro kontra ahok akun faisal z l salah tulis tinggal banjarmasin ikut berita pilkada jakarta ibukota negara jakarta pimpin tokoh masyarakat mayoritas islam akun evy ch ist n kalah tulis iri masyarakat jakarta milik pimpin keras jujur prorakyat duduk bandung minggu kunjung jakarta lihat rapi atur tidak tahun tahun ahok akun evy balas akun ahok kalah masyarakat jakarta bodoh salah total tolak pimpin uji bukti orang jakarta tidak ahok bawa ahok sumut gubernur libur jeruji besi culik medan ayo culik ahok benar ahok suka rakyat propinsi propinsi jawab bukan akun sumatera utara ingin sosok gubernur ahok rakyat bal sulawesi utara salah akun papua turut komentar pak ahok kunjung papua bapak betah moga bapak lihat masyarakat papua ramah bapak jadi gubernur kutip kutip komentar atas jadi tantang berat masyarakat jakarta masyarakat jakarta salah beri pilih sosok uji bukti masyarakat jakarta hilang sempat jarang jadi daerah ingin ahok lihat masyarakat jakarta notabene masyarakat pintar nilai masyarakat bodoh indonesia menang kalah ahok pilkada datang tidak ubah status ahok orang jujur tegas terus karya bangsa ahok culik daerah jadi pimpin butuh ahok ahok moga lahir ahok ahok ss,1,17,18,-1
ahok tidak orang miskin lupa ahok tidak orang miskin lupa perempuan paruh baya darah mang lihat sedih mata kaca kaca bundel poster ahok tulis tidak orang miskin tinggal biar letak atas meja ikat kembang mawar merah bel toko bunga buat diam minggu hari pukul wib bangun hari bangun pagi sholat tahajud pagi doa khusus doa khusus jokowi ahok sembahyang tahajud ruang kamar hening doa pimpin bangsa naik syukur atas pimpin pihak rakyat miskin tindas doa jokowi ahok lindung orang jahat mbak ngga jadi jemput ahok schiphol kereta jam pagi waktu ngga hari minggu pukul pagi tulis in box abar rasa kecewa mbak sarinah bg jauh jauh hari siap teman teman sambut ahok hari minta cari tahu jadwal berangkat datang ahok sayang bunga poster ahok bikin lembar sia sia aja tulis tempat emoticon air mata mbak sarinah wni tahun tinggal belanda terbang belanda ambil sekolah masak jodoh pria belanda meni punya anak hari hari mbak sarinah kerja ahli rias konsultan masakan puluh tahun hidup negeri belanda cinta tanah air luar mbak sarinah jatuh cinta jokowi ahok ikut pilgub dki lanjut jadi rawan jokowi jadi rawan garis keras ahok ahok tipikal mbak naga ujar teman teman mbak sarinah bangun komunikasi koordinasi beri surprise ahok sayang hari minggu jadwal kereta tempat tinggal batas jerman pukul pagi waktu tempuh jam tidak kejar waktu ahok mbak sarinah dengar cerita heboh teman teman dadak ubah perangai ibu ibu lembut jadi gadis remaja bak temu idola hehehe johana kagum ahok cegat bandara aku sedih tidak bikin foto selfie dorong jatuh johana rasa obat rasa kecewa jabat tangan ahok tangan ahok lembut hangat ujar ngakak cerita heboh bandara aksi kleine punya pikir konyol rencana pura pura pingsan jumpa ahok pura pura pingsan ahhh tahu ahok langsung datang bantu nafas buat hahahha tawa ngakak lily lucu jujur buat rombong tertawa pingkal pingkal dah mules mules kirain migrain anvaal gitu aduhhhh ko ahok nasib single ketemu pria idam udah sakit duluan ujar polos video sambut kirim buat mata kaca kaca merinding lihat ekspresi cinta sayang anak anak bangsa ahok pagi pukul hari berangkat tinggal rumah keluarga beli bunga cindera mata luap betapa bangga cinta ahok gerbang datang puluh diaspora kumpul bentang welkom pak ahok sabar tunggu tengah cuaca cukup dingin gigit lebur sama jiwa sama pikir sama ide sama harap kota jakarta baru manusiawi lebur satu pikir tindak gagas ahok gubernur jakarta ahok tiba hambur tangan tangan penuh cinta julur beri bunga mawar ahok tidak perlu malu ekspresi cinta sayang tulus cium ahok olah ahok bintang film sinar gandrung gemar ahok kejut tengah mati tidak sangka dapat sambut hangat ahok balas aja cipika cipiki tanpa elak jakarta ahok jelas istri veronika kenal tangguh medan laga kerja ahok hehehe lagu indonesia raya nyanyi depan ahok mata kaca kaca nyanyi lagu sakral indonesia tanah air tanah tumpah darah gestur bahasa tubuh bumi tiada sekat pisah tiada tembok pisah satu roh jiwa bangsa indonesia utuh penuh lamat lamat caci maki ahok kafir gelintir anti ahok ngiang kepala orasi bela ahok bundar hi maret ormas niat lengser ahok benci ahok china kristen ria benci ahok kafir kristen ahok kafir cina ahok mulut comberan ahok anjing cina perlahan hilang bekas dengar suara cinta sayang anak bangsa rindu jakarta sejajar jadi kota besar dunia habis kerja yg bagus tinggi cepat tepat disiplin berani lawan koroptie yg ngga suka ahok juja bela in beliau jg tulis si mbak in box ahok buat anak bangsa jatuh hati ahok akan bukan kelas kepala daerah ahok akan jadi pimpin nasional pimpin taruh segenap jiwa tenaga akal hati adil sejahtera baik rakyat indonesia sarinah kleine lily saku rata budi sambut ahok schippol refleksi indonesia belum tenggelam harap indonesia jadi negara maju segani ahok harap akhir bicara singgung ketua dpr setya novanto fadli zon tidak sambut si mbak jawab ketus setya fadli zon sinting baik bela ahok balas si mbak orang baik jujur tidak binasa ahok jadi idola baru serbu gemar ajak foto bareng tata fadli zon hilang jati serbu perempuan asing ajak selfie rasa bangga ahok jiwa indonesia bersih transparan profesional salam btp bersih transparan profesional birgaldo sinaga rawan ahok,1,44,31,13
korupsi vs ahok zhong wan xie wow twitwar twitland sprtnya blm surut picu kultwit kuliah via twitter triomacan tm ungkap sisi ahok zhong wan xie sontak aksi tm mendpt reaksi cukup agam baris dukung jokowi ahok buat pusing ulah tm salah politis pdip eva kusuma sundari misal tidak ira tm ting baca link beda jokowi santai merespon tm ahok lihat cemas panik tantang balik akun pseudonim akun pribadi ahok basuki tpurnama lihat cemas panik tantang balik tm km tweet terus aja isu sensitif soal jgn stop biar masyarakat pandai didik utk tahu tulus bulus balas tweet ahok yg tuju kpd akun fenomenal tsb sbnrnya ahok perlu gegabah sikap kultwit tm reaksi ahok lebih pancing respon publik tidak kalah dashyatnya belakang tm tengah gencar tulis sisi ahok tm jelas latar alas buka perspektif warga jakarta objektif laku nilai pandang tm sepak terjang ahok tidak steril praktik korupsi konon analisis bas fakta tm duga ahok adik basuri tp kolega kongkalingkong mark up anggar bangun puskesmas alih hutan lindung gunung duren ubah fungsi hutan lindung hutan bakau versi tm kelola ahok keluarga tm lanjut ahok jadi bupati beltim dapat pulau pulau kecil luas kali lapang bola hilang tm duga praktik jual pasir illegal singapura luput perhati ahok jabat dampak tenggelam pulau akibat praktik illegal tambang pasir tm sorot kelola pulau nanas pulau penyu duga asai pihak penting bisnis ahok tm yakin pakar hukum tata negara yusril ihza mahendra tahu seluk beluk pulau penyu akun kusuma putri usaha konfirmasi yusril lihat tl yusril ihza mahendra akun usaha desak yusril beri pasti salah satu akun stella prudence beri tanya yusril ikut prof data yg serah triomacan isi korupsi ahok kuasa pulau penyu atas ijin ahok tulis jawab yusril akun pribadi gak hehehe gossip doang hahaha p nanas sampe skrg gak kuasa hantu laut hahaha jawab yusril tidak tm lihat peran andil ahok terbit skt surat terang tanah jadi labuh kplp tanah legal milik pt timah persero ibu ibu mertua ahok mohon konfirmasi juluk sbg ratu alkes krn proyek alkes rs beltim jatuh ketang ahok patut duga libat dlm kasus korupsi terbit skt surat terang tanah yg skrg jd labuh kplp tanah milik pt timah penggal kultwit tm tajuk duga korupsi ahok cawagub jokowi by triomacan bagi kultwit ungkap tm tidak salah awal tm kupas soal banding personality fauzi bowo jokowi baca link ikut lama dapat balas akun vampire ri baca link lanjut tm turut turut kupas sepak terjang ahok pentas politik pandang nilai cacat politik tm nilai ahok tidak tuntas pegang amanah jabat kultwit tema cacat politik basuki tjahya purnama ahok detilnya simak susul serial kultwit tm ahok muat kultwit tajuk sisi negatif ahok cawagub pilkada dki bag sisi negatif ahok cawagub pilkada dki bag manuver tm direspon bagai rupa baris dukung jokowi ahok tendensi serang personal tm tuding bayar konspirasi politik klarifikasi kubu ahok misal akun yovy bangka belitung sanggah kultwit tm praktik tambang illegal baik pasir mineral baca klarifikasi akun chieko s dad umum jelas latar ahok baca akun hafiz piliang menep tuding tm ahok kategori pimpin tidak amanah baca link khusus reaksi datang silih ganti kubu jokowi ahok tm merespon balik serial kultwitnya tm judul tanggap macan reaksi keras dukung ahok by lihat link informasi awal sampai tm tidak sepenuh sempurna jauh belum konfirmasi klarifikasi lanjut muat jawab substansi soal jumlah akun coba sanggah tm lihat kerja ahok jabat bupati beltim chieko s dad samping jelas umum soal misteri praktik illegal tambang pasir pulau penyu yovy bangka belitung duga korupsi putar bangun puskesmas alih hutan lindung gunung duren ubah fungsi hutan lindung hutan bakau terbit skt surat terang tanah jadi labuh kplp awal milik pt timah persero jauh belum konfirmasi baru duga korupsi substansi kait tidak tuntas ahok pegang amanah konfirmasi bela jokowi ahok seri tiga kultwitnya tm tulis konfirmasi bhw ahok mundur jabat publik yg emban kejar jabat yg tinggi tdk ttgjwb thdp amanah tulis tm lanjut hny bulan jd aggta dprd hny bulan jd bupati thn jadi aggta dpr tinggal hny utk raih posisi lbh tinggi tulis tm kata belum konfirmasi substansial kait landas etis basis prioritas dasar ahok jabat tanggal basis berfikirnya duduk tinggi luas wenang baik ada benar dapat jelas taut etis dasar kuat hendak pribadi tanggal percaya beri ahok benar usia jabat belum banding lurus kerja jabar motif dasariah bukan motif klise landas ahok abai mandat beri kata ada unsur paksa paksa ahok jabat beri paksa tanggal henti undur penting pertanggungjawaban ahok konstituen jabat publik pilih percaya rakyat prihatin baca respon ahok kait usia jabat warta tempo konfirmasi ahok lugas lantang bicara jadi pahlawan jabat negara henti salah tidak henti tidak salah kata ahok tempo jakarta selasa juli baca lengkap link prihatin lepas prestasi toreh lihat inkonsistensi ahok bangun tradisi salah henti undur tengah jalan patut apresiasi kerja rasa klaim bagus tidak sabar tahan akhir masa jabat anggota dprd bupati belitung timur anggota dpr ri belum dapat jelas etis logis paksa ahok tanggal jabat belum jelas konfirmasi klarifikasi substansial kait aspek taruh skor tm ahok,0,30,38,-8
ahok tekan lambung ahok nyata ikut jalur independen pilkada dki parpol bakar jenggot utama partai pdip tidak beri jawab tegas kolor olor waktu statment petinggi pdip beri kritik tajam olah ahok tekan pdip nyata dukung batas waktu kata ahok tidak tahu awal teman ahok desak ahok beri jawab cepat bentur waktu isis formulir salah langkah kumpul suara tidak cantum wagub oleh jelas waktu tidak sisa teman ahok kejar waktu tidak ahok dikerjain kolor waktu desa tidak ahok pilih ikut jalur partai jalur independen ahok tidak korban teman ahok kerja keras hasil capai putus ambil sungguh ahok taruh besar jepit tengah harap ahok menang hati nurani pilih teman ahok hitung hitung sungguh ahok untung pdip dukung sepenuh kolor waktu tidak beri putus hati nurani kerja putus ikut jalur independen tidak pdip fadli zon ikut hujat ahok masalah sumber waras kalijodoh angkat rencana wacana panggil ahok dpr maksud panggil korek salah ahok tajam tuduh kpk konspirasi denga ahok dprd tekan fadli zon guna kuat dpr ikut tekan ahok ruhut sitompul partai demokrat angkat bicara ancam dpr panggil ahok ahok lambung tinggi hukum alam tidak bantah parpol dengar ucap ruhut coba tekan terus ahok teman ahok oleh simpatisan bukti kemarin tambah signifikan capai suara hari rata rata orang parpol tahu akibat undang undang buat jalur independen sesal undang undang jadi bumerang parpol lambat parpol ubah undang undang alas jalur independen jadi deparpolisasi negara jadi tidak sehat dpr buat yakin tidak mudah rakyat kenal sungguh wakil rakyat duduk dpr tidak percaya jalur independen jadi populer benar bu mega baca fenomena sungguh warning tekan ahok cepat cepat memutusskan dukung ahok ahok teman ahok yakin hasil kerja keras bukti hasil oleh dekat suara tambah tekan parpol tubi tubi angka suara mudah oleh taktik teman ahok pancing parpol tekan simpatisan orang bebas dapat tulis yakin percaya tidak mustahil tuhan ikut kerja jokowi ahok lolos menang pilkada susul jokowi jadi presiden sangka jadi besar tekan beri dua tokoh tuhan angkat dua sesuai hendak nya halang pdip bermimpin partai menang dki lupa tekan beri baralih ahok teman teman ahok jadi paruh suapa pdip alir ahok mungkin obat parpol lanjur hilang percaya rakat tobat dukung ahok teman ahok tanpa syarat nasdem nasdem pilih jalan baik percaya nasdem oleh dukung kejut milu datang kekuatiran pdip jadi deparpolisasi bukan ada prediksi cermat galau hati jadi sadar ikut tidak tekan ahok teman ahok dukung tanpa syarat tanpa alas ahok bukti putra baik yakin deparpolisasi tidak jadi,1,18,9,9
salah ahok tuju pilkada gubernur dki sang gubernur tahana basuki tjahaja purnama alias ahok dapat saing sebut sandiaga uno adhyaksa dault ridwan kamil maju dukung partai tokoh muak pimpin ahok jujur pimpin ahok jakarta ubah sistem tata kota lingkung mulai baik akhir lihat kali kali jakarta mulai bersih tumpu sampah got got rumah warga mulai baik enak pandang salah ahok tata birokrasi jajar tegas malas pecat korup pecat mata duit pecat ahok jakarta bersih perilaku manusia bawah salah ahok bukan duduk pribumi ahok bukan orang islam banyak duduk jakarta indonesia ahok laku kerja jauh lebih orang pribumi orang islam ahok indonesia islami contoh ahok bangun masjid balaikota belum jadi zaman gubernur nota bene muslim salah bagi orang ahok pahlawan bangun kota jakarta kota metropolitan martabat bagi orang ahok musuh singkir gara gara ahok hasil tambah hilang gara gara ahok pns kerja keras gara gara ahok warga mukim kumuh sumber duit banjir jadi hilang gara gara ahok mata cahari curi jadi tidak benci ahok tiga alas sederhana cukup masuk akal alas pertama tidak suka gaya bicara ahok kasar ceplas ceplos alias asal njeplak harap ingat ahok asal belitung provinsi bangka belitung orang bangka belitung bagi besar orang sumatera bicara nada tinggi cenderung kasar alami bicara orang orang china bangka china medan china pontianak bicara kes sok belagu kes hina orang tidak biasa telinga orang asli betawi jawa gaya bahasa ahok sakit singgung asa nyata ladang belalang lubuk ikan ente kagak kasar orang betawi kalo ngomong kasar belagu jadi alas dua umat muslim fanatik haram pimpin orang kafir beda agama yakin guna ayat kitab suci dukung ketidaksukaan ahok dua alas atas nilai lihat sosok ahok luar tanya diam diam hasil kerja bagi aku jujur atas hasil ahok pimpin jakarta alas tiga asal rasa rugi penting bagai putus laku ahok biasa malas uang ongkang ongkang kaki gampang cari uang jalan pintas tidak nikmat tiga alas sepakat ahok singkir cara halus baik beri saing pilkada dki datang media media haters sengaja sembur isu isu negatif ahok memutarbalikkan fakta tambah semangat singkir ahok salah ahok tidak lahir orang china orang jawa orang betawi takdir mahakuasa cam sadar renung tega singkir ahok jasa kota orang kafir orang china tega singkir ahok jasa kota mulut kasar baik tega singkir ahok jasa kota rugi penting salah ahok baik laku baik kota jakarta saing pilkada jawab hati biar saing ahok hias man pilkada tidak sebut calon tunggal pasang boikot salam sejahtara,1,28,26,2
ahok hebat pdip sandiwara uji berat pdip publik linglung basuki thajaya purnama ahok main manuver politik hasil buat publik linglung ahok jelas manuver manuver politik ahok hendak pdip pdip manuver laku ahok bagi tidak hindar ahok buat partai politik alami bingung paksa sodor calon calon beragumentasi tanpa buka rencana bangun jakarta depan praktis manuver ahok buat pihak linglung balik pdip main gaya politik sandiwara depan rakyat dki jakarta kesan tangkap masyarakat dki jelas pdip balik badan siap muncul calon lawan ahok pilgub dki datang respon atas sikap ahok putus maju lewat jalur indepeden pdip sandiwara sandiwara pdip hasil buat partai politik semangat gandeng pdip hadap ahok sungguh sandiwara pdip jelas hasil daya partai politik masuk ppp pelak lihat sandiwara politik main pdip hasil buat haji lulung rasa percaya yakin sikap pdip dukung ahok lulung nyata dekat pdip bahas calon pilgub dki alas lulung dekat pdip kena lulung khawatir dualisme ppp kunjung usai mupus harap maju pilgub dki datang pdip jadi dukung cadang lulung lulung maju lewat jalur independen lulung lihat jadi kereta hubung ahok pdip publik lulung tipu mentah mentah sikap pdip pdip last minutes balik badan dukung ahok kejut siap pdip wajar kejut sip pdip jalan sandiwara politik satu jalan mupus harap calon rancang pdip sikap pdip panas ahok pasti partai politik usaha dekat pdip lulung dekat pdip tuju jelas galang dukung koalisi pdip jebak tengah siap pdip pdip laku sandiwara buat calon daya sikap pdip laku pdip awal ahok pilgub dki datang baru nasdem baru nyata dukung ahok yakin last minutes pdip masuk hanura balik badan dukung ahok pdip tengah main sandiwara politik hasil buat masyarakat dki jakarta percaya pdip gusar ahok paham dalam pdip biar ahok terus manuver ujung pdip nyata dukung ahok gila pdip lawan ahok pdip lawan ahok otomatis oleh suara pdip pileg datang terjun bebas alas pdip tidak dukung ahok pdip abai ingin masyarakat hal pdip abai bangun ibu kota bilang cukup pesat pdip naik daya tawar mata masyarakat last minutes pdip balik badan awal ahok pilgub dki datang bukti temu akhir ahok maret ketua umum pdip megawati soekarnoputri mega sikap baik buka ahok ahok tegas temu putri bung karno megawati senyum senyum ahok makna tarik jelas megawati terus biar ahok manuver hubung emosional ahok megawati kuat mustahil megawati abai ahok megawati paham cara dulang suara pileg datang megawati kunci ahok pdip tidak kecewa sikap ahok putus maju lewat jalur independen pdip ujung tiru langka nasdem dukung ahok hitung hitung politik laku megawati partai dukung ahok pasti dulang suara pileg datang pdip ahok jokowi arti paket tidak pisah alas demi kuat pdip jegal ahok muncul lawan kuat pdip penting ahok hasil ubah ibu kota alas pdip maju ganjar pranowo pdip beda gerindra kes paksa ridwan kamil ujung tolak ridwan kamil last minutes pdip balik badan timbang atas,1,15,11,4
ahok mampu rayu partai politik guna cara wibawa partai politik mulia turun tangga tidak ingin partai partai politik peluang besar jadi pilgub ibukota indonesia jakarta sebentar laksana pilih gubernur undang perhati khusus masyarakat indonesia dunia ahok sebentar ukir sejarah baru dunia politik indonesia sama nyata buat politis tugas tugas partai alami panik luar barangkali tidak tidur malam pikir problematika bagai cara laku jegal rencana ahok maju pilgub tanpa usung partai politik kait wibawa partai politik lucu wujud kefrustasian partai rencana usung pasang artis redam ahok yakin kalah ahok pilkada dki tepat usung publik figur masyarakat lelucon bentuk kefrustasian partai politik atas popularitas ahok waktu publik heboh formulir dukung plus foto kopi ktp kumpul teman ahok tidak guna tentang undang undang tanya hanyut niat ahok optimis maju jalur independen jawab tidak pilgub jakarta tahun ahok tentu wakil kumpul ulang dukung plus foto kopi ktp masyarakat jakarta bukan masalah ingat elektabilitas ahok tinggi antusias masyarakat kota jakarta bagai besar suka kerja ahok tambah semangat juang teman ahok mungkin ahok tetap maju jalur independen tanpa hambat arti asal ahok tetap konsisten jaga integritas maju pilgub tanpa dukung partai politik yusril ihza mahendra prabowo subianto tahu ketua partai politik isu jadi konsestan pilkada dki lawan ahok tunjuk panik partai politik atas popularitas ahok ada atas angin respon upaya selamat wibawa partai politik jadi ahok hasil menang pilkada dki tanpa usung partai milu konyol sejarah partai politik indonesia tahu pilkada gelar calon figur rasa potensial maksud calon usaha laku upaya konsolidasi maksimal tidak dipungkiri jadi rahasia umum aroma istilah beli pintu partai politik kondisi partai politik mulia punya wibawa besar derajat tinggi mata figur calon kepala daerah buat partai partai politik milik posisi tawar tinggi ahok tidak laku tanpa partai ahok yakin tetap dominasi suara mayoritas jakarta masalah masyarakat tindak pilih milik hak suara tidak peduli partai politik ahok nyata sikap jalur independen partai partai besar tawar jasa usung ahok pilkada dki ahok punya timbang harga jerih payah teman ahok pilih guna jalur independen kata tolak pinang partai partai politik tawar usung untung besar partai politik guna ahok ahok tidak penting turut menang pilgub tanpa dukung partai politik yakin mulus jalan ahok abdi masyarakat jakarta nyata partai politik punya yakin besar atas dominasi ahok dapat suara mayoritas pilkada dki lamar ahok ahok usung partai indikasi takuk ada struktur lengkap partai politis pimpin partai politik takut hantu dampak luar ahok menang pilkada tanpa jalur partai politik jatuh wibawa partai politik jadi ajar masyarakat daerah partai politik tidak mutlak pilkada kiblat gebrak ahok depan bukan figur lamar partai jadi partai politik emis figur guna jasa partai tidak tutup mungkin oknum oknum cari cara jegal ahok gebrak baru mulai laku lobi politik ahok usaha cari celah undang undang maksud jegal ahok jalan gebrak baru ahok hasil gebrak malapetaka partai politik indonesia,1,24,6,18
benyu tidak pilih ahok alasanya benyu putus tidak pilih koh ahok pilkada dki benyu punya prinsip ingat kawan hormat beda prinsip tidak cela prinsip benar benar benyu putus keluarga benyu tidak pilih ahok benyu punya bapak ibu saudara jadi total jumlah benyu biji benyu punya paman bibi punya anak jadi jumlah keluarga paman biji benyu perlu kata media pilkada dki jakarta ramai benyu tidak tinggal berita benyu ikut ramai aspirasi problem benyu muka opini terkadang ayah benyu ayah larang benyu ikut politik ayah dapat benyu lupa lupa jadi benyu masuk air mabuk benyu lupa sifat orang tua benyu mau menang tidak terima aspirasi benyu benyu tetap nekad buat artikel benyu tidak pilih ahok benyu ahok tidak istimewa maaf anggap ahok bukan anggap ahok hebat hak anggap ahok tidak hebat hak tetap benyu ahok bukan benyu tidak kenal ahok ahok tidak kenal benyu garis besar tidak kenal benyu kenal ahok tidak untungya benyu rasa ahok tidak untung kenal benyu tuhan beda benyu ahok silah dukung ahok tidak dukung tetap benyu tidak dukung pilih ahok tempat benyu jaman nenek moyang tidak istilah pilkada pakai system keluarga maaf anggap benyu warga kampung benyu tidak demokratis benar demokratis milik terima kasih artikel benyu gorong gorong pasir benyu sapa salam sayangbenyu si kura kura baik,0,11,3,8
benar ahok libat korupsi rs sumber waras ucap ratna sarumpaet benar nenek benar punya bukti nyata adil ahok bukti salah orang pertama datang penjara ludah muka tuduh ucap haji lulung ratna sarumpaet ahok libat korupsi rs sumber waras buat orang pro kontra ahok jadi tidak waras kait sumber soal sumber waras ratna sarumpaet kata ahok beli aja beli tentara beli polisi beli kpk kata ratna acara diskusi jakarta tanpa ahok selenggara tebet timur raya jakarta selatan jumat tuduh luar perlu tanggap serius kaya si ahok mampu beli tentara polisi kpk sayang ribu sayang institusi tuduh ratna sarumpaet tangap dingin paham betul si nenek nama ratna sarumpaet gak perlu repot repot bawa soal cemar nama baik institusi perintah masuk rana hukum pesan opung ratna sarumpaet henti tabur benci tuduh ahok libat korupsi baik opung ratna sarumpaet haji lulung rekan reka benci ahok cari kandidat baik ahok mampu pimpin jakarta santun baik modus guna persis pilkada dki jokowi ahok pasang bentuk kampanye hitam buat simpati masyarakat jokowi ahok pilih kata teman setan iblis malas koda bujuk ahok korupsi jadi hebat setan iblis silah coba coba bujuk ahok laku salah cara korupsi kata ahok andai calon gubernur baik ahok rendah hati minta warga pil baik jadi gubernur dki itu gak jelas mahluk baik ahok mampu yakin warga jakarta anti ahok pimpin dki silah si nenek benci ahok adang gadang kandidat si lulung jawara tanah abang si ahmad dan yg ngaku seniman hebat si roy ahli telematika si yusril pakar hukum tata negara siapa orang bilang bu risma walkot surabaya hebat ganjar kader pdip gubernur jateng hebat kang emil walkot bandung hebat sebut sebut hebat itu belum uji mampu pimpin dki beda ahok ahok uji jujur tegas bersih orang bilang mulut ahok kayak comberan itu soal selera kalok orang belitung orang medan orang sumatera dengar bacot ahok sih masuk kategori cukup ringan kalok medan jenis satwa keluar mulut orang pilkada dki alami pilih walikota surabaya tantang bu risma ecek ecek dar lengkap sdh bu risma menang bu risma kader pdip baik tantang ahok orang sesuai tak bu risma tidak napsu jabat jalan amanah partai pakah bu risma sanggup tantang ahok amanah beri bu mega tunggu pilkda dki ecek ecek tantang ahok haji lulung ahmad dan roy adiyaksa daud yusril uji hebat bu risma ganjar kang emil silah partai benci ahok usung tarung ahok teman ahok tarung bukti putra bangsa layak pantas pilih warga jakarta judul artikel tidak mimpi ludah muka ahok tidak jadi si nenek haji luung tuduh ahok sesumbar dasar fakta kpk tidak temu cukup bukti andai institusi perintah polisi tentara kpk sedia bawa tuduh si nenek si lulung rana hukum nyata adil hukum si nenek si lulung salah laku cemar baik baca tanya datang penjara ludah muka orang jawab tidak loh awal tau dua mahluk umbar benci loh ahok kau ludah muka itu beranda andai karea kau tau laku ahok ahok manusia langkah jadi manusia jujur anti korupsi kata orang sih manusia jujur tidak korupsi belum berani lawan koruptor berani lawan maki ahok orang,1,44,25,19
tawa gerombol teman ahok anak muda ajar pintar bantu orang tua raih nilai maksimal sekolah guru tinggi bukan jadi cecunguk politik mesin buldoser politis ahok kesana kemari jadi sales politik kumpul ktp kendara politik ahok kuasa gubernur tahana jakarta teman ahok gaji duga uang receh suka rela makan heroisme ahok klise anti manusia belum anak muda tumbuh susun cara berfikir politik kotak kotak upa bentuk gubernur ahok anak anak muda anjur ajar pulang rumah bantu orang tua kasih kerja layak bukan ajak biar politik praktis teman ahok cape cape pasang kuda kuda lawan bayang bayang ahok lawan ahok jelas rawan rawan teman ahok lawan kontroversi ahok ahok cipta musuh bocah bocah ingus eksploitasi sumber daya arus deras politik pilkada dki jakarta prof yusril satu tantang zhong wan xie alias ahok laga santai santai punya gerombol militan teman ahok media ekspos punya musuh arti culas akun akun anonim twitter kompasiana ahok lawan buah culas pongah jakarta andai zhong wan xie tegas santun punya tata krama bangun jakarta teman ahok darah darah lapang kais ktp warga jakarta darah darah kumpul ktp warga eh cundang prof yusril soal paket cagub wagub teman teman ahok jungkir balik kais ktp hehe rasa letih kerja andai ajak teman ahok gabung bayar rp bulan tolak waktu muda singkat ajar rumus ada gapai cita cita pompa syahwat politik usia cukup muda jadi bagi kelompok emosi kocok lawan politik buat hipertensi politik jantung pasca pilkada usia belia saksi teman ahok fanatik berhala ahok linimasa kadang buat pingkal pingkal tertawa geli lihat gerombol teman ahok paksa politik usia belia masa muda sebentar politik butuh trombosit lawan masalah bicara soal soal kadang penting misal kelompok anak muda diri linglung monas pegang kertas tulis muslim dukung ahok hehe kurang kerja,0,15,13,2
natanael lembaga oplos ahok center natanael abrek kuasa genggam natanael t oppusunggu ahok ahok center beri ruang tadah csr bumd usaha swasta alir dana csr csr bentuk barang bantu uap kelola csr ahok center transparan publikasi web pribadi ahok ta pertanggungjawaban public soal untuk csr kelola lembaga oplos bikin ahok ahok center lembaga oplos perlu jelas ahok center punya payung hukum badan hukum masuk ahok center mitra bpkd pemprov dki kelola csr dasar regulasi perda pergub mitra ahok center bpkd dki dasar trading in influence pengaruh jabat ahok gubernur wakil gubernur dki ahok center leluasa kelola dana csr wilayah perintah dki ada ahok center pula ahok ngotot delegitimasi ada forum csr dki dasar permensos nomor tahun forum csr sungguh ahok berprilaku wenang wenang langgeng penting lalau warga jakarta buta tuli anggap ahok mesias juru selamat manusia tanpa dosa ahok duga eksploitasi percaya warga jakarta langgeng penting diri lembaga oplos ahok center lembaga oplos ahok serta kroni kroni leluasa gerus program program csr nila miliar dalih manusia mission natanael lembaga oplos nama natanael t oppusunggu nangkring ramai media nasional pasca kritik publik emat kait ketrlibatan ahok center kelola dana csr soal cuat uap telusur berita media nampak potret kasar ada natanael ahok center seluruh dalam tema sungguh gubernur ahok jalan perintah awal natanael oppusunggu koordinator center for democracy and transparency cdt juanda lsm diri ahok tahun pilgub dki jakarta tahun cdt bagi rawan dukung pasang jokowi ahok ahok jadi wagub dki natanael tunjuk jadi staf khusus wakil gubernur baca temu data natanael susun lapor biaya tunjang operasional wakil gubernur dki periode oktober desember baca timbul tanya staf khusus punya wenang protokol uang sempat natanael staf khusus wakil gubernur dki tunjuk koordinator tanggung jawab ahok center organisasi lanjut cdt baca awas rusun marunda baca tidak jelas kapasitas natanael tunjuk staf khusus wagub koordinator ahok center dua anggap satu luar natanael urus usaha ahok bidang material upa pasir baca urus natanael orang percaya ahok urus usaha ahok koordinator cdt juanda koordinator ahok center staf khusus wakil gubernur awas rusun marunda campur aduk representasi ahok pribadi orang percaya kelompok penting politik cdt ahok center pegang jabat negara staf khusus wakil gubernur dki ingat ahok jabat negara kerja natanael atas perintah ahok duga kuat kandung unsur conflict of interest larang ahok jabat negara sangkut ada ahok center sikap gubernur ahok lihat tidak konsisten sangkal tahu benar sikap plin plan patut curiga motif baca link link ikut kultweet natanael sangkut kerja ahok center kait csr tahu organisasi sulit hindar tetap ngotot aku tidak libat kelola awas dana csr masalah dasar turut kelola tunjuk mitra pemprov dki atas dasar awas kelola dana csr baca rujuk permensos nomor tahun forum csr sarana mitra perintah dunia usaha wajib pemprov dki bentuk absah forum csr dki ganjil pemprov dki tidak kesah forum csr baca nyata diam diam sisi gerak anak buah ahok center jalan tugas tugas forum csr amanat permensos mudah baca ahok nampaknya cenderung gerak aparatur nya ketimbang daya aparatur negara resmi potensi kuat jadi conflict of interest tengara perintah bayang gerak gubernur ahok bayang duplikasi peran peran negara patut sebut perintah siluman trading of influence guna nama ahok ahok center milik implikasi pertama guna tidak tahu tanpa izin gubernur ahok jadi natanael arti catut nama ahok pidana dua ahok center tahu ahok biaya ahok arah potensi trading of influence dagang jabat pengaruh aku natanael ubah cdt jadi ahok center masyarakat tahu nama ahok sungguh tanya guna nama dapat percaya turut kelola awas dana csr baca ahok center patut duga kuat jadi lalulintas praktek gratifikasi modus kelola dana bantu csr bumd usaha swasta lingkung pemda dki nilai miliar rupiah ahok center belum badan hukum alih nama cdt status tidak badan hukum ahok center catat bpkd pemda dki mitra kelola csr nama ahok center kelola csr usaha bumd swasta tanda jadi conflict of interest trading of influence selang mungkin jadi abuse of power gelar mata pantas kpk pangku tangan,0,19,6,13
musuh kecil peluang ahok menang pilgub dki amat politik gunung punya penting punya urus konstestasi pilgub dki bakal dukung si a si b orang lahir jekardah mulut bule puluh tahun tinggal jekardah kena gusur urus pilgub dki jadi urus hehehee pemirsaa tukul mode on langsung to the point aja capek baca analisa bawah peluang ahok menang pilgub dki cukup besar loh besar sesuai judul tanya masbro yaeyalah belum resmi daftar pasti maju jadi calon gubernur dki calon resmi kang emil bu risma sandiago calon kuat mudah kata peluang ahok menang pilgub usah protes nama calon kuat bagi rata punya peluang angka heheheee kidding lanjottt serius mode on ambisi menang pilgub dki pilgub dki pasti seru pasti ketat pihak pihak kuasa jakarta jakarta kepala naga nya indonesia jakarta etalase indonesia jakarta tempat pusat kuasa ada kuasa jakarta anggap kuasa indonesia fakta akhir inspirasi gubernur dki nyata jadi presiden ri tahu pihak nafsu usai jakarta tempat orang gubernur dki cekidot bawah pks partai partai bukti nafsu kuasa jakarta pks bas tahun pks tahan ambisi kuasa jakarta tahun peluang calon adang djorojatun mantan wakapolri tekuk fauzi bowo tahun nafsu turun kader baik jadi ketua mpr presidan partai cundang jokowi dendam pks jokowi bara langsung turun belok heheheee gerindra partai om om prabowo target kuasa jakarta tahun om ganteng om prabowo cari calon calon hebat menyebrang partai prabowo temu jokowi kader pdip prabowo temu ahok cari jalan politik ahok tarik masuk gerindra duet jokowi pdip tahun hubung prabowo megawati jibaku lawan sby kalah sayang ahok kabur gerindra sukses dekat tempel ketat orang nomor indonesia jokowi alas waktu tidak tuju gerindra ingin pilkada langsung jelas keluar ahok gerindra buat partai gerindra umum sakit hati ahok gerindra punya target jungkal ahok pilgub catet masbro pdip tahun pdip tidak jauh beda pks harap kuasa jakarta pdip posisi oposisi perintah sby punya tekat kuat kuasa jakarta pdip laku gambling sorong walikota solo kenal public hasil hasil walikota kurus ceking nyata mampu hancur koalisi gemuk dukung fauzi bowo jadi gubernur dki nyata popularitas jokowi roket milik elektabilitas capres bekal alam pdip tahan posisi gubernur dki milik demokrat ppp golkar partai punya ingin kuasa jakarta tahu tidak ambisi maksud tahu sadar basis massa dki tidak kuat basis massa milik pdip gerindra golkar ppp lumayan demokrat golkar minim dki soal basis massa cenderung gabung gerindra pks pan spekulatif kabar akhir media nyata pan tidak koalisi partai kabar pan usung calon kader desi ratna sari eko patrio mah buang buang duit aja jadi bupati sukabumi desi ratnasari maju eko patrio daerah jakarta mah bilang mimpi siang bolong aja lanjut pkb nasdem hanura pasti mungkin besar gabung kuat besar filosofi sederhana perang pihak menang tanpa dukung partai ahok libas mesin parpol ahok bukan jokowi tahun akhir ahok punya popularitas sama jokowi ahok tidak punya elektabilitas milik jokowi beda jauh masbro popularitas elektabilitas perlu jelas paham ahok prestasi ahok jadi harap warga dki jakarta baik sayang ahok punya lemah fatal komunikasi politik lemah titik ahok tidak milik teman baik teman dukung politik partai sisi komunikasi ahok masyarakat milik jarak kata ahok kurang punya kharisma hati masyarakat lemah ahok masbro mbaksis dukung sejati ahok protes yaa dapat pribadi dapat amat politik gunung jadi emosi jadi tidak semangat baca artikel hehehee laptop terawang pilpres pilpres elektabilitas jokowi atas mesin parpol kubu prabowo terus black campaign negatif campaign jokowi menang bukti mesin parpol kerja jokowi menang mesin parpol milik elektabilitas tinggi tanpa elektablitas tinggi jokowi kalah telak prabowo pilpres ahok ahok punya elektabilitas tinggi rendah elektabilitas ahok belum ukur elektabilitas milik angka calon contoh tahun waktu pilpres waktu atas kertas kira pasti masyarakat maju jadi presiden prabowo megawati aburizal jokowi kondisi laku survey keluar angka angka elektabilitas jadi ahok calon calon pasti maju jadi cagub dki survey benar benar independen keluar angka elektabilitas ahok catat bilamana hasil nyata elektabilitas ahok bawah sulit ahok menang pilgub calon indpenden tanpa partai ahok libas habis lawan orang pilih gabung gerindra pks basis massa gera teman ahok tidak manfaat tahun akhir komunitas nama teman ahok tau persis komunitas kendali ahok kendali pentol dukung ahok jelas tahun akhir laku aksi politik kumpul ktp dukung ahok tidak salah capai ktp amat aksi laku ahok tidak ikut tidak milik partai antisipasi ahok maju tanpa partai alias calon independen ide motivasi umum tidak salah anggap data atas laksana pilgub dki setor ktp pilih ahok gar bawah suara ahok suara partai kuat jadi jamin orang pilih ahok jamin setor ktp pilih ahok pasti tidak orang berani jamin pilgub dki bukan pilih rt pilih rw pilgub dki pilih kuasa birokrasi pusat indonesia jadi bukan tarung masyarakat pro si a lawan pro si b pilgub dki tarung politik kelas elit masbro saran baik gera teman ahok kumpul ktp henti cukup situ cukup jumlah jadi kendara politik ahok teman ahok manfaat laku bargaining parpol parpol minat dukung ahok teman ahok klaim punya massa punya rawan ahok punya bargaining parpol dukung ahok jalan jadi kendara politik satu ahok bilang sia sia ahok tumbang lawan calon tidak kuat dukung parpol calon takut ahok saing kuat ahok jawab tanya tidak susah jawab tanya tanya takut ahok pilgub dki pasti ahok takut fpi ahok takut kontestasi pilgub dki kalah kakak ahok pilkada belitung cukup pukul ahok ahok sadar popularitas tidak cukup menang pilkada orang takut ahok lawan takut ahok tri rismaharini risma jokowi dua indonesia orang punya kharisma nomor jokowi tri rismaharini tarung pilgub dki peluang menang tinggi yakin banget risma punya kharisma risma dukung pdip plus dukung jokowi tri rismaharini enggan kali kali risma bilang ogah tarung jakarta risma cinta surabaya ahok cukup aman kondisi calon cukup kuat cukup takut ahok bukan ridwan kamil alias kang emil ridwan kamil tidak populer ahok ridwan kamil punya kharisma ridwan kamil cukup baik komunikasi politik benar ridwan kamil sedia maju pilgub dki dukung gerindra pks partai punya basis massa besar jakarta basis massa dua partai gabung sanggup kalah basis massa pdip tambah nasdem pkb catat pdip dukung ahok rk dukung gerindra pks golkar ppp lawan ahok dukung pdip nasdem pkb hanura peta kuat ridwan kamil ahok yakin banget kisar angka angka mungkin besar ahok kalah sisi ahok santai belum ridwan kamil datang jakarta beban moral masyarakat bandung berat belum periode kang emil pimpin bandung tengah hati datang jakarta peluang fifty fifty jelas tri rismaharini ridwan kamil lawan ahok mungkin besar lawan kuat ahok atas kertas mampu unggul prediksi ahok rk hasil bujuk gerindra pks paruh masyarakat bandung dukung rk datang jakarta ahok menang lawan ridwan kamil syarat lupa teman ahok jalur independen pilgub dki bukan pilbup daerah tarung politik tingkat elit jadi tetap libat parpol satu parpol ahok pdip satu pilih ahok kunci ahok menang pilgub dki yakin ahok hubung pdip minta dukung politik pilgub dki masalah elit pdip punya ambisi jadi gubernur dki resistansi tubuh pdip timbang dukung ahok mungkin besar duet ahok jarot tahan duet ahok jarot tahan kurang pdip butuh tenaga dorong ahok masalah krusial ahok bukan orang kerja atur parpol ahok buruk komunikasi politik jadi tegang ahok calon partai dukung belum teman ahok rawan jokowi mau udang balik batu sulit ahok bangun koalisi parpol tambah ahok fasilitas posisi teman ahok baik ahok jadi politis arti ahok masuk partai ahok mampu kerja erat partai partai dukung syarat utama lawan ridwan kamil ahok atas kertas punya peluang menang angka maksimal riskan bahaya lawan punya mesin politik canggih strategi kampanye brilian senjata pamungkas bantu ahok senjata canggih efektif senjata gerak hebat apa lawan ahok hebat apa dukung ridwan kamil ahok menang telak senjata nama dukung jokowi masbro udah panjang bingit analisanya heheheeee,0,56,36,20
fatamorgana ahok dukung jokowi tipu citra ahok tulis khusus dukung jokowi dukung ahok dukung jusuf kalla baik tidak perlu terus baca tidak manfaat percaya percaya tidak politis licik aku juang rakyat politis pandai pura pura sungguh sebut jussuf kalla ahok jelas bukan tulis tidak maksud baca dukung ahok dukung jusuf kalla saran provokasi emosi komentar ngawur lapak baik terus baca baru tahu kompasiana fitur hapus komentar komentar ngawur jadi jossie rampisela gerombol coba komentar ngawur lapak hapus komentar baik ingat awal bukan tahun belakang perhati politik indonesia simpul pertama betul tahun jumlah kalang masyarakat dukung jokowi jk tetapiii tahun tengah tahun tahun tidak nama masyarakat dukung jokowi jk dukung jokowi murni dukung jk murni jelas jadi wapres jk ambil posisi lawan jokowi jokowi sabar rasa hormat tua ciri ciri dukung jk murni mati mati bela jk faksi bela jk sudirman said mati mati kasus papa minta saham bela jk babi buta jk serang rizal ramli situ mudah tahu orang dukung jk asli dukung jokowi dua betul tahun dukung jokowi ahok mulai akhir desember tahun tidak nama dukung jokowi ahok jokowi jadi presiden ahok jadi gubernur dukung jokowi dukung ahok sisi jelas beda repot dukung ahok aku dukung jokowi samar sulit beda tidak cara beda dukung jokowi dukung jk dukung jokowi murni tahu dukung jokowi murni dukung ahok pura pura jadi dukung jokowi komentar artikel jelas baca orang ahok beda jauh jokowi tahu dukung jokowi renung amat ajar tindak tanduk ahok banding jokowi jelas beda sama jokowi ahok bersih lihat beda beda colok bawah jokowi rakyat ahok sikap ekslusif lihat komunikasi politik masyarakat jokowi solo terus jakarta jadi presiden trade mark rakyat banding ahok banding blusukannya jokowi ahok nilai pikir jernih lihat jauh beda frekwensi blusukannya jokowi solo jadi presiden lihat ada kerumun massa ahok silah ingat ingat jadi pandang jokowi setia ahok tidak setia jokowi setia partai jadi presiden jokowi hormat megawati megawati sulit posisi gambar setia jokowi rakyat mulai rakyat solo rakyat jakarta rakyat indonesia rakyat rasa khianat jokowi silah sebut hitung jari lihat ahok ahok type orang tidak setia teman rakyat ahok kutu loncat orang tahu ahok pindah partai kali akhir kata ahok menghianati gerindra gerindralah beri jalan jadi politis kenal salah gerindra ahok keluar gerindra tidak ahok keluar gerindra gerindra ikut kmp juang pilkada tidak langsung ahok satu politis keluar partai gara gara masalah bayang logika ahok jelas ahok tidak setia partai track record ahok jelas ketidaksetiaannya rakyat belitung timur tahun jadi bupati tinggal pilgub bangka belitung ahok ambisi kuasa silah nilai ahok khianat konstituen pilih jadi anggota dpr tahun jabat jadi legilatif golkar keluar kejar konstestasi pilgub dki coba bayang setia ahok kejar jabat gubernur dki ahok pakai jalur independen tidak mampu kumpul ktp gerindra mungut duduk samping jokowi jadi gubernur jokowi pilih jadi presiden ahok keluar gerindra break sebentar bicara moralitas ahok dukung ahok panas dingin baca artikel salah ingat awal dukung jokowi minta tetap sabar baca artikel tidak niat sedikit provokasi mampu lihat jernih beda jokowi ahok ahok kasar jokowi halus beda jelas lihat tidak usah jelas orang tahu ahok bukan kasar dprd pihak guru guru honorer kasar ahok heran orang dukung jokowi halus tutur kata harga orang dukung ahok kasar kadang guna bahasa toilet sulit bayang orang suka k pribadi jauh beda bumi langit ahok penuh curiga suka main tuduh jokowi orang hati hati tidak perlu jelas peristiwa ahok mudah tuduh orang fakta ahok musuh jokowi sahabat ingat ahok tuduh pln pdam tuduh pemda bekas usaha bumn ahok tuduh dana siluman dprd dki fakta anak buah ahok main dana siluman ahok tuduh jokowi menandatangani apbd ubah nyata menandatangani usul proyek proyek siluman akhir ahok tuduh sabotase ring jakarta jakarta jadi banjir fakta tidak satu sabotase tumpu sampah kulit kabel tahun tahun gorong gorong jakarta catat keluar tuduh sabotase ahok pura pura tidak tahu hasil sidi polisi moralitas ahok patut tanya ahok tidak punya rasa salah sesal keluar tuduh provokatif langsung diamiini ribu dukung beda jokowi ahok cukup lima jokowi dukung penuh rakyat ahok dukung konglomerat kaum jokowi dukung penuh rakyat tidak ragu jokowi dukung pdip partai tidak usah bicara koalisi tahu nasdem dukung jokowi mau beda jokowi ahok dukung komunitas ahok berani keluar gerindra beking komunitas pertama komunitas konglomerat tidak tuduh jadi barter penting ahok konglomerat salah satu reklamasi pantai jakarta tidak usah repot repot bukti tanya menteri laut ikan sus pujiastuti ahok kes bela konglomerat milik alexis malioboro tidak perlu jelas cari tahu data data catat jumlah komunitas dukung ahok awal jadi wagub dki nama ahok center coba bayang tidak nama jokowi center nama ahok center jadi sorot masyarakat ahok center bubar tidak lama muncul teman ahok coba perhati aktivitas aktivitas teman ahok teman ahok sewa kantor daerah kantor pejaten jakarta selatan tahu harga sewa gedung daerah pejaten teman ahok sewa puluh both both jumlah mal jakarta both harga sewa bulan bas puluh aktivitas teman ahok tahun pegawai pegawai rutin kerja bayar sesuai ump dki percaya rawan ahok kerja tahun gratis tidak bayang biaya operasional teman ahok tahun akhir silah renung cermat dana komunitas teman ahok ahok jadi tarung pilgub dki butuh dana kampanye puluh ratus tidak cukup jumlah capai milyaran rupiah kira kira darimana ahok dapat dana realistis ira ngira ahok dukung tipu informasi teman ahok patungan ahok sungguh tidak masuk akal nya tidak masuk akal lihat koordinator ahok abg cewek jilbab percaya amelia kurang hapal nama mampu mengkoordinir ratus anggota teman ahok percaya amelia sanggup cari dana milyaran rupiah biaya operasional teman ahok silah renung ahok dukung kaum perhati kompasiana kompasianer tulis puja puji ahok kompasianer milik photo profile kena baju pendeta tidak sulit lacak benar benar pendeta pendeta palsu bukan maksud kabar burung edar ahok sebut sebut dukung konglomerat ahok dukung gereja mudah kriteria belum benar ahok dukung mayoritas warga tionghoa mayoritas umat kristen kabar burung tidak pasti benar bayang turun tionghoa bayang agama non muslim laku dukung ahok tengah mati tetap jadi gubernur dki perlu upaya keras cara ahok jadi presiden ri salah pikir tidak indonesia negara demokrasi orang apa agama apa ras nya jadi warganegara indonesia punya hak boleh uu jadi presiden jelas tidak salah warga non muslim ingin salah kaum jadi presiden jelas tidak salah warga turun dukung salah jadi presiden masalah ahok pantas dapat sempat ahok milik kriteria cukup jadi pimpin besar hal jokowi tidak lihat beda awal atas ahok tokoh kontroversial musuh tidak dukung mayoritas rakyat sungguh bahaya paksa dukung ahok laku upaya upaya tidak normal citra tipu daya bongkar jadi tidak bayang himbauan awal tulis dukung murni jokowi dukung ahok beda jelas pikir jernih sekian,0,49,62,-13
kagum ahok terang gambar ahok umm malang bayang debat pilkada dki fenomenal cawagub nara kata haiiiyyaaa ahoookkk ahok senyum kelakar orang betawi sipit tengah tengah intimidasi dukung ahok tetap diri tegar terus pancar cerdas argumentasi roma irama serang isu agama etnis singapura geli ahok tenang kata roma perlu baca undang undang warga dki cerdas bukti jokowi ahok tetap tang pilkada intimidasi ahok jadi wagub tidak kurang konfrontatif ingat konfrontasi lulung farhat abbas mendagri akhir spanduk usir ahok dki nuansa sara ahok tetap geming kata rapi dki bakal nyenggol kaum melarat konglomerat serang serang tidak buat takut terus nyerocos bak mercon anggap milik stabilitas emosi rendah kuat hadap serang diam anggap lembek takut serang akhir ahok malu roma irama kait tolak roma duet ahok alas cari cari ahok koar koar gembira duet idola tolak mentah mentah akhir ingin ahok duet roma tunjuk ahok lupa jadi pilkada sang raja dangdut simpan dendam ahok uji tetap tegar jiwa besar bagai prestasi puncak raih ahok harga tokoh anti korupsi bung hatta award tokoh ubah indonesia versi tempo sang komandan koboy acara mata najwa haru dukung riil warga indonesia bukan warga dki media sosial acara acara goes to campus ahok dapat sambut riah tindak roma malu ahok tidak arti integritas ahok tunjuk kerdil jiwa roma kayak gin jadi presiden moga ahok tetap tegar jiwa besar terus ajar jadi pimpin karakter integritas tinggi tetap rendah hati,1,11,8,3
didik anak anak generasi terus ahok jakarta laku hajat besar tahun depan suasana politik tahun depan panas bursa calon gubernur wakil gubernur dki jakarta nama gadang gadang maju calon gubernur wakil gubernur figur adyaksa daud yusril ihza mahendra sandiaga uno nama tarung rebut dki kecuali sang tahana basuki tjahaya purnama kenal sebut ahok ahok jadi gubernur dapat durian runtuh atas pilih jokowi presiden ahok gubernur angkat bukan gubernur pilih angkat milik makna beda pilih pilkada dki jadi uji basuki tjahya purnama masyarakat giring opini atas sebut hasil ahok pimpin bahas hasil ahok gubernur dki debat belum selesai ahok gubernur dki sederhana ukur hasil ahok jadi wakil gubernur gubernur atas masalah utama ibu kota macet banjir kurun waktu tahun akhir titik titik macet banjir jakarta kurang stagnan tambah dapat jawab agam laku nilai ahok prestasi tidak lihat belakang ahok jadi gubernur dki laku ahok sejajar jokowi risma nurdin abdullah ahok pimpin bupati kabupaten belitung timur pimpin ahok bupati belitung timur sejajar jokowi jabat walikota solo prestasi ahok belitung timur angkat nama sejajar ibu risma surabaya prof nurdin abdullah bantaeng ridwan kamil bandung hemat tulis ahok jadi bupati belitung timur prestasi ahok bupati tidak sejajar jokowi risma nurdi abdullah masa pimpin singkat tahun tahun ahok ikut pilgub bangka belitung modal sebut prestasi bupati belitung timur periode ahok maju calon gubernur tidak tanggung tanggung presiden ri k h abdurrahman wahid ikut kampanye menang ahok jadi calon gubernur sebut milik prestasi luar bupati dukung tokoh luar nyata tidak tang kontestasi pilgub kampung halaman masyarakat bangka belitung nilai laku ahok jadi bupati prestasi kampanye mantan presiden jadi juru kampanye logika benar ahok milik prestasi tambah dukung presiden ri k h abdurrahman wahid ahok menang pilgub bangka belitung nyata beda jadi pertanyaanya ahok tidak milik prestasi jadi alas masyarakat bangka belitung tidak pilih ahok jadi gubernur bodoh masyrakat bangka belitung pengaruh intrik politik lawan ahok bagi alas jadi kompetitor ahok guna cara cara curang kalah ahok kenal bupati prestasi belitung timur tulis pilih masyarakat bangka belitung pilih pilih bodoh bohong politis politis busuk pilgub bangka belitung ikut ahok tulis pilih prestasi ahok sebab masyarakat bangka belitung tidak pilih jadi gubernur pilgub bangka belitung kompleks problematika hadap jakarta tuntut milik pimpin gila ahok gaung gaung dukung ahok jakarta pimpin pimpin tengah gila ahok tulis tuju pimpin ahok sebut tengah gila alas benar pimpin gubernur tengah gila ikut sebut tengah gila pimpin ahok gubernur dki ahok sikap keras kasar diskusi wawancara kompas tv siar langsung ahok keluar kata kata kasar tidak pantas adab mana tidak temu pimpin dunia langsung buka ruang publik ucap kata kata kasar tidak pantas bagai sempat mudah temu sikap keras kasar ahok gubernur jadi satu sejarah adab dunia dapat pimpin tengah gila pimpin ucap kata kata kasar tidak pantas dukung pilih bela ucap ucap kasar tidak pantas tuju koruptor koruptor temu ibu riak maling ahok tidak lupa sejarah dunia kisah kisah peperangan muncul pahlawan pahlawan hebat laku musuh hormat musuh ada tidak daya koruptor musuh tidak suka benci prilaku korup laku tikus tikus kotor bukan arti tindak pihak pihak persepsi korup orang orang tuduh ahok laku korupsi belum vonis adil saksi ibu riak maling gubernur ibu tuduh riak maling bukti laku curi maju tinggi adab manusia pengaruh tegak hukum bukan ucap ucap kasar tidak pantas pimpin citra ahok anti korupsi kuat lekat kepala dukung ahok ahok pimpin tegak hangus korupsi sungguh aneh ahok kenal berani tegas lingkung tetap jadi korupsi pimpin milik tugas jaga awas jalan anggar perintah jadi korupsi korupsi trans jakarta ups contoh korupsi jadi perintah dki ahok jadi wakil gubernur gubernur kerja ahok pimpin tidak awas anak buah tidak korupsi alih alih awas anak buah ahok keras suara tuduh dprd masuk anggar ups apbd apbd ditandatangani ahok ahok pelihara kambing hitam banyak daftar kambing hitam pelihara ahok jadi gubernur wakil gubernur dki jakarta ikut daftar kambing hitam ahok tutup ketidakmampuannya pimpin dki jakarta puluh daftar kambing hitam atas alamat ahok dukung dukung kendara kendara motor nilai jadi biang sumbang macet jakarta ahok bohong bohong ahok lihat utuh sidang junjung tinggi dapat benar adil luar prestasi ahok sidang junjung benar adil ahok leceh bohong andai majelis hakim tidak beri bukti menandatangani apbd jokowi jadi preseden buruk jokowi ingat bohong busuk tutup rapat bau tetap cium berani ahok pihak lemah sikap tegas berani ahok gusur daerah daerah anggap jadi biang banjir jadi jakarta puji puji setinggi langit kenal dukung ahok lihat berani ahok gusur masyarakat tinggal waduk pluit kampung pulo anyar kawasan kalijodo ahok perkasa gusur masyarakat kecil kawasan kawasan bahas gusur kalijodo hangat jadi alas benar masyarakat gusur kalijodo pertama kawasan kalijodo daerah untuk ruang buka hijau dua praktik prostitusi daerah alas pertama jadi gusur masyarakat kalijodo lama ami kawasan ahok diam tanah lahan fungsi lahan buka hijau alih fungsi kawasan kalijodo beking preman ecek ecek huni masyarakt kelas bawah buat ahok berani rata tempat tinggal ribu kepala keluarga sana tanah lahan alih fungsi jadi huni mewah mall apartemen asai developer developer besar ahok abai ahok tidak berani rata rumah rumah mewah mall apartemen beking preman preman elit alas dua jadi gusur masyarakat tinggal dikalijodo ahok hari diam atas praktik prostitusi elit hotel classic alexis tempat tempat mewah ahok gentar tutup prostitusi prostitusi elit beking preman preman kakap ahok tidak laku laku kalijodo arti ahok berani rakyat kecil usaha developer developer besar ahok ayam sayur tunduk uang developer developer besar hotel classic alexis keluar biaya besar aman lanjut dukung pilih ingin ahok jadi gubernur dki jakarta kampanye gerak masyarakat dki tiru teladan ahok pimpin didik anak anak generasi terus sikap keras kasar didik anak anak generasi terus citra anti korupsi didik anak anak generasi terus milik kambing hitam atas masalah didik anak anak generasi terus jadi bohong didik anak anak generasi terus berani pihak pihak lemah anak anak generasi terus didik milik sifat tingkah laku karakter ahok kelak jadi orang elu elu agung jadi pimpin,0,40,51,-11
ahok kena jebak batman pilkada layak jadi gubernur ikut timbang nimbang sumber kriwilnews net ahok mulai kalang kabut ngeri ahok lewat jalur independent takut libas parta partai besar satu awal buat jebak batman kaat kata seman madu bunyi kira kira senang bakal calon gubernur dki rakyat jakarta punya pilih indah bukan suara manis bukan kata kata asa angin surga hembus nyata jebak batman lihat ridwan kamil baru deklarasi ikut tidak jadi balon bakal calon gubernur tanggal februari ahok teman ahok cacing panas kelojot ingat kang emil baru belum benar benar nyata maju jadi balon gubernur ungkap ahok nyata panas dingin mulai letoy nyata kang emil jadi kang emil tegas tidak maju jadi balon gubernur dki jakarta ahok senang bukan main teman ahokpun jingkrak jingkrat anak kecil dapat permen alsaan jelas lawan potensial kalah ahok kang emil analisa kata bukan asal bunyi lihat sepak terjang kang emil lihat sipat watak tolak belakang sipat ahok jadi kang emil antitesanya ahok sayang kang emil mundur balon gubernur sang jago unggul pihak nyata ayam sayur tulis judul senang ridwan kamil mundur pilkada hak ridwan kamil mundur ridwan kamil langkah ahok bendung partai besar dukung ahok jabat gubernur dua kali ahok mata kang emil mundur balon gubernur dki jakarta suara dua kata imbang pilih belum laku posisi dukung lihat nyata kang emil mundur suara ahok besar tanpa maksud kecil suara suara calon calon hasil masuk jebak batman ahok lawan ahok muncul suara pihak lawan pecah belah tidak setip calon punya dukung repot pisah partai usung banyak calon pihak lawan ahok senang suara lawan pecah belah kompak satu maju lawan ahok potensi rasa besar nyata kecil hasil pecah belah ahok tulisa ahok keroyok cukup hadir ridwan kamil ahok keroyok menang lihat kasus pilkada beda pola jokowi ahok keroyok partai partai besar tanpa sadar suara keroyok jadi pecah belah jadi jadi pola pilkada jadi pilkada pihak lawan ahok pikir ulang satu satu langkah pilih balon itu ridwan kamil bu risma wali kota bandung surabaya gubernur provinsi coba maju jadi balon gubernur dki jakarta akh rasa aman jadi gubernur provinsi ketimbang jakarta gubernur provinsi dengar kabar berita gubernur jawa tengah gubernur banten itu milik pdip pdip sang ratu partai negara modern demokrasi maju andal mau ketua itu ketua abadi ganti mulai diri pdip anak cucu repot jadi abdi negara asal pdip tetap sebut tugas partai lepas partai usung pdip jadi gubernur wali kota bupati presiden bebas gerak tetap tugas partai alami jokowi usung pdip pilpres jebak batman ala ahok jebak hasil ahok jadi gubernur dki dua kali lihat gagak jebak lihat hasil belum hasil nyata tahun muncul calon calon adyaksa daud hidayat nurwahid uno tantowi yahya tambah yusril e mahendra lihat senyum ahok lima balon suara lawan pecah belah ahok punya tabung ktp lepas klaim semata fakta teman ahok nyata lumayan dapat ahok cari suara suara asumsi pilih pilkada dki jakarta jadi kali suara raih ahok plus ahok punya teman target suara akhir ahok suara cari pilih bukan perkara kecil cara memecahbelah suara pihak lawan ahok mudah dapat lawan benar benar terus pecah tetap maju pilkada lawan ahok tidak dar berani maju punya strategi jitu pihak lawan ahok tetap arti jebak batman ahok hasil pihak lawan satu lebur suara baik suara yusril adiyaksa pigur hitung mundur ridwan kamil bu risma simpan pdip indonesia detik detik akhir tutup balon baik pilpres pilkada calon unggul baru muncul alas sederhana balon tidak jadi musuh hajar habis habis calon jadi harap keluar jebak batman nya ahok ridwan kamil muncul detik detik akhir jelang tutup daftar calon gubernur dki jakarta lihat kira kira hasil keluar jebak batman ala ahok jelas ahok tetap jadi gubernur dua kali tetap ngarep jadi presiden ri lupa jelas jelas kata acara kick andy jadi bilang ahok kenal takut takut ahok tidak jadi gubernur pupus harap jadi presiden takut ahok bagai cara ahok tahan jabat gubernur salah satu jebak batman benar lihat jebak hasil ahok jebak gali lobang kubur dalam,0,25,13,12
baca jalan sunyi kpk bidik ahok kasus sumber waras kasus sumber waras tuju babak akhir publik suguh tarung ahok vs bpk tarung ahok vs kpk siap gelar orang orang ahok tangan kanan pemprov dki jakarta panggil satgassus kasus sumber waras kpk jamin tarung ahok vs kpk pasti seru debar wajar jauh jauh hari ahok minta lindung menkopolhukam ri kpk gentar bidik ahok kpk pilih jalan sunyi hari rencana kpk panggil saksi kunci kasus sumber waras mantan kepala bappeda mantan kepala dinkes orang dapat disposisi langsung ahok kepala bappeda harap beri terang jujur kait lahir anggar beli lahan sumber waras masalah saksi kepala dinkes jadi penting rekomendasi ahok kepala dinkes tolak beli lahan sumber waras tidak penuh syarat minta dinkes aneh detik detik akhir jelang tutup anggar tiba tiba dinkes tuju seteru panas ahok vs kpk jamin bakal seru kait pilkada dki jakarta mulai panas bulan bulan ahok tumpah caci maki kesal sumpah serapah tuduh bpk media usai periksa bpk jam ahok mulai arah moncong kpk periksa ahok bpk rangkain akhir periksa panjang jabat pemprov dki jakarta duga libat proses beli tanah sumber waras tahu bpk serah lhp uang pemprov dki jakarta tahun anggar rapat paripurna dprd dki jakarta predikat wajar culi wdp ahok leluasa umbar umpat caci maki sumpah serapah bpk pasal bpk temu kasus indikasi rugi uang daerah nilai capai rp wow tanya hilang uang rakyat nila triliun rupiah temu bpk kasus tonjol kasus ups bantargebang beli tanah rs sumber waras kasus ups gulir sidang janji ahok buka buka sidang nyata janji kosong sidang ups ahok suka jawab tidak tahu parah sidang ups ahok berani catut nama presiden jokowi orang bertanggungjawab kasus ups untung hakim ketua soetardjo ingat ahok tunjuk bukti bantah ahok orang bertanggungjawab bukan jokowi kasus bantar gebang ahok umbar omong kosong koar koar ahok putus kontrak kelola bantar gebang detik gertak sambal citra semata kasus ups bantar gebang jejak tangan ahok tidak lihat kasus sumber waras nyata terang benderang hasil audit bpk ungkap kasus sumber waras jadi milik publik umpat caci ahok bpk tidak henti ahok bela rasa tidak salah tanggung tanggung ahok balik tuduh bersih auditor bpk audit kasus sumber waras ahok hebat bangun opini media sosial bersih transparan profesional anti korupsi segan segan kasus sumber waras ahok tantang bpk ri dukung tim medsosnya ahok gencar serang bpk personal penuh tantang ahok coba rekonstruksi periksa ahok bpk ahok ngotot bela beli tanah sumber waras sesuai atur balik kengototan ahok pasti tim audit investigasi bpk tanya ahok erti uu no pres no permendagri no tanya kait atur undang undang penting tahu ahok laku buat lawan hukum tidak tanya kait atur undang undang penting bpk duga buat lawan hukum lhp bpk jadi milik publik tahu beli tanah rssw tidak serta dokumen rencana studi kelayakaan konsultasi publik berita acara sepakat masyarakat usul dinas kait tidak tim laksana ada tanah atur atur undang undang lhp bpk dokumen jadi dasar beli tanah sumber waras disposisi ahok kepala bappeda dki jakarta juli surat tawar ketua yksw tanggal juli dua dokumen penting terang benderang tunjuk libat ahok langsung beli tanah sumber waras jadi sama kasus beli tanah sumber waras kasus korupsi bus transjakarta jelas beda kasus korupsi transjakarta tidak jejak jokowi tidak disposisi jokowi tidak temu jokowi vendor jokowi tidak umbar caci maki bpk kasus beli tanah sumber waras jejak ahok nyata terang benderang disposisi ahok ka bappeda anggar temu ahok pihak yksw kait negosiasi beli lahan sumber waras dahsyat jejak ahok sumber waras baca putus gubernur no beli lahan sumber waras baru ditandatanganinya akhir desember jelang tutup anggar apbd p ta disposisi ahok kepala bappeda beli tanah sumber waras anggar apbd ubah apbd p duga langgar permendagri no pres no ahok kelit bela beli tanah sumber waras sesuai njop audit bpk tidak kait njop semata proses duga langgar atur undang bagai dokumen edar luas masyarakat kasus beli tanah sumber waras jelas terang benderang buat lawan hukum tidak patuh uu nomor pres nomor premendag nomor rugi negara rp miliar lihat selisih harga pt cku rp miliar lihat selisih njop pihak untung pihak yksw usai periksa bpk jam ahok aku betapa bobrok amburadul administrasi uang pemprov dki jakarta jadi kalo ahok aku kelola uang pemprov dki jakarta amburadul tidak aneh ahok urus kpk sejarah kpk perintah audit investigasi arti kasus penuh unsur tindak pidana korupsi tipikor audit investigasi guna kpk temu besar rugi negara aktor bertanggungjawab kpk pasuk babak akhir kasus sumber waras orang orang percaya ahok periksa layak makan bubur panas kpk sisir kasus sumber waras pinggir perlahan tuju tengah jadi tunggu jalan sunyi kpk kasus sumber waras mampu bawa ahok penjara tetap konsisten terus sejarah gemilang penjara koruptor kpk kalah kasus sumber waras duga libat sahabat baik presiden ri loh,0,28,23,5
risma bicara calon independen sindir ahok tidak kenal risma walikota baik dunia sarat prestasi bangga warga surabaya bangsa indonesia tanggung tanggung harga tingkat nasional internasional raih kota surabaya guna paramater apa ukur prestasi risma jamin risma sang juara tokoh antikorupsi resmi jadi kader pdip rasa gerah nyata nyata ahok gerah risma lepas rencana pdip tempat risma tantang ahok pilkada dki jakarta nyata kutip bagai media risma sindir ahok pilih maju jalur independen tegas risma nyata agama anut haram hukum minta minta jabat menurt risma maju jalur independen salah bentuk nyata minta minta jabat risma kepala daerah maju jalur independen arti haus kuasa maju jalur independen arti nafsu dapat jabat besar arti nafsu kuasa penuh hasrat pribadi besar lupa risma cerita calon pdip gratis tis tis tanpa mahar apa risma mmeinta ahok sebut parpol minta mahar sebut nama koar koar media tanpa beri bukti nama fitnah kata risma tegas tanpa tedeng aling aling ahok calon pdip gerindra pilkada ahok guna mahar maju pilkada tinggal sebut besar mahar parpol terima mahar ahok pdip gerindra tanya risma ahok amin petinggi pdip gerindra minta ahok buka publik ahok benar benar beri mahar pdip gerindra pencalonanannya pilkada benar besar mahar beri moga ahok berani penuh minta risma ahok berani sebut parpol minta mahar sebut nama orang yakin ahok berani sebut nama partai orang minta mahar dukung ahok alir deras ahok takut arti ahok tebar fitnah benci paprpol ahok ulang salah saksi sidang ups ahok koar koar media bongkar tuntas kasus ups saksi sidang ahok janji tunjuk hidung penanggungjawab kasus ups fakta duduk jadi saksi ahok jawab tanya hakim jaksa acara jawab tidak tahu lupa jadi tunggu reaksi ahok minta risma dar fitnah fakta,0,11,8,3
dilema ahok jalur partai independen panas peta konstelasi politik dki jakarta luar akhir nyata yusril ihza mahendra ikut ramai pilkada dki buat kalkulasi politik ikut ubah dukung yusril kuat dukung pilih pilih basis islam kalang tradisional jumlah cukup menang kakak yusril belitung timur tambah energi lawan ahok nyata incumbent kalah lihat ahok sedia calon pdi p sanding djarot saiful hidayat pilih jalur partai mungkin ahok laju mulus pdi p milik kursi dprd kursi syarat calon jalur partai masalah pdi p tidak sudi bekerjasama teman ahok jelas menang milu jakarta rasa tidak partai bekerjasama institusi anggap partai saing rebut dukung simpati rakyat ahok hadap pilih pilih pdi p teman ahok nyata basuki cahaya purnama pdi p minta izin teman ahok tulis nyata sembrono ahok ahok tidak nyata pilkada tinggal tahun seyogyanya calon gubernur tidak laku lawan partai pdi p lihat ahok percaya calon jalur independen kumpul ktp isi formulir target teman ahok bulan mei capai mk putus kumpul ktp orang jalur independen tidak capai tetap klarifikasi kpud suara kurang keras kepala ahok tanda pdi p lawan partai tetap lihat calon sinar ahok tetap paksa izin teman ahok calon jadi pdi p lihat calon padan lawan ahok calon gubernur deklarasi lihat yusril peluang jadi saing kuat ahok beliau alam zaman soeharto sekretaris negara tulis naskah baca presiden calon jadi presiden masa reformasi undur desa poros tengah calon abdurrahman wahid jadi presiden lawan megawati soekarnoputri yusril jelas bukan lawan enteng kampanye bantu menang kakak belitung timur jadi ajar ahok incumbent kalah kalkulasi politik pdi p lihat sejarah ahok anggap bunglon jadi partai dukung yusril lihat yusril kompromistis ketimbang ahok yusril ihza mahendra ajak kerjasama ahok ngotot muka dapat ingat politik tidak teman abadi penting penting partai kader non kader calon kendali penting partai kaya ahok tidak kendali partai jadi,0,10,8,2
ahok tidak tanding rk risma bicara unggul unggul ahok banding ridwan kamil tri rismaharini bupati yoyok ganjar pranowo pimpin pimpin prestasi salah fakta tidak bantah politik pintar unggul tepat licik peluang kuasa sebut wapres jusuf kalla kali jadi wapres modal uang pandai jilat kuasa arb sekian lama pimpin golkar modal uang politis licik masuk akil mochtar ratu atut jero wacik gudang penjara umum politik laku jeli main kuasa bicara ahok ahok milik unggul ridwan kamil tri rismaharini rk risma tidak natang ahok simak ikut pertama ahok politis kurang amanah jabat bupati belitung timur tahun kejar pilgub bangka belitung ikut hasil jadi legislatif jabat tahun plin plan mundur tanpa alas kejar pilgub dki lihat tri rismaharini tidak goda jadi gubernur hormat gubernur dki tri rismaharini baik jaga amanah beri kejar jabat tinggi ridwan kamil rasa berat hati kuat daulat tokoh maju pilgub dki arti tinggal amanah pundak jadi situ beda ahok tidak duli amanah pimpin pegang amanah dua ahok politis kutu loncat ridwan kamil tri rismaharini gabung parpol jadi jelas beda ahok kali jadi kader parpol laku lompat lompat rk risma tidak jadi kader parpol jadi kader parpol tahun depan lihat ahok diri partai tiga ahok politis pintar ngeles cenderung salah orang banjir parah awal tahun jadi kambing hitam pln mati listrik pompa air tidak fungsi ahok tidak duli setrum tidak penting banjir tidak setinggi nama buruk gubernur tidak cacat banjir kemarin jakarta pusat jakarta barat bungkus kabel tumpuk selokan ahok langsung tuduh sabotase ngkoh ahok sabotase tidak tahu penting sabotase pokok sabotase jadi jakarta banjir jakarta barat tugas pintu air maki maki tidak buka pintu air prosedur tugas harus tutup pintu air pintar ahok masalah pihak jadi kambing hitam tidak mampu laku bu risma kang emil empat ahok pimpin andal kuat negara ahok kecut ridwan kamil jokowi tri rismaharini temu kerumun masyarakat luas ahok tidak jokowi baru jadi presiden nyelonong keluar sendiri sepeda ahok baru jabat gubernur bawa bodyguard ahok tidak berani hadap hadap langsung masyarakat ahok pandai jilat polisi tni polisi tiba tiba ahok bangun gedung direktora polisi air ahok bangun gedung parkir polda metro jaya nila rp milyar ahok janji buat rumah khusus polri tidak heran ahok mudah minta bantu polda metro jaya luluh lantak kalijodo kasus hukum ahok jadi polisi bekingnnya lima ahok pimpin raja tega teori politik ilmu tega pakai niat kuasa kes mampu bongkar prostitusi ahok luluh lantak kalijodo waktu minggu pks kocar kacir preman kampung ditangkapin tidak masalah soal jadi masalah warga tidak sangkut paut prostitusi manusia bukan jenis burung pindah waktu minggu manusia ajak dialog bukan barang mudah pindah prostitusi bongkar kalijodo bukan arti prostitusi jadi punah prostitusi kalijodo pindah tempat sebar fakta nyata nyata kawasan mangga besar pangeran jayakarta kartini alexis marlioboro pusat prostitusi preman highclass ahok bilang tidak bukti sana prostitusi heran dukung ahok percaya kata ahok tempat tempat tidak prostitusi harap ahok jadi gubernur ikut jadi presiden sanga galak kritisi ahok jj rizal orang betawi asli coba kritik dapat bully ratus dukung ahok aku unggul ahok buat saing sulit menang ahok sekian,0,25,16,9
takar ahok ahok cuci partai politik bagi tidak istimewa kerja laku ahok ahok laku sumpah ucap lantik jadi gubernur jakarta layan masyarakat jakarta layan publik kualitas bukan masalah situ butuh sumber daya mumpuni laku kerja sederhana sumber daya ahok layan publik benar benar layan sederhana bukan layan publik kualitas cepat mudah jangkau ukur sesuai amanat undang undang no tahun layan publik turut nilai nilai anut ahok jalan tugas tugas laksana layan publik muncul layan publik kualitas muka paksa ahok buat pusar keras kolam perintah daerah jakarta tuju muncul kerja anut nilai nilai layan publik ahok milik semangat linier sang gubernur pegawai perintah daerah militan jalan layan publik prima bahasa akademis ahok laku reformasi administrasi reformasi administrasi perlu sumber daya manusia mumpuni jalan yehezkel dror pakar administrasi publik nyata perlu staf kualitas tinggi laksana strategi reformasi administrasi konsisten turut atas layan publik baik tunjuk hasil banyak masyarakat puas pimpin ahok kerja buat ahok tetap tatap lurus cita cita semangat ahok kelindan ingin rakyat jakarta jakarta baik sayang tidak beri respons positif cita cita mulia ahok mungkin besar upaya bersih bersih laku ahok tutup rejeki curang tentang tentang internal perintah daerah tenggara milik jaring dprd ujung partai politik main jakarta satu laku upaya upaya kalah ahok pilkada ikut masif serang bijak ambil ahok tentang tidak bicara program jelek ahok tidak imbas masyarakat jakarta suka layan publik ahok tidak beri dampak serius dukung ahok program program jalan lurus bersih pilih ahok selaras atas ahok laksana kerja cara benar tidak hamba upet partai ahok gagah berani putus calon pilkada dki jakarta lewat jalur orang dukung kuat teman ahok masyarakat dukung capai ribu baik maju orang lewa partai syarat syarat calon orang penuh gusar partai nyata nilai nilai kerja ahok tidak jalan sistem nilai partai partai jadi masalah sistem nilai partai cenderung tidak untung masyarakat biasa aju calon partai pilih partai tidak sesuai pilih rakyat jadi praktek standar partai ujung ujung kuasa sibuk layan nafsu partai ketua partai indonesia partai kendali kuasa partai karisma dana besar bawa ketua partai partai mesin kerja penting partai penting rakyat seman mulut masa jelang pilkada milu milu daerah rakyat dibekok jalan teliti laku mitra nyata tonjol partai i partai politik tampil saran mobilisasi warga tidak juang aspirasi kepentingnan warga ii fokus upaya cari tahan kuasa baik internal partai lembaga legislatif eksekutif pilih umum iii porsi giat waktu dana cari tahan kuasa jauh besar giat orientasi bijak pbulik iv kelola partai politik dasar putus urus bawah pimpin sentralistik oligarhik personalistik vi sumber uang partai bukan dukung loyalis partai anggota partai dpr eksekutif self financing elites usaha dapat dukung proyek external financing elites tindak kolutif cartel parties lihat nilai nilai anut ahok berangan jauh nilai nilai partai partai nilai nilai terap ahok imbas reformasi administrasi tentang fenomena partai indonesia partai indonesia milik realitas penting sendiri nyata atas turut pikir roderick t groves jurnal judul administrativve reform and political development kata parties generally look to political patronage to maintain their unity and expand their appeal and this brings them into conflict with administrative reform efforts that emphasize recruitment selection and promotion of personnel by rit semangat partai partai berangan reformasi administrasi laku ahok beri layan publik hakiki tempat masyarakat tingkat tinggi layan publik kualitas reformasi administratif hindar partai pola client patronage partai fungsi kuasa lindung rasa ganggu ubah jadi sistem perintah jadi perintah provinsi jakarta jadi utama jelang pilkadi dki jakarta tahun ahok diri dasar nilai nilai benar layan publik tegas tanpa tedeng aling aling pilih tidak ikut hasrat partai politik rasa milik kuasa atur jadi perintah partai politik radang ahok tegas nyata ahok tidak guna kendara partai politik ahok sadar nyata relevan dapat ahli atas guna partai duduk jabat dki periode dua sulit laksana nilai nilai anut layan publik jakarta ahok tidak alergi partai partai guna kuasa atur ahok pengaruh laksana penting publik layan rakyat jakarta efektif efisien tidak terima ahok ahok jauh jadi layan partai hamba partai laku ahok cari temu partai penuh ingin wujud layan publik baik masyarakat ahok paksa pindah pindah partai nilai nilai partai realitas tidak sesuai nilai nilai anut ahok bukan soal tidak setia soal jaga nurani nilai nilai murni anut nyata tegas muncul reaksi partai muncul nyata kata ahok laku deparpolisasi ujung hakim demokrasi tentang partai pilar demokrasi sayang nyata anut partai tidak prinsip prinsip jadi fenomena balik arah partai terima ahok nilai nilai anut partai partai milik alas beri dukung ahok ahok tahan nilai nilai partai partai rela dukung putus ahok maju lewat jalur orang mesin partai guna menang ahok sinergi teman ahok laku gera dukung ahok maju lewar jalur orang independen nasdem layak dapat apresiasi tanpa tunggu waktu lama nasdem nyata dukung ahok tanpa syarat dukung partai tanpa mahar fenomena baru luar bayang partai partai kuasa tidak partai ikut ingin calon kepala daerah niat maju calon datang hamba bayar mahar calon partai politik fenomena lawan aras jadi lanjut hanura susul hanura dukung teman ahok kumpul ktp pasti ahok maju lewat jalur orang hanura milik konstelasi sendiri anggota undur dukung ahok hanura jalan terus dukung ahok partai partai tidak mulai gerak putar arah kompas mulai arah ahok calon calon awal dukung tinggal malu malu mulai aku benar ahok partai partai ubah nilai nilai anut belum tepat kata ubah nilai nilai fundamental hitung hitung laku ahok tetap diri ahok maju jalur orang partai dukung tanpa mahar nyata tindak tidak tunduk ingin partai fenomena ubah haluan partai ahok hasil cuci partai partai bersih anasir anasir tentang nilai nilai layan publik ahok laku ahok hasil paksa partai keluar paradigma terima nilai nilai anut ahok rangka laku layan publik kualitas sisa malu malu ikut jadi bukan luar sederhana laku sumpah jabat,1,50,14,36
ahok rakyat jakarta pecah belah kasihan ahok buat meme pangeran dipodomoro gubernur podomoro gambar beritahati com ahok kata pas ahok tulis jadi sedot ahok gara gara ahok ikut tulis ahok jadi promosi gratis ahok ahok kata minum haram beer ummat islam dikatannya promosi gratis tulis media baik media cetak media elektronik rasa peka ahok masalah haram ummat islam angin ahok enak bicara buat ahok tambah musuh pantas front bela islam habis habis lawan ahok ahok lawan arogan tambah tambah kesombongannnya kurang bukan provokasi upaya rem kesombogan ahok kecil apa usaha bukan usaha jegal ahok maju jadi gubernur dki priode ikut emang lu jegal ahok elu salah ribu kompasioner tanya kata suara betul tahun ahok menang jokowi pilkada dki ahok ketiban durian runtuh ahok otomatis jadi gubernur dki jakarta ganti jokowi jadi presiden kata akan dapat durian runtuh ahok jadi gubernur bukan pilih rakyat ahok dompleng untung jokowi rakyat pilih jokowi bukan ahok pilakada datang ahok maju jadi balon gubernur calon tahana belum nasib ahok untung tahun dapat durian runtuh dua kali bongkar kasus rumas sakit sumber waras bongkar kasus reklamasi pantai utara jakarta makan korban tangkap m sanusi komisi pembrantasan korupsi kpk m sanusi nyanyi suara nyaring adil tipikor kasus nazarudin nyanyi adil tipikor kawan dekat ikut ciduk tahan kpk angelina sondakh malarangeng anas urbaningrum betul partai partai demokrat kuasa kpk bongkar akar akar kasus reklamasi partai utara perintah dki gubernur ahok diuat gonjang ganjing ahok lihat mulai oleng teman ahok hibur klaim hasil kumpul batas minimal ktp dukung ahok maju jadi calon gubernur priode dua independent tanpa maju partai usung partai dukung nasdem hanura kasihan punya partai punya kader kader jago maju pilkada dki jakarta hak partai partai cari aman ngapain susah susah cari calon kader belum jelas kiprah aman cari lihat kerja ahoklah pilih nasdem hanura mesti partai rasa malu bukan kader maju jadi balon gubernur dki jakarta kasihan kader punya kader jago partai politik politik punya hitung hitung dapat tetap tahan politik sungguh lebih man bibir belaka kursi jabat dapat sabodo rakyat penting modal sinis jadi fakta bukti betapa anggota dewan tangkap kpk bukti jabat tangkap kpk bukti kuat jabat lepas cengkraman kpk akurat tangkap benar benar punya bukti kuat alat bukti mantap goyah sidang adil dakwa bayar acara acara mahal ahok ahok terus goyang goyang jelang pilkada ahok bukti salah kasus rumah sakit sumber waras reklamasi pantai utara jakarta jalan ahok tuju kursi gbernur lanjut lancar jadi kasus reklamasi ahok libat arti biar kaya bawah kendali kuasa misal dapat kembang tamat karir ahok jadi selamat naik mejadi menteri tahu lihat ahok lihat aman aman kasus bus bodong impor cina karat ahok selamat nyata salah kena anak buah dki jakarta misal m sanusi nyanyi adil sebut nama ahok cerita ahok kelit ahok m sanusi lihat tom and jery kucing tikus gigit kemplang ahok kemplang kemplang balik m sanusi hukum tambah tahu bukan lupa asas praduga salah tetap jaga lepas kena ahok rakyat jakarta pecah belah dukung ahok kontra ahok tetap jaga etika hujat jatuh singgung nyinggung sara hindar jauh jauh kesatuann rakyat jakarta tetap jaga pilkada tidak ahok tetap jadi gubernur turun jadi gubernur rakyat jakarta tetap satu jakarta miniatur indonesia jadi jakarta ikut menggoncangkan indonesia ahok tidak jakarta tetap diri tegak ahok menang kalah rakyat jakarta tetap satu ahok kalah bukan kiamat jakarta ahok menang bukan rakyat jakarta pilkada dki giat rutin lima tahun sarana demokrasi jadi alas demokrasi mencul anarkis baik anarkis pihak teman dukung ahok anarkis pihak kontra ahok tetap koridor demokrasi santun ala indonesia bukan demokrasi ala libral halal cara capai tuju menang hormat pihak beda pilkada dki bagi pilkada pilkada tanah air indonesia terus demokrasi santun demokrasi ala indonesia penuh keluarga gotong royong acak acak acakadul darah darah jadi nasib rakyat taruh elit politik tahan tidak bawa bawa emosi rakyat menang pilkada dki ayo terus satu padu beda ahok bukan satu pimpin baik dki ahok menang kalah pilkada dki bukan kiamat jadijangan gara gara ahok maju jadi gubernur dki lantas antem rakyat ayo adu program ayo maju dki planing baik tuju bukan kalah ahok benar benar maju rakyat jakarta batu loncat pilpres elok rakyat golong tengah bawah dapat perhati tinggi golong tengah atas sih enjoy prihatin golong rakyat tengah bawah jadi focus bukan kalah ahok lupa kalah ahok ahok menang butuh jadi perlu uras energy pilkada lapang abdi maju jakarta bukan jadi gebernur dki jakarta,0,35,31,4
ahok atas angin pdip tekan rasa bosan bosan nya ikut sepak terjang basuki tjahaya purnama sapa akrab ahok mulai jadi pasang jokowi cagub dki kiprah jadi wagub jadi gubernur luar tinggal jokowi ikut kembang calon ahok pilkada dki jujur ngefans ahok beliau ekspos suka marah marah anak buah tidak becus malas berprilaku korup ahok punya kuasa pecat bawah marah marah anak muda tarik dunia politik dapat angin segar cari idola tokoh politik banyak masyarakat muak prilaku politis birokrat malas korup tidak becus kerja anggap ahok wakil hajar oknum oknum gaya beda pimpin jokowi ahok berani jadi tidak ikut ikut jokowi masyarakat tahu jokowi ahok nafas jadi jakarta baru indonesia baru lihat hasil kerja ahok jadi gubernur rasa tidak pantas ganti ahok lihat mebenahi birokrasi lingkung transportasi urus warga miskin urus didik sehat aman apbd bancak koruptor ahok dapat nilai a soal masalah banjir macet tunggu waktu nikmat hasil bukti nya lihat jelas progress positif benah nya sengaja flashback bahas pilkada dki ingat butuh warga jakarta bukan gubernur pandai teori retorika pandai debat warga jakarta butuh gubernur kerja nyata jujur transparan berani tegas laku ahok cermat pilkada ahok rubah seduikit strategi ahok deklarasi kumpul ktp beliau cepat tarik tisik jauh lihat faktor pertama mundur ridwan kamil rk bursa pilkada atur kpu calon jalur independen upaya ahok tekan partai sikap faktor pertama mundur rk pilkada buat konstelasi pilkada dki ubah drasris rk gadang gadang anggap mampu kalah ahok mundur rk partai politik pdip mampu usung calon rasa punya calon jadi sosok satu partai kalah ahok amat nilai rk menang langsung head to head ahok ahok dukung rawan lembaga lawan rk punya modal popularitas elektabilitas cukup baik dukung gabung mesin partai politik punya sempat menang besar hari senin rk nyata mundur bursa pilkada dki resiko rk jilat ludah karir politik nyata mundur rk partai jadi gamang sadar lawan ahok tanpa head to head mungkin menang kecil tanpa rk sosok satu sandiaga uno yusril ahmad dhani proses panjang partai tentu calon tunggal pilih calon partai baru tentu last mute tanya last mute cukup waktu kalah ahok factor dua atur kpu leawat jalur inderpenden ahok dukung rawan teman ahok jalur independen kerja konkrit mendunkung ahok lewat kumpul ktp swadaya kumpul hamper ktp nyata yusril ahli hukum tata negara sadar dukung ahok hati hati tuju ketua kpud dki nyata sah sah nama wakil gubernur dki isi belakngan riskan rawan gugat khawatir jadi senjata lawan lawan ahok jegal maju pilkada gugat sah nya fotocopy ktp formulir kumpul bayang satu partai aparat hukum kpud uang kalah ahok gugat ahok sadar maju deklarasi nya belum kumpul ktp beri waktu cukup teman ahok siap fotocopy ktp formulir dukung faktor ikut tekan partai sikap kerucut pdip ahok jauh hari beri lampu hijau pasang djarot kader pdip ahok butuh tegas pdip pdip dukung ahok tidak pdip dukung ahok kader djarot jadi wakil pdip tidak dukung ahok wakil pns yakin pdip kerut dahi lang untung rugi nya dukung ahok lewat jalur independen pdip harga menang milu rasa injak injak tidak dukung ahok lewat independen kader tidak jadi wagub milu nasdem dapat kredit poin warga dki ingat gerindra yakin gerindara urut nomor dki lihat sosok ahok popular bukan semata mata prabowo layak pdip jokowi nya petinggi pdip rakyat minta dengar suara rakyat buang ego mu butuh pimpin kerja rakyat jujur tegas berani ahok jadi bijaksana ambil putus dukung ahok gera mesin partai bantu pasti menang ahok ahok menang yakin hasil kerja nya lihat rakyat mengijinkan pdip klaim partai paham cilik beri pimpin baik dki ahok beri deadline minggu pdip percaya partai konsisten dengar suara rakyat milu dapat suarab rakyat nasdem parpol tidak dengar kata rakyat kata dunia,1,31,21,10
ahok teman ahok simpatisan kadang habis pikir gerombol sebut teman ahok habis pikir simpatisan ahok kompasiana koq alergi nama sebut sebut bakal maju pilgub dki yusril ihza mahendra adhyaksa dault sandiaga uno ahmad dhani satu nama nama resmi maju pilgub dki baru dar kasak kusuk doang baru rasan rasan tok belum jadi reaksi serasa langit runtuh berani kritisi ahok serang habis habis bilang haterslah dikatain surup sebut gak waras haduhh tidak waras perhati gerombol teman ahok simpatisan mirip mirip derita phobia punya ganggu mental muncul rasa takut lebih rasa perlu laku serang anggap potensi jadi lawan ahok pilgub dki sikap gerombol teman ahok simpatisan tahu gaco bakal nyungsep pilgub dki jadi tahu ahok paksa tempuh jalur independen lantar belum laku jual partai partai utama pdip ahok yakin milik nilai setinggi langit mata masyarakat jakarta saking tinggi partai terima si gurem partai nasdem pimpin pak brewok gua hantu panik gayung ayun belum sambut ahok buat gaduh isu uang mahar capai ratus milyar rupiah maju lewat jalur partai jelas isu buat gerah pdip partai gencar dekat ahok kesan olah pdip minta mahar ratus milyar ahok usung pilgub dki jadi panggang jauh api alias ahok jauh partai mesti ahok gerombol teman ahok simpatisan injak kaki bumi terus terus ada awang awang gaya sok hebat tidak hebat anti kritik suka serang anggap lawan terima partai masyarakat jakarta pilgub dki jakarta tahun rencana ada bumi jakarta bukan langit salam,0,6,5,1
cara kalah ahok ahok bukan gubernur kalah pilkada tokoh bukan sumber merdeka com ahok mau nulis genderang perang bunyi jelang pilkada dki datang tokoh nasional sedia turun gunung mantan menteri pemuda olah raga adyaksa plt dpr fadli zon jibaku kancah dki jakarta skala provinsi bukan sembarang provinsi banding provinsi provinsi indonesia dki jakarta miniatur indonesia jadi heran tokoh jadi pimimpinnya jadi gubernur jakarta tulis ahok judul ahok keroyok cukup hadir ridwan kamil jadi jadi cagub lihat orang jadi tambah ahok gubernut fatahana tulis kata ahok keroyok ahok menang alas utama suara lawan pecah suara dukung ahok kumpul jadi heran cagubnya ahok senang rakyat jakarta pilih utama saing ahok untung ahok solusi jelas kalah ahok orang timpal bu risma ridwan kamil dua lihat nyata hasil pimpin daerah bu risma surabaya ridwan kamil bandung kata surabaya bandung beda jakarta jadi alas an mengecilkankan hasil risma ridwan kamil coba lihat ahok kabupaten bangka belitung anggap bukti gilir bu risma ridwan kamil maju jakarta bilang biar bangun darah ahok biar bangun bangka belitung ahok tahu seluk beluk daerah aneh bukan jadi gilir ridwan kamil tampil jakarta biar ridwan bandung gilir bu risma tampil jakarta ahok sindir jakarta tidak surabaya loh gilir ridwan risma aju jakarta tuju ahok biar tanya besar agenda besar gulir persada jadi kalah ahok orang baik bu risma ridwan kamil jabat politik bu risma biar surabaya ridwan kamil biar bandung bu risma ridwan kamil lawan tangguh imbang hadap ahok salah satu maju baik bu rimas ridwan kamil dua maju lawan ahok suara jadi pecah ridwa kamil maju bu risma maju tokoh lain maju ahok menang alas tetap suara pecah lawan ahok jadi partai partai lawan ahok satu calon jago ahok atas angin cara lawan ahok menang pilkada ahok jakarta susah susah ikut cukup lima syarat tidak milik syarat harap menang lawan ahok diam diam ahok kawan kawan baca strategi repot jadi lima syarat penuh ahok menang jadi gubernur masa ikut hasil ahok kawan kawannnya siap siap maju pilpres ahok ngarep jadi presiden ri kata acara kick andy jadi hitung atas kertas buram atas kertas coret coret buang tong sampah larang buang sampah sembarang,0,9,12,-3
saing ahok harap tahan jatah bukan periode belum musim pilkada hari gin suhu mulai panas bicara seru jadi orang indonesia hari berita berita baru mulai aneh aneh berita berita lucu berita palsu hoax berita serius sangkut bangsa negara tatkala teman ahok tahun mulai inisiatif dukung ahok jaring kumpul ktp kumpul ktp jakarta ahok pasuk an mulai muncul berita calon tarik saing kancah politik jakarta cukup seru saing papar piawai bangun jakarta hebat masyarakat jakarta indonesia mata dunia mamasang mata saksi kerja ahok baru sepempat tidak sabar tunggu harap ahok lanjut tugas selesai tengah tengah muncul orang sungguh belum alam pimpin daerah wilayah benar orang orang kenal kenal tidak cukup lihat kualitas elektabilitasnya ahli orang bidang nama nama muncul rurut sesuai abjad adyaksa dault mantan menteri olah raga cukup kenal indonesia ahmad dhani musisi cukup kenal indonesia lagu lagu cipta nyanyi cukup hits beliau kenal juri lomba bakat diselemggarakan salah stasiun tv indonesia nama sandiago uno sebut usaha kaya raya usaha tokoh cukup kenal kalang masyarakat jakarta prof yusril ihza mahendra mantan menteri acara nama indonesia nama tidak remeh kalang masyarakat indonesia jakarta calon diam diam malu malu kenal misal mischa hasnaeni moein sebut wanita emas presenter tv dukung partai nyata masuk kancah pilkada dki haji lulung komunitas suka haji lulung ikut ramai sah sah tidak menggangu acara pilkada ikut atur main baik tahana ahok basuki tjahaja purnama rasa seru serta masuk saing resmi ahok pilih heru wakil masuk calon gubernur wakil pilkada independen kumpul ktp jakarta tetap lanjut berita berita lihat semarak orang orang dukung ahok tetap kerja nada suara tidak ubah gusur tetap jalan bukti nama citra tinggal jaman hari masyarakat rakyat lihat nyata jalan kembang suhu politik lihat partai nasdem awal dukung teman ahok tanpa syarat ikut partai hanura dukung ahok bp jendral wiranto temu teman teman ahok langsung waktu partai incar dukung ahok jadi gubernur priode nampaknya kembang terus lihat ada tidak suka ahok pakai bagai cara singkir ahok salah satu issue revisi uu kpu independen naik jumlah persen arti berat sulit ahok awal tidak gila jabat bukan masalah orang orang tambah lomba meberikan ktpnya ahok takut jumlah tidak cukup tambah nama wakil hus jumlah serah ktp ahok hitung ulang ahok jabat beri tuhan tuhan beri tuhan ambil tidak masalah masyrakat jakarta ahok lanjut lihat track recordnya jelas saing tidak alam caul ridwan kamil risma ganjar komitmen juang daerah jadi galak kata kasar ngak masalah orang jakarta penting jakarta maju sayang gubernur tanding lantik ormas minggu seta ahok lantik kali tidak ikut ikut calon beliau sudha punya agenda tambah jumlah persen independen otomatis dampak calon calon jadi cukup adil perintah tidak tuju berat calon independen tambah marak dukung ahok buat calon cukup stress misal ahmad dhani usul larang calon independen tambah issue ntah benar tidak kata beliau ngamuk nyata partai politik janji dukung alih ahok mantan menteri kata dukung ahok biar ahok maju nada putus asa tetap aku unggul ahok sesumbar aku ahok hebat diam diam jelek jelek ahok ambil hati anggap rugi ahok gusur lihat ada ambil simpul dukung ahok jadi gubernur poriode pihak dukung ahok tidak rugi partai tidak lihat negatif mengganggap teman ahok sahabat ahok kawan ahok partai saing pilpres situ baru sempat rebut pilih dukung ahok saing diam tahun ahok selesai jabat priode dua tidak milik saing ngotot caci ahok jelek jelek nama samping dukung ahok jelas belum ganti ahok tetap ngotot maju perlu low profile ngomong kritik ahok masyarakat tidak suka kritik ahok bully penting jadi musuh selimut musang bulu ayam saumiman saud sf media maret note coret coret luar sempurna milik info lengkap sila beri masuk komentar terima kasih baca,1,33,19,14
misteri ahok buru kuasa pasca pilkada dki jakarta putar pertama orang ira ahok semata sandera popularitas jokowi nyata balik kontroversial ahok pelan pelan kulum popularitas media online nama ahok banjir balik ahok sosok misteri perlu urai utama geliat buru kuasa ahok kalah telak pilgub bangka belitung rival eko maulana ali syamsudin basri nyata mati warga jakarta pilgub dki jakarta logis faktor ahok rugi oleh suara pasang jokowi alas kampung ahok mati gubernur bangka belitung jakarta rupa tesis publik benar ahok sandera popularitas jokowi pemilukada dki langsung ahok kontribusi tohok publik simbol simbol menang lihat jargon jargon menang motor jokowi kalah ahok pilgub bangka belitung alas alas alas rasional masyarakat babel baik sisi program gagas bangun tolak ukur prestasi ahok singkat ahok populer bangka belitung kalah ahok pilgub babel gagal ahok yakin masyarakat babel pimpin dus nyata balik kalah pilgub babel ahok simpan misteri buru kuasa geli naif mulai debut ranah politik ahok acap kali loncat partai partai ahok pertama gabung partai indonesia baru pib partai ahok maju jadi bupati belitung timur lama ahok undur maju bagi calon gubernur bangka belitung pilgub babel ahok kalah telak masuk partai golkar milu ahok hasil jadi anggota dpr ri partai golkar undur calon calon wakil gubernur dki jakarta partai gerindra sisi ideologi politik ahok bukan politis juang tipe politis mamah lihat pindah partai partai bukan soal ideologi politik semata alas struktur libido kuasa berani tagih publik baca dukung ahok alas alas ideologis ahok loncat partai partai sungguh dingin ahok bukan dorong kuasa an sich sisi substansi abdi juang mesti warga jakarta kritis labuh harap ahok lihat rekam jejak ranah politik rapuh getas konsistensi nilai ideologi tanya logis orang kampung babel hendak gubernur warga jakarta selera ahok ahok kiblat politik nilai mesti dapat tuntas amanah janji politik bupati belitung timur periode penuh janji hutang juang mesti jadi jokowi catat ahok laku sumpah bupati belitung timur letak kitab suci atas kepala saksi nama tuhan ahok buat janji primordial tuhan konstistensinya juang amanah warga belitung timur lima tahun abdi bulan undur kuasa gambar penghianatan ahok atas sumpah pertanyaanya warga jakarta pati sosok menghianati tuhan masyarakat laku jokowi kelak menang gubernur dki jakarta undur walikota solo bukan soal suka tidak suka balik rapuh ahok butuh politik nilai ideologi jadi penting indonesia tengah mngalamai kemarau politik nilai ideologi politik nilai ideologi butuh konsistensi alas alas prinsipil putus politik bukan batas pragmatisme tetek bengek kuasa imani politis gagal ideologi masuk ahok,0,10,15,-5
plus bukti ahok kecut ahok ceplas ceplos kes galak ali sadikin jakarta galak galak belum tempeleng orang tidak panjang kali lebar ungkap bukti bukti kecut ahok langsung aja ahok bukti kecut tega tega tinggal gerindra usung jadi wakil gubernur dki jokowi ahok loncat keluar gerindra gerindra motor ruu pilkada tidak langsung ruu pilkada rencana pilih kepala daerah laku dprd bukan rakyat tahu ruu pilkada cedera demokrasi berangus hak rakyat pilih kepala daerah cek ahok kecut tidak terus gabung gerindra simpan dendam bara kih ahok pilih tidak masuk partai apa fokus bangun dki jakarta ahok cinderella andai ahok tidak kecut tinggal gerindra m taufik ngawur tidak fokus cari cari salah ahok ahok kecut bukti jadi kutu loncat tinggal kursi dpr golkar maju pilkada dki usung gerindra bawa ahok duduk kursi wakil gubernur dki damping jokowi jokowi tidak fokus dki penting besar maju bangsa indonesia atas dasar jokowi maju calon presiden pilpres antar jokowi kursi no indonesia menang jokowi ikut naik ahok ganti jokowi gubernur dki sungguh lucu cara politik ahok hujat bagi orang rasa dukung jokowi anti ahok kata ahok kutu loncat ambisi besar lupa politik rangkai prisip cara alat guna capai cita cita tuju point bukti nyata tepat kata ahok kutu loncat ambisi capai cita cita baik hidup warga dki tanya orang politik tidak punya ambisi besar tidak punya cita cita tidak tahu capa uhhhuuuuyyy ngakak wakakaka beda ahok jokowi solo dki jadi presiden kilas info kelici sudut pandang cerdik gantung posisi contoh kisah si kancil posisi diri posisi buaya kata kancil licik posisi si kancil jelas kata si kancil cerdik kisah zhuge liang cukat liang kong ming kong beng kisah sam tiga raja kisah tiga raja diri posisi cao cao cho cho merta kata zhuge liang licik posisi raja shu puji cerdik zhuge liang luar politik jelas jelas punya strategi punya kelici cerdik baca arus baca arah angin tidak kata setia kamus politik juang penting semata andai waktu ahok tidak baca arah angin jadi dpr bukan tidak ahok pilih masuk pusar arus dagel mkd kemarin ahok kecut rekam rapat buat rakyat punya tonton alternatif ketimbang paksa nonton tipi acara tidak didik belum laku pimpin mana tahu rapat rapat jadi transaksi kongkalikong jumlah giur ahok rekam niat rakyat lihat nilai cara kerja ahok kecut takut kata sembunyi balik rapat rapat ahok kecut bukti tidak gabung komplot begal apbd komplot begal selip dana siluman me mark up harga barang beli barang aneh aneh butuh anggota dprd ahok kecut tidak gabung begal anggar pilih kewalahan hadap serang anggota dprd babi buta bela hak rakyat mutilasi begal anggar anda ahok gabung begal apbd ahok hidup jauh tenang kerja santai duduk manis ongkang ongkang kaki makan gaji buta main teken rancang apbd ciprat uang limpah ruah coba lihat harta kaya kelas mantan kadishub udar pristono ahok bukti kecut gusur warga kampung pulo anda ahok berani biar warga kampung pulo banjir media berita banjir kampung pulo tahun ahok kecut tidak berani lihat warga dki hidup sengsara banjir tiba anda ahok berani biar warga kampung pulo banjir warga kampung pulo merana tunggu bantu lambat salur ahok kecut tidak berani lihat anak anak sekolah buku hilang bawa banjir tidak berani meilhat anak anak kena sakit kulit akibat renang banjir ahok tidak manusiawi pindah warga kampung pulo tahun banjir rusun nyaman tidak banjir ahok benar benar kecut gusur kalijodo akh muncul pahlawan siang pahlawan betul kalijodo bukti puluh tahun tempat hibur rakyat kelas bawah bukan salur syahwat kalijodo ajang judi omzet besar tempat transaksi narkoba tidak satu pimpin dki hasil bongkar kalijodo banyak preman nekad kalijodo sinyalir beking aparat saking banyak aparat jatah kalijodo krishna murti sebut kalijodo atm nasional ahok kecut tidak berani gabung jago kalijodo si bedul daeng aziz tidak nego ujung minta warga dikoordinir daeng aziz anda ahok baik baik si bedul daeng aziz rakyat kelas bawah punya tempat hibur murah salur syahwat aparat tetap jatah uang lendir psk kalijodo tetap jual ahok kecut gabung aparat tni polisi rata tanah bangun tempat maksiat kalijodo si bedul daeng aziz dapat buku geger kalijodo tulis krishna murti ahok kecut pilih jalur independen bukti ahok benar benar kecut tidak berani maju calon gubernur dki usung parpol pilih jalur independen jalur tidak aman belum lolos verifikasi kpu bukti ahok kecut anda ahok pilih gabung parpol aman pasti menang dapat jauh mudah tidak isu deparpolisasi ahok kecut pilih ikut bus tidak ikut kendara mewah sedia parpol asal rakyat anda ahok berani pilih mobil mewah lewat jalur partai pasti transaksi politik dalam kalah anggota dprd minta bayar rp tidak bayar kalah jadi kata syamsu parpol dukung ahok laku transaksi politik penting teman ahok bukti nyata kecut ahok jadi polemik pimpin ahok buka topeng topeng politikus lindung balik gedung mewah kecut ahok ulit tunjuk rakyat bobrok birokrasi legislatif gaji uang rakyat tetap gerus hak rakyat daya rakyat satu padu bungkam ahok ahok kecut tidak berani tidak daya hadap sendiri minta rakyat dki dukung jadi gubernur dki pilkada kecut ahok buat kompasiana ramai buka mata pro kontra ahok jadi kompasiana riuh opini keren keren kompasianer seliwer jam pro netral kontra mulai pagi pagi mulai super serius sedih penuh gelak tawa cek lihat sudut pandang unik jadi tau orang orang dukung sara tidak dukung beda orang penuh bangga rendah martabat manusia cek jabat presiden tugas bukan layan rakyat hmmm ajar baik dewasa bepikir sikap barangsiapa tinggi rendah barangsiapa rendah tinggi sumber kuat besar manusia bukan fisik letak jiwa jiwa gera anggota tubuh salam damai paskah,1,50,29,21
paham konstruksi berfikir ahok ajar kebhinekaan ahok bacot suka serang realitas bukan kampanye negatif terima tidak terima jadi antipati perilaku ahok sah bebas demokrasi terima lemah ahok dukung tidak terima cari tidak bacot tenang bawa tanding fair pilkada dki skenario nkri baik fenomena ahok kasar tidak simpatik jelas lemah terendiri ahok lihat sadar biarpun tetap teguh jalur benar ambil seringkali sebut jinak mata najwa show akhir ahok gurau sebut minum obat jadi perilaku ahok tarik ajar konteks paham dinamika psikologi pimpin ahok orang milik konstruksi berfikir lahir nilai nilai hidup nilai nilai lahir percaya pegang percaya agama budaya subyektif jelas nilai nilai pegang ahok buat ahok perilaku nilai nilai ahok pegang kristen gampang erti ahok sudut pandang kristen turun tionghoa erti sudut pandang etnis erti ahok bahasa chinese cina javanese inside alias kata tidak bahasa chinese hidup orang jawa orang turun cina beda kasus jokowi paham jokowi sudut pandang orang jawa orang solo erti teman didik barat pola pikir either or suka prabowo bas komando erti jokowi erti pola pikir both and jawani ahok sudut pandang kristen manifestasi teologi reformasi reformed theology cukup representatif indonesia pdt stephen tong tokoh teologi mirip perilaku stephen tong ahok stephen tong kenal pendeta keras suka serang kelompok pikir kristen bersih jujur padu ahok banget tiga nilai utama pikir teologi reformasi baik erti baik dukung tentang ahok paham ahok obyektif dasar wahyu hidayah revelation kali kali ahok pakai istilah hidayah milik arti wahyu revelation konteks luas iniah titik awal nilai percaya tuhan tuhan tuhan sol deo gloria mulia tuhan paham manifestasi perilaku buat nothing to lose arti tidak beban jadi berani erti lahir kata jihad luas arti berani mati nilai percaya yakin perintah tuhan paham ahok kata panggil dpr panggil tuhan siap istilah kutip paulus mati untung dasar benar teologi reformasi benar dasar konteks agama benar dasar kitab suci konteks negara benar dasar konstitusi beda konstitusi kitab suci kristen sikap tetap tunduk hormat perintah sebab ahok kokoh ambil putus yakin tidak langgar konstitusi uu hukum positif laku ambil tindak apa resikonnya manifestasi pikir negara kadang masuk arus pikir school of thought sebut just war ahok ambil sikap perang lawan korupsi tidak rasa perlu sikap manis jahat jahat rang perang kill or to be killed jadi pikir nothing to prove ahok tidak usaha bukti apa jalan misi benar berantas korupsi black or white titik sudut pandang pola pikir ahok mirip prabowo dariada jokowi prabowo tentara perang apa cara guna menang jokowi kompromi grey area jokowi mampu main dalam sistem partai hadap dpr jaga stabilitas kritik hadap peperangan lawan korupsi jadi abu abu lahir kasus kasus budi gunawan awal perintah dasar rahmat kasih karunia amanah ahok percaya rakyat rakyat demokrasi wakil suara tuhan rahmat kasih karunia harga konteks pilih jalur partai independen ahok rasa nyaman jalur independen khianat percaya teman ahok hidup kasih karunia tidak buat malas kerja keras lebih ucap syukur atas beri semangat kerja keras disalahartikan ambisi konsekuensi pilih hidup kasih karunia tidak pilih orang ahok erti konsep kasih karunia tidak jadi masalah prinsip we do our best and god will do the rest nilai utama atas pengaruh pola pikir ahok pengaruh perilaku dasar tiga tonjol ahok bersih transparan professional btp kata manifestasi wahyu benar kasih karunia ahok bukan nabi dewa tuhan kurang ahok terus ajar tidak bunuh kecoak bom cukup baygon arti ahok jalur benar rang korupsi kolusi nepotisme kkn jadi akar bobrok indonesia ahok tim ajar kurang dosis antibiotik tidak buat racun obat jalan sembuh jakarta nkri kombinasi jokowi ahok lengkap imbang istana merdeka jokowi kena serang sisi tutup ahok balai kota ahok lihat butuh jokowi tolong panggung pilkada dki brand ahok bersih anti korupsi sulit kalah orang orang baru lama rakyat indonesia cukup muak munafik baik tanpa benar tuhan tidak manusia nama tuhan diperjualbelikan indonesia cukup retorika tidak butuh basa basi waktu indonesia butuh revolusi revolusi ahok pendekar solo,1,50,29,21
ahok tantang duet maut ridwan kamil hidayat nurwahid ahok baru dapat kado warga dki jakarta pasti maju pilgub dki jakarta dapat tantang duet maut ridwan kamil hidayat nurwahid gerindra aju delapan calon pilgub dki jakarta akibat ketidakmampuan penuh kuota gerindra gandeng partai agama pks alias partai adil sejahtera sesuai sepakat calon layak maju ridwan kamil hidayat nurwahid alias emil dawah telaah tantang duet maut emil dawah akronim panggil ridwan kamil hidayat nurwahid hati gembira ria senang sentosa bahagia suka cita ngakak tawa hidayat nurwahid maju panggung wakil gubernur dki jakarta tari nyanyi dansa senantiasa tahun pilgub dki langsung lihat peta politik langsung pasti ahok lenggang ahok sapa basuki tjahaya purnama jadi calon kuat menang modal suara ahok potensi kalah tantang ahok ahok benar gandeng pns calon wakil gubernur pasti dukung alir usung etnis betawi daya rusak suara pasang dahsyat prabowo m taufik kalah ahok prioritas betapa tidak ahok usung gerindra tinggal gerindra sakit hati politik dapat obat satu kalah ahok pilgub dki jakarta cara usung calgub luar salah satu kang emil alias ridwan kamil kurang kursi usung gerindra ajak partai pas laku lawan pks calon si wani piro hidayat nur wahid klop jadi pasang emil dawah balik kuat ahok kuat incar luar kuat sembunyi jauh bumi hidayat nurwahid hnw milik kuat dukung luar dapat modal suara sumbang hidayat nurwahid rujuk oleh pks pilgub tahun besar pasang adang daradjatun dan anwar kuat luar kang emil pas tantang ahok reputasi kang emil luar disejarkan ahok risma kang emil tidak milik catat buruk usung partai agama pks tidak gatot pudjo nugroho pentol partai agama pks luthfi hasan ishaaq kang emil bersih aju gerindra modal tantang ahok pasang duet maut gerindra pks alias emil dawah gambar identifikasi duet parlemen sukses besar fadli zon fahri hamzah kuat ahok pasti engah engah sulit hadap duet maut emil dawah saing berat ahok emil dawah pasti ahok keteter keok balas dendam politik gerindra prabowo m taufik bayar selamat datang duet maut emil dawah salam bahagia ala,0,23,13,10
ahok media tantang pilih gubernur dki jakarta tiba tiba jadi sorot utama media olah posisi gubernur jakarta posisi penting utama negeri kondisi tidak jadi pilih gubernur provinsi daya tarik jakarta ibu kota negara dapat jakarta miniatur indonesia tidak sepenuh benar posisi gubernur jakarta jadi tarik media pusat jakarta media nasional jadi berita jakartasentris pandang sudut pandang jakarta joko widodo datang jakarta tarung pilkada media elu elu sikap datang pasar pasar bicara warga sep olah baru pola lama laku gubernur daerah tidak ekspos tidak media tarik berita saing pilkada jakarta program talk show televisi anton medan putus tinggal kursi anggap dialog tidak sehat wajar nara sumber dialog tantang ahok ulit ahok tanya host arah kurang ahok tanya aman jawab wajar anton medan datang acara teman ahok rasa gerah angkat kaki sama tv kompetitor tv ahok tampil wawancara ahok jawab tanya pilih jalur independen pdi p sedia dukung jawab ahok tidak dikte partai dukung gabung teman ahok asa aneh tantang ahok masalah pilih ahok tantang syukur ahok tidak manfaat mudah calon partai politik tantang lihat peluang dapat kursi calon posisi tempat ahok tidak ambil bagi besar tantang ahok masalah cara komunikasi tegas ahok ratna sarumpaet berani kata ahok salah kasus rumah sakit sumber waras turut dukung ahok nasdem tidak buru buru calon ahok aneh wakil nasdem program acara jelas kasus rs sumber waras proses serah tugas hukum proses gusur warga nilai wenang wenang jadi poin penting tantang ahok ahok nilai arogan tidak peduli nasib warga korban gusur gusur kerah aparat tni polri mudah mudah proses gusur sulit laku pilih ahok maju pilkada dki jakarta jalur independen putus besar kumpul ktp warga ahok hadap masalah hubung dprd dki pilih peran partai politik besar roda perintah putus ahok patut apresiasi utama berani buat pilih abraham lunggana alias haji lulung program talk show tv kata ahok nekat maju pasti ahok kalah nyata catat direview pilkada selesai rakyat jakarta milik karakteristik beda warga tempat kata haji lulung ahok tidak pilih gubernur dki angkat gubernur joko widodo jadi presiden ri haji lulung ingat belum warga jakarta dukung ahok maju ahok patut syukur nyata media pihak media nasional kata pusat jakarta proporsi berita jakarta besar olah berita jakarta butuh rakyat indonesia tonton tv baca koran lihat program tv milik segmen khusus berita berita ibu kota jakarta heran berita batang pohon tumbang sampai tv lihat koran sedia halaman khusus berita metropolitan porsi besar citra ahok program tv ratna sarumpaet tanya judul media cetak sebut gusur kalijodo langsung tertib ratna media laku framing olah laku ahok benar ahok jadi media darling kata laku ahok berita lihat ahok temu gulung bekas kabel nyata duga sabotase buat jakarta banjir media sekonyong konyong lahap nyata berita sabotase banjir hari pihak nyata tidak unsur sabotase kasus media pelan pelan jadi berita kasus tidak klarifikasi soal nyata ahok sabotase banjir media akan tidak peduli benar tidak ucap ahok media butuh sisi kontroversi nyata ahok nyata ahok diframing jadi kontroversi media tidak salah media kerja media harap netral proporsional berita ahok pimpin jakarta warga jakarta kata tidak peduli pimpin jakarta ahok bukan nomor sekian warga jakarta masalah macet banjir nyaman damba pimpin jakarta tidak mampu beri nyaman rakyat jakarta cenderung tidak peduli biasa buat waspada terima nyata jadi macet banjir macet banjir urai sportif warga jakarta beri apresiasi tidak heran pihak tidak dukung ahok balik anggap bijak ahok sesuai ingin popularitas ahok tidak kejar survei survei tantang serius cari jurus lumpuh ahok prof tjipta lesmana berani nyata yusril ihza mahendra cari kasus hukum libat ahok politik tidak ramal sayang tantang tidak satu lawan ahok ramai ramai pecah suara pilkada denny s batubara m ikom lulus s komunikasi politik media,1,30,22,8
apologetika ahok pinang gerindra ahoklah besar ambil resiko pecat golkar gerindrapun cadang damping jokowi dedi miswarlah calon utama damping jokowi pilkada dki waktu arti nyata dedi pilih kawan koalisi waktu pdip tamat taruh ahok pecat golkar tidak jadi calon wakil gubernur gerindrapun partai besar juang ahok ungkap bu risma kuasa tuhan pdip rasa cocok siap taruh pasang calon cadang punya resistensi besar jual pasang gubernur wagub dki ahokpun sanding jokowi ahok jadi jadi calon cawagub bukan semata mata peran gerindra ahok ngotot pilkada langsung orang orang sistem pilkada langsung jadi ahok tidak rasa khianat ahok tinggal gerindra ahok tegas awal masuk politik ingin layan rakyat bukan layan partai tuding kutu loncat anggap basi kendara politik lenceng ahok turun pindah kendara arah jadi awal masuk politik alas ahok terjun politik bosan lihat wakil rakyat tidak buat rakyat pilih pimpin pilih fokus layan dprd senang dprd tidak duli kondisi lapang ahok masuk frustasi jadi anggota dprd tidak buat sistem tutup pimpin daerah panggil layan rakyat harap ahok bangkit perintah rubah sistem pilih langsung ahok dukung dprd menang pilkada belitung rakyat percaya sosok unik sisi sara jadi langgan sasar tembak masyarakat bosan janji lacur politik ahok radang gerindra jadi dukung utama pilih pimpin daerah alih dprd mimpi ahok lahir pimpin pimpin benar benar layan rakyat bubar ahok radang tidak duli partai gerindra ahok duli hak hak rakyat butuh tentu pilih pimpin layan bukan kong kali kong dewan ahok lihat ambil resiko hilang jabat ahok sadar butuh dukung dprd sistem negara kondisi ahok tidak keluar gerindra kes tidak tahu terima kasih sadar besar ucap terima kasih bentuk ahok tantang kata terima kasih emban tanggung jawab kerja pagi lembur jakarta keras niat kerja ahok gerindra mewakafkanny dki ahok tidak punya tradisi terima kasih sistem politik balas budi komit awal layan masyarakat bukan partai ahok kata keluar gerindra bodoh hilang jabat pilih ikut keluar gerindra keluar dukung kuat gerindra lokomotif koalisi besar merah putih calon pilih kuasa dprd dprd ahok tidak jadi lacur kata ahok tidak duli jumlah dukung dprd penting selesai pekerjaanya rangka giat kerja partai ambil mimpi pilih langsung jadi tidak langsung ahok diam pura pura mati jabat nyaman jabat resistensi ganggu dprd ahok golak mimpi dprd bunuh sempat rakyat dapat pimpin benar benar mensejahterahkan daerah ahok tidak lacur prinsip tidak aman hak rakyat kebiri rangkum bahasa sampai ahok wawancara tv ahok berani betul tidak takut mati,1,15,6,9
pesta bir ahok beri contoh buruk remaja jakarta foto sebar luas lihat ahok tengah duduk sera kaleng bir atas meja makan kilas lihat tanya gubernur dki jakarta tahana pilkada dki baru selesai tenggak bir teman teman sungguh luar nyata ahok punya cara rumus sama pasu pesta miras bir salah media online sesumbar ahok aku masalah minum bir baca ahok salah bir orang mati minum bir ahok bahaya orang tenggak bir mati nyata ahok bahaya kandung unsur edukasi publik kata kata ahok ruang publik rekam memori anak anak usia sd remaja masyarakat indonesia jaga rawat tradisi agama agama ahok lagipula minum alkohol kandung unsur bahaya amerika serikat negara bapak moyang liberal beri batas warga konsumsi alkohol medis bir tum bahaya tubuh manusia baca efek buruk akibat minum bir jawab telak tanya ahok ajar agama mana minum kandung alkohol larang keras agama ajar kristen imamat tegas menjeaskan engkau minum anggur minum keras engkau anak anak masuk kemah temu mati tetap bahagi turun turun demikian islam tegas tanya kepada khamr judi kata dua dapat dosa besar manfaat manusia dosa dua besar manfaat tanya kepada nafkah kata perlu allah terang ayat ayat nya kepada berfikir qs al baqarah gubernur pimpin masyarakat sejati ahok beri teladan baik masyarakat pesta bir laku ahok jadi preseden rakyat warga jakarta gubernur suka pesta bir gimana rakyat adagium lama guru kencing diri murid kencing lari linting linting kembang masyarakat ideal pimpin ahok jadi bagi depan beri teladan rakyat bukan ahok jadi potret buram keteladaan pimpin gubernur mesti ahok hormat dimensi dimensi etik agama baik islam kristen agama apa bukan tunjuk tabiat buruk dimensi dimensi etik keagaam masyarakat komunikasi buruk kerap ucap kata kata kotor ruang publik ahok punya tabiat buruk pesta miras bir deret soal nganga depan rasa ahok figur ideal teladan pantas ahok pimpin,0,9,18,-9
ahok tolak dukung nasdem pilgub dki lama wacana politik mulai hangat kait dukung dukung bagai pihak ahok salah pihak nyata maju pilgub dki dapat dukung partai nasdem kali ketua umum nasdem kata surya paloh acara konsolidasi fraksi nasdem hotel discovery kartika plaza kuta bal kamis kata pikir hari belum jelas ahok prioritas nasdem terus jabat dki ahok tempuh jalur independen maju pilgub dki kumpul ktp bentuk dukung laku teman ahok penuh syarat hemat baik ahok gandeng partai partai politik ketimbang ngotot lewat jalur independen kecil mungkin berat juang ahok menang pilgub dki laku lewat jalur independen bukan arti tidak sih tidak tetap saran ahok gandeng partai partai politik hitung minimal partai politik dukung pilgub dki pdip nasdem tidak tutup mungkin tambah pkb partai politik surya paloh partai nasdemnya hari pikir ahok laku tidak tepat jauh andal ahok pikir bagus dki terus jabat kata surya paloh tambah jelas partai nasdem isyarat dukung ahok nyata ketua umum nasdem nasdem belum laku dekat khusus surya paloh bukan nasdem dapat hati ahok perlu dapat hati ahok ahok dapat hati nasdem kata lho lho lho jadi main hati maksud ingat hati jadi ingat asa kacau nih bawa bawa asa ahok menang pilgub rasa utang budi kader nasdem jadi anggota dprd minta minta minta kesan tekan ahok minta kait proyek proyek pemprov dki maksud surya paloh kata ahok dapat hati nasdem mending gak usah aja deh tolak dukung nasdem lewat jalur independen kira sulit menang baik ahok tempuh jalur tidak tidak dunia mungkin ahok menang dasar serah ahok dar saran dengar syukur dicuekin gak masalah,1,8,9,-1
jurus mabuk ngaco ahok bukan nama ahok tidak pandai kelit ahok basuki t purnama mulai pojok lantar kasus sumber waras proyek reklamasi laku lawan milik pandang beda lepas salah otak ahok lawan ide gagas anggap musuh lumpuh musuh ahok tidak tidak batas lulung anggota dprd dki bpk lembaga negara atas presiden anggap sebagait musuh baru singkir alas bpk musuh lantar anggap tidak beri puas kait periksa beli tanah rumah sakit sumber waras ahok radang tuding bpk rugi negara rp milyar beli rumah sakit sumber waras tanpa malu etika jabat pasang badan balik tuding bpk kerja tidak benar tanpa tendeng aling aling tuding lontar ahok sebut bpk ngaco periksa malam langsung jam tidak surut geram ahok bpk kali tuding tidak bpk kpk salah nyata ahok oknum kpk ikut kerja bpk tuju pandang ahok upaya gagal calon pilgub dki ahok malu tuduh orang luar ngaco sendiri ngaco ahok perlu periksa rsj patut duga ahok alami megalomania rasa benar hebat anggap lemah salah akibat ahok sulit terima aku salah andai putus kpk anggap salah hina tuduh kpk ngaco kengacoan ahok kritis lihat sikap ahok periksa kpk malam ahok jernih jelas putar masalah beli tanah rumah sakit sumber waras jadi ajang serang pribadi kali serang ketua bpk harry azhar azis nama masuk panama papers jelas kata masuk panama list panama papers kata ahok bicara wartawan balai kota jl medan merdeka selatan jakarta rabu ngaco ahok korek ngorek harta jabat bpk olah tuduh jabat bpk tidak bersih acapkali hindar pajak jurus ngaco pepet ala ahok hati ahok aku salah lantar gengsi malu konstituen teman ahok ngaconya jadi kebabablasan,0,10,19,-9
ahok lenggang lawan banding ata serani familiar iklan muncul layar televisi laki tanding banding iklan produk minum tidak salah muncul jumlah calon gubernur dki jakarta ikut ramai pilkada serentak februari basuki tjahaja purnama alias ahok resmi nyata maju kandidat maju jalur independen komunitas kawan ahok muda mud ahok kumpul ktp bukti dukung terus kerja target ktp partai nasdem resmi nyata dukung ahok nasdem tidak soal ahok maju jalur indepden dukung partai politik nasdem tidak beri syarat apa ahok nasdem gerak organ partai dukung penuh ahok hasil survei populi center rilis jakarta senin sirat pilkada serentak dki jakarta bakal langsung tidak seru pasal metrotvnews com turun berita hasil survei populi judul ahok prediksi menang mudah pilkada dki berita sebut warga jakarta pilih ahok cenderung tidak tahu tidak jawab masyarakat nyata belum puas kerja pemprov dki bidang tangan macet nyata tidak puas kerja pemprov dki bidang kendali harga pokok masyarakat tetap ingin ahok jadi gubernur masyarakat dukung ahok maju calon gubernur jalur independen masyarakat percaya mantan bupati belitung timur bawa ubah dki jakarta survei sebut sisi elektabilitas ahok duduk elektabilitas tinggi tingkat pilih angka tinggal ridwan kamil posisi besar yusril iha mahendra posisi tiga angka adhyaksa dault ahmad dhani sandiaga s uno elektabilitas ahok atas persen tunjuk pilgub dki jakarta datang potensi putar ujar teliti populi center nona evita hotel kartika chandra jakarta senin survei populi center ahok nilai mampu selesai masalah dki jakarta bentuk pasu orange layan rumah sakit lurah didik kriteria calon wakil gubernur dki jakarta masyarakat dki harap wakil gubernur tegas bersih kkn rakyat jumlah nama masyarakat pilih djarot s hidayat cocok damping ahok hasil survei seluruh tunjuk ahok belum dapat lawan banding jadi tanding pilkada pilkada laksana hari pilkada serentak tahun bulan elektabilitas ahok gerus bulan isu normalisasi ciliwung rehabilitasi kampung pulo gusur kalijodoh ruang buka hijau rth tutup hotel hotel tengara lokalisasi kerja seks komersial pks tutup tempat tempat hibur duga marak jadi ajang transaksi narkoba gerus elektabilitas ahok simak survei laku gusur kampung pulo tutup tempat hibur stadium isu isu gusur nampaknya tidak pengaruh elektabilitas ahok maju gubernur dki jakarta periode lima tahun datang ahok tidak peduli elektabilitasnya semata kuasa jaga elektabilitasnya ahok gencar moles citra warga jakarta jelang pilkada tidak laku bagai penggusura laku kalijodoh jadi sasar sebentar hotel hotel buka praktik lacur babat tanya stadium tidak tempat hibur tutup arti tegas tidak surut kurang hadap pilkada warga jakarta kian cerdas gusur laku ahok tidak semena mena pindah warga rumah susun jadi tidak asal gusur gusur solusi gusur ami tanah negara pihak citra orang bersih tegas berani laku anggap kontroversial tetap dapat dukung publik tegas butuh pimpin pimpin jakarta masalah kompleks sinyalemen yusril ihza mahendra ahok calon jadi gubernur dki jakarta dapat tiket maju pilih presiden sah sah pilpres joko widodo calon yakin ahok tidak maju cukup tahu tidak lawan mantan bossnya dki jokowi tidak calon ahok timbang maju capres rupa pdip lirik hitung hitung peluang ahok peluang lawan ahok menang milu dki jakarta kursi dprd pdip aju paket calon gubernur wakil gubernur partai koalisi tidak penuh syarat minimal kursi pdip bentur tokoh kader pdip saing ahok jalan rasional pdip jago ahok tanya dua muncul calon ahok dukung ahok pasang aju pdip soal pdip cukup besar hati dukung ahok laku nasdem arti biar ahok pasang kader pdip diendors pdip wakil gubernur maju calon independen pdip ambil posisi dukung sepenuh kawan ahok rela dedikasi ahok pasang calon pdip kawan ahok ambil posisi dukung sepenuh ahok ahok kenal pdip ketua umum pdip megawati soekarnoputri yakin pdip calon ahok titik pdip kawan ahok satu visi besar layan warga dki warga jakarta butuh pimpin tegas nyali besar ahok pdip kawan ahok jiwa besar tidak rasa menang kalah ambil posisi calon dukung ahok partai nasdem tunjuk contoh parpol jiwa besar jiwa besar dukung ahok tanpa beri syarat apa pimpin abdi masyarakat parpol semata orientasi kuasa abai fungsi abdi parpol parpol rakus kuasa bagai cara campak fungsi abdi tuai hukum publik milu,1,18,8,10
tidak pilih ahok sungguh orang kata ahok sukses buat kondisi jakarta baik kampung pulo tahun jadi langgan banjir tahun lumayan lepas tradisi tahun bulan warga kampung pulo tinggal bantaran kali ciliwung relokasi ahok rusun rusun sedia pemkot dki jakarta daerah jakarta rendam banjir bukit duri resiko warga belum relokasi waduk waduk tumbuh enceng gondok penuh sampah waduk pluit waduk ria rio kinclong remaja puber ruang buka hijau kian hari kian bangun ahok sebab relokasi warga tempat tanah negara pemkot dki sebentar tanah negara eks kalijodo buat ruang ternuka hijau serta jogging track lapang futsal orang bilang urus surat surat kantor kantor perintah dki jakarta tidak seribet mudah bebas biaya ahok reformasi bidang birokrasi jabat tidak kerja serius tanggung jawab mutasi tempat tidak perlu layan publik alias non job jarang henti jadi pns itu kata orang orang tinggal jakarta pandang ahok tidak buat jakarta jalan jakarta macet hari tetap macet ahok usur gusur warga miskin orang ada ahok diam kalijodo gusur bantu tni polri alexis kata parah kalijodo biar ahok ahok laku korupsi beli lahan rumah sakit sumber waras kata ratna sarumpaet acara ilc tvone hari ahok calon heru maju pilkada dki jakarta tahun jalur independen teman ahok mulai kumpul dukung warga dki kumpul ktp formulir baru cantum nama heru calon wakil gubernur formulir kumpul jumlah ribu paksa ulang yakin prestasi ahok kinclong dapat dukung penuh warga dki jakarta tetap tidak pilih ahok pilkada tidak kagum ahok bukan tidak respek sikap arogan ahok racun haters ahok bukan bukan masalah masalah tidak pilih ahok tidak punya ktp dki jakarta gimana nyolok ahok ktp aja ktp bogor,1,5,11,-6
musuh besar ahok si ahok warga jakarta ahok org pilih kepala dah khusus ibukota tinggal hitung bulan februari warga jakarta milik hak pilih bondong bondong pasuk ruang kotak suara angan angan warga final wajah coblos jadi ahok calon biasa pilkada muncul kata lawan tanding kasar sebut musuh besar musuh durasi pilih menang cundang ber peluk peluk hebat demoktrasi pancasila khas indonesia hubung belum jelas musuh ahok bahas amat profesional amatir analisa evaluasi kerja tahana incumbent hemat awak musuh besar ahok bukan lawan politik pilkada musuh ahok musuh ahok si makna hakiki muncul diskusi pimpin ahok muncul kata kalimat ahok sih bagus ahok sih tegas kerja rumah ahok teman ahok dukung ikut anut cara ilmiah tepat kurang tidak usyahlah awak deskripsi rincian nya ahok warga tahu arti ahok introspeksi tuju tidak meng eliminasi dulang simpati jadi tanggap warga baik bagus sisi ahok sesutau nan kurang elok hati bagi warga jakarta waktu jalan terus hati orang tahu dunia politik massa sungguh persepsi kembang masyarakat kuat pengaruh atas pihak teman ahok jalur independent pilih pilkada dki pihak uji berat atas ada parpol anda kalah jalur independent pihak parpol nampaknyan tidak peduli awak yakin politis parpol tidak kewibawan parpol cundang jakarta pilih parpol dukung ahok cari kandidat kuat aju lawan ahok point awak sampai jalur independent ahok cs tempuh jalan terjal kerikil tantang bentuk tikung tajam bawah jurang perlu kendara super hebat kuat canggih mampu lewat aral lintang selamat tuju ahok kerja keras peleset jadi sasar empuk lawan bijak tarik simpati lawan warga provokator pilkada simplenya hilang sederhana bukan salamsalaman td,1,21,14,7
ahok cermin celaka sejarah sejarah baru independen putus politik basuki tjahaja purnama ahok pilih jalur maju kompetisi pilih kepala daerah pilkada dki jakarta tarik tarik pilih guncang zona nyaman politis nama tarik pilih mampu usik zona sakral milik partai partai besar politik pilih buat olah siap siaga dinamit saing politik biar ahok situ tetap publik jelas lihat identifikasi kenal ahok bukan ahok ahok personal paruh masyarakat kenal basuki tjahaja purnama suami ibu veronika tan ayah nicholas nathania daud albeenner pria asal belitung timur dlsb ahok kenal publik tidak batas unsur silsilah hemat ahok kenal kenal luas publik bukan faktor genealogi ahok laku politis gubernur wilayah dki jakarta lantas ahok laku sebut khas unik ahok politis manut partai politik parpol absah uu md ahok pilih mundur partai pilih politis harap dukung parpol gerak roda birokrasi dki jakarta ahok gubernur lantik pilih jalan sendiri politis malu malu beber harta publik ahok tanpa sungkan beber harta punya eksekutif pilih damai legislatif kondusif roda perintah ahok pilih perang gaduh biar rakyat bebas melotot pimpin apatis relokasi baik mukim kumuh duduk ahok pilih maju tanpa takut hakim publik nama juang juang manusia aktual politis rapat parpol dukung kuat politis pilkada dki jakarta ahok pilih jalur independen pilih pilih antitesa lakon politis lumrah ahok bukan ahok hindar kesalahpahaman tafsir tafsir bablas coba urai maksud bukan ahok konteks urai kontestasi politik dki jakarta jelang pilih gubernur dki jakarta bukan ahok tunjuk kompetitor politik ahok baik orang parpol orang kompetitor ahok bakal calon gubernur dki jakarta parpol kompetitor ahok tunjuk partai partai politik taung dukung usung bakal calon gubernur wakil gubernur pilkada dki jakarta jauh kompetitor politik ahok gerak posisi dinamis orang publik beda jelas sudut kuat parpol publik tidak mudah beda partai partai politik terus gerak penuh dinamika publik olah biar terka nerka bingung seni politik kata abang bukan point tanggal maret putus politik ambil ahok maju bakal calon gubernur jalur orang uu nomor tahun mungkin pilih putus cipta sensasi tersendri cerita politik dki jakarta pilih tidak timbul riuh tengah publik lahir riak riak alir teman ahok paruh rakyat pihak elitis parpol pihak biar riak terus alir rakyat bantu jelas lihat posisi kompetitor politik ahok posisi ahok pilih ahok rakyat mudah beda ahok bukan ahok riak belakang muncul statemen petinggi partai pdi p statemen sinyalir muncul hubung pilih politik ahok mulai kuat mesin parpol niscaya pilih kepala daerah susul komparasi asas legalitas kelompok kelompok usung calon kepala daerah akhir deparpolisasi bakal muncul statemen statemen plus argumentasi logis surat beranta simpul konsolidasi lawan ahok hemat sah sah benar buat evaluasi ikut pilih ahok nisbi kuat mesin parpol nyata petinggi parpol atas personifikasi kuat parpol nafi kuat figur calon kepala daerah seberang rakyat lanjur paham perihal relasi simbiosis mutualis dua kuat figur kuat mesin parpol cerita biar rakyat jadi hakim hakim tentu patut percaya kompetisi demokrasi kali parpol integritas figur calon kepala daerah tantang rakyat buat pilih taruh percaya parpol kuat integritas calon kepala daerah ahok pilih jalur orang ahok mudah jalan rakyat jadi tutup biar ahok pilih idealisme biar kompetitor politik ahok pilih idealisme rakyat mesti tetap ada integritas kuat penuh sikap awas setia beri evaluasi laku utama politik apa hasil kompetisi demokrasi milik cerita sejarah politik bangsa indonesia ahok bukan cerita pribadi basuki tjahaja purnama ahok cerita semangat baru prakarsa bongkar mapan hendak ambil resiko ubah semangat mulai rayap sendi sendi hidup masyarakat umum hidup politik ahok refleksi celaka sejarah sejarah baru parsetan bebas nila deh wasalam bagas de alumnus stfk ledalero tinggal nitra slovakia,1,36,10,26
probabilitas ahok pilkada dki jakarta catat tahun basuki tjahja purnama golong minoritas pertama duduk kursi pimpin ibu kota ikrar sumpah basuki kenal ahok jadi sorot pihak bijak sifat non diskriminatif tegas tanya kapabilitas ahok atas jabat gubernur dki jakarta tahun jabat gubernur identifikasi fokus bijak ahok ahok sampai sisa masa jabat tetap upaya efisiensi birokrasi selesai polemik banjir macet jauh ahok terap sistem smart city perintah usaha tidak samping hak duduk tinggal wilayah pinggir jakarta atas banjir bijak kenal cukup provokatif larang motor masuk daerah ibu kota tuju lihat pns jakarta kerja keras transparansi naik jabat ganti kerja baru sisi insentif ahok naik gaji pns upaya tingkat performa pimpin bijak ahok liput e budgeting kalijodo rs sumber waras kerap undang pro kontra kena calon pilkada ahok sampai proses kumpul ktp duduk dki jakarta ingat maju kandidat independen wakil partai politik layang komentar sifat ragu dewasa politik ahok argumen kandidat latar bela partai politik bijak politik pimpin tidak merta benar ingat kapabilitas nilai kerja bukti tanya referensi jakarta globe globe asia s man of the year ahok indonesia s shooting star tulis anisa indah pratiwi hubung internasional unpad,1,4,5,-1
waspada pilgub calon pak ahok tidak asa tahun lewat pasuk bulan tahun tanda pilgub dki jakarta tahun nampaknya gelora pilkada dki jakarta tingkat minggu akhir jakarta ibu kota negara sosok fenomenal pak ahok pilkada dki jakarta pak ahok rencana ikut calon lewat jalur independen kumpul ktp warga dki laku rawan teman ahok jadi beda dukung tidak dipungkiri tolak bagai alas jelas tidak jelas rasa ubah jadi jakarta semenjak pak ahok jadi wakil naik jadi gubernur pura pura tutup mata tidak rasa ubah dukung pak ahok perlu waspada kait pilgub ingat babak baru politik indonesia pak ahok menang jalur independen jadi estalase politik indonesia tahu pilkada dki tidak saksi warga dki jakarta warga daerah tidak ikut pilkada rasa sorot sosok fenomenal pak ahok tidak usah lihat lawan jujur lihat lawan pak ridwan kamil sisa tidak tarik jadi bahan ketawa penting waspada dukung ahok tidak hindar hadap pak ahok rawan ahok tunjuk hasil kerja nyata tutup mata provokasi pura pura tidak lihat rawan dukung ahok tetap siaga rasa ada atas angin juang belum selesai jakarta baru rawan dukung ahok rapat baris kuat strategi banyak doa dukung ahok pilgub dki harap pak ahok tetap konsisten komitmen tetap jaga amanah jabat layan rakyat pak ahok tetap konsisten laku ubah jakarta jadi jakarta baru manusiawi jadi tarik nanti nanti cangkir teh hangat pak ahok dukung rawan ahok moga tetap solid ubah jakarta jadi jakarta baru bukan mimpi syalom,1,6,7,-1
ahok selesai amanah seteru ahok gubernur dki legislator dprd dki panas suhu politik lembaga perintah legislator kebon sirih wakil rakyat dki guna hak angket gubernur dki masalah lapor apbd dki mendagri ahok gubernur dki sore lapor soal korupsi simpang dana apbd dki kpk tanya ahok lawan mitra kerja dprd ahok selesai amanah aksi ahok jadi wagub gubernur dki tahu track record ahok jabat anggota dprd belitung timur beltim bupati beltim anggota dpr selesai ahok kapasitas anggota dprd beltim ahok mundur calon bupati belitung timur belum genap tahun kepala daerah ahok undur maju pilih gubernur provinsi bangka belitung tahun silam duet eko cahyono ahok dukung partai gurem serah pilgub menang eko maulana ali alm jabat anggota dpr ri dapil bangka belitung pileg tahan tahun ahok mundur ikut tarung helat demokrasi pilgub dki walikota solo jokowi rakyat mulai tanya tanya ahok tabiat mundur pegang amanah rakyat konteks anggota dprd beltim mundur ahok maju pilkada beltim tahun laku ahok ingat kepala daerah ambil bijak ingin ahok sejahtera rakyat eksekusi beda ahok anggota dprd beltim eksekusi ahok mundur bupati beltim maju pesta demokrasi pilgub bangka belitung tahun ahok tunjuk masyarakat jabat publik tidak jabat rangkap maju kandidat gubernur ajar politik luarbiasa ahok demokrasi bangsa kapasitas anggota dpr ri ahok mundur bangsawan pikir bangsa bangka belitung pindah partai gerindra usung cawagub jokowi momentum ahok mundur pilih presiden lama masa bhakti ahok gubernur akhir tahun momentum pilpres tahun interval waktu lama beda ahok mundur pilih bupati tinggal kursi orang nomor beltim maju pilgub bangka belitung tahun silam ahok mundur anggota dpr ri maju cawagub dki sama waktu tanpa interval lama bangsawan pikir bangsa melanglangbuana jagad politik nasional sungguh yakin ahok terus selesai masa bakti gubernur dki akhir masa jabat ganti jokowi ahok punya tugas lanjut program kerja mareka dua canang pilgub tahun masyarakat jakarta jakarta baru ahok ingin jadi gubernur wujud saat kalah pilgub bangka belitung tahun momentum ahok tampil trengginas jalan amanah rakyat dki selesai tanpa reserve tunjuk ahok kerja keras kerja cerdas kerja transparan rakyat pilih jadi pribadi banget ahok tiba tiba mundur kursi nomor pemprov dki tahu tebak hati jadi ahok mundur jokowi tawar kursi menteri pagi ahok ketemu jokowi isu resufle kabinet kerja jokowi gema selaras kerja menteri kabinet jokowi mulai jawab impi salam junjung besaoh rusmin,1,2,6,-4
ahok benci tiga alas ahok ahok sebut hoky untung minta datang harap jadi pucuk cinta ulam tiba jadi serba gampang mudah ahok tulis orang jadi sumber berita jokowi berani tegas ahok orang baru dki jakarta sebab orang gerah utama oknum jabat dki nakal orang orang main mata jabat jabat perintah dki jakarta jadi benah suka mencak mencak ahok disukaiatau benci orang lepas dukung gebrak gebrak nyata alas lihat bawah ahok vokal buat ahok suka orang cara kata keras tanpa tedeng aling aling maklum type milik orang sebrang pulau jawa bukan ahok terlau vokal gaya perintah lupa tokoh nasional sebut bapak reformasi indonesia amien rais amien rais vokal turun soeharto soeharto pidato mundur resmi amien rais undang tokoh kaliber amien rais undang amien rais undang amien rais tokoh nasional lantang soeharto lengser orang orang suara vokal ahok amien rais benar suka orang benci bukti amien rais pilpres kalah dapat suara pilih bayang tokoh turun soeharto nyata pilih banyak rakyat bagi rakyat kaget kaget gaya amien rais orang jogya kenal jawanya halus eh prontal pilih jatuh sby jenderal kenal santun ini orang suka hidup manusia vokal sepet ahok amien rais suka orang eh nyata santu orang suka ahok begaya koboy film film as tembak dar der dor beres urus belakang gaya koboy sah sah benar maaf jakarta hutan belantara film film koboy bandit ahok sheriff pistol nya kiri kanan peluru berani percaya masyarakat pilih pilkada dki jakarta enteng ahok kerja jokowi tembak bawah nakal tidak nakal adem ayem hati kata rasain lu lawan tuh ahok berani jabat nakal suka nekan bawah penting pribadi bukan negara anak buah loyal mutasi nurut jabat nakal benam tempat kering tempat basah pegang orang mudah ajak kkn dengan bukan rahasia umum orang tahu diam buat punya kuasa imbang kuasa ada atas ahok datang kondisi kondisi carut marut perintah jantung ibu kota indonesia dki jakarta sebut kandang macan beking beking ada belakang oknum nakal jabat atas kotor tenang kotor tst tahu jadi tutup mata pura pura tidak tahu sang atas dapat upeti bawah jadi kkn kronis deteksi susah bukti kwitansinya persis maaf orang kentut bau susah nyariny barang kondisi ahok masuk berani ahok hajar bawah mereka babak bur babak bur abadi yuotube tidak tiad buat orang marah kena hajar ahok bawah naka nakal tinggal diam punya beking cara main gilir ahok babak bur hajar anggota dprd dki jakarta untung ahok berani lawan tidak takut ahok yakin benar laku ahok punya kuasa jabat senjata ampuh ahok sempat ahok kata kuasa lawan kuasa lawan kuasa benar negara caut marut bilang genggam kuasa kuat ketimbang ribu benar orang kuasa apa dilakukannnya gantung niat pakai jalan baik laku jokowi ahok laku jahat laku jabat jebat korup masuk penjara ahok punya kuasa jabat benar benar laku baik indonesia skala kecil jakarta jakarta kata barometer nya indonesia jakarta aman tertib lancar indonesia kenal jadi ahok punya jabat kuasa suka ahok jabat bayang ahok belum jadi wagub takut kampanye hitam nyata benar ahok kuasa kuasa ahok bersih aparat jakarta kotor ahok koki benah dapur dapur bersih hasil makan enak siap saji rakyat indonesia umum rakyat jakarta cukup tiga buat ahok suka perkara agama turun masalah sara bahas biar ahok kerja gaya perkara orang suka biar penting jakarta utama aparat perintah dki jakarta benar benar layan rakyat bukan minta layan rakyat rakyat milik negeri layan rakyat baik baik jadi aparat layan bukan layan jadi gebrak gebrak ahok dukung rakyat rakyat suka benar adil sejahtera gebrak ahok suka preman preman koruptor jabat jabat nakal dki jakarta normal orang benar lawan jahat orang benar lawan orang baik benar baik jalan balik salah jahat jelas garis demarkasi dki jakarta benar baik perintah dki jakarta ikut jokowi ahok jokowi ahok sepakat pecat jabat ajak baik benar beres,1,65,27,38
teman ahok jadi bantal politik muka sang tahana reformasi gaung makna politik indonesia tengah alami dangkal orang arti politik upaya dapat harta duduk kuasa dapat alas dominasi partai politik lampau besar cermin pola pragmatisme dar raup untung praktis filsafat zaman klasik yunani abad tengah eropa politik tempat perspektif fundamental hubung negara rakyat negara paham bentuk hidup hakiki ideal tidak pisah karakteristik sosial manusia tuju politik mesti arah kuat nilai nilai sosial pecah problematika sosial wujud sejahtera sosial tampak kondisi modern alami rakyat indonesia geser politik ranah personal komunal upa egoisme politik politik tidak wacana populis elu elu dasar popularitas dukung sarat penting kelompok golong politik jadi bias personal masyarakat buta figur tokoh olah negara luluh lantak idola tidak kuasa wawas politik gerus sentimen sentimen pro kontra akibat simpatisan dukung bela sang idola benar salah bukan soal asal oleh kuasa politik mulai tidak esensial tonjol eksistensi heran gubernur dki jakarta ahok kata jadi jabat kerja mulia jadi jabat beda esensi layan abdi jabat bukti perilaku bak kutu loncat ahok eks jabat kendati sistem demokrasi pilih langsung sebab egoisme politik masalah pilih atas dasar popularitas sentimen selebritis tenar tidak gantung fans haters sentimen like or dislike dongkrak posisi selebritis tinggi sentimen beri eks kenal nyata laku figur politik ahok misal jelang pilgub dki tampil slogan slogan teman ahok muda mud ahok asal bukan ahok pakai slogan nuansa personal ciri figur gaya kampanye jelas depan eksistensi individual problematika masyarakat perlu hadap program program bangun tawar lewat kampanye bumbu lengkap raih dukung politik argumentasi buat tanpa analisa cenderung subyektif buntut debat kusir pura pura tidak tahu akibat sentimen kalah akal sehat rasionalitas gadai kampanye menang kubu kritik akan jadi barang haram contoh soal reklamasi pantura tertib kalijodo beli lahan sumber waras perhati sepak terjang teman ahok rabun hukum usung calon ahok gubernur tanpa jelas calon tempat posisi wakil gubenur undang undang amanat daftar pilgub pasang calon gubernur wakil teman ahok keburu koar koar kumpul dukung jumlah an februari tahun metro tv salah pelopor teman ahok terang terang sesumbar calon ahok daftar pilgub buka tidak tahu atur apes kumpul ulang dukung warga jakarta teman ahok anggap bentuk aspirasi apresiasi pemuda kerja ahok gambar tanpa kompromi partai partai politik hendak ahok tarung jalur politik benar fakta politik tampar munafik terima hadir partai politik guna istilah dukung bukan usung lagipula teman ahok intrik prakarsa ahok mengatasnamakan orang ahok coba jalur independen pilgub dki gagal pilih gerindra tunggang pilih jalur independen tidak relevan idealisme politik bersih penting partai politik idealisme soal motivasi konsistensi tuju amien rais coba jalur independen calon presiden fakta hujat tubi tubi hampir orang sebut tokoh reformasi galau calon ahok ultimatum pdip beri waktu pek partai lambang kepala banteng tunjuk pasti usung teman ahok nyata percaya ahok tetap konsisten pilih jalur independen teman ahok ekor putus ahok ikut ingin ahok maju heru pns bpkad alas kutip ahok wawancara ahok bukti pns baik jadi umpama teman ahok layak pemuda peristiwa sejarah rengasdengkok rabun sejarah ahok mengatasnamakan bangsa bingung calon harap teman ahok kumpul ulang dukung ubah bantal ahok mimpi kuasa,0,23,9,14
ahok cerita gigi vs gigi baca sepak terjang basuki tjahya purnama baca perahu kertas nya dewi lestari tulis pramudya ananta toer letup lazim cinta tetralogi pulau buruh tanpa sadar dorong jadi kutub cinta benci ahok eksperimen politik ilas habis sebut brand jabat publik baca tiga aspek ahok jadi sorot publik giat politik masa ahok hitam ahok politis kutu loncat ingat ahok kontrak rumah parpol pib golkar gerindra jadi masalah sejarah ahok parpol akhir ahok tinggal golkar masuk gerindra sanding jokowi santai tinggal gerindra konkrititas sikap tegas tolak pilkada via dprd paska reformasi hambat bijak eksekutif konstelasi politik gedung wakil rakyat lazim kepala daerah independen paksa terima realitas jadi kader parpol o k arya zulkarnain aceng fikri mantan bupati batubara garut pilih jalur orang hinggap struktur golkar solusi jinak dprd irwandi yusuf aceh diri parpol baru kondisi tolak belakang jadi kasus ahok bangkang internal parpol perilaku ahok bukan dar masalah pertama politik balas budi masalah dua aneh ahok mengobrak abrik parpol otoritas tunggal lazim putar kepala kader otoritas parpol melempem mata kader parpol degradasi jadi layak minimarket kader datang barang barang bel kader abai barangkali buat ahok hajar parpol parpol lewat kaki tangan dprd dki parpol himpun hak angket sah aju ahok isolasi resistensi kalang politis soal ahok bukan pimpin banyak tempramental ceplas ceplos jarang kompromi desak ahok balas aum gigi balas gigi ahok kenal istilah win win gue menang gaya pimpin bukan milik ahok jabat publik beda ahok punya bilik kecil bilik besar tanpa dosa ahok ngamuk ngamuk publik pns usaha ada awak media tidak surut aksi pelak aksi ngamuk ngamuk publik brand ahok jadi jabat negara emosi tukang cari musuh masalah ahok gudang bukan politis kalang fanatik pilkada dki jadi sasar tembak pimpin tionghoa non muslim pimpin daerah mayoritas islam bukan lazim ahok perlu takut dukung rill popularitas relatif bersih potensi menang tempur tempur politik cukup besar dukung dukung bagi besar anak muda didik kelas tengah mungkin besar tidak habis nafas lihat tagar tagar aju dar saveahok lebay inahokwetrust ahok eksperimen politik buat siap memback up sukses bangsa temu jalur baru manfaat gagal kembali jalan tua penuh ilalang kerikil tahi sapi sebal belum harap realisasi kacau subsidi sukses dampak gigi vs gigi program hambat ahok akal pecut pns pns kerja cepat efektif take home pay pns dki jakarta giur nada sumbang ahok tabrak kecewa rakyat atas hambat program dprd masyarakat bangkang skpd skpd lot tidak salah fakta soal ahok tiga tahun duduk kursi pimpin jakarta mulai wagub plt gubernur gubernur ajar damai siap perang bukan satu strategi bangun jakarta ahok tidak terap strategi baru misal menang tanpa perlu cabut pedang ahok dekat kalang masyarakat umum tidak coba bicara tentang stop perang mulut media massa yakin sisi seberang kalang siap ajak bicara ahok turun temperamen dekat baru tanpa turun kualitas program program sodor tentang tolak politis brand ahok tingkat ahok dprd dukung kebul mesin mesin pilkada dki jakarta masyarakat jakarta letih lihat riuh tingkat pusat provinsi program program ahok rasa manfaat tentang sejati,0,14,13,1
ahok memelas ahok ujung tanduk pilgub dki paket jokowi ahok simulasi gagal politik agama praksis demokrasi indonesia jakarta miniatur demokrasi indonesia pilgub dki simulasi demokrasi beri simpul kapling agama daya pengaruh pilih politik rakyat atawa jadi agama iman privat geser agama iman publik yakin figur bersih korup inti doktrin agama bukan saleh simbolik pagar identitas agama ktp bagai corak langgam andai copy paste prilaku agama klaim benar tarik ahok coba untung baru meng engine simulasi demokrasi tanpa partai pleton perang simulasi ahok teman ahok sukses partai partai siap mundur lambai tangan lewat daun telinga angkat bendera putih medan demokrasi menang ahok tanpa partai politik kelak hela yakin rakyat partai penting sistem demokrasi demokrasi langsung temu postur asli partai politik cuma lengkap derita lengkap uud untung tiada rugi paruh orang sinis bilang rugi praktek busuk parpol terenyuh baca komentar ahok salah berita kompas edisi maret judul putus maju jalur independen nasib ahok ujung tanduk baca putus maju jalur independen nasib ahok ujung tanduk komentar kompas ahok naga naga pd maju lewat jalur independen judul berita merta buat larut ter enyuhan lantas tanya ahok galau ilmu lama cara ahok mantik empati publik benar benar galau ahok mesti perlu ahok demonstrasi media partai rasa jasa datang jawab gundah ahok kendati ahok teman ahok konsisten sandera suasana kelak sandera parpol teman ahok kerja keras perlu kaki atas tangan bawah peras keringat banting tulang sangkut adagium lama amerika sono kaga ade makan siang gratis cang dukung partai linier harap reguk insentif politik mau ahok atur atur surya paloh mega puan arb yah wes pergi sono mulut partai nganga tinggal tel hok ahok keras kepala tukang lawan nomor sepatu tolak atur bakal frontal lawan sesuai isi dompet ups maksud isi hati kepala ahok rasional pimpin sakin rasional ahok tahan atmosfer politik susun atas kelas kelas patron klien ahok ga tahaaaannn feodalisme sistem parpol akar kuat ahok tahan badan budaya setor endemik parpol tanya hok jabat wani piro kira kira simulasi contoh hok kuasa tidak partai langsung tenaga syukur sykur partai nasdem buang badan gratis ahok demokrasi mahal soal dukung dukung alat konversi adagium kaga ade makan siang gratis ahok pasu berani mati moga tidak mati konyol jadi umpan peluru masuk jebak nyaman parpol cara ahok kais untung demokrasi tanpa partai perlu diancungi jempol jempol tangan jempol kaki jujur kadang suka kadang suka sikap watak individu ahok wajar manusiawi suka sikap ahok laki laki tulen takut takut maju pantang mundur tanpa partai tanpa partai belakang ahok memelas minta dukung partai nama jilat ludah buang wes sono,1,26,11,15
cara ahok harga teman senin siang balai kota dki jakarta komunitas rawan dukung ahok nama teman ahok pertama kali temu gubernur dki jakarta tahun sukarela kumpul dukung warga dki jakarta bentuk formulir dukung lampir fotokopi ktp ahok syarat calon orang independen maju pilkada dki jakarta teman ahok belum temu ahok terus terus lama gencar laku giat kumpul ktp dukung ahok posko sebar wilayah dki jakarta jasa kirim kurir hasil gembira berkat sungguh kerja keras cukup militan teman ahok hasil kumpul dukung lampau syarat minimal calon gubernur dki jakarta maju jalur independen september mahkamah konstitusi mk menggabulkan mohon fadjroel rachman kawan kawan uji materi pasal ayat undang undang nomor tahun milu ubah tentu dalam dasar pasal tentu syarat calon independen kepala daerah provinsi duduk jiwa kumpul dukung warga provinsi sangkut minimal persen jumlah duduk provinsi dki jakarta duduk jiwa teman ahok mampu kumpul minimal dukung tidak mk putus tentu ubah jadi persentasi dukung minimal bukan jumlah duduk jumlah daftar pilih tetap dpt pilkada dpt pilkada dki jakarta jumlah jadi teman ahok cukup minimal dapat dukung ahok fakta artikel tulis teman ahok hasil kumpul dukung lampu jumlah dukung lampu jumlah suara oleh partai politik milu legislatif dki jakarta temu teman ahok ahok balai kota atas juru bicara teman ahok amalia ayuningtyas kunjung maksud yakin ahok tetap maju bursa calon gubernur jalur independen amalia ayuningtyas muka khawatir lihat mulai gencar manuver politik parpol mulai incar ahok iring populer ahok mata warga dki jakarta amelia potensi jebak ahok pak ahok dukung rakyat bukti kumpul ktp lebih syarat minimal calon independen yakin ahok sanggup genap dukung ktp jelas buat parpol was was teman tidak pak ahok jebak main politik parpol tegas amalia amelia kata ahok janji tetap komitmen mula tetap maju jalur independen lihat jumlah dukung hasil kumpul teman ahok pak ahok pasti maju independen teman ahok soal parpol dukung beliau sila jelas ahok tetap maju papar amalia semangat teman ahok tekad terus kumpul dukung bentuk ktp capai minimal dukung syarat tetap ahok mengdeklarasikan pencalonanannyua jalurindependen amelia sampai kesan oleh kawan kawan teman ahok temu makan siang bincang bincang ahok obrol ahok teman ahok jalan cair ada suasana makan siang cukup formal sempat rawan teman ahok cerita alam alami proses kumpul ktp pak ahok orang senang baik baru ketemu beliau welcome datang mudah mudah jadi semangat depan tutup amalia tulis ahok minta komentar temu teman ahok kata tangkap khawatir teman ahok soal potensi tinggal jalur independen pilgub dki pindah rangkul partai politik ahok goda rayu maut partai politik tinggal dukung susah payah kumpul banyak dukung teman ahok khawatir tidak jaga komitmen jalur independen kata ahok balai kota jl medan merdeka selatan senin malam dengar ahok partai semangat alas teman ahok minta temu ahok balai kota rasa capai target ribu ktp dengar partai tutur ahok ahok yakin dukung dukung tetap independen ahok tetap ada jalur independen ahok kecewa dukung kasih semangat takut pikir kerja kumpul ktp sia sia tutur ahok detik com komitmen ahok hadap dukung temu januari bukan baru pertama kali lontar publik kali nyata harga setinggi tinggi teman ahok sungguh sungguh kerja keras cari dukung untuk maju pilkada dki keluar partai gerindra ahok tidak punya partai basis politik maju calon gubernur pilkada dki bentuk teman ahok murni ratus persen ide sukarelawan lihat integritas jujur dedikasi abdi ahok tinggi warga dki tanpa pamrih pribadi apa tegas konsistensi ahok berantas korupsi tata ulang jadi jauh baik jajar pemprov dki jakarta bentuk teman ahok sukarelawan muda tanpa tahu ahok dua belah pihak belum komunikasi bentuk apa temu langsung temu januari atas tidak punya partai basis politik satu jalan ahok ikut pilkada dki jakarta maju jalur independen pasti ahok penuh syarat tetap undang undang teman ahok tahun kerja keras mulai galang dukung ahok nyata dapat hasil luar ulas atas ahok apresiasi juang teman ahok komitmen tetap maju jalur independen cita cita baik ahok teman ahok januari balai kota ahok sekian kali nyata penghargaaannya teman ahok aku juang teman ahok bukan mudah bukan ktp kumpul dukung isi formulir dukung lengkap tandatangan asli lihat cara susah banget pikir ktp masa harga ucap teman ahok ahok menep kabar edar perihal gandeng partai politik masuk pdip lihat dengan nyata teman ahok pihak tidak tampik partai politik dukung visi misi tribunnews com khawatir teman ahok ahok goda rayu partai politik tinggal jerih payah gabung partai politik oleh dukung politik pilkada dki cukup alas iring populer ahok mata warga dki jakarta hasil survei tahun belakang kait elektabilitas calon pilkada dki ahok unggul selisih persentasi jauh lebih saing misal contoh kini hasil suvei centre for strategic and international studies csis umum senin januari kemarin kategori elektabilitas belas nama ahok ridwan kamil tri rismaharini adhyaksa dault hidayat nur wahid tantowi yahya abraham lunggana nachrowi ramli alex noerdin djarot saiful hidayat djan faridz sandiaga uno mayoritas responden persen memlih ahok ikut ridwan kamil persen risma triharini besar persen kategori mantap pilih dki jakarta persen responden aku mantap pilih bagi besar ahok kategori tunjuk pilih partai pilih legislatif tetap pilih ahok gubernur dki jakarta ahok tidak usung partai politik sama partai politik lembaga tingkat percaya publik rendah survei persen turut dorong dukung ahok maju jalur independen teliti csis arya fernandes metro tv januari kata alas publik pilih ahok pertama ahok dengar suara publik tarung jakarta penting kandidat mampu baca persepsi perilaku publik dengar suara kandidat mampu baca sulit lawan tahana ahok tahana tingkat puasa atas persen survei persen publik jakarta aku puas kerja ahok puasa tampak program unggul terima publik misal program publik nyata tidak puas puas misal layan sehat muas ubah banding perintah bangun infrastruktur transparansi birokrasi jauh baik tanpa survei survei perhati fenomena fenomena jadi masyarakat dki jakarta rasa dukung ahok pilkada dki datang lama besar heran sebut partai politik mulai serius upaya tarik ahok gabung dapat dukung politik misal partai nasdem januari acara hotel discovery kartika bal ketua umum partai nasdem surya paloh terang terang kata partai siap dukung ahok pilkada dki hari belum jelas catat ahok pilih prioritas partai nasdem terus jabat dki kata surya paloh metrotvnews com nasdem ahok populer pdip lihat rapat kerja nasional rakernas pdip jakarta januari nama ahok sebut megawati soekarnoputri pidato politik serta rakernas sambut tepuk tangan sorak sara riah lebih nama nama nama sebut megawati ahok kata sambut riah milik hubung baik pdip teman teman partai hubung baik bu megawati hubung baik ucap ahok hall d jiexpo mayor jakarta tempat langsung rakenas pdip minggu tanya wartawan pasti maju pilkada dki ahok tetap konsisten kata maju jalur independen belum pikir maju partai politik masuk pdip dukung silah dukung pdip calon teman ahok kerja keluar duit kata dukung lanjut ahok merta datang ahok tegas dukung lantar kenal politikus pdip sambung ayah gabung partai raya hut ketua umum pdip megawati soekanrnoputri selenggara sederhana bilang sentul bogor jawa barat januari siang popularitas dekat ahok megawati kader pdip lihat sempat acara megawati bagi tumpeng tamu masuk jusuf kalla ahok gilir ahok suasana pesta tiba tiba ubah riah tepuk tangan ria ahok ahok ahok jadi bintang pesta hut megawati sudut jalan serta pesta ikut jabat tangan minta foto kompas com nyata ketua umum partai nasdem surya paloh ahok akrab ahok pdip megawati wajar muncul spekulasi ahok gandeng partai politik utama pdip berulangkali ahok nyata tetap pegang komitmen maju jalur independen teman ahok tanpa menep dukung partai politik asal misi visi dengan bagai hasil survei bagai opini edar masyarakat dunia maya kata publik jauh senang ahok maju jalur orang independen sikap muka persepsi publik partai politik umum lanjur rusak publik khawatir ahok ikut rusak hasil rangkul partai politik mana ahok oportunis gila jabat sejati besar mungkin goda hebat goda partai politik gabung capai cita cita jadi gubernur dki jakarta periode datang tingkat elektabilitas tinggi tambah kuat politik partai dukung partai besar nasdem pdip koalisi hasil rangkul ahok parpol parpol utama parpol gabung koalisi indonesia hebat ikut tarik gabung betapa luar dukung politik oleh ahok besar peluang menang pilkada dki datang kuat dukung partai politik peluang untung besar oleh ahok oportunis gila jabat sejati kejar jabat penting pribadi tidak harga juang teman ahok khianat lupa tinggal sendiri ktp dukung oleh susah payah gabung partai politik buat bagai alas ala jabat hipokrit benar tindak ahok bukan oportunis hipokrit gila jabat sejati tetap tahan goda partai politik tetap prinsip komitmen tetap setia rakyat dki jakarta langsung rakyat percaya tentu pimpin besar kuat apa partai politik masuk gabung lawan ahok dipastikamn ahok tetap menang pilih rakyat pimpin langsung bukan partai politik tejadi pilkada dki partai politik besar tengah satu padu pasang calon lawan jokowi ahok dukung pdip partai gerindra menang besar oleh jokowi ahok ahok punya komitmen moral tindak hina dapat dukung parpol khianat teman ahok tahun belakang terus juang sukarela kumpul dukung baik pegang prinsip moral tetap bersikukuh pegang komitmen maju jalur independen teman ahok rakyat jakarta kalah menang partai politik jadi khianat ulang kali ahok nyata komitmen tetap maju jalur independen komitmen ulang hadap teman ahok temu langsung pertama kali januari balai kota ahok janji teman ahok mengdeklarasikan maju jalur independen teman ahok hasil kumpul ktp dukung cara ahok harga teman teman ahok teman teman warga dki jakarta punya prinsip visi misi ahok ubah jakarta jadi jakarta baru birokrasi bersih abdi sepenuh rakyat jakarta jakarta moderen disiplin patuh hukum perikemanusiaan,1,71,38,33
istana nasdem hanura dukung penuh ahok pkb pdip susul ahmad dhani tamat istana penting dukung ahok perintah ibu kota jokowi jadi ri mantan dki kerja ahok lihat jelas ahok orang tepat pimpin ibu kota jokowi istana istana ibu kota joli penting pimpin orang dukung jokowi jadi ri akhir tahun ahok jadi dki awal tahun publik lihat baru kali progresif masif tata wilayah ibu kota ingin jokowi tata ibu kota cepat jadi dki jadi nyata tangan ahok jadi terang hasil ahok tata ibu kota jakarta hasil jokowi tingkat pusat indonesia umum pilkada dki datang jelas jadi tarung ahok tarung istana ahok gagal jadi dki jadi pukul telak istana kendali jokowi jelas jelas ibu kota pimpin tidak jalan nawacita jokowi tentang jokowi jadi duri daging perintah jokowi jokowi tidak bayang sosok ahmad dhani pimpin ibu kota ahmad dhani sosok tentang jokowi pilpres sosok artis mulai turun tangga angkat pamor jadi politis mie instan lihat program ahmad dhani gagah gagah buat ibu kota situasi ruwet mumet jokowi tidak bayang sosok yusril ihzra mahendra hasil pimpin ibu kota yusril salah tentang keras jokowi sosok yusril lihai licik perkara hukum sibuk bangun citra dki incar kursi ri yusril jadi dki panggung terus hina jokowi presiden kapasitas walikota laku cagub adhyaksa daud sosok kenal omdonya omong doang publik ingat etos kerja adhyaksa menpora era sby jadi menpora minim gebrak minim terobos minim kreativitas sby mereshuffle adhyaksa ganti sosok andi mallarangeng jerat korupsi hambalang adhyaksa daud jadi gubernur dki panas isu isu sara utama kait agama publik ingat adhyaksa daud minta ahok ganti agama oleh dukung cagub sandiaga uno istana lihat sosok sandiaga uno belum yakin publik kapasitas kredibilitas pimpin ibu kota benar usaha sukses pimpin ibu kota beda sandiaga uno perlu uji jadi kepala daerah tempat laga ibu kota istana jadi sandiaga uno dki judi jadi alas elektabilitas sandiaga uno lihat stagnan mata publik buat gerinda lirik calon komjen budi waseso calon pimpin ibu kota dapat dukung istana hasil jadi dki orang ridwan kamil bandung tri rismaharini surabaya istana pandang orang aset daerah risma jadi gubernur hebat jawa timur ridwan jadi gubernur dobrak jawa barat adu risma ridwan kamil ahok jakarta buang sempat emas orang kalah hilang sia sia kontribusi bangun negeri dapat masuk jokowi ridwan kamil batal maju jadi cagub dki risma ulang kali kata tidak laga dki tarung rebut dki jadi isu panas negeri tidak elak seteru kih kmp jilid ii ulang rebut dki ibu kota jadi arena laga rebut penting bagai partai konglamerat jenderal politis senayan jadi daya tarik hiruk pikuk luar mulai lihat tarik amat dukung dukung nyata alir ahok belakang ahok jelas presiden jokowi presiden jokowi luhut panjaitan sutiyoso menteri usaha dpr jegal ahok lewat revisi uu pilkada istana langsung teriak kencang buat nafsu dpr jadi ciut jokowi istana dukung penuh ahok jadi gubernur dki periode dua partai partai dukung jokowi nasdem hanura ikut dukung penuh ahok nasdem hanura jelas punya tiga alas dukung ahok pertama kerja hebat ahok tata dki buat visi dua partai realisasi dua nasdem hanura ikut dukung jokowi ingin ahok dki tiga nasdem hanura ikut dukung ingin publik ingin ahok jadi dki dukung penuh istana nasdem hanura dukung publik alir ahok bukti ktp hasil kumpul teman ahok tidak ulang ktp capai bulan maret ktp hasil himpun teman ahok ahok heru target bulan juli kpt ahok heru dukung riil ahok tuduh lontar ahmad dhani ahok kata empat konglamerat dukung penuh ahok perlu cermat pintas tuduh ahmad dhani tanpa fakta publik tahu konglamerat ada belakang ahok konglamerat jelas penting ibu kota maju tangan ahok ibu kota bebas macet bebas banjir jelma jadi kota metropolitan standar dunia bisnis bisnis umpama property mall hotel sewa kantor dongkrak harga dukung ahok sunyi senyap soal dana konglamerat bantu ahok tidak langgar hukum laku gebrak ahok basmi mukim kumuh gusur pkl liar kes usir orang miskin kota keluar relokasi rumah susun elak bangun kota standar dunia ahok punya solusi manusiawi masyarakat miskin kota beri bagai kartu beasiswa transportasi gratis bantu modal dapat dukung konglamerat bentuk csr terus tagih ahok kota jadi tata baik konglamerat orang kaya ibu kota dapat untung istana nasdem hanura teman ahok warga lihat dukung penuh ahok fakta bagi besar media ikut dukung ahok lihat gencar ekspos bagai hasil ahok bangun ibu kota media media online lihat jadi ahok media darling tarik berita media dukung ahok bukan tanpa alas jelas kerja ahok bagus dki buat media simpat ahok dukung pkb pdip pkb pdip jelas susul dukung ahok ego pdip tinggi empat alas pkb pdip dukung ahok pertama faktor sulit dapat lawan tangguh lawan ahok padan waktu tinggal sisa bulan buat partai tidak punya pilih dukung ahok dua faktor jokowi pkb pdip dukung utama jokowi jokowi hasil yakin dua partai dukung ahok tinggal waktu momen pas nyata dukung ahok anak sayang mega ruhut sitompul alas tiga pkb nasdem faktor hasil ahok dki masa partai tidak ambil resiko tantang arus ingin publik empat kmp gerinda pks ppp golkar usung yusril pkb pdip solid dukung ahok seteru pilpres ulang catat kubu agung laksono romy kalah munas kubu agung romy menang munas golkar ppp nyata dukung ahok ikut ingin jokowi jadi ahok dapat dukung penuh istana nasdem hanura teman ahok media dukung sunyi senyap konglamerat yusril dukung gerinda pks ppp golkar nota bene kmp catat hasil munas atas pkb pdip ikut usik dua partai nyata dukung ahok laga head to head calon usung kmp jadi kenyataaan lihat tarung kih vs kmp jakarta luar seru pkb dukung ahok cagub ahmad dhani tamat salam kompasiana asaaro lahagu illustrasi gambar,1,26,31,-5
ahok kian tohok kalo warga dki warga indonesia umum termehek mehek ahok gandrung ahok bawa bawa ranah sara warga murni pesona spontanitas ahok warga pesona orisinalitas ahok jadi kalo dbawa bawa ranah sara tidak ngena ibarat sakit kepala lha garuk lutut jelas tidak nyambung arti tidak tokoh kaliber ahok jelas tidak indonesia punya gudang tokoh hebat ahok soal rasa betul warga demen gaya perintah ahok kira kira kalo ibarat gaya ahok mirip lagu cita citata judul sakit tuh booming lho kalo jawara bagai penjuru nusantara bondong bondong ibukota ngadu nasib lawan tahana kaliber ahok mungkin menang tipis ikut ikut numpang beken bukan arti jawara kalah kualitas banding ahok murni soal selera betul warga suka gaya ahok elok tim sukses jawara menghindai politik halal cara politik cipta konflik horisontal tuju dar menang apa resiko pilgub dki baik sikap ajang kompetisi penuh gairah fun tidak perlu sikap serang jurus arah personal arah sara baik adu program buat jakarta baik misal atas mukim liar atas dagang kali lima bikin macet jalan atas parkir liar bikin macet jalan atas sampah penting program atas apbd dki jadi bancak ahok laku agam terobos hasil luar biada bagus beri sempat ahok pimpin dki periode bukan arti jawara kurang kualitas sabar tahun pilgub selamat kerja ahok jakarta indonesia umum terima kasih kerja keras ahok jajar,1,15,13,2
duet ahok ridwan kamil simbiosis mutualisme jokowi sampai presiden jokowi ridwan kamil rk buat ubah haluan nyata tidak sedia maju calon gubernur wagub dki jakarta hadap ahok nyata rk kandung nyata sayap tidak maju dki sisi sirat untung rugi nyata hadap ahok salah kalah otomatis salah prestasi kalah jadi nganggur runut rk kalah lanjut calon pilgub jawa barat tahun arti selisih tahun pilgub dki jadi tidak alas nganggur kekahwatiran rk kalah dki pamor redup akibat fatal pilgub jawa barat imbas kalah jelas temu bicara bahas hitung politik hadap ahok tahana tidak milik prestasi kurang tidak signifikan jadi bukan alas tidak enak si a si b politik bukan urus asa urus untung rugi kalah menang jadi timbang rk berat menang hadap ahok pihak ahok kabar gembira strategi main ahok teman ahok nyata ubah beda pantau pasti rk maju tidak anda rk maju ahok kolaborasi pdip tetap wakil si kumis djarot tidak pdip usung hadap pasang pihak ahok pihak rk nama sia sia kalah konyol rk tidak maju ahok atas angin waktu percaya ahok deklarasi teman ahok lewat jalur independen pupus harap pdip usung ahok tinggal dukung anda pdip nasdem jiwa besar ikhlas penting menang sukarela dukung ahok sodor si kumis djarot tidak pdip usung ahok bebas cari calon wakil bobot kader partai rk tarik ahok presiden tidak ikut campur urus pdip ahok urus ahok pilih calon wakil ahok minta ahok otomatis mungkin besar rk sodor presiden kemarin masalah untung rugi head to head ahok ini masalah pasang prestasi prestasi ahok rk mungkin besar jadi pasang ahok rk jokowi diam tidak tolak tahu hubung jokowi ahok rk sangan jalin baik baik perintah personal jumpa istilah simbiosis mutualisme hubung untung arti untung bangsa negara hubung rk tidak tolak rk dapat untung besar upa warga dki terima track record peluang menang besar suara siap balik celana kaki kiri rk asa bawah kursi wakil gubernur balai kota belum pilgub jawa barat menang dki tidak usah kampanye bobok nunggu waktu lantik jenjang politik lompat jauh tinggi banding gubernur jawa barat jokowi duduk gubernur dki kemarin nilai jual dki jadi tinggi barometer tinggi provinsi kata dki ri karir politik lesat cepat tahun banding pilgub jawa barat tidak repot repot tahun ahok capres cawapres otomatis naik jadi gubernur dki bilang ahok ketiban pulung jelas masuk salah tokoh nasional jawa barat tetap tokoh daerah populer sukses hari berita tv nasional tambah popularitas tambah alam politik modal jenjang politik tinggi warga jawa barat bangga warga kota bandung punya putra daerah hasil tingkat nasional jadi rk tidak ragu damping ahok bukan minta minta ahok tarik ahok damping alas kelak anda tanya warga bandung keluarga kolega jalan simbiosis mutualisme tidak langkah adu contoh ahok rk head to head jokowi pilpres atur tingkat misal jokowi saudara pertama ahok saudara dua rk saudara tiga jadi lang tahu bantu tolong untung untung bangsa negara,1,19,16,3
maaf pdip tidak dukung ahok peta politik pilgub dki jakarta pampang nyata prediksi kandidat ahok yusril djarot ahok umum maju independen ahok tahu pdip usung djarot saiful hidayat wagubnya lihat nyata ahok kata tidak lolos verifikasi ktp gagal lolos cagub ahok proklamasi jadi jurkamnya djarot nyata ahok kuat minta megawati ahok baik hati djarot aneh tanda tanda pdip tidak dukung ahok pampang nyata bagai media sayang kompasianer yakin pdip dukung ahok yakin tidak masuk akal runtuh demokrasi bedah akal waras konteks pilkada dukung beda usung catat tinta tebal dukung beda usung dukung ahok arti pdip partai menang milu satu partai usung calon tanpa perlu koalisi lepas atribut parpol dukung ahok pdip lepas baju parpol tampil individu individu bebas parpol daftar kpu ahok maju independen tanpa libat administrasi parpol masalah daftar jadi tanggungjawab kandidat sepenuh usung arti syarat administrasi daftar cagub kpu jadi tanggungjawab parpol parpol tampak wajah asli jadi jelas beda dukung usung jelas menang milu satu parpol usung cagubnya tanpa koalisi tidak alias impossible pdip dukung ahok deklarasi pasang heru maju lewat independen pdip menang milu satu parpol usung cagubnya pilih dukung ahok pasti percaya rakyat parpol runtuh pdip jamin runtuh hancur keping keping kata dunia parpol usung calon pilih dukung calon independen mustahil bin mustahal jadi buai opini sesat dukung ahok panik tidak rasional jadi jelas pdip dukung ahok tidak alias mustahil ahok milik peluang usung pdip syarat sinergi teman ahok pdip syarat penting ahok ikut syarat tahap jaring laku pdip ukur langsung dukung akar rumput pdip ahok tanpa usung pdip peluang ahok menang kecil pilkada dki mudah tebak ahok usung pdip djarot arti pilkada selesai pdip partai menang milu milik basis massa kuat kantong kantong miskin jakarta ahok milik daya tarik sendiri kelas tengah atas kelas tengah atas masyarakat miskin satu ahok juara ahok tetap nekad maju lewat jalur independen teman ahok peluang ahok menang kecil alas sederhana basis dukung ahok anak anak mal kelas tengah atas malas datang tps ngumpulin ktp tidak guna ahok tradisi kelas tengah malas datang tps tidak ubah jokowi bukti blusukan datang langsung kampung kampung kumuh miskin kota sukses jungkal foke alas sederhana masyarakat kampung kampung kumuh miskin kota mudah mobilisasi datang tps dar ingat golput dki jakarta capai dominasi kelas tengah atas pilih libur datang tps jadi yakin ahok menang pilkada dki jakarta bangun bro,0,13,20,-7
investasi sosial ahok pilih gubernur dki jakarta baru laku tahun datang pusat data satu pdb laku survei kait layak tarung tiga tokoh anggap layak basuki tjahaja purnama ahok tri rismaharini ridwan kamil survei pdb sebut posisi atas tempat basuki tjahaja purnama ahok prosentase persen posisi dua tempat tri rismaharini persen akhir ridwan kamil dapat persen nampaknya belum tokoh mampu kalah elektabilitas ahok tanpa sadar bagai gebrak laku ahok hari akhir tingkat elektabilitasnya bijak guna transportasi trans jakarta tj gratis siswa pegang katru jakarta pintar kjp bijak beri anggota tni polri ahok rencana beri uang saku besar rp uang makan besar rp anggota tni polri ikut aman kerja bakti bantu pemprov dki jakarta bijak ahok dapat simpati besar masyarakat bukan pegang kjp orang tua keluarga tni polri masyarakat umu dapat ahok betul betul kerja sejahtera masyarakat tinggal jakarta ahok lontar gagas warga beli tiket tj guna kali kali arti pergi kerja guna kebal tiket pulang gratis alas bantu tingkat sejahtera warga jakarta bijak benar realisasi pasti jelang pilgub dki jakarta tahun persentase elektabilitas ahok terus tingkat tidak pasang calon mampu kalah ahok pasang pilkada dki datang saing ahok tri rismaharini maju pilkada surabaya saing ridwan kamil belum parcaya lawan ahok jadi tanya bijak ahok mungkin jumlah bijak sengaja tarik dukung simpati masyarakat jakarta pilgub datang tulis yakin politis kawak ahok buat bijak investasi sosial menang tarung pilgub datang arti buat baik masyarakat sang pimpin tanam kinvestasi besar gua raih dukung perlu tanpa perlu keluar dana pribadi besar sarana citra pempimpin manfaat uang negara penting kroni langkah ahok tiru kepala daerah incumben menang tarung pilkada jalan putus mahkamah konstitusi boleh keluarga tahana ikut laksana pilkada anggota keluarga kerabat kelompok tahana ikut pilkada tanpa tunggu jeda periode jabat arti ahok pimpin dki jakarta dua kali besar mungkin saudara kandung ahok pimpin dki ahok politik dinasti terus jadi negeri,0,16,3,13
sila bawa ganjar risma jakarta gubernur jawa tengah ganjar pranowo wali kota surabaya tri rismaharini sebut sekretaris dpd pdip dki prasetio edi marsudi masuk kader potensial usung pdip pilgub dki sebut djarot saiful hidayat wagub dki boy sadikin ketua pdip dki kata pdip satu parpol partai politik usung calon cagub cawagub tanpa koalisi parpol dua cagub cawagub pdip punya hak detik com pasang calon gubernur usung pdip ganjar risma benar pasang calon gubernur usung pdip sila bawa ganjar risma tidak larang pdip bawa kader jakarta ketua dpp pdip andreas hugo pareira sebut nama ganjar risma potensial tanding ahok ketua dpp pdip djarot saiful hidayat kata ahok hati hati tempuh jalur independen sampai pak ahok hati hati jalur independen rawan gagal rawan detik com dapat pdip hati hati rawan ragu mampu teman ahok kumpul jumlah ktp sesuai target ahok lolos verifikasi calon gubernur dki lewat jalur independen bulan juni batas akhir capai target kumpul ktp beri ahok cukup lama bukan teman ahok penuh target kumpul ktp ahok heru budi hartono lolos verifikasi lewat jalur independen mungkin besar masyarakat dki jakarta muak partai partai politik ada belakang pdip parpol satu keroyok ahok bukan masalah besar muak satu hal parpol parpol sisi tidak tutup mungkin muncul rawan rawan teman ahok mitra ahok partner ahok konco ahok bro sis ahok rawan nama abcdp asal bukan calon parpol teman ahok hasil penuh target kumpul ktp ahok pasang heru budi hartono lolos verifikasi lewat jalur independen wow asoy geboy sorak sorak gembira sila bawa ganjar risma kader pdip baik daerah datang jakarta larang congkak sombong arogan sambut tangan buka baik harap ahok lolos verifikasi lewat jalur independen takut hadap ahok nothing to lose aja menang kalah urus belakang merdeka indonesia merdeka merdeka tuju bahagia bahagia tuju,1,11,11,0
ahok adu domba jokowi yusril interpretasi ahok salah nama interpretasi hak individu jajah atas interpretasi hapus tidak sesuai peri interpretasi peri adil kabar ahok rasa adu domba jokowi yusril ungkap menanggapai nyata yusril ihza mahendra pakar hukum kenal negeri niat nyalon jadi guberniur dki periode datang kira yusril ahok menang pilgub datang ahok maju pilpres arti tantang jokowi konon maju periode ii kontan nyata dapat tanggap ahok rasa adu domba ahok nyata tidak minat ikut pilpres dukung jokowi maju sumber berita kompas com sungguh sunggguh tidak nyata yusril tidak salah buat kira hal ahok interpretasi adu domba hal gatot swandito kompasianer kenal negeri kira pebrianov incar kursi empuk panas kecam bin kriitik milik pepih nugraha kompasiana si pebrianov klarifikasi awal rasa adu domba pepih pebrianov mesti tahu jadi kompasianer centang hijau syukur tujuh turun adu domba gatot swandito pebrianov tidak abdi republik kompasiana urus politik jelang pilgub dki hangat jadi panas pihak goyang ahok waktu sisa jelang pilgub dki harap ahok suka goyang birokarsi pemprov dki bagai trobosan bijak bangun salah gerak jatuh sungkur tukang goyang ahok mesti pandai pandai pilih gerak tabuhan irama saing nada terima main cara gaya ahok tukang goyang baca saing tunggu ahok terminasi irama celaka ahok keseleo panggung saing tepuk tangan bawah panggung siap siap naik panggung lewat tangga kiri kanan tabuhan musik yusril ihza mahendra kelak muncul terus dekat hari h pilgub dki ahok pandai pandai pilih mem goyang perlu usah ikut goyang cukup mata kedap kedip dua jempol main muter tombol radio jadul gaya lihat kadir lawak srimulat mudah mudah saing kecele ketawa ngakak ahok yakin rakyat nilai ketawa saing sumbang salam goyang goyang pebrianov amat laku goyang goyang,1,14,5,9
suka warga dki ahok suka warga dki ahok hasil lembaga survei kena pilkada dki jakarta himpun liput com tunjuk popularitas tahana gubernur dki basuki tjahaja purnama hari hari panggil ahok milik popularitas tinggi banding nama nama bakal calon mulai seliwer media masa kait tarung rebut kursi dki pilkada tingkat popularitas nama basuki tjahaja purnama belum saing ahok tingkat popularitas angka persen ujar teliti csis arya fernandes sampai hasil survei kena survei pra pilkada dki jakarta calon independen vis a vis calon partai kantor csis jalan tanah abang iii jakarta senin januari hasil survei saiful mujani research and consulting smrc tunjuk ahok unggul jauh bakal calon saing direktur eksekutif smrc djayadi hanan hotel sari pan pacific jakarta rabu oktober beber ahok populer ketimbang calon lawan lawan survei mayoritas responden dukung ahok pimpin dki jakarta hasil survei cyrus network muncul emil wali kota surabaya tri rismaharini potensi jadi saing berat ahok maju incumbent pilkada dki cyrus network tanya responden tanpa beri pilih nama foto gambar tokoh hasil nama punya nilai tinggi ahok besar susul risma emil jumlah tokoh nasional wagub djarot haji lulung fauzi bowo tingkat popularitas bawah media bakal calon gubernur dki muncul muka siap tarung lawan ahok adhyaksa dault ahmad dhani sandiago uno hasnaeni moein wanita emas yusril ihza abraham lunggana hi lulung nama ridwan kamil tri rismaharini nama akhir ridwan kamil tri rismaharini nyata tidak sedia calon calon gubernur dki dasar hasil survei bagai lembaga survey atas tingkat popularitas ahok lampau nama populer sebut sebut maju pilkada dki tanya buat warga dki suka ahok ketimbang bakal calon gubernur dki ahok paham betul suka warga jakarta tanya tanya ahok adik waktu jabat bupati belitung timur basuri tjahaja purnama hari hari panggil basuri jelang pilkada belitung timur ahok bilang basuri tahana basuri untung selubung tahana masa jabat laku kampenye selubung warga banding calon soal strategi menang pilkada ahok paham betul lho menang lho penuh butuh dasar warga lho ujar ahok basuri ahok pulang kampung belitung timur sayang basuri abai ahirnya pilkada belitung timur basuri kalah kakak yusril ihza mahendra yusril nama yuslih ihza mahendra yuslih ahok pilkada belitung timur langsung duga kalah adik basuri dasar paham ahok jadi wakil gubernur dki damping jokowi mulai laku gebrak pertama tertib aparatur jajar pemperov dki pandang korup malas sadar gagal perintah era megawati enggan jabat baik pusat daerah laksana clean govermen ahok jadi gubernur dki definitif ganti jokowi tahun leluasa laku ombak jabat korup ganti jabat nilai rada rada bersih jajar pemprov dki tahu jadi butuh warga jakarta amat laku ahok kota jakarta pimpin jakarta ganti jokowi tahun ikut masalah banjir tahun tata kota masalah macet masalah jabat korupsi masalah layan ktp surat masalah transparansi anggar tertib kelompok radikal laku ahok tahun masa jabatannnya ahok ganti jokowi tahun sesuai paham ahok tahana untung bakala calon selubung dahulu laku sosisalisai temu warga dki masalah atas ahok jadi butuh dasar warga jakarta ahok jejaran pemprov terus terus siang malam usaha tanggulang soal soal klasik timpa warga dki lanjut kaji ahok jadi butuh dasar warga jakarta tanggulang mulai angka ad tranparansi anggar ahok masalah transparansi anggar apbd dki anggap ahok salah butuh dasar warga jakarta ahok sadar benar peran penting anggar atas butuh warga jakarta ahok transparansi anggar salah kunci sukses god govermen ahok fasilitas sosial bangun apbd nyata dana alih oknum korup bidang penuh butuh penting kelompok langkah awal benah jakarta ahok mulai ubah sistem anggar bas konvensional ubah jadi anggar bas e bugeting sistem anggar konvensional anggar bentuk apbd dki sifat tutup arti tahu besar anggar guna uang trilyunan rupiah jabat pemprov anggota dprd dki warga dki milik dana tidak tahu nahu sifat tutup jabat pemprov dki anggota dprd main main anggar tidak jarang penting oknum mata pasal anggar tidak bahas panitia anggar ekskutif legislatif selip anggar langsung sah sidang paripurna dprd dki contoh kasus ada proyek ups distribusi sekolah sekolah jakarta barat jakarta timur tahu kasus ups serat jabat pemprov anggota dprd dki kait korupsi kasus gulir sidang lembaga adil jakarta beda sistem anggar basa e buggeting canang ahok sistem angaran sifat buka umum warga dki pantau mbah google anggar besar dana bangun proyek buka buka umum akibat terap sistem e budgeting tidak baik jabat pemprov anggota dprd dki main main anggar kata guna sistem anggar bas e buggeting sifat buka umum awas warga jakarta dana apbd dki guna besar besar tanggulang butuh dasar warga jakarta legislator tidak berani buka awas mata warga jakarta melotot pasal pasal mata anggar apbd tidak depan anggar apbd dki harap erpihak warga dki strategi ahok kendali anggar apbd dki tikus tikus gerogot anggar target ahok mata pasal anggar selutuhnya pihak warga dki tindak suka warga ahok masalah banjir masalah banjir anggap ahok butuh dasar warga jakarta temasuk tata kota semerawut kumuh tanggulang banjir ahok jajar kerja siang malam banjir masalah klasik kota jakarta timbul tahun soal banjir soal lama dmulai gubernur dki belum atas tanggulang banjir anggap ahok butuh dasar warga jakarta ahok jajar daya upaya banjir hilang bumi betawi upaya ahok atas banjir tata rapi kota jakarta hilang sumber hambat alir air memberisihkan kali kali sampah pindah mukim kali rumah susun jakarta samping atas banjir jakarta ahok tata kota jakarta tidak kumuh semerawut akhir relokasi warga duduk lahan negara kali jodoh rumah susun lahan bekas gusur kali jodoh rencana ahok dbangun taman hijau tempat rekreasi warga murah riah tengah rancang pasar lokal beberapa lokasi jauh rumah susun tuju sedia kerja korban gusur bantaran kali kait usaha atas banjir ahok siap jumlah mesin sedot air pintu air belum lama temu eks kabel listrik sumbat gorong gorong jalan protokol istana negara susah payah ahok jajar sia sia jakarta tahun timpa banjir air cepat hilang suka warga ahok masalah macet salah butuh anggap ahok butuh dasar warga jakarta perlu tanggulang bidang transportasi macet ahok jajarannnya upaya kata macet tetap jadi antero jakarta atas macet jakarta ahok coba kurang mobil mobil berplat pribadi sedia tambah angkut umum nyaman murah armada transjakarta ahok jajarannyajuga tata ulang arus lintas kata jakarta macet perlu sadar masalah macet jakarta bukan baru kenderaan roda empat roda hari tambah jalan jalan tidak tambah pimpin gubernur jakarta ribut soal macet depan gubernur macet jakarta tidak mudah hilang kenderaan roda empat roda hari tambah urai macet coba sistem in anggap belum selesai masalah samping kenderaan milik warga jakarta nampak kenderaan seliwer macet jalan jalan jakarta kenderaan datang luar jakarta salah upaya lancar arus lintas ahok tertib dagang kaki lima penuh jalan utama pasar tanah abang hasil arus lintas pasar tanah abang lancar ahok dekat usaha tuntut usaha penuh janji bangun fasilitas umum jakarta salah ditutuntut ahok usaha bangun jalan layang beberapa titik pusat macet urai macet jakarta tertib sperti suka warga jakarta macet ahok usaha tanggulang warga maklum salah usaha ahok suka warga ahok berantas korupsi salah soal anggap ahok butuh dasar warga jakarta berantas korupsi akibat korupsi fasilitas umum tidak bangun dana guna oknum oknum jabat korup penting pribadi kelompok guna anggar bas e buggeting tikus kantor tikus negara bebas merdeka tidak daya lumpuh oknum jabat pemprov anggota dprd dki tidak main main apbd dki samping semenjak ahok jadi gubernur dki jabat pemprov gerogot proyek aju ahok kpk non jobkan tingkat kerja kurang korupsi ahok ada lelang jabat camat lurah kepala sekolah target tidak tidak buat takut oknum jabat pemrov bain main anggar layan publik tambah baik langkah ahoksperti suka warga jakarta tertib kelompok radikal sebelumahok kelompok kelompok radikal tumbuh tumbuh subur raja lela tidak kendali tidak takut segani akan lebih tegak hukum laku sweping berbgai jalan hotel hotel waktu bulan ramadhan jadi lindung jahat organisir preman tertib ahok preman pasar tanah abang preman kalijodoh gubernur tidak hasil tertib pasar tanah aabng kali jodoh langkah berani ahok buat warga percaya kepemiminan ahok langkah berani ahok babat preman jakarta buat warga percaya suka kepemiminan ahok sih pungli urus ktp surat surat soal layan ktp administrasi anggap ahok soal dasar warga jakarta era ahok urus administrasi dki tidak mudah misal ngurus ktp surat pentng tidak lama lama uang licin istilah nembak tidak alas oknum tugas sulit warga butuh layan tugas minta uang licin selesai administari tahu ahok oknum tinggal tunggu waktu dapat hadiah ahok upa non job jabat salah kompasioner nama iwan gunawan komennya gap tulis tulis aku senang datang urus lurah tidak minta uang buat warga jakarta senang ahok cacat tulis suka warga jakarta ahok warga jakarta tidak minta uang bentuk tunai cukup ahok benah kota jakarta terus terus cukup ahok bangun mudah kenyam warga jakarta cukup ahok tanggulang jadi butuh dasar warga jakarta urai atas paham ahok kebututuhan dasar warga jakarta penuh buat warga jakarta kepicut ahok ahok buat senang warga jakarta ahok buat terobos belum laku gubenur gubernur ali sadikin suka warga ahok sumber,1,57,56,1
memang benar ahok nyapres masalah elo tanya judul bukan tuju yusril ihza mahendra tuju dukung jokowi substansi tepat substansi takut ahok ahok tidak perlu marah yusril yusril sebut ahok menang pilgub dki tahun ahok nyapres tahun ahok marah tuduh yusril niat adu domba jokowi aja kale koh ahok marah marah arti koh ahok tidak langsung iya sisi koh ahok provokasi dukung benci yusril kasihan yusril udah benci tambah hahahaa pisss kidding masbro serius bro marah ahok yusril otomatis buat dukung ahok musuh yusril musuh dukung yusril tidak baik pimpin buat dukung musuh ahok sensi sandiaga uno bilang langsung tanggap ahok bilang adhyaksa dault bilang elektabilitas ahok tidak bagus incumbent eh ahok ejek kata adhyaksa dault punya elektabilitas adhyaksa kata ahok ngerti olah raga tidak paham statistic hasil survey kata adhyaksa benar ahok tidak paham baca survey akhir yusril yusril bilang ahok menang pilgub dki niat nyapres salah ucap yusril dapat yusril orang dapat jadi ahok hati mikir nyapres dengar yusril ngomong gitu tertawa bahak bahak tinggal balik ngomong ahh bang yusril becanda jadi presiden bang yusril jadi capres partai bulan bintang gitu ahok balas ucap yusril usah marah marah ko ahok buang buang energy tauu hahahaa ngomong ngomong benar sih ahok nyeletuk becanda jadi presiden masalah masbro cita cita jadi presiden haram hukum jadi hati kecil ahok jadi presiden jawab nyata yusril cukup bilang bukan bang yusril pak jokowi periode tidak nyalon pak jokowi dorong baru timbang enak dengar masbro dengar yusril ngadu jokowi ckckck gaduh melulu nih politik cerdas rakyat gitu cara jadi mikir ahok panic marah ucap yusril kayak cuman alas ahok pikir orang percaya ucap yusril jadi mungkin ikut dukung jokowi dukung jadi ogah dukung pdip dukung jadi ragu ragu jokowi tidak jadi beri restu nyagub dki kayak masbro sungguh salah besar ahok ngandalkan jokowi restu jokowi jadi gubernur dki perlu bawah bayang bayang jokowi ahok bukti dirrinya pribadi beda jokowi waktu punya brand waktu ahok punya massa prestasi punya massa dukung usah ngarep dukung jokowi tanya pamungkas masbro dukung jokowi dukung ahok hendak ahok nyapres mau masbro dukung ahok jadi pilgub jawab jujur yaa jujur dosa loh hahahaaa met malam aja sumber catat admin tulis highligt hl highligt share twitter pasang google trend tidak adil kompasianer tq,0,14,17,-3
yakin masbro ahok menang pilgub dki minggu masuk kompasiana pantau nyata kaget ubah warna colok kompasiana hari akhir asa masuk musim kampanye pilgub dki hahahay liat hari tulis tulis baru tonjol hasil hit tinggi kurang ngeh tulis tulis muda lama gabung nya merhatiin baru gabung lumayan lumayan tulis jadi masbro hari ken bikin artikel ahok putus pilih jalur independen tuju dki tahun kejut berani pikir sih nekat blunder pilgub dki tulis tarik aja gusur jekardah tahun rasa warga jakarta ken nimbrung hahaha oke masbro ikut ikut bahas pilgub dki yaa sudut pandang beda kawan kawan lihat euphoria sambut ahok laju jalur independen pilih jalur independen blunder ahok tulis tulis harap ahok dekat pdip minta dukung pilgub dki bukan ahok pdip cukup hubung zaman jokowi jadi gubernur djarot jadi wagub bukti dekat ahok pdip andai ahok sabar pdip beri restu ahok pdip punya mekanisme hadap pilkada ahok bukan kader pdip butuh trik khusus pdip usung ahok yakin trik cari pdip sayang ahok tidak sabar ahok tekan teman ahok ambil langkah duluan pasti maju lewat jalur independen ahok teman ahok tokoh dukung ahok belakang layar timbang jalur independen jalur berat liku jalur resiko pilgub dki bukan pilgub daerah daerah kecil pilgub dki tarung tingkat tinggi politis nasional ikut elit elit atas parpol maju jalur independen deklarasi awal buat ahok diri posisi jauh lingkar elit elit parpol sengaja tidak sengaja ahok lempar tantang parpol parpol saing tuju dki partai punya penting dki jakarta partai sendiri kuasa jakarta tidak serah jakarta dukung ormas rumus tidak rubah niscaya sengaja tidak sengaja ahok tantang parpol nasdem tarung pilgub dki kondisi potensi buat ahok jadi public enemy berat kompleks kontestasinya beranda andai ahok menang pilgub dki ancam lanjut tidak reda ahok tanding lawan dprd dki sempurna jalan ahok pimpin jakarta celah manfaat dprd dki lengser lewat interpelasi angket parpol soko guru demokrasi indonesia belum merdeka gera demokrasi partai tidak demokrasi tanpa partai negara maju amerika milik partai unsur demokrasi orang hebat apa orang pimpin daerah butuh dukung politik pada parpol propinsi utama indonesia tempat kuasa ada tempat uang besar putar suka parpol parpol tidak suka elit elitnya bukan parpolnya tuju diri parpol mulia jadi tidak pukul rata elit parpol brengsek kader parpol moral penting rakyat prestasi buat simpul ide deparpolisasi ide tidak masuk akal pesimis ahok menang tantang ahok bukan pdip masbro ahok berangan gerindra pks ppp ahok tidak akrab demokrat golkar akhir ahok tantang pdip menang milu legislatif dki baca pilgub dki pdip turun kader baik mungkin besar wagub djarot adu ahok ganjar pranowo hadir jakarta pdip yakin jateng tidak masalah tinggal ganjar gerindra pks turun jago mungkin besar yusril sandiaga ahmad dan adhyaksa dault tidak aju gerindra pks partai milik massa banyak dki pdip jadi pasang cagub tanding ahok lewat independen pasang lewat parpol mungkin besar jadi putar lawan ahok satu mungkin besar mampu kalah ahok kira kasar detail hitung basis kuat ahok vs basis kuat parpol menang mampu hitung basis kuat kuat lawan ahok basis kuat teman ahok rawan jumlah tidak tahu banyak jumlah ktp kumpul teman ahok minggu ktp ktp non partisan ktp bagi besar milik kader pdip milik kader partai anggap ktp ahok non partisan ktp genjot tahun capai ktp pilih cara tambah angka ahok menang sulit ahok tidak punya charisma masyarakat akar rumput ahok popular tidak akar masyarakat akar rumput tidak jokowi tri rismaharini surabaya suka ahok tidak punya ikat batin ahok tidak rakyat mudah belok pilih kampanye kampanye parpol efektif kampanye tim sukses ahok sebut swing voter faktor agama krusial tidak bilang sara luar track record prestasi masyarakat non muslim senang hati pilih ahok tidak salah warga muslim pilih calon muslim banding ahok tidak salah ahok kalah tipis faktor faktor primordial suku dominan suku jawa betawi swing voter suku mayoritas mudah arah tokoh tokoh kalah tokoh dukung buat ahok kalah sisi ikut massa parpol tanya deh soal massa pks masbro massa pdip ppp jakarta hitung duduk jakarta basis massa tiga parpol gambar lihat ahok berat menang pilgub dki tanpa dukung parpol kuat nasdem tidak percaya percaya teman ahok nasdem baik nasdem pilpres bahasa dukung jokowi tanpa syarat lihat hasil jokowi jadi presiden menteri jabat tingkat menteri milik nasdem pilgub dki bahasa nasdem dukung sepenuh tanpa syarat beranda andai ahok menang lihat tuntut nasdem ahok percaya ahok tidak tahu ahok tidak punya pilih simpul garuk garuk kepala masbro hahahaa kayak sulit ahok putar arah tunggu cagub usung pdip cagub usung gerindra pks aja masbro tulis,0,35,19,16
ahok lawan guru kalah lawan profesor bicara soal kalah menang ahok punya sejarah kalah malu peristiwa jadi dinas didik dki pecat kepala sekolah sman jakarta selatan retno listyarti kata pecat sesuai protap retno zalim pecat balik lawan aju ptun pemprov dki gugat retno kabul adil tata usaha negara ptun jakarta timur kepala perintah dki ahok cundang retno kalah telak adil tata usaha negara ptun jakarta timur nama besar ahok gubernur dki jakarta bonsai guru kecil lead berita media siar luas ahok kalah guru urai aura ahok acapkali kalah masuk kalah pilgub babel akan mantik tanya lawan guru sma ahok kalah telak lawan profesor menang ahok jakarta ada baawah bayang bayang nama besar jokowi ahok teman ahok tinggal hitung waktu takdir kalah datang kumpul ktp calon jalur independen cara ahok teman ahok tunda takdir kalah baru mulai tarung yusril kerja teman ahok kumpul ktp paket cawagub dki ingat profesor hukum ui belum tarung ahok ketar tir politik agama linimasa heboh wanita nama nirmala tedor asal tanggerang aku muslim dukung ahok nyata tahu non muslim kampanye politik agama opini papar akan ahok dihadang politik agama cuma tembak tembak orang orang ahok dulang empati warga minoritas soal dikotomi dikotomi akhir pilgub eksperimen politik agama makan modernitas warga jakarta pilih joko hok pilgub dki klimaks pensiun politik agama tahu sisi agama duduk jakarta agama islam krsiten katolik hindu buddha pake rumus politik agama duduk islam jakarta jadi bom suara gulung ahok pilih jakarta cerdas agama bukan alat tarik suara sistem demokrasi langsung masyarakat jakarta mayoritas pragmatis hadap hadap kelompok minoritas ideologis tesis pragmatis kelompok voters suara mudah alih tanpa perlu isu isu ideologis agama jadi cara kampanye olah politik agama sesat busuk demokrasi laku andai gaya kampanye teman ahok sungguh remeh temeh kendati tahu faktor faktor pilih senantiasa bayang kecil etnis agama telanjang kira orang pilgub dki pilih konsisten sesuai exit pool etnis jawa tionghoa katolik tingkat geser suara etnis jawa cina kristen katolok suara jokowi ahok kecil sekian persen total suara faktor jokowi kejawen rendah hati ramah santun jadi kuat sentral tarik utuh suara etnis jawa jakarta sebahagian etnis orang betawi jakarta jumlah sporadik suara alir kandidat demikian etnis sunda kontribusi elektoral ahok pigub dki nampak magnet elektoral semata mata jokowi tokoh sentral kira daya potensi tarik suara kecil kelak buat ahok pental belum paket calon wakil gubernur ahok heru budi hartono jelas basis sosial paket ahok heru kira bombastis awal lorot jelang pilkada akhir ahok heru menang pilgun provinsi linimasa voters nya milik akun anonym jasmev pilih kompasioner akun palsu wara wiri karuan bayar nasi bungkus duga lorot suara ahok basis sosial lemah warga jakarta mulai jengah sosok pimpin temperamental sederhana bangun jakarta ramah tegas ribut maki maki ruang publik ahok pimpin jakarta akan lekat sifat culas menzalami warga kata kata kotor kasus meja adil ahok cundang bawah maki maki misal pecat semena mena guru sman jakarta retno listyarti selatan majelis hakim adil tata usaha negara ptun jakarta timur kabul gugat retno atas tindak pecat pemprov dki tanya gubernur ahok kalah cundang guru kecil lantas hukum adil hal tanya temu bpk indikasi simpang anggar wenang tubuh pemprov dki bawa pimpin ahok lantas bpk tendensius punya agenda hehehe tunggu orang orang kecil cundang ahok ilustrasi dokpri,0,13,27,-14
soal lacur ahok polos politisasi ahok sengaja lontar polemik baru masyarakat indonesia berita detiknews akhir abar ahok tantang masyarakat debat solusi lacur kata bilang larang solusi punya solusi tinggal terima kata ahok wawancara wartawan balai kota jalan medan merdeka selatan jakarta pusat senin detiknews link bawah usah caci maki ngomong solusi tuju solusi sila polemik maksa sambung ahok tegas ahok kesal suara suara sumbang masyarakat ide lokalisasi lacur gimana paska kasus bunuh tata deudeuh ahok kali kali bicara ide buat lokalisasi lacur akhir saking ngototnya kata ide lokalisasi wts pasang plang orang suci larang masuk masyarakat luas tidak protes ahok bas tahun warga jakarta ingin lokalisasi kramat tunggak bongkar laksana masyarakat surabaya puluh tahun rasa malu nama lokalisasi dolly kenal mancanegara harap dolly tutup akhir dolly tutup resmi bu risma walikota surabaya bayang puluh tahun warga jakarta surabaya harap lokalisasi tutup baru hasil tutup eh gubernur dki baru bulan jabat wacana buka cari sakit cari masalah nama analisa simpul ahok masalah lacur pertama pola pikir ahok polos alias sederhana simple nyari cepat selesai ahok tidak pikir ucap timbul dampak ahok protes netizen kata minum bir tidak salah ahok protes legal prostitusi enteng keluar mulut ahok simple cara pikir statement keluar jadi tidak cerdas tahan pasu jual miras kas pemprov dki ahok buat statement bir salah bir obat susah kencing ahok tidak pikir ucap singgung masyarakat luas fanatic agama ahok lihat ngotot buka lokalisasi lacur ahok lihat contoh negara negara tetangga legal lacur tanpa pikir panjang lontar ide public polos cara pikir ahok indonesia beda thailand singapura vietnam taiwan malaysia negara negara malaysia negara mayoritas duduk islam malaysiapun duduk islam paruh indonesia milik persen duduk islam jelas adat budaya indonesia beda negara negara ahok pikir lontar gagas pernah ahok pikir kramat tunggak jakarta dolly surabaya tutup pernah ahok pikir lama belas tahun jadi debat lokalisasi kramat tunggak dolly tutup bas tahun masyarakat ulama birokrat debat pakat kramat tunggak dolly tutup mudarat manfaat ahok tinggal jakarta lama pernah ahok tahu kawasan mangga besar hayam wuruk pangeran jayakarta kota indah bongkar tanah abang kawasan kawasan zaman kramat tunggak buka wanita wanita dandan menor malam jalan hayam wuruk bas tahun klab malam kawasan mangga besar p jayakarta diam diam buka praktek prostitusi ahok tidak tahu pernah ahok main jalan jalan kramat tunggak dolly tahu ahok kramat tunggak dolly operasi abg abg usia bas tahun datang kesana minum pakai jasa wts tahu ahok abg abg cewek dagang kramat tunggak dolly ahok tidak paham jadi sekian puluh tahun jakarta surabaya lihat statementnya media ikut udah tempat mudah kontrol kenal baik tahu kata ahok darimana ahok yakin laku bisnis esek esek sedia kumpul lokasi negara punya lokalisasi khusus tempat negara tidak sedia bisnis nonsens negara mana biarpun lokalisasi khusus tetap bisnis bisnis selubung tetap dalih kalang khusus kalang high class kalang rel kereta tempat tempat bilang sih ahok tidak paham benar masalah lacur rasa jadi gubernur berani lontar pikir kecil sisi curiga ahok sengaja lempar polemik masyarakat tuju nama ahok tetap bincang terus terus media jadi iklan gratis jelang tahun tinggal tahun pilgub dki laksana ahok tidak belum punya kendara politik soal tantang ahok solusi prostitusi laku larang prostitusi hal tipiring tindak pidana ringan contoh kecil curi larang jaga ketat apa nama tindak pidana curi tetap jadi laku baik paksa cari uang mudah lacur biar legal tetap operasi illegal jadi larang perlu hukum berat laku coba coba jadi surut rencana lagipula kota kota besar indonesia larang lacur tidak masyarakat protes tidak masyarakat indonesia derita jatuh miskin bunuh bunuh gara gara prostitusi larang pimpin jadi ahok tetap saran gubernur gengsi indonesia gubernur ibu kota tidak layak ahok bicara tanpa pikir panjang,0,21,14,7
karakter islami ahok caption caption sumber foto m tempo co id caption ahok calon gubernur dki incumbent tahu agama kristen protestan agama ahok soal pihak pihak ingin gubernur jakarta agama islam pihak jumlah besar orang tidak soal agama gubernur jakarta penting milik mampu pimpin jakarta buat warga jakarta hidup sejahtera dapat isu sara basi bawa pilgub dki tidak undang undang atur larang orang kalang non muslim jadi gubernur jakarta lepas tidak jamin isu sara tidak bawa kancah pilgub dki peristiwa pilpres tampak jelas pihak main isu sara halal cara menang calon pimpin dukung jokowi capres jelas jelas agama islam pihak curiga fitnah non muslim barang kali rasa khawatir ahok agama kristen protestan jadi ancam islam pimpin jakarta mari lihat pandang hidup sikap ahok islam hidup lingkung islami andi analta kakak angkat basuki tjahaya purnama ahok kata administratif ahok keluaganya agama kristen protestan kecil hidup lingkung islami pulau blitung adik angkat paham betul ajar islam tribunnews com lanjut andi kata perilaku cara gaul ahok islami sosok toleran belum masuk islam soal waktu belum hidayah allah cermat benar kata andi analta keponakan langsung mendiang jenderal m jusuf mari cermat acara ahok tampil pidato pidato tsb ahok beri wejang kandung ajar islam alkisah hari jumat sore januari halaman gedung g balai kota lihat ramai ribu jabat penuh lapang hari minggu guna wisata rakyat jelata pakai jas hitam pakai seragam putih jabat eselon tiga empat hadir hadir jalan lantik laku gubernur ahok mudah ambil sumpah jabat sesuai agama jabat jumlah tsb bar tertib belakang plang tulis islam kristen katholik hindu gubernur ahok datang langkah tegap naik podium jabat bincang bincang kawan langsung fokus hadap nyanyi lagu indonesia raya lanjut doa tiba acara baca sumpah ahok lantik jabat tsb ahok mulai beri wejang sbb kerja amanah siddiq tabligh fathanah kata atas podium empat yakin kaum muslim sifat nabi muhammad amanah arti percaya siddiq arti jujur tabligh arti sampai benar fathanah arti cerdas tempo wejang ahok aku lelah terus terus lantik jabat harap ombak kali wujud perintah bersih korupsi gratifikasi seluruh wejang ahok tsb tidak kata kata ahok sudut islam ahok cukup paham ajar islam sadar betul betapa penting sifat nabi tsb terap jabat dki cegah korupsi jabat lantik ahok tsb milik agama beda islam kristen katholik hindu ahok nasehat terap sifat nabi amanah siddiq tabligh fathanah ajar islam sebabya ahok paham benar benar ajar islam sifat universal peristiwa atas lihat ahok tipe orang fanatic agama bukan sosok suka pengaruh orang ikut ajar agama anut jadi khawatir pihak tahu ahok islam urai atas banyak ungkap pandagan sikap ahok ajar islam mari cermat sejauhmanakah paham ahok islam jelas kakak angkat ahok andi analta kata adik paham benar ajar islam gelitik bukti tsb syahdan tanggal ahok status plt laksana tugas gubernur dki dapat sempat beri kuliah umum hadap ratus ajar gabung ipm ikat ajar muhammadiyah universitas prof hamka uhamka ahok beri kuliah umum metode tanya jawab jawab tanya ajar tsb ahok kutip ayat al quran hadis kuliah ahok tsb kesan hari ajar tsb peajar nama ana beri komentar ikut lihat pak ahok ustaz bukan gubernur pak ahok menghapal ayat ayat al quran belum menghapalnya pak ahok jadi ustadz ucap ana liput com ana ajar asal aceh doa ahok dapat hidayah kata doa pak ahok dapat hidayah ucap ajar tsb ahok beri tanggap bukan baru pertama kali dapat panggil ustadz kali sebut ustadz tahu ajar islam ahok jelas masa sekolah sd sm ajar sekolah islam non muslim beri kuliah umum ajar islam urai ayat ayat al quran hadis kata mirip ustadz kali sebut ustadz tahu agama islam kata cukup lumayan ahok kata tahu agama islam pindah agama ahok cerita tahu islam jelang pilih bupati belitung minta pindah yakin pindah yakin harap karir politik sukses kerabat ahok kata minta jadi mualaf biar pilih bupati belitung timur suara lejit cerita mantan bupati belitung timur salah kerabat tawar pindah yakin ahok tolak kata tidak pindah yakin alas politik ahok cerita abang beri nasehat soal pindah agama waktu abang bilang hok komplet kurang belum ucap kalimat syahadat kenang ahok bilang abang bagus tidak berani jual agama bang lanjut ahok kait soal pindah agama masalah hidayah ahok cerita kisah nabi muhammad saw sedih lantar tidak ajak paman abu thalib mati belum jadi muslim masalah hidayah nabi muhammad sedih abu thalib tidak jadi muslim mati adu tuhan jawab nya hidayah milik ku bukan milik ucap ahok ahok aku pihak tentang larang hadir acara acara agama dengar ceramah belum hidayah hidayah minta acara ceramah agama minta undang liput com catat penting cerita ahok tsb tidak pindah agama alas politis ahok gila jabat pindah agama agama islam elektabilitasnya tingkat sukses jadi gubernur dki jilid ahok bukan muslim bukan musuh islam ada tahap terap ajar islam terap ajar islam bawah contoh sifat nabi urai atas orang tarik agama islam benar ajar ahok salah contoh orang tidak tertatik agama islam laku anut kalang nilai extrim ahok dukung perlu tetap waspada pihak main isu sara semangat halal cara kalah ahok pilgub dki dapat sibuk main isu sara baik doa ahok dapat hidayah moga bermanfaatsalam abdi dharma thursan hakim,1,30,26,4
ahok tuju ri kenal ahok basuki tjayaha purnama btp sang gubernur dki jakarta sebut gubernur preman gaya urak arogan sombong cari musuh lepas niat baik benah jakarta dki jakarta perlu tokoh kenal takut pimpin benar berani tegas jujur lima sifat baik milik ahok ahok kenal takut ahok benar pepatah bilang berani benar orang benar kenal takut benar milik modal kuat berantas busuk sapu ahok sapu bersih mudah bersih halaman kotor sapu kotor bersih halaman kotor perintah dk jakarta bukan rahasia umum contoh sederhana rasa masyarakat kecil urus ktp jelas jelas tulis kantor kantor lurah biaya gratis larang beri apa tugas riil nya jadi bayang sesuai prosedur lambat pakai jalur khusus beres waktu singkat aku tidak jadi oknum oknum berani main api tahu lapor ahok tugas pecat langsung pegawai negeri jaman orba sentuh bukan jaman berleha leha makan uang rakyat ongkang ongkang kaki peras rakyat kecil kecil dapat peras urus urus sederhana kantor kantor perintah benah ahok target ahok lanjut politikus jadi orang nomor indonesia alias jadi presiden terang terang kata ahok acara kick andy waktu tanya andy ahok panggil ahok basuki cahaya purnama jawab ahok btp alas jfk presiden as bunuh sby presiden indonesia tahu tiga huruf btp jadi presiden ngarep jelas singkat ahok ahok punya target target politikus jadi orang nomor indonesia ahok bukan mustahil loh jokowi ahok tidak pikir sederhannya nyangka jokowi jadi presiden sangka wajah kampung wajah ngedeso jadi presiden lupa wajah kampung wajah ngedeso ungkap jokowi bukan kata orang kata sampai pencapresan sila lihat berita berita simpan internet jadi ahok punya target lanjut jadi presiden ri masuk akal ahok cita cita politikus wajar sih politikus politikus tidak jadi orang nomor baik partai perintah muara tuju orang nomor tidak tetap ada perintah arti luas baik lembaga eksekutif legislatif yudikatif jadi wajar ahok mengincer kursi presiden hasil ahok hasil benah jakarta sukur sukur periode asa belum cukup periode ikut ahok baru maju pilpres asa lama lihat indonesia misal kusut alas cepat langkah tuju presiden arti ahok maju awal pilpres bukan ahok maju pilpres jadi tarik politik indonesia jadi pasang jokowi ahok kibar pilpres pasang calon pilkada dki jokowi tetap pasang jk maklum langkah jk lambat bukan faktor usia cemerlang gagas milik jk batas langkah faktor usia hukum alam tidak dipungkiri jadi pasang jokowi ahok tahun jadi dua hasil periode jadi jokowi hasil periode jokowi maju jokowi tetap politikus belum negarawan negarawan mundur sukses sukses catat sejarah negarawan kejar bukan kuasa sejahtera rakyat jokowi maju jadi ri politikus sah sah ahok ahok hasil periode gubernur ahok maju kata jauh jauh hari ahok ikut pilkda dki jakarta periode jelas posisi ahok target tuju presiden nyata laksana pilpres ahok posisi gubernur dki tidak ahok tenggelam tidak tenggelam berita rugi ahok lupa orang posisi jadi gubernur dki pilpres posisi strategis persis alami jokowi pilpres cempres jokowi jadi gubernur dki jakarta ahok posisi gubernur selang maju kuat milik integritas modal alam modal finansial dukung ahok maju pilpres ahok punya tekad tidak main main partai dukung ahok pakai jalur independen mungkin boleh uu milu lihat,1,36,21,15
prediksi pilkada dki tulis prediksi pilkada dki tulis kali seri pertama nasdem dua ahmad dhani kata pertama nasdem dukung ahok calon gubernur dki tanpa syarat kondisi pilpres bekerjasama jokowi tanpa syarat informasi lewat konferensi pers putus nasdem dukung ahok tanggap positif belakang luar tahu paham batas asumsi ria wkwkwk dukung statement pak surya paloh kerja karakter ahok ungkap media tunjuk serius nasdem dukung ahok nasdem tahu ahok maju lewat jalur independent teman ahok inspirasi next ahmad dhani kata gak tahu guyon benar benar serius maju gerindra pkb lucu tahu ahmad dhani musisi artis kenal indonesia bimbim slank ikut urun statement wkwkwk seru asyik ikut benar ahmad dhani tarung lawan ahok bumbu lengkap tawar partai lihat sambung,1,11,2,9
rakyat jakarta pilih orang bukan partai usung rumus sederhana pilgub dki jakarta datang rakyat bosan lihat laku partai politik punya kader kader tidak kumpul preman rampok uang negara bukti belum lama kpk tangkap damayanti anggota dpr kader pdip tetap budi supriyanto anggota dpr kader partai golkar sangka korupsi kh fuad amin ketua dprd kader gerindra baru selesai jalan sidang korupsi ratu atut adik wawan kader golkar uras apbd banten masuk penjara hari berita tidak sedap anggota dpr misal enggan serah lapor kaya kpk masuk ketua dpr ade komaruddin indikasi sembunyi kaya idak halal milik soal kader partai hebat ahok jawab tidak orang kader partai hebat kumpul kader parpol datang dpr dprd malas ngobrol ngalor ngidul prestasi kerja no besar suka diskusi cara curi uras apbn apbd benci ahok jadi jaga apbd dki jakarta tidak rampok anggota dprd ahok berani pasang badan sendiri tempur lawan orang anggota dprd tahun ahok basmi bagi besar mafia ampas uang rakyat jakarta mafia birokrasi mafia rusunawa mafia pajak mafia kuasa lahan lahan hijau mafia pasar ahok laku sendiri bantu pns dki jakarta tidak punya nyali hadap ahok jokowi bukti efektif jalan roda perintah bawah pimpin pad jakarta tingkat tajam apbd dki jadi besar indonesia capai rp triliun kurang rp triliun apbd besar ahok punya leluasa anggar ahok tingkat hasil pns dki jakarta tidak peras rakyat hasil pns bawah besar rp juta bulan pegawai honorer bidang didik bersih dapat hasil atas ump ahok bukan malaikat tidak laku ubah balik telapak tangan masalah macet belum selesai masalah banjir genang lokasi kampung datang hujan besar belum selesai pindah duduk miskin bantaran kali lahan hijau kampung kumuh rusunawa kondisi tingkat apartmen bangun puluh tower rusunawa kota tampung jelata lihat ahok lihat youtube pagi layan adu rakyat balaikota dki ramah ketus marah bentak ramah rakyat jadi korban tidak becus bawah janji tindak lanjut adu ketus marah rakyat cari cari akal ibul bentak perempuan adu tidak cair dana kjp milik anak tidak jadi uang tunai bentak usaha beri dispensasi minta ringan politis parpol dpr sebut ahok keras kasar tidak santun rakyat suka gaya ahok kasar kasar orang orang jahat punya niat tidak baik mafia suka peras uang rakyat tidak kompromi tidak adil jabat kerja tidak benar mafia preman rakyat jakarta tidak takut ahok pagi datang tunggu puluh orang lapor sampai adu ciri khas ahok gubernur tidak lihat angker wibawa birokrat jadi rakyat takut dekat datang rakyat adu jalan tanya masalah adu siap nomor hp khusus kirim sms isi adu jadi ahok pimpin sambung rakyat hubung umum sms langsung tindak lanjut staf dinas suku dinas kait ahok sebut gubernur dki jakarta baik ali sadikin ahok nyata pilih jalur independen pilgub dki jakarta datang rakyat jakarta duyun duyun datang posko teman ahok serah foto copy kpt isi formulir dukung ahok cawagubnya heru rumus sederhana ahok menang pilgub dki jakarta prestasi kerja peduli rakyat tidak serakah sadar tidak orang suka benci perlu ahok suara rakyat jakarta lihat ahok dapat capai suara rakyat jakarta ahok pilih jalur independen laku parpol beri dukung ahok tanpa syarat apa laku partai nasdem rakyat indonesia bukan rakyat jakata catat parpol dukung ahok benci ahok dukung ahok parpol harap dulang suara pilkada serentak milu legislatif parpol masuk kelompok parpol benci ahok dampak rasa tinggal rakyat kondisi partai demokrat tinggal rakyat milu soal jakarta barometer politik nasional ahok representasi pimpin kerja keras tingkat makmur rakyat gubernur berani tarung lawan tidak benar kemunkaran tidak kepala daerah damai mafia koruptor peras rakyat sekian salam m jaya nasti,1,24,26,-2
gera ahok kiamat partai politik tidak kenal ahok ahok alias basuki tjahja purnama manusia unik jadi gubernur ibu kota negara manusia tidak segan komentar pedas turut tidak sesuai anggap benar manusia tidak takut bahan partai politik manusia etnis minoritas sukses duduk jabat syarat dukung mayoritas manusia tantang bpk audit harta jabat negara manusia tantang tum fpi duel lawan ahok manusia tidak peduli apa tanggap tahun ahok kabar maju pilkada dki ahok menang iya tidak mungkin bukan menang kalah hehehe tulis bukan bahas soal menang tidak menang kamus hidup politik ahok kes tunjuk tidak butuh partai politik kamus politik pertama kali rangkai ahok september silam nyata keluar partai gerindra sikap tempuh ahok bukti ancam partai gerindra dukung pilkada dprd ahok kembali pilkada dprd langkah mundur demokrasi pilkada dprd tidak jadi wakil gubernur jadi gubernur kata ahok sikap ahok jadi tampar keras tidak partai gerindra partai politik substansi sampai ahok tanpa partai politik eks dunia politik sikap ahok aja masyarakat tidak perlu gantung partai politik konsistensi sikap ahok uji hadap proses politik bahas apbd dki gelagat dprd dki ganjal ahok sulit bahas apbd bukan ahok tidak lawan tantang dprd dki masalah larut hari tv nasional tayang seteru politik jadi dki ujung proses upaya dprd dki jatuh ahok posisi gubernur sayang skenario bangun koalisi parpol gagal total ahok cuap cuap gubernur kota banjir alias jakarta siap calon cagub dki ahok rencana jalur independen data rilis kompas com sebut jumlah ktp kumpul teman ahok capai lembar jumlah unggul oleh suara delapan partai politik milu pdip raup suara suara aneh angka lembar ktp nyata sungguh luar bukan angka kecil tanya warga dki ingin ahok jadi gubernur benar partai politik baik benah fenomena tunjuk rakyat tidak butuh partai politik rakyat tidak peduli omong kasar ahok budaya betawi kenal lembut omong kasar abai etika bicara jadi soal serius makassar omong kasar nan arogan jadi picu badik keluar sarung paham makassar tumpah darah jadi halal sangkut siri na pace indonesia laku umum paham mulai omong kasar anggap tantang ujung mati tidak laku ahok omong kasar ahok tidak jadi soal orang ber ktp dki ingin ahok jadi pimpin daerah luas km duduk jiwa tengah duduk dki ahok jadi gubernur besar benci rakyat dki partai politik benar tidak bijak fenomena jadi koreksi partai politik benah partai politik guna rakyat agregasi aspirasi rumus bentuk usul bijak publik tidak percaya rakyat koyak fenomena ahok ahok muncul indonesia lanjut tidak perlu sebut kiamat partai politik tengah tidak daya hadap ahok gelagat partai politik geli berita eko patrio desi ratna sari ahmad dan artis siap lawan ahok pilkada dki datang tidak maksud ragu mampu negasi hak hak politik artis soal nasib puluh rakyat dki bukan panggung idola sinetron lawa hidup mati rakyat gantung mampu pimpin sumber,1,13,16,-3
orang usaha benci ahok kenal sayang bunyi pepatah seringkali dengar kondisi sayang tidak usaha kenal jadi fenomena anomali kait calon ahok cagub dki periode dua bagi kalang tanpa pikir panjang usaha kenal ada merta tolak dukung ahok jadi calon gubernur kondisi bagi kalang benci ahok ikut politis kader partai bagi kader partai rela undur urus partai benci ahok jelas jelas partai ambil putus dukung ahok melatarbelakangi kader partai benci ahok sedia keluar anggota urus partai kalang partai politik berazaskan islam dapat guna alas dalil agama non muslim larang jadi pimpin ahok bukan muslim ahok tidak pilih calon gubernur dki diri republik ikrar dasar negara berazaskan pancasila bukan atas dasar hukum islam warga negara hak duduk jabat apa tanpa wajib agama sisi pilkada dki tahun ahok pasang jokowi wakil gubernur dki pilih calon pasang sah kpu ahok jelas jelas non muslim wakil gubernur otomatis ganti gubernur halang tetap undur ahok angkat gubernur dki sah lindung undang undang ahok masalah calon jadi cagub dki periode dua kalang politis duduk dalam lembaga legislatif henti buat nyata politik inti tolak ahok jadi gubernur wakil partai oposisi nyata berangan bijak perintah sengaja cari cari bahan sekadar beri nyata oposisi manusia milik hati asa penting golong dengar suara hati nurani logika pikir seringkali abai lupa negeri atur hukum taat bakal calon gubernur orang cukup kenal masyarakat nyata maju cagub dki laku bagi calon beri nyata inti serang ada ahok non muslim sayang bakal calon mesti fokus program program tawar bangun jakarta pilih bukan terus terus cari cari salah ahok tuju ahok gagal calon cagub dki dasar punya niat itikad buruk tidak hirau tatanan hukum laku bakal cagub henti serang ada ahok strategi kalah lawan politik kondisi masyarakat cerdas mempan isu sara tidak suka cara cara dapat bagi masyarakat ahok jabat negara tampil dobrak biasa lama buruk laku seringkali marah marah depan publik kata kasar kotor jadi pandang simpang jabat berani ahok laku amat sungguh ahok marah maki pihak pihak laku langgar rugi penting warga jabat laku korupsi indikasi laku korupsi ahok biar marah ahok bukan tanpa alas jabat beri contoh bawah tidak lalu langgar tentu buat korupsi bagi warga teguh yakin agama tolak pilih ahok peduli laku ahok benah kota jakarta lawan bentuk langgar korupsi non muslim ahok pandang belah mata warga batas ikut ikut benci ahok gabung dalam komunitas orang usaha benci ahok timbang penting benah soal bangun jakarta tampil baik satu ubah yakin dalil agama utama kalang peluk agama taat anut paham radikal tuhan cipta akal pikir manusia makhluk sempurna mampu pikir seringkali guna ambil sikap apa laku non muslim baik lepas serah mekanisme atur undang undang lihat jadi hasil mungut suara tunjuk suara pilih ahok suka tidak suka tidak terima ada ahok gubernur dki donibastian foto kompas com,1,22,27,-5
cermin kalah adik belitung timur ahok cari tambah modal maju pilkada cermin kalah adik benama basuri tjahaja purnama basuri kakak yusril ihza mahendra yusril nama yuslih ihza mahendra yuslih laga rebut orang nomor kabupaten belitung timur propinisi belitung bulan desember jadi ajar sendiri gubernur dki basuki tjahaja purnama ahok ahok jauh hari duga kalah alami basuri pilkada belitung timur lima tahun basuri abai butuh dasar warga misal fasilitas sehat didik tidak bangun hasil bangun fisik suatu daerah modal dasar dulang suara gelangang pilkada jadi tahana tidak laku luar warga taruh harap kampanye kayak orang bakal pilih ujar ahok basuri pulang kampung halaman kota manggar belitung timur ahok paham benar kena strategi kait kuasa singgung soal teori abraham lincoln presiden amerika serikat sebut karakteristik kuasa muara nilai rakyat teori abraham lincoln uji karakter orang mesti kasih kuasa beri amanat tidak percaya selesai jadi waktu turun wakil naik percaya lihat kata ahok kurang kurang ingat adik kata tandan buah pisang beda beda nasi jadi bubur kakak yusril yuslih ihza mahendra usai lantik orang nomor belitung timur tengah bulan pebruari perkara timpa adik nama basuri belitung timur timpa ingin ahok maju bawa bendera tahana pilkada dki tanggap warga agam bagi warga nilai wajar ahok beri sempat pimpin jakarta periode dua ahok buat jakarta tidak warga jakarta dapat kelompok dua ahok kata tidak buat bukti banjir landa jakarta arus lintas macet warga miskin jakarta tambah gusur langsung terus wajar aja dapat warga beda beda warga jakarta pintar pintar cerdas kritis tulis benah kota jakarta tidak mudah balik telapak tangan orang nomor jakarta kerja keras laku luar sejahtera warga tidak harap toleh kepala daerah pilkada ikut kata ahok adik basuri jadi tahana tidak laku luar warga taruh harap kampanye kayak orang bakal pilih ujar ahok basuri nasehat ahok adik penuh makna erti laku luar milik makna luas penuh butuh dasar warga bangun daerah pimpin ahok tahana penuh butuh dasar warga modal tahana maju pilkada ikut maksud ahok modal bukan berbetuk uang ancsih hasil benah bangun kota wilayah tanya modal milik ahok maju pilkada dki pandang keberhasikan ahok benah kota jakarta agam belah tulis jujur belum sempurna benar ahok buat jakarta cacat tulis modal dasar ahok yakin warga jakarta pilih pilkada masalah banjir banjir bukan barang baru warga jakarta kali ganti pimpin jakarta landa banjir banjir ngak ketulungan landa wilyah kota jakarta tinggal banjir landa jalan jalan protokol masuk wilayah ring istana negara tidak banjir putus arus lintas bandar sukarno hatta ahok paham betul banjir tidak selesai hambat arus air tidak hilang ahok serta jajar kerja keras bersih sampah sampah kali kali wilayah jakarta ahok paksa pindah warga ami bantaran kali pindah warga kali jodoh akhir membogkar puluh truk bekas kulit kabel listrik penuh gorong gorong sumbat buang air jalan protokol wilayah istana negara jakarta guyur banjir banjir tahun cepat hilang harap tahun banjir tidak landa jakarta tidak tidak banjir kurang cepat hilang bukti kerja ahok salah modal ahok maju kepilkada ikut masalah transportasi tata kelola transportasi jakarta coba benah masalah nya rumit ahok ada kenderaan roda empat trans jakarta atur ulang jalur arus lintas harap ahok trans jakarta tumpang murah warga jakarta usaha ahok laku ubah tata kelola arus lintas jakarta mudah hadap bahwahan nya korup kenderaan beli berkwalitas rendah buat ahok naik pitam akibat rusak recana susun rupa beranta warga jakarta tahu niat ahok upaya benah tata kelola tranportasi modal ahok maju pilkada ikut masalah e budgeting abpbd dki ubah sistem anggar bas konvensional sistem anggar bas e budgeting dapat tantang oknum legislator korup tetap laku ahok sistem baru tutup peluang jabat pemprov legislator korup bain main anggar anggar nya tutup tidak mudah akses anggar ternuat apbd transparan guna tahu warga akibat anggar tutup sistem e budgeting tidak main kong kalingkong apbd benar tuju ksejahteaan warga jakarta modal ahok maju tempur pilkada dki tertib pasar tanah abang pasar tanah abang pasar texstil besar indonesia kondisi waktu semerawut jalan jalan penuh pkl laku tertib ahok pasar tanah abang tata rapi arus lintas jadi lancar modal ahok maju pilkada dki jakrta rumah susun warga hidup impit impit ami rumah sederhana beberapa bantaran kali wilayah jakarta ami tanah negara kawasan hijau paksa gusur ahok pindah ahok rumah susun fasilitas nya jauh beda apartemen modal ahok maju pilkada dki tulis benar buat ahok jakarta tanya maksud degan ahok cari modal tambah maju pilkada dki maksud tulis ahok tambah modal maju pilkada dki sisa waktu kuasa ahok terus benah bangun kota jakarta heran sisa waktu kuasa bangun jakarta terus kebut ahok tambah modal depan mata modal ahok maju kepilkada dki bangun taman hiaju bekas bongkar kali jodoh penbangunan taman selesai tambah modal ahok maju pilkada jakarta tambah modal ahok gubernur dki jakarta tagih wajib kembang agung podomoro group bangun jalan layang kawasan pluit jakarta utara jalan layang kata ahok jadi akses tambah tuju tol pluit jalan selesai pilkada tambah modal dulang ahok hadap pilkada dki jakarta tumbang adik ahok nama basuri tarung rebut kursi nomor belitung timur milik hikmah sendiri ahok kalah tidak tangis marga khek kalah jadi ahok tantang lanjut benah sarana prasarana kota jakarta tambah modal bagi maju pilkada dki sumber,1,29,25,4
bursa pilgub dki pasca mundur rk mundur ridwan kamil panggil kang emil bursa calon pilgub dki timbul pro kontra bagai kalang bagi orang sesal putus si akang anggap takut saing ahok utama warga dki benci banget si kafir ahok bagi syukur si akang tetap jadi orang nomor kota bandung kemarin malam ngobrol teman jakarta kenal tahun teman benar benar judi murni remaja bukan dunia olah raga masuk pilpres jokowi vs prabowo tidak luput ajang taruh bandar judi siap sambut pilkada dki minta masuk list benar sih mundur kang emil lawan ahok kurang ahmad dhani farhat dessy ratnasari belum masuk hitung kelas jauh banget bawah panggung lawak yusril adhyaksa sandiaga bilang ahok calon tunggal pimpin partai godok terus cari rival tanding ahok nasdem nyata dukung ahok tiga gelitik senyum pertama ppp siap dukung ahok syarat ahok jadi dki h lulung jadi dki dua mantan boss partai ahok sang jenderal prabowo beri isyarat coba tarik dukung ahok tiga si angkuh pdip beri syarat ahok pdip rasa milik dukung banyak dki ahok jadi wagub dki beliau biasa debat anggota dhewan rongrong rongrong beliau terus datang silih ganti mulai ups sumber waras apbd tertib kalijodo debat hadeuuhhh ahok ahok ente andal hoki seh ente udah mental gan lihai ahok tidak milik pimpin ahok prioritas angkat rakyat miskin rangkul umat mayoritas bangun masjid berangkat puluh marbot tanah suci rangkul polri tni sedia fasilitas anggota tugas kapolda dki tito karnavian bilang ahok pimpin konsisten omong tindak beliau kata ahok gubernur beda banding gubernur gubernur dki butuh pimpin ahok sampai tito karnavian resmi pos polisi air jaring jakarta utara tanya teman si judi atas tetap lanjut teman lesu lantas jawab sih ray kayak kagak seru neh tanpa si rk pasar taruh sepi bro selamat pagi sejahtera raymond liauw,1,9,8,1
ahok populer kalah ahok tidak tanding elektabilitas ahok tinggi ahok populer jakarta mundur ridwan kamil anggap dukung ahok takut kalah saing ahok kata kata bagai media hipnotis ahok populer kata kata kasar sejarawan jj rizal laku kritik ahok tantang sang gubernur berani gusur lingkung rumah kawasan pluit jakarta utara ahok langsung bilang goblok goblok gak bedain pantai indah kapuk pluit wawancara televisi swasta jadi tonton juta orang ahok parah kata kata t i beliau keluar kata kata kotor tidak kata kata kasar kes tegas gaya salah satu buat populer cepat beliau kata mampus tuju warga bantaran waduk pluit tidak gusur gaya ceplas ceplos gambar isi kepala ahok sesuai kata aa gym teko keluar isi isi air putih yg keluar putih isi air teh keluar air teh isi air comberan keluar air comberan sayang tiru generasi muda ahok pilih jokowi jokowi terang bintang citra media lonjak tinggi bendung ahok pilih jokowi damping pilih jokowi nikmat limpah jabat si gubernur tarik jabat tinggi presiden jadi ahok numpang populer jokowi ahok singgung soal sara naik citra besar media jargon kenal bangga jadi kafir tidak korupsi agung agung beliau rasa serang isu sara jargon senggol isu sara korupsi bukan urus muslim non muslim perilaku bukti korupsi kalang non muslim elektabilitas tinggi belum pasti jadi cagub populi center lihat elektabilitas top of mind tanya buka pilgub dki laku hari nyata pilih ahok angka turun deklarasi calon calon calon punya potensi bagus yusril adhyaksa dault sandiaga uno celah kampanye negatif jadi populer belum pilih mayoritas populer belum suka kata bang pepih ahok kalah kata,0,19,13,6
win win solution ahok gubernur buat gaduh lepas jasa jasa ahok buat jakarta ubah gaduh terus langsung kasus reklamasi ahok sandung lihat berita ikut gambar kaskus co id tidak ahok sebut gubernur gaduh jadi kesan negative suka tidak suka ubah laku ahok oya gaduh nyata bukan ada jakarta pelosok tanah air dunia akses internet bukti gaduh ahok jakarta sebar jepang dubes jepang ikut tuit uit twitter betul yusron adika yusril saing utama pilkada datang sindir media oya rusiapun gaduh baca lihat nyata jelas utama bicara kasus rumah sakit sumber waras reklamasi pantai jakarta gaduh benar benar asa jadi wajar ahok sebut gubernur buat gaduh lepas kerja rubah jakarta hitung tahun belum priode lupa ahok lanjut sisa jabat gubernur jokowi jadi presiden ri tujuh lihat masa perintah gubernur jokowi jalan perintah jokowi naik jadi presiden tahun pilpres ahoklah lanjut gubernur dki jakarta ahok wakil atur jadi bilang ahok baru tahun jabat gubernur sepak terjang buat aparat perintah dki jakarta kalang kabut benar benar sikat habis aparat nakal bukan main main ahok sikat habis jabat nakal dki jakarta akhir masa jabat tahun bayang betapa gaduh langsung tahun jabat perintah arti waktu ahok milik sikat orang orang jabat nakal dki jakarta sikat habis aparat perintah dki kongkolingkong usaha hitam pecat orang mudah tinggal sk tanda tangan beres perlu pakai tes he he he kongkolingkong jabat perintah dki jakarta kuasa dki jakarta pungusaha jakarta bilang bukan rahasia masyarakat umum tahu buat jika tahu adu adu nyata nama wakil rakyat dprd dki jakarta main usaha jakarta bukti ott operasi tangkap tangan kpk m sanusi kata wakil rayat dki jakarta duduk dprd seteru ahok lihat bela rakyat bela konglomerat gaduh lagi jakarta buat oleng ahok ahok gempur habis habis lepas kerja ahok rubah jakarta bersih aparat dki jakarta rasa rakyat kecil tingkat perintah rendah lurah lurah asa cepat tidak buat lambat aparat tidak nama uang pelican kantor kantor perintah dki jakarta uanga pelican nomor hp ahok siap terima adu keren tulis singkat bukan ikut dikte wenang presiden jokowi konon kabar mereshuffle bet waktu usul dengar suara kompasioner he he he gr an kompasioner rubah jakarta indonesia kronis lupa jakarta indonesia rubah tulis ribu tulis inti tulis wacana bukan kerja kerja kerja kongkrit bukan kerja nyata tulis kerja dunia nyata awang awang anekdonya bunyi makalah bangun dki jakarta upa hasil seminar lokakarya diskusi kertas tumpuk langit actionnya era ahok baru tahun jalan ahok gebrak gebrak bukan arti khiasan benar benar gebrak meja cukup keluar sumpah serapah biasa tulis kata kata kasar elok kasar punya sopan santun jabat perintah ahok manusia punya lebih kurang jadi ahok bukan malaikat wajar ahok punya kurang salah normal manusia ahok jabat bukan ahok jabat negara kata diekpos media ketidaksopanan ahok itu sebar dunia internet jadi bukan benci ahok ahok jabat negara kata kata kurang elok santap empuk media mana santap enak goreng media media kata jelas jelas kasar plintir usul orang kecil suara jelas gema dunia maya ahok terus terus serang baik usaha hitam rasa rugi sepak terjang ahok aparat balas dendam singkir roda perintah nikmat ongkang ongkang kaki terima upeti punya bukti laku ahok pecat aparat bukti kuat data internet usul ahok tarik aja langsung jokowi jadi menteri ahok hasil tata aparat dki jakarta maksud campur ikut ikut dikte presiden angkat henti menteri hak preogratif presiden baik gubernur ahok angkat jadi menteri menteri cocok ahok menteri pendayagunaan aparatur negara reformasi birokrasi duduk kemen panrb ahok ahok angkat jadi menteri panrb niscaya aparat tingkat pusat daerah mulai ancang ancang benah siap siap depak ahok aparat nakal lup a berita baca jabat nakal sikat ahok masa jabat bersih sikat bersih sikat ganti orang orang suka ahok sih diskriminasi nama jadi lawan moga salah sikat ahok benar benar nakal bukan ahok suka jabat ahok angkat jadi menteri ahok malu jadi bangga jenjang naik pangkat jabat naik jakartapun gaduh tidak jakarta punya gubernur punya mulut jaga sakit ahok bilang kronis jadi jabat ga tahan aku ahok acara kick andy ahok kali wawancara kick andy kick andy wawancara prabowo sby ngelantur dikit jadi ahok angkat jadi menteri misal itu benar benar reshuffle kabinet tidak jakarta gaduh jelang pilkada dki kasus reklamasi pantai utara jakarta makan korban tangkap sanusi kawan kawan kpk ahok sangkut tidak jadi bakal ramai gaduh darah darah tutup tulis sebut provokator damai aman tentram warga negara duduk dki jakarta orang jakarta tulen lahir besar jakarta suka duka jakarta rasa masuk korban gusur rasa suka duka jadi orang gusur salah satu punya tanah tempat lahir tanah lahir jadi jalan tol jadi orang gusur lawan wajar gusur tanah milik bukan tanah negara tanah milik negara berani lawan tanah milik iya hubung ahok tidak ahok empati korban gusur hidup ahok gusur tanah tempat lahir jadi ahok rasa rasa orang gusur niat ahok benar benah aparatur perintah jakarta asa nasional ahok naik jadi menteri jokowi presiden jokowi baca tulis sukur tidak ga tidak warga negara salah warga ibu kota jakarta ikut urunrembug via tulis terima tidak bukan urus emang tanya tetangga belah sekian,1,45,33,12
jamin orang kenal musisi menang pilkada dki jakarta ahmad dan selebritis top indonesia banding fair ujung barat sabang ujung timur merauke ahmad dhani popular ahok menganalisa ahmad dhani dapat populer nasional ahok iwan fals sebut tingkat populer fantastis lebih ahok ahmad dhani orang kenal iwan belum tahu sosok ahok ahmad dhani beda populis populer politik ahok orang jabat gubernur dki jakarta ukur popularitas kans pilih pilkada sisa kuota milik saing belum tampak belum tampak rasa belum tepat tampak yusril sandiaga lulung ahmad dhani bukan saing ahok analisa kata bukan saing ahok benar saing ahok pasti ahok menang mudah tanpa hambat lihat kecil kans saing politik lihat ketidakpercayaan parpol konon usung lihat alas bukti ketidakpercayaan sosok sosok artikel sebut ahok terus lobi megawati sangkut politik megawati mega jadi sosok tentu nasib ahok analisa luar kuasa tuhan menganalisa minta tuhan ikut campur tidak usah bahas panjang lebar artikel pasrah tunggu tuhan hendak lupa tuhan suruh umat usaha tuhan rubah nasib umat usaha laku ahok yusril ahmad dhani lai usaha individu perihal kelak beri bonus tuhan rahasia tuhan berani taruh ahmad dhani sang maestro iwan fals menang tanding ahok pilkada dki jakarta orang pertama pasang taruh beri pasang ahok taruh boleh anti ahmad dhani anti iwan fals tidak tidak anti suka idola seni musik bukan seni politik pimpin perintah daerah musisi manfaat kepopuleranya maju pilkada pileg lihat hasil silah menganalisa paham milik iwan fals jaman pilgub kait lihat tidak parpol calon beliau iwan fals ahmad dhani maestro bidang musik realistis dki jakarta bukan daerah pencil bukan daerah pinggir jakarta ibukota indonesia sarat penting penting elit politik penting negara iwan fals ahmad dhani populer nasional ahok populis dki jakarta main politik hempas ahok head to head ahmad dhani lawan ahok taruh ahok head to head iwan fals ahok tetap taruh ahok itu taruh iwan fals sohor dunia musik bukan dunia politik ahmad dhani harga tinggi tetap ikan harap sang maestro iwan fals tetap jadi pribadi hilang legitimasi politik praktis buai politik salam lora,1,14,4,10
yusril acara pro ahok pasti prasangka ahok tidak sulit menang pilgub dki jakarta lawan sandiaga uno adhyaksa daud ridwan kamil ahmad dhani bakal calon yusril ihza mahendra mahendra yakin jadi kompetitor berat ahok menang pilgub dki jakarta bagai pihak yakin yusril ihza mahendra jadi saing berat ahok pilgub dki jakarta timbul bagai asumsi yusril ihza mahendra ketua umum partai politik taruh wibawa partai politik indonesia sedia korban nama besar maju pilgub dki jakarta lawan ahok sadar punya elektabilitas langit yusril ihza mahendra acara identik karakter pikir debat kata akal akalal yusriz ihza mahendra laku manuver politik orang lihat nyata yusril nyata lawan ahok nyata dukung ahok bukti langkah langkah yusril nyata maju lawan ahok ahok nyata sikap maju pilgub dki tanpa usung partai politik pihak alami panik luar gabung kuat partai politik kalah independen muka partai politik taruh timbul persepsi baru kalang masyarakat adopsi wilayah indonesia maju pilkada tidak perlu harap pintu partai politik rujuk gebrak ahok hasil realisasi figur rasa punya elektabilitas tinggi depan tidak guna pintu partai politik partai politik kejar figur kurang punya elektabilitas guna partai politik tingkat elektabilitasnya jaman masyarakat utama figur banding partai politik tidak peduli partai penting figur independen tenggelam wibawa partai politik jadi takut besar partai politik muncul yusril ihza mahendra beri lega partai politik partai politik depan fokus bantu yusril ihza mahendra daya upaya wibawa partai politik indonesia figur figur jago lawan ahok tenggelam kabar jago ridwal kamil mundur bursa pilgub jakarta sandiaga uno hari pudar saing ahok yusril ihza mahendra harap redam ahok pilgub jakarta jadi yusril ihza mahendra nyata tidak cukup serius maju pilgub dki jakarta yusril ihza mahendra alam mantan menteri jadi ketua umum partai politik pas rasa maju calon presiden republik indonesia nyata yusril ihza mahendra pro ahok jadi tiba tiba elite elite partai politik pihak pihak penting simpan harap yusril ihza mahendra figur sebelumnnya gadang gadang jadi saing ahok samping yusril ihza mahendra anggap lawan cukup proporsional ahok yusril ihza mahendra detik detik akhir nyata mundur calon gubernur pupus harap bukan tanpa alas intelektual yusril ihza mahendra korban nama besar kalah ahok yusril tokoh nasional jabat menteri posisi posisi strategis perintah diemabannya acara top tidak ragu efektivitas tangan perkara manfaat oknum oknum politik jadi lawan ahok yusril ihza mahendra ahli hukum nama yusril ihza mahendra acara pikir kritis sikap masalah yakin yusril ihza mahendra tidak maju pilgub dki jakarta soal tegur ahok teman ahok anggap masuk yusril ihza mahendra dapat celah undang undang formulir dukung masyarakat serah kpu cantum nama calon gubernur wakil fakta ahok belum gandeng resmi calon wakil yusril ihza mahendra dasar atur undang undang formulir dukung tidak sah batal hukum halang ahok pilgub dki jakarta nyata yusril orang anggap masuk yusril ihza mahendra mulai cari cara jegal ahok baik pilih umum pilih umum manfaat kelihainnya ahli hukum laku jegal ahok tidak berprsangka baik yusril ihza mahendra ingat ahok yusril ihza mahendra manuver yusril ihza mahendra bantu ahok penuh syarat jadi kompetitor pilgub benar benar jadi untung ahok yusril ihza mahendra rela susah payah bantu ahok latar belakang yakin dasar kerja gebrak ahok pimpin ibuktota dki jakarta yusril ihza mahendra masyarakat nikmat dki jakarta masyarakat umum,1,21,9,12
sinyal dukung jokowi ahok jadi rahasia umum hubung dekat luhut binsar panjaitan presiden jokowi tidak ragu segan jokowi beri jabat salah orang percaya menkopolhukam upaya dpr revisi undang undang calon orang maju pilkada buat komentar beri kuliah umum aula barat itb kata uu tidak masalah tidak ubah perlu buat ramai ramai tambah beliau maju ahok jalur independen jadi cermin ahok beri contoh baik orang mau ahok ahok nilai orang baik tolong buat hidup enak jakarta banjir tidak betul ahok orang tionghoa beliau tidak peduli depan pilih tidak masalah latar belakang sara orang pilih pimpin sejahtera warga makna sirat nyata luhut sederhana arti menkopolkam dukung ahok maju rebut jabat periode dua orang percaya jokowi sampai tidak jauh beda suara sang atas presiden jokowi cermat nyata luhut kata sinyal dukung istana ahok tidak heran lihat betapa dekat hubung jokowi ahok jabat gubernur wakil gubernur lengkap jakarta ibukota duduk penting kait langsung perintah negara jokowi butuh pimpin sinergi beliau sosok temu ahok orang orang polemik tebak nebak kingmaker belakang maju ahok lewat independen hubung kuat besar belakang komunitas teman ahok jawab artikel nyata luhut kuat prediksi restu istana calon ahok nyata rawan dukung jokowi pilpres kemarin baca situasi politik jelang pilgub tahu benar dukung jokowi belakang ahok jadi tidak heran komunitas rawan dukung jokowi batman nyata dukung ahok ketua umum batman immanuel ebenezer komunitas tuju organisir rawan dukung jokowi kemarin beri dukung ahok lewat jalur independen klaim rawan projo seknas jokowi gabung komunitas alas ranah pilih gubernur bukan tingkat nasional buat nama baru gabung rawan rawan nama batman dukung jokowi pilkada pilpres kemarin mantap dukung ahok tidak milik hak pilih pilgub dki jalan pikir istana beri sinyal dukung ahok sip,1,12,10,2
ahok fenomena deparpolisasi ahok fenomena deparpolisasi euforia jelang pilkada serentak laksana tahun mulai asa aroma pusat ibu kota negara misal popularitas ahok jabat gubernur dki jakarta lambung tinggi ahok salah figur fenomenal tegas berani jujur suka kontroversial bagai bijak keluar seringkali dapat tolak anggota legislatif bagi masyarakat sosok ahok syarat konflik beliau laku konflik haji lulung ketua dprd dki jakarta perlu catat balik bijak ahok hasil cipta kota jakarta nyaman soal serius ancam hidup masyarakat jakarta perlahan lahan mulai hilang pihak ahok rakyat atas nama benar lahir respon baik rakyat indonesia umum jakarta beri dukung ahok ingin ahok maju pentas pilkada serentak tahun datang mengatasnamakan rawan teman ahok mulai mengggalangkan dukung proses kumpul ktp rencana giat kumpul ktp akhir bulan mei gabung rawan teman ahok aku proses kumpul ktp tidak alami sulit tingkat percaya masyarakat sosok ahok tinggi langkah ahok maju jadi calon gubernur dki jakarta jalur independen kumpul ktp undang reaksi utama politis walikota surabaya nilai langkah laku ahok samping peran partai politik bentuk haus kuasa lanjut politis nilai bentuk deparpolisasi laku ahok partai partai indonesia lantas benar tulis coba meta poin muncul fenomena deparpolisasi kurang jumlah peran partai politik akhir akhir ramai bincang ruang publik ahok maju jalur independen salah ahok maju jadi calon gubernur dki jakarta jalur independen salah tanya jadi mantik awal tisik jauh kait ikhlim politik kian panas acu atur langkah ahok maju jalur independen benar atur tidak sebut calon gubernur maju jalur partai politik calon legislatif calon presiden atur jelas calon gubernur maju jalur independen partai ribut nilai laku ahok bentuk pengkianatan partai hemat tulis salah fenomena cukup tarik telaah dalam tengah popularitas ahok ingin partai politik tingkat popularitas laku anamnesis sosok ahok tunjuk pribadi konsisten bijaksana ahok berani keluar partai gerindra nilai langkah hubung erat masa depan sungguh gema awal partai pdi juang terus terang dukung ahok jarot maju tarung pilgub dki jakarta tahun isu hangat awal mulai suram hilang sebut php beri harap palsu ahok tidak pusing soal partai dukung pilih alternatif maju jadi calon gubernur jalur independen hemat tulis langkah laku ahok salah bentuk komunikasi politik tidak laku calon politis pasal maju jalur independen uras waktu tenaga kumpul ktp beda jalur partai kendara politik cukup bel uang sesuai minta money politic hindar sosok ahok laku ahok bentuk komunikasi politik libat partisipasi aktif pilih ikut sumbang ktp jadi interaksi langsung warga bukan melulu partai partai ribut tebak salah bentuk kecewa sosok ahok maju jalur independen ahok tidak beli partai politik kendara maju jadi calon gubernur dki jakarta akibat dapat kurang logika politik syarat penting ekonomi akumulasi modal partai politik mulai mengintropeksi sistem prosedural partai ruwet buat calon masuk ahok pilih jalur independen partai politik tidak peran penting maju bangsa hemat partai politik potensi maju negara partai politik salah alat kuat politik indonesia lantas muncul konsep deparpolisasi muncul konsep cukup fenomenal tidak lepas kerja aktor parpol seringkali utama penting buat regulasi sulit orang kembang haus kuasa bagai konflik internal partai politik jadi jadi salah indikator ukur nilai lemah daya kuat partai politik ideal partai politik isi kader kader kompeten punya komitmen maju kembang partai bukan maju hendak ingin intropeksi salah opsi solutif muncul deparpolisasi fenomenal cedera peran partai politik,1,33,27,6
ahok pura pura pasrah strategi taktik jitu peran besar politik misal pilgub dki strategi rencana ahok jelas menang pilgub jabat gubernur dki jakarta lawan lawan ahok milik strategi taktik laksana pihak beda dukung strategi salah taktik blunder sebab menang jauh salah kurang pikir kurang siasat kelak diri sesat sesat jauh arti blunder salah taktik relatif kecil tutup taktik ganti taktik sempat raih menang bingung bagi pihak belum erti taktik guna politik nama taktik ubah perlu menang raih taktik awal ahok tunjang strategi menang pilgub dki lewat jalur independen bukan arti taktik harga mati tidak ubah ahok tegas maju lewat jalur independen temu teman ahok minggu bukan arti taktik baku tidak ubah batas akhir daftar calon gubernur dki bulan agustus bulan maret waktu bulan mungkin jadi taktik ahok beri batas waktu teman ahok bulan juni kumpul ktp sesuai target tentu lolos verifikasi tidak sulit erti gagal waktu bulan negosiasi partai partai politik sedia usung kata ahok ada ujung tanduk tidak partai politik usung teman ahok gagal capai target kumpul ktp tidak hasil lolos verifikasi kata sirat keputusasaan pasrah bagi taktik ahok apa sulit erti ahok jelas ingin dukung politik pdip usul djarot cawagub harap putus pdip cepat partai lambang kepala banteng alas mekanisme partai ahok tegas lewat jalur independen politis pdip koar koar percaya milik kader mampu kalah ahok bilang cenderung baba nyata basa basi bulan juni teman ahok gagal kumpul ktp sesuai target pdip rasa atas angin selamat tinggal pdip partai politik konsekuensi sisi ahok sempat usung partai partai politik luar pdip asal penuh syarat masalah pdip tunggu bulan juni tunggu teman ahok gagal hasil emban misi maret juni juli agustus mungkin jadi taktik bukan harga mati tidak ubah beda pandang kait kata dukung usung cari solusi pihak rasa senang tidak pihak rasa hilang muka he he he main taktik pura pura nyata ada ujung tanduk memelas pasrah kurang pikir kurang siasat kelak diri sesat pikir tidak cepat tindak bingung kelak diri linglung,1,6,25,-19
ahok mulai main gila lu bubarin deh ahok center sindikasi net ahok mulai main gila lu bubarin deh ahok center ahok benar benar benar udah mulai main gila ungkap ahok center nato benenya kelola csr tanggung tanggung badan kelola uang daerahprof dki endang kata usah mitra ahok center disiyalir artikel organisasi lahir ahok jadi wakil gubernur dki jadi organisasi menang jokowi ahok pilgub dki timses rawan nya ahok ahok jabat wakil guber dki mulai peran ahok center main politik balas budi ahok orang lingkar batu naik ahok asa kental tanya seder hana sulit terima akal sehat sulit jawab why must ahok center bagai alsaan kemu batu beres mering amanah tugas pemda dki mulai awas adu sms ahok jadi langgar seleweng dana csr tuju mulia bro ahok gila nya anggota ahok center ber domisili apertemen junada jumlah orang gaji kantong pribadi ahok umr jt ari ahok keluar dana jt uang gaji ahok jt aan ingat kalo meyewa apertemen juanda hari rp rb tahu fkdm jaman bang foke nyata beri honor bang foke jadi brutus sang tusuk belakang gunting lipat lemah calon calon partai partai wajar pilih balas jasa timsuksesnya timses jadi calo proyek lingkar kuas it s true bak lawan pilgub dki faisal batubara kompasianer kritis soal bola mengelinding lama lama tambah besar apa alas an nya libat ahok center perintah usaha bangun percaya masyarakat jadi blunder ilas ahok pasti tidak mampu kuasi tindak tanduk ahok center orang baik punya integritas tinggi si prof rudi r nyata tidak lulus ujiaan maaf orang orang politik cenderung rakus halal cara aman penting abadi ahok mulai main gila ingat bubarin ahok center pemda dki jadi benalu makan sang tuan nya kurus kering mati,0,12,9,3
taktik cerdas jitu ahok lawan ridwan kamil risma pintas baca judul artikel olah adu domba ahok ridwan kamil risma tidak maksud artikel bahas cerita siang benar benar kaget baca berita tribunnews com judul warga jakarta ridwan kamil jadi gubernur ahok rasa saing baca link berita lembaga survey lembaga survey cyrus network cn rilis hasil survey baru warga dki ingin walikota bandung ridwan kamil walikota surabaya ibu risma gubernur dki lembaga survey cyrus network cn sampai hasil surveynya ikut survei laku tanggal april media nama foto eko papar puluh nama sodor pilih ahok oleh persen ridwan persen risma persen empat nama sodor ahok oleh suara persen ridwan persen risma persen djarot saiful hidayat persen segi popularitas ahok oleh dukung persen risma persen ridwan persen elektabilitas head to head ahok ridwan ahok oleh persen ridwan persen belum putus persen ahok risma ahok oleh persen risma persen lanjut eko perhati seksama hasil survey lembaga survey cyrus network cn tempat ahok urut pertama gubernur pilih rakyat jakarta susul walikota bandung ridwan kamil susul walikota surabaya ibu risma motif lembaga survey cyrus network tiba tiba buat survey aneh kurang tahu motif jelas lembaga survey cyrus network rilis survey warga jakarta ingin ridwan kamil risma gubernur jakarta jelas dapat uang orang jawa timur senang ibu risma hormat nang orang jakarta jabat gubernur dki senang ibu risma jadi gubernur daerah jawa timur kagum ridwan kamil senang rakyat jakarta ingin beliau jadi gubernur dki jakarta kagum ridwan kamil suka bapak ridwan kamil jadi gubernur jawa barat ahok ridwan kamil ibu risma produk jabat pilih rakyat pilkada langsung hasil tunjuk kerja baik daerah ahok hasil bongkar kasus korupsi super dahsyat korupsi ups ahok kenal gubernur tegas lawan preman ganggu nyaman masyarakat ridwan kamil beliau anggap hasil buat ubah ubah kota bandung indah suasana halaman masjid agung bandung ibu risma kenal walikota mental baja lewat tekad bersih prostitusi surabay anggap sakit masyarakat ibu risma hasil tutup lokalisasi besar asia dolly ibu risma kenal hasil indah taman bungkul surabaya ibu risma ahok ridwan kamil tiga tiga tokoh tolak ruu pilkada tidak langsung gol paripurna dpr ri anulir sby lewat perpu sakti keluar jelang detik detik masa jabat berkhir aneh hasil survey lembaga survey cyrus network ngapin sih bikin survey pakai ngikut ngikutin ridwan kamil ibu risma rebut jadi gubernur dki tinggal daerah nasib daerah tinggal misal nasib jawa barat ridwaan kamil jadi gubernur dki nasib jawa timur tinggal ibu risma mesti lembaga survey cn sadar jawa barat butuh gubernur ridwan kamil jawa timur butuh gubernur ibu risma bukan survey tidak jelas akan adu ngadu ahok ridwan kamil ibu risma untung ahok cukup cerdas komentar hasil survey cyrus network sampai rakyat dki ridwan kamil ibu risma gubernur tanggap hasil survey cyrus network ahok aku rasa tidak dapat saing baru ahok rasa senang lihat banyak warga jakarta ingin ridwan pimpin jakarta pak jokowi joko widodo target hasil kata dua kepala daerah daerah maju jadi gubernur jakarta konsep awal kata basuki balai kota kamis basuki aku hilang pandang suku jadi gubernur dki jakarta transmigrasi bupati belitung timur calon jadi wakil gubernur dki damping jokowi jabat wali kota surakarta jarang dapat pandang sinis warga pihak lembaga survei kecil mampu pimpin jakarta anggap putra daerah tidak kenal jakarta yakin tidak pimpin jakarta baik pas masuk jakarta stigma orang orang bilang solo jadi gubernur bupati belitung timur kerja jakarta digituin orang orang kata pria sapa ahok bukti dua hasil mikat hati warga jakarta jadi gubernur wakil gubernur dki hasil kalah calon tahana fauzi bowo calon damping nachrowi ramli warga asli jakarta punya rekam jejak baik mungkin jadi gubernur dki kata basuki tulis nilai komentar ahok pintar cerdas ahok makan hasil survey cyrus network rasa saing ridwan kamil risma keluar kata kata cela ridwan kamil risma pamor ahok mata masyarakat jakarta anjlok hancur ahok tidak makan hasil survey cyrus network sebut ridwan kamil risma saing ahok pilgub dki datang ahok senang silah dua ridwan kamil risma saing maju pilkada datang minat guna bahasa santun welcome dua saing citra ahok mata masyarakat jakarta baik medan juang hadap ahok ridwan kamil risma beda ahok jadi gubernur ibukota negara dapat predikat kota tingkat jahat tinggi hari ahok keluar statemen statemen tegas bagi masyarakat ahok sebut gubernur raja tega niat ahok benah kota jakarta semrawut jabat nakal daerah ridwan kamil ibu risma tidak bajing jabat dki jakarta bajing minta ampun contoh tidak usah jauh jauh kasus korupsi bongkar ahok nyata rugi lebih korupsi hambalang century tanya ridwan kamil risma jabat gubernur dki jakarta berani sikap berani ahok keroyok anggota dewan bongkar kasus korupsi rugi negara bapak ridwan kamil ibu risma tidak usah gubris hasil survey cyrus networt mending bapak ridwan kamil jabat gubernur jawa barat ibu risma jabat gubernur jawa timur salam kompasiana,1,34,21,13
tahun baru cina lengkap tanpa bicara ahok ahok mati kubur ahok jadi tempat wisata destinasi wisata deh jadi mati tolong orang tambah mata cahari kubur orang belitung tanya rumah ahok kata ahok ahok daulat orang galak indonesia barang kali suka cinta mayoritas rakyat indonesia rakyat jakarta atas kerja buat resmi jadi gubernur ibukota indonesia pak jokowi jadi presiden ri resmi jabat orang nomor dki tanggal november ahok gencar laku gusur bangun warga jakarta gemar tinggal kali gusur pindah rusun rumah susun warga manusiawi layak tempat daerah alir sungai das steril rumah rumah duduk buat indah bukan orang jakarta cerita teman teman media sosial cerita betapa beda wajah jakarta tang ahok buat kagum taruh harap besar jakarta layak jadi destinasi wisata ibukota bebas nama banjir bebas macet tuju ama koh ahok batas volume kendara roda empat roda alih transjakarta angkut kota ahok kurun waktu tahun sah jadi sosok cari tampil televisi berkat ulah ulah anggap kontroversial mikat liput benar hari lewat salah stasiun televisi swasta acara suka sukses tampil ahok program sukses bongkar sisi hidup bijak ahok tanya tanya host tohok jawab ahok elegan tidak provokasi mampu ikut logika pikir pak ahok hapus racun negatif gerogot pikir statemen statemen negatif akibat bijak ahok lontar lawan lawan politik jabat tidak suka sikap ahok pendekar ahok ratus lawan bicara ahok bicara aset bangsa ajar jabat tidak kompromi usaha jujur kelola uang rakyat awal pendekar ahok terap jurus e budgeting bongkar praktek gelembung anggar belanja dki kerap laku kolaborasi kaum legislatif kepala dinas kepala suku dinas dapat untung ahok punya alam anggota dpr komisi ii periode tau kotor main sana alam guru baik akhir tabiat lama wakil rakyat mulut sopan santun bicara punya tabiat buruk hubung uang benar beda baik untuk anggar jumlah nominal anggar versi anggota dprd anggar dki entri pemprov dki dilock sistem e budgeting guna perangkat teknologi informasi komunikasi awas uang akurat jamin sesuai undang undang no tahun periksa kelola tangung jawab uang negara polemik terus lanjut muncul anggar siluman nama ada ups uninterruptible power supply harga ada miliar miliar rupiah bang abraham lulung tidak tau ups fungsi wawancara keseleo bilang usb bikin publik penasaran bang haji lulung perlu ajar keras ngalahin pendekar ahok pilkada dki sesumbar bang haji lulung ujar yusril kalah ahok komentar maju yusril ihza mahendra acara bekas menteri hakim era gusdur saing ahok sang tahan senyum senyum tanggap psywar utara lawan lawan ahok wujud jakarta etalase indonesia bersih praktek korupsi indonesia ber tuhan ber adil sosial ahok tegas terus benah jakarta terus maju pantang mundur wujud jakarta dagang kaki lima sedia lapang kerja sejahtera pegawai jakarta maju terus bijak bijak buat tonton tertawa senyum ahok menaggapi santai ancam ancam lawan lawan komunitas temanahok sibuk siap ahok jadi gubernur dua kali ahok kata jujur tidak siap ahok yakin main pilgub jujur tidak curang bakal menang ahok kerja maksimal hapus korupsi transparansi kata kunci ahok menang hati rakyat jakarta amelia ayuningtias jubir temanahok buat pak ahok bang andy plangak plongok jumlah dukung ahok benar benar valid sentuh angka ktp ktp syarat ahok maju pilgub dki jalur independent klo ngumpulin ktp gampang hmm benar valid capek jelasinnya mending nonton video ikut bukan warga jakarta ajar harga ahok harus beri dukung moga mampu selesai tugas tugas emban jabat baik moga pimpin jakarta tahun andai tidak pilih tempat benah baik selamat tahun baru cina moga tahun kenal tahun monyet api ahok milik hati niat baik baik indonesia ajar sosok sun go kong karakter dongeng cina pribadi garang nakal payah tunduk atur hati baik gaya ceplas ceplos bijak jujur jadi tunjuk jalan biksu tong ambil kitab suci keras ngotot juang indonesia ber tuhan ber adil sosial moga,1,40,18,22
teman ahok aku ahok bikin jakarta tambah macet tukang gusur bicara kasar tuding ahok sebut artikel kompasianer abdul latief ahmad al indonesii tulis ahok rawan beri nama teman ahok gencar kumpul ktp warga dki jakarta calon pilkada target minimal kumpul ktp sungguh luar bayang pilkada jauh ahok pikir jauh genggam kuasa periode ikut salah data sengaja mengfitnah tuding abdul latief ahok jelas salah besar teman ahok bukan rawan bentuk ahok sengaja manfaat alat kumpul dukung ktp warga dki jakarta penuh ambisi ikut pilkada dki jakarta teman ahok diri kelompok anak muda pikir progresif wawas luas demokratis swadaya atas inisiatif etnis bukan tionghoa dukung juang kumpul minimal ktp bukan tulis abdul latief ahok penuh syarat maju calon gubernur petaha pilkada dki jakarta jalur independen nilai ahok kontroversial pimpin sejati benar benar juang penting rakyat jakarta cari cari pimpin jadi jakarta baru bebas korupsi maju manusiawi laman alamat sebut teman ahok kumpul rawan diri kelompok anak muda tuju bantu tani gubernur dki jakarta basuki tjahaja purnama ahok wujud jakarta baru bersih maju manusiawi ahok aku kenal bagi diri urus teman ahok jadi rawan dukung jokowi ahok pilkada dki jakarta belum temu jujur ahok aku senang dapat dukung tulus rawan muda aku dapat untung gera rawan yakin teman ahok sukses kumpul minimal ktp untuk hak bubarinlah untung ktp benar biarin salah bikin butuh ktp kata ahok buka jujur dukung gimana kagak keluar duit mau gratis melulu deh orang bikin posko minta duit ngelapor terus tiba tiba nganterin ktp masa tolak terus form nya benar pungkas merdeka com baru baru tepat agustus teman ahok rilis video klip unggah youtube isi aku benar lima tuding utama tuju ahok ahok benci ahok keburu sorak gembira ria video klip aku benar lima tuding ahok jelas hakiki balik tuding negatif ahok orang nilai ahok gagal pimpin jakarta lima faktor jelas nilai subyektif dasar penting politik pribadi kelompok pikir lihat negatif negative thinking wawas sempit lihat kondisi jangka pendek pikir kaku keluar kotak cara pikir usang rhenald kasali orang orang rigid terima cara cara orang agility kerja baca artikel lawan ahok in the box vs out the box rigid vs agility teman ahok video klip nya tulis buat lihat kali suka tidak suka tutur singkat cara sederhana lucu ikut ahok sukses buat jakarta tambah macet proyek proyek angkut massal manusia tahun tahun tunda kerja hasil asa tahun jadi betul ahok bikin tambah macet wajar tidak macet total hari komentar mampu orang jakarta rela tambah derita jalan proyek proyek angkut massal bangun bangun mega proyek mrt bagi badan jalan kena proyek imbas tutup dampak jakarta tambah parah macet tidak bangun proyek proyek tanpa makan badan jalan tanpa tutup jalan tanpa buat macet parah benci ahok politikus lawan politik dprd dki sengaja lihat kondisi abai progres konyol nyata macet macet parah akibat dampak bangun mega proyek bukti gagal ahok bangun jakarta progres bangun mega proyek selesai baru rakyat jakarta nikmat hasil gusur gusur ahok gusur tata kota paham masalah lahan jakarta bukan soal mukim kumuh soal mafia tanah kelompok kelompok tidak hak lama duduk tanah negara biar lupa ahok tihak gusur warga gusur sedia tempat tinggal rusun sedia jadi musuh mafia lahan bukan masyarakat perlu catat ahok tidak gusur mukim kumuh bantaran kali mall langgar atur segel komentar mall maksud teman ahok mal green tebet segel tutup permanen pemprov dki jakarta atas perintah ahok juli mall tutup masalah surat surat izin beri batas waktu selesai pemprov abai mall ahok tutup permanen diskotik stadium lokasi kawasan taman sari jakarta barat maret polisi dapat tewas over dosis narkoba diskotik stadium lama duga milik orang kuat duga tempat edar narkoba juni unit ruko mewah lantai tiga jalan jagal raya tambora jakarta barat atas perintah ahok bongkar paksa dinas tata kota pemprov dki jakarta tidak punya imb nilai seluruh ruko milik warga etnis tionghoa taksir capai rp miliar laku bongkar besar besar bangun kampung pulo pemprov dki bongkar unit bangun ruko sertifikat milik etnis tionghoa diri jalan masuk tuju kampung pulo bongkar paksa laku alat alat berat eksavator masuk capai kampung pulo jalan tugas ahok ban pemprov dki sebut pilih kasih laku tertib mukim liar kampung pulo berani gusur rakyat miskin isu sara gusur etnis pribumi ahok tegas bangun diri atas lahan jadi jalan inspeksi sungai bongkar tegas tidak sentimen guna tertib kawasan kawasan huni jakarta selesai masalah banjir jakarta ahok kata turut perlu rela warga tertib prinsip demokrasi penting orang mesti berani korban ujar ahok detik com ahok sikap tegas tanpa kompromi atas akhir soal puluh tahun kristal bangun salah bangun konstruksi jalan benar guna palu besar alat alat berat hancur bangun benar ahok tegas cenderung keras sikap perlu atas bagai soal dki jakarta super rumit ruwet akibat biar biar puluh tahun balik sikap tegas ahok punya maksud tuju mulia bangun jakarta baru berdisplin tinggi taat hukum maju moderen tetap manusiawi ada temu wakil warga kampung pulo ahok gubernur dki jakarta balaikota agustus salah pimpin wakil kata ahok tahu bapak orang galak tegas bilang ibarat bapak duren luar tajam dalam enak pak ahok nyata masalah kampung pulo tidak selesai selesai harap jakarta beres fakta fakta tahu sembunyi benci ahok tonjol negatif melulu ahok lihat pimpin arogan kejam perikemanusiaan rakyat hasut ikut benci ahok persepsi persepsi keliru masuk sentimen sara nya pandang jauh jujur tulus nilai ahok buat susah tindak orang orang taat hukum ahok tidak apresiasi hukum anak buah kerja bagus antem ribut bicara kasar lawan mafia koruptor sudahlama rogok jakarta tidak cara diam sopan santun koruptor ada lawan ahok berani pecat bawah bukti tidak cakap laku korupsi ahok segan lapor bawah tegak hukum lho bayang ahok tidak koar kontroversi koruptor rajalela ahok berani koar masyarakat ikut gerak lawan komentar ahok kerap lontar kata kata kasar koruptor duga kuat koruptor kerja buruk ingat kali kali orang masuk pakar komunikasi pakar psikologis anak sudut ahok rupa timbul kesan bela koruptor koruptor senyum senang bukan ahok serang orang orang pakar politikus lawan ahok bilang dampak kata kata kasar galak ahok potensi kuat pengaruh anak anak ikut ikut kata kasar olah anak anak tidak punya daya kritis nyata anak anak erti ahok sikap galak contoh kongkritnya oktober jumlah anak sekolah dasar sd datang ruang kerja ahok laksana tugas plt gubernur dki jakarta rangka ikut program jakarta kids festival anak anak sd hadir cengkerama aktivitas ahok ajak kompas female bincang bincang santai salah satu raih siswi kelas v sdn menteng cara bicara gemas tutur kesan dapat sosok ahok pak ahok cocok jadi gubernur ujar raih aku milik cita cita jadi dokter soal pak ahok baik pak jokowi sambung raih jelas ahok cocok jadi gubernur sifat galak kata tidak takut ahok galak galak banget takut salah takut jawab anak anak polos tulus kata kata anak anak sd erti ahok galak dewasa politikus jabat negara pakar jenis tidak erti pikir polusi bagai penting munafik jadi baru baru wahana temple of fire dunia fantasi rabu agustus ahok hadir anak anak rangka ingat hari anak nasional bocah nama adam tanya ahok bapak ahok galak tanya alam buat riuh suasana tawa hadirin ahok langsung tertawa dengar tanya jelas sikap galak tuju orang orang bapak galak orang nyuri uang rakyat galak senyum senyum aja kata ahok serta gelak tawa kompas com jadi lucu dunia fantasi ancol jakarta tunjuk anak anak usia adam punya daya kritis tinggi lihat soal tanya tugas orangtualah jelas bukan provokasi si anak ikut benci orangtuanya tidak suka orang orang baik jelas ahok bocah nama adam jelas tulus benar orang jujur tulus lihat ahok sikap galak paham kata teman ahok lawan mafia koruptor sudahlama rogok jakarta tidak cara diam sopan santun koruptor ada lawan lawan koruptor mafia pikir sikap lemah lembut sopan santun cara cara lama laku koruptor tangkap masuk penjara koruptor tidak takut malu tertawa ceria tampil serba necis tidak beda selebritis mimpi indonesia sukses berantas korupsi komentar teman ahok olah amin ahok merespon kelompok orang bentuk komunitas lawan ahok laku unjuk rasa rumah pribadi ahok pantai mutiara pluit jakarta utara alih laku unjuk rasa rumah dinas ahok jalan taman suropati menteng jakarta pusat ahok bilang kalaumau unjuk rasa temu dengan balaikota sana siap layan bicara ahok bilang tidak peduli gera jumlah kelompok tentang bijak turut butuh gubernur mental preman benah ibu kota benar juang kota perlu benah preman lawan mental preman ujar ahok tegas kompas com alkitab tulis hadap dunia jahat pikir licik ular tetap hati merpati arti paham jalan pikir lawan orang orang jahat pikir hati tetap bersih tidak jerumus jadi jahat apbd tidak serap maksimal tuju ahok tidak duli serap anggar penting dana gelontor tepat sasar tidak disalahgunakan bayang dana serap bocor fokus ahok kerja bersih birokrasi ahok program pantas dana program benar benar untuk ahok baik selamat uang negara biar korupsi status serap anggar tinggi jumlah anggar tidak main main capai triulin rupiah lho gun serap apbd tinggi rawan korupsi komentar ahok ekad baik kerja bawah skpd skpd apbd dki jakarta benar benar serap maksimal tetap awas ketat tidak korupsi ahok aku laksana temu menjalain kerjasama pemprov dki jakarta bpk badan awas uang bangun bpkp kpk ahok harap skpd perlu takut kerja jujur lurus tidak perlu takut presiden jokowi terbit surat edar nyata bijak perintah daerah tidak pidana prinsip gitu alas takut takut fakta skpd pura pura takut orang beli tanah becus minta komisi kata ahok amin komentar teman ahok ahok tegas prinsip tidak masalah rendah serap anggar selamat uang negara ingin anggar serap baik bangun serap anggar apbd dki kali masuk rendah indonesia ahok jelas bagi besar bangun jakarta tidak guna apbd bantu corporate social responsibility csr bangun tetap jalan sungai bersih bersih ideal bangun pakai anggar perintah stimulus ekonomi lokomotif sabar apbd kebut kata ahok kompas com gagal wtp bpk tengah ahok bongkar korupsi lingkung aneh lapor pemprov dki nilai wajar tanpa kecuali alias wtp bpk lagipula status wtp jamin kepala daerah bersih fakta daerah dapat status wtp kepala daerah dapat status sangka korupsi bersih korupsi lembaga biasa cara lama tidak laku cara kejap usaha mental baja ahok butuh komentar teman ahok beber fakta fakta ikut fakta fakta wtp bpk punya makna penting tidak wtp daerah didentikkan bersih korupsi daerah fakta fakta wibawa bpk wtp nya patut tanya lima poin sukses ahok sebut rawan teman ahok tutup video klip nyata tutup ikut ahok baik dasar dobrak bias bias lama tinggal prestasi ahok tidak ukur banyak harga manfaat rasa memangbutuh jujur tulus harga prestasi prestasi ahok tidak jebak pola pikir instan nilai ahok pikir jakarta masa ahok gerak awal ubah ikut gerak lihat video teman ahok klik artikel kait ahok ingkar janji manusiawi nilai ahok in the box vs out the box rigid vs agility,1,104,94,10
save ahok baru ahok deklarasi heru budi hartono pasang independen dki pdip bakar jenggot tulis detik com ketua umum pdip megawati soekarnoputri kumpul elite pdip diam senin malam kemarin hasil temu megawati perintah pdip dki kuat konsolidasi lawan deparpolisasi jelang pilgub dki rakyat jakarta siap pertama mungkin besar pdip usung calon jadi pilkada dki milik minimal pasang calon dua khusus pilih ahok mungkin ahok kepung bagai sisi kepung sangar asal pdip pertama tama rasa singgung pilih ahok jalur independen megawati beri lampu hijau pasang djarot sikap ahok anggap lancang ultimatum partai besar dukung dki ancam peluang emas kader potensial djarot akibat gagal jadi damping ahok berita ahok beri waktu minggu pdip putus dukung pasang ahok djarot jalur independen tidak sikap pdip kes singgung reaktif lihat hubung mesra ahok sungguh tidak untung pdip timbul antipati partai tua pertama rakyat dki pilih figur bukan partai pdip usung calon figur ahok jauh kena mata pilih dki prestasi prestasi ingat milu presiden waktu orang pilih jokowi bukan usung pdip sosok jokowi pdip usung figur nyata kalah muka taruh dua sikap pdip ulur ulur tentu pasang calon coreng citra atas nama mekanisme partai ironis sempat politis pdip beri lampu cukup terang ahok megawati restu ahok djarot cukup lama sikap ulur ulur beri pesan tawar tawar buat ahok tunduk tugas partai tahu alam jokowi hadap partai status tugas partai belenggu bebas kreativitas gubernur khawatir tidak ingin warga dki teman ahok negeri tugas partai identik ikut hendak penting partai tidak jalan penting rakyat meskpun pdip percaya kata hendak pdip hendak rakyat lha revisi uu kpk motor pdip emang hendak rakyat pie tho penting gubernur prestasi luar tetap baca dukung mekanisme luar bukan mekanisme ahok lama susah letoy pdip kata abg colek bu mega sekjen partai pdip tiga sikap buat ahok terombang ambing jalan proses mekanisme partai ahok tidak pilih tidak sesuai kriteria partai wajar ahok ultimatum tidak jamin rugi iya ahok utama warga dki kata teman ahok waktu sisa kumpul ktp habis empat sikap tunjuk pdip gengsi tinggi hati ego partai besar bukan aspirasi rakyat rakyat gengsi pdip rakyat rakyat ingin ahok maju halang halang sulit kata sikap pdip tidak serap aspirasi rakyat balik kepung ahok kata pdip ikut penting partai bukan penting rakyat lima usung calon lawan ahok buka arti pdip siap hadap perang buka rakyat tidak baik citra pdip ikut pilkada serentak dukung ahok hukum partai tua cara tidak pilih calon pdip pilih ahok tidak pilih calon calon pdip pilkada serentak hukum keras jadi pdip koalisi calon partai partai jadi lawan sengit ahok enam bu mega bilang calon independen bentuk deparpolisasi lawan catat bu partai benar gak calon independen benah partai rakyat dukung calon calon partai ancam deparpolisasi jadi refleksi kritis partai jegal calon independen pdip ajar jadi partai benar benar junjung tinggi idealisme impi akan runtuh lihat anggota partai ibu senayan ramai ramai usul revisi uu kpk partai tua bijaksana dukung ahok jalur independen atas warga jakarta seru salam save ahok,1,22,16,6
ahok menang jokowi pasang ahok kompetisi rebut kursi gubernur wakil gubernur dki jakarta lawan cagub tahana fauzi bowo pasang nachrowi ramli jokowi usung pdip ahok partai gerindra fauzi bowo pasang usung parpol tahana fauzi bowo nachrowi ramli darah betawi fauzi bowo pihak ibu nachrowi betawi asli fauzi bowo catat ketua pwnu nachrowi tokoh bangga orang betawi satu purnawirawan jenderal jadi modal politik uang sosial milik fauzi bowo nachrowi pilgub guna sistem pilih tidak langsung dprd menang pilgub jokowi ahok tidak berani lawan pilgub dki guna pilih langsung rakyat masalah dua bukan orang betawi jokowi bukan duduk jakarta waktu status orang luar jakarta kantong kpt solo parah ahok asal etnis minoritas cina agama kristen punya reputasi walikota bupati sukses anti korupsi daerah modal politik milik jokowi ahok negatif dukung parpol hadap lawan dukung parpol jumlah kursi dprd jauh jokowi ahok tidak punya modal uang bukan latar belakang konglomet uang tidak batas beli suara rakyat fauzi bowo dukung usaha usaha besar nikmat untung bagai proyek pemda dki tahan nikmat lama fauzi bowo menang pilgub calon tahana sumberdana apbd jakarta manfaat fauzi bowo untung calon gubernur harap jokowi ahok menang pilgub tumpu rakyat tidak puas fauzi bowo gubernur dki jakarta lima tahun jadi gubernur fauzi bowo tidak bawa baik apa macet lintas banjir tahun rumah kumuh rakyat miskin terus tambah jadi masalah tidak sentuh gubernur aparat laku laku gusur tanpa sedia solusi rakyat gusur jokowi ahok laku kampanye pilgub cara laku blusukan pelosok jakarta bicara dengar suara jerit rakyat kecil derita tidak sentuh tangan tangan perintah laku janji baik hidup rakyat miskin janji beri biaya sekolah anak anak miskin janji sedia layan sehat gratis rumah sakit keluarga tidak mampu janji beres masalah banjir macet lintas janji tampung upa rumah susun rakyat kena tertib rakyat jakarta percaya janji janji kampanye jokowi ahok ketimbang janji fauzi bowo nachrowi soal rakyat rasa tahun fauzi bowo tidak laku aku ahli tata kota ijazah oleh kuliah jerman rakyat jakarta tidak peduli punya darah betawi nachrowi asli betawi tokoh nu hari mungut suara nyata jokowi ahok menang suara rakyat jakarta lantik jadi gubernur wakil gubernur bulan pertama perintah jokowi ahok penuh bagi janji rakyat bagi kjp kjs duduk miskin ahok naik pangkat jadi gubernur dki jakarta jokowi pilih presiden ri tujuh ahok terus program kerja susun jokowi bangun mrt bentuk bagi kereta api bawah tanah bagi jalan layang pecah masalah transportasi jakarta ahok lanjut bangun tower rusun siap rakyat rumah gusur kena proyek lebar sungai sungai hindar banjir laku cara jakarta tidak banjir wilayah jadi bersih tugas bersih gaji sesuai ump laku layan rakyat kantor kantor lurah cepat gratis tambah ratus bus transjakarta tahun sedia sarana transportasi murah rakyat layan rakyat jakarta sepenuh hati jadi sambung rakyat telpon selular twiter selesai masalah cepat kondisi jakarta keras ahok tarung gagah berani berani tarung sendiri lawan anggota dprd jakarta abpd tidak seleweng untuk laku lelang jabat laku mutasi pegawai dki kerja tidak becus terus terus lurah camat paksa kerja baik lurus tidak henti mutasi ahok tidak pandang bulu coba coba langgar atur malas malas pilgub dki jakarta gelar ahok maju jadi calon tahana gubernur dki jakarta gaya pimpin keras kes kasar ahok punya musuh musuh jumlah parpol gerindra punya dendam kesumat ahok nyata keluar partai sebab gerindra dukung pilkada tidak langsung pks ppp tidak suka ahok faktor ras agama pdip pan pkb usung calon nasdem nyata siap usung ahok jadi cagub tidak mudah partai cari kader yakin kalah ahok partai gerindra misal paksa dekat ridwan kamil walikota bandung bukan anggota puluh kader gerindra siap usung pan elus artis desi ratnasari eko patrio jelas bukan lawan tanding imbang ahok pks usung calon lama kalah pilgub mantan presiden pks hidayat nurwahid teman ahok rawan dukung ahok hasil dapat ktp jadi ahok calon independen waktu dapat tambah dukung juta ktp hasil rawan dukung ahok kumpul ktp jadi indikasi rakyat jakarta tidak berat pimpin ahok gubernur ahok menang pilgub bukti rakyat jakarta tidak lihat marah ahok mulut kasar rakyat jakarta suka nikmat suasana ahok juang penting ahok tarung lawan dprd mental korup ahok parah pns jakarta tidak punya ketrampilan kerja malas kerja gaji perintah rakyat jakarta rasa puas punya gubernur tegas peduli masalah hadap rakyat jakarta puas masalah jakarta selesai ahok ahok laku gusur siap rusunawa ganti sifat primordialisme suku agama tidak jadi timbang bagi besar rakyat jakarta ahok lurus tidak korupsi terus kerja pecah masalah jakarta bagi besar rakyat jakarta pilih jadi gubernur periode,1,32,34,-2
peluang ahok pilkada dki jakarta pilkada serentak tahun tahun gejolak riak mulai bakal calon dki mulai muncul muka cari perhati partai politik usung calon calon mulai gadang gadang partai pengaruh bagi belum respon partai gerindra partai gencar cari calon tampil calon pola jaring jenjang usaha muda sandiaga uno walikota bandung ridwan kamil mulai dekat masuk tahap jaring calon turut muncul media walikota surabaya tri rismaharini belakang muncul nama beken mantan menkumham era habibie gusdur megawati mensesneg era sby acara kawak pakar hukum tata negara gelar professor yusril ihza mahendra basuki tjahaya purnama ahok tinggal mantan bupati belitung timur jadi anggota dpr ri partai golkar jadi wakil gubernur dki jakarta pasang joko widodo naik ganti joko widodo hasil jadi presiden ri ahok resmi gubernur dki jakarta kiprah siap siap tahan jabat mulai lihat muncul gera nama teman ahok kumpul ktp warga dki dukung beliau paksa maju jalur orang independen khabar akhir hasil kumpul ktp dukung lampau oleh suara partai gerindra milu peluang ahok cukup besar pilih ingat prestasi prestasi kerja jadi gubernur dapat simpati bagi besar masyarakat dki jakarta bukti tidak ban gera kumpul ktp teman ahok mudah dapat respon masyarakat jumlah cukup fantastik waktu singkat posko posko bentuk sukarela buka beberapa wilayah jakarta tunjuk masyarakat tidak langsung taruh simpati ingin beliau pimpin dki jakarta kerja mudah kandidat kepala daerah calon tahana incumbent menang pilih jalur orang fakta jadi pilkada baru kisar calon orang menang pilih kepala daerah ahok kecuali sosok fenomenal muncul tengah haus warga tokoh baharu jokowi mampu hadir warga jakarta jadi modal tidak anggap enteng lawan lawan angka statistik menang calon orang kecil tidak laku asumsi bayang bayang jokowi kental lekat ahok tidak salah masyarakat dki jakarta lihat kiprah sosok jokowi tindak tanduk ahok pimpin jakarta harap jokowi keluar statemennya dukung ahok dukung jokowi dukung ahok tidak mengeyampingkan faktor sosiologis etnis agama oleh suara ahok tidak lebih suara oleh jokowi rawan teman ahok pilkada jelang prediksi mampu kumpul ktp tanda tangan dukung kisar asal loyalis partai bas agama tidak eks pilih mula pilpres tambah pilih baru capai usia tahun mulai agustus tahap final daftar pilih tetap dpt pilkada dukung besar dukung asumsi beri suara ahok pilkada modal suara kumpul ahok besar suara pdip mutlak milik jokowi ahok dukung jokowi suara jokowi pdip besar jadi milik ahok lepas ahok dukung tidak pdip kira ahok mudah dapat tambah suara suara dukung dapat rawan teman ahok bagai faktor pengaruh suara jokowi pdip mungkin mampu rebut ahok besar nya besar ahok rebut minimal suara pdip ahok dapat tambah suara besar suara besar total dpt beri suara tps tambah suara pdip ahok dulang suara besar pasti ahok unggul tipis selisih selisih besar suara selisih riskan warning ahok selisih setip mudah main lawan sengketa besar pasti bawa mahkamah konstitusi ahok hitung ulang maju jalur orang mudah ahok guna kendara partai maju tahan posisi gubernur dki jakarta mesin partai alam siap terjun awal jalan pilih babak akhir pulang ahok orang jalan fs,1,17,4,13
cara jitu kalah ahok photo news detik comsaat ahok jadi dki ganti pak jokowi pilih jadi ri teman pns pemprov dki keluh tidak kuat ikut gaya ahok rekan rekan biasa datang telat pulang cepat pukul apel kantin belanja banji pasar tradisional tawaf mall atawa iktikaf inul kung kekang hadir ahok kali semaput banjir jalan bogor lalu bayang cerca dapat ahok buat gps otak tukik tajam turun mobil tembus hujan banjir jalan kaki tempat aman naik ojek balai kota tiba tepat waktu rekan kerja lot andal cara cara konvensional otomatis lambat terima semprot ahok jengkel sebal muak ahok ahok punya belas kasih kenal kompromi pandang bulu prilaku malas korup puluh jabat pecat mutasi korup gagal kerja sesuai standar ahok ahok tidak suka puluh tahun pns pemprov dki biasa layan sulit ubah paradigma layan belenggu euforia lama ahok usaha lepas belenggu masa tuju jakarta baru niat baik ahok tidak merta terima baik pegawai ahok temperamen bicara blak blakan isi kebun binatang dimuntahin buat jengah orang orang keliling prilaku ahok kasar maki umum jadi viral media sosial media kaca belakang jadi senjata tantang dalih tidak akhlak sungguh ingin ahok cerita teman ahok punya telepon seluler always on twenty four hours masuk sms keluh lapor warga jakarta ahok langsung respons instruksi tugas kait tkp selesai masalah on time on the spot kerja batas waktu progress report sampai ahok teman kesah masalah masalah kerja besok lusa dinas dekat ahok tidak duli tidak terima alas apa tunda kerja lambat ganti korupsi pecat woww seramm tuntut efisiensi efektifitas kerja tinggi ahok tidak gratis beliau imbang remunerasi tinggi upa tunjang kerja statis dinamis take home pay rendah besar rp bulan dorong pns pemprov dki ikut irama ahok kerja giat bersih transparan profesional salah alas kuat teman tetap tahan pemprov dki aju pensiun ahok tidak tuntut hasil sempurna beliau harga kerja pegawai reward and punishmentnya jelas teman mulai introspeksi hadir ahok balaikota meminimalisir zalim warga jakarta hadir ahok balaikota cegah buat mungkar panjang korupsi waktu korupsi apbn apbd gratifikasi mark up proyek proyek trik cepat urus sipil duduk apel hari ulang ahok sampai layan rakyat gaji rakyat kerja rakyat benar benar muslim laku kerja sesuai akhlak muslim teman gugah mulai tata sadar hakikat abdi masyarakat abdi negara juang ahok benah ibukota jadi barometer dunia gugah teman tidak jadi lapis masyarakat ibukota nilai nilai luhur tanam ahok tentang bawa isue sara sistem ketatanegaraan administrasi perintah jabat mantan jabat anggota dewan ormas geram integritas ahok tahun ahok anugerah award tokoh anti korupsi beliau anggap konsisten jaga prinsip jadi anggota dprd bupati belitung anggota dpr wakil gubernur dki ahok bukan kenal bersih korupsi anggap mampu cipta iklim bersih korupsi lingkung ahok berani laku terobos baru publikasi mata anggar warga website pemprov dki publik ikut awas terobos ahok buat lahan basah koruptor gratifikator jadi kering periuk nasi jumpalit penting nyaman ganggu kuak anggar siluman tertib tanah abang parkir liar sterilasi monas pkl relokasi warga kampung pulo tertib tempat tempat judi prostitusi putus kongkalikong tender proyek jadi ahok persona non grata dki bagai modus upaya laku jegal ahok maju pilkada dki tahun putus ahok pinang heru budi hartono kepala badan kelola uang kelola aset daerah damping cagub cawagub independen tuai kontroversi gelisah partai politik urung mantan menteri musisi usaha turun lawan ahok teman maniak bola ujar maju laksana tonton tanding sepakbola seru tantang lantang minta calon independen hapus atur pilkada salah menteri kader partai politik dukung hapus takut ahok kian masif naif pilkada mulai aroma busuk kampanye rebak sebar bagai jargon isue lempar ajaib ajaib kecil muncul tiba tiba kunjung kalijodo cambuk supir metromini ugal ugalan belanja pasar tradisional kaos sayang gambar mickey mouse bela bain cat rumah warga mushalla subhanallah layak gerhana matahari total fenomena jadi kurun waktu tahun bayang sang tantang cat mushalla rumah warga jakarta nasib tukang cat dki darimana dapat hasil lahan rezeki bajak calon kepala daerah kaya santun muslim belum pimpin sengsara huhh bodoh rakyat kamuflase prilaku dulang suara sungguh naif kerja ahok pimpin dki tidak ragu bagi hasil kerja nikmat capai tingkat puas masyarakat atas sulit ahok lenggang kursi dki jalur independen sesuai putus mk ahok kumpul ktp pilih dki rawan teman ahok ktp kumpul target lampau tantang siap kondisi isue sara basi pilih jakarta cerdas bijak obyektif rasional jakarta cari pimpin daerah bukan pimpin agama indonesia anut sistem demokrasi bukan syariat islam demokrasi suara mayoritas bukan golong mayoritas warga negara hak oleh sempat perintah cara kalah ahok pilkada dki tahun perspektif jepang lawan amerika masalah hak paten era an jadi perang paten amerika jepang jepang serang amerika anggap langgar paten jepang langsung lawan paten lawan tidak laku uu paten laku tingkat bidang teknologi objek utama paten paten kait inovasi teknologi tingkat mampu teknologi jadi harus sungguh perintah industri jepang jadi salah patentor besar dunia masa awal kualitas paten jepang tidak kategori teroboson terobos teknologi core patent teknologi sangga surrounding patent jadi perang paten kualitas tingkat perang picu gera pro paten amerika picu gera jepang sadar paten landa lapis masyarakat tingkat paten jepang baik kuantitas kualitas andai ahok analogi amerika tantang jepang jepang lawan paten paten arti tantang ahok pilkada dki lawan ahok kerja prestasi invensi invensi baru terobos baru bas teknologi inovatif kontinyu baik kualitas kuantitas butuh dasar utama rakyat ibukota tidak mudah butuh waktu konsistensi jalan karirnya ahok konsisten kuantitas kualitas tantang hari tahun rela ahok terus program jakarta baru ahok kiprah tantang punya sempat bangun kualitas cetak prestasi kenal masyarakat luas syukur syukur langsung laju ri salam pilkada damai,1,41,35,6
provokasi ahok perangkap kalijodo jebak ahok usaha sukses jadi politis balik politis sukses jadi usaha cara kelola perintah hitung tidak pakai kalkulator politik guna kalkulator bisnis cara usaha mampu sanding hitung dua kalkulator putus politik bijak ambil langkah ahok tertib kalijodo langkah penuh bahaya baik politis bisnis berani ahok tempuh tindak tidak lazim jelang pilkada dki kira ahok tidak guna dekat kalkulasi politik bisnis gelintir orang pandang dampak putus ahok menbunuh tumbuh antipati rakyat jakarta anggap tidak prorakyat ahok benar benar ada titik kritis akhir pimpin gubernur calon gubernur dki sama berani ambil tindak radikal revolusioner gusur kalijodo kacamata politik nilai ahok pasang perangkap lawan lawan politik sih reaksi gagas reaksi kompetitor jelas abu abu kabur tidak tegas sikap perilaku tidak cermin sosok pimpin tegas visioner responsif soal cara ahok bersih kalijodo andal keras pola dekat anggap militeristik ahok sampai media libat brimob tni wacana plan akhir main ahok agretivitas warga kalijodo cara ahok buat teka teki publik aduk aduk emosi lawan ahok tahu tugas brimob tni aman jalan bongkar relokasi hadir tni brimob bukan perang lawan rakyat pilih opsi kait bongkar kompleks kalijodo tuju tidak tidak lihat sikap tegas lawan lawan ahok usaha santun prowarga kalijodo raih tahta pilgub sadar rakyat kalijodo salah hukum tidak benar bangun rumah kawasan buka hijau pihak ahok dukung jadi kredit poin ahok dasar ahok cerdas pandai argumentasi baik media lawan politik tidak usah peduli cara isi bicara sikap jelas kalijodo bukan soal prostitusi soal pelanggaraan penyalahgunaan kawasan hijau buka provokasi ahok pelan pelan buka mata seluk beluk kalijodo praktik maksiat jual beli barang haram tokoh tokoh balik komunitas tidak mampu sentuh rezim perintah mulai keluar sarang kalijodo suara warga kalijodo alat tanpa sadar warga milik penting bisnis politik turut ahok hidup baik mental spiritual kacamata politik polemik kalijodo provokasi ahok tantang kandidat salah soal serius jakarta tantang sikap anda kelak duduk kursi dki nyata sikap abu abu hati hati tidak punya putus diam bisu kalijodo provokasi ahok perangkap politik cipta ahok umpan lawan lawan politik realistis kata kata buat nyata tidak halusinasi berangan angan bangun jakarta jakarta butuh bukti berani tidak cukup dar santun manis mulut busuk hati jakarta butuh pimpin tegas risiko akibat putus bijak tidak dar omong ahok gubernur uji bukti jadi pribadi problem solver gusur kawasan kumuh tawar solusi baik pimpin cara cipta alibi hubung arus pendek membumihanguskan pasar lahan perintah duduk warga baik santun tata cara kalijodo benar benar perangkap politik ahok pandai main perangkap jauh baru ahmad dan jebak perangkap cipta ahok politik cerdas cerdas ahok menang genderang pilgub dki tabuh uji relokasi kalijodo,1,27,16,11
selebriti terang terang dukung langkah ahok mulus tuju pilgub dki jakarta mantap biasa baik jabat negara gampang tular tiru jabat negara salah satu jamu makan jabat masyarakat tahu salah biasa presiden joko widodo jokowi undang bagai lapis masyarakat baik kelompok cendikiawan netizen seniman artis comedian tukang ojeg sopir ajak silaturahmi tukar pikir sempat jokowi dengar langsung masuk masyarakat gubernur dki jakarta basuki tjahaja purnama ahok laku malam selasa ahok ajak makan malam jumlah selebritis rumah dinas gubernur dki jalan taman suropati menteng jakarta pusat selebritis awal minta temu ahok ahok terima datang acara jamu makan malam bas selebritis hadir jamu makan malam ahok komposer addie ms istri mes nyanyi host raffi ahmad datang istri nagita slavina gigi komedian grup lawak cagur presenter denny cagur host gading marten istri nyanyi gisel main film bintang iklan raline shah nyanyi dangdut julia peres jupe nyanyi tika pangabean makan malam bincang bincang jalan jam manfaat benar jumlah selebritis hadir kenal ahok berita kompas com saking pesona ahok artis jupe tidak kedip dengar jelas ahok makan malam nyanyi belah duren aku lama ngefans ahok baru temu langsung makan malam langkah ahok mulus tuju pilgub terang terang selebritis dukung ahok calon jadi gubernur dki jakarta tahun tidak dar bicara serah fotocopy ktp nyata dukung dukung selebiritis ahok kuat kans ahok pilih jadi gubernur notabene sohor dunia hibur punya mar ikut biasa jadi kiblat orang orang idola jadi magnet kuat gula semut selebritis gula fansnya semut mudah tarik mar ikut pilih politik datang ketemu ahok bukan ahok undang daya tarik ahok besar bius selebirits raka sukarela dukung selebritis beri dukung serah ktp sophia latjuba maudy koesnaedi wulan guritno cinta laura kalang artis ahmad dhani niat calon selebritis pilih beri dukung ahok dukung kalang selebritis buka jalan ahok mulus tuju kursi dki jakarta tidak heran bulan dekat akhir tahun dukung selebritis kuat pandang artis ahok pengaruh pandang masyarakat orang banyak lihat ahok sosok keras tegas marah galak cenderung kasar lumrah masyarakat lihat ahok sikap keras galak orang orang staf tidak pas bawah buat salah kerja sulit kasih erti media mengeskpos ahok marah wajar nilai karakter ahok kurang simpatik kenal sayang selebiritis mampu balik anggap masyarakat minus selebritis datang jamu makan malam kesan temu ahok jauh beda anggap masyarakat ahok jago lucu acara makan malam mereke dengar gurau ahok kes sikap ahok pintar jujur kutip kompas com komentar artis bawah ngakak terus jadi lihat luar pak ahok lihat galak kasar pas ketemu langsung cuil kasar keras heran pikirin halus masalah nurani kata addie ms addie ahok tidak pintar jujur berani tegas tika panggabean personel grup project pop kata sih impress aja pak ahok balik tegas hati baik orang ktp langsung kasih pak ahok he he he kata tika tertawa beliau pure stand up comedy tiga jam ketawa melulu beda banget tv kata jupe aku henti tatap ahok temu cari orang jujur lihat mata tatap mata tiga jam kedip ucap jupe pandang artis beri untung ahok mampu beri nilai beda tahu masyarakat umum karakter ahok nilai kasar galak luntur selebritis bukti beda karakter ahok plus tidak langsung rubah cara pandang masyarakat beda tahu masyarakat utama masyarakat kenal ahok karakter kurang suka keras galak jadi masyarakat kurang simpati mnegecam ubah jadi simpati tidak heran awal simpati tumbuh rasa suka sayang nge fans dukung ahok kelak pilgub tahun solo maret,1,43,20,23
nyata ahok tidak pede lewat jalur independen yakin ahok pilih jalur independen argumentasi pilih jalur independen gagal meloby megawati pdip tidak beri sinyal ahok harap pdip ambil putus dukung episode lanjut tolak megawati mulai jelek jelek parpol isu mahar politik jadi inget ceramah alm kh zainudin mz cerita monyet gagal ngambil buah anggur terus bikin gosip ah enak buah anggur anggur asem gak enak cinta ceramah kh zainudin mz dengar aneh rasa percaya jalur independen serang parpol isu mahar politik rapat wiranto tum hanura tidak aneh banget sih paham ahok tidak percaya lewat jalur independen butuh ban serep gagal independen lewat jalur parpol parpol resmi dukung ahok baru nasdem kursi nasdem dprd dki kursi tambah hanura kursi total kursi ahok butuh kursi lewat jalur parpol minimal kursi calon gubernur dki ahok cari kurang kursi punya peluang tidak partai yg peluang dekat ahok pkb kursi pd kursi salah satu dukung cukup calo lewat jalur parpol jadi jauh persepsi teman ahok ahok konsisten berani tidak ambisius ucap perilaku politik tunjuk ahok tidak konsisten tidak berani ambil resiko lihat ambisius mesti percaya jalur independen tidak perlu grasak grusuk gerilya tum parpol parpol emis dukung fokus kerja jadi gubernur bilang ucap bantah perilaku pilgub dki anti sara anti hoax anti fitnah kampanye cerdas sumber sumber sumber sumber sumber sumber sumber sumber sumber sumber,0,8,8,0
mba bantu ahok mba bantu ahok seek aseekk pirsa tukul mode on siap siap beli tiker beli karpet beli terpal siapin kain sarung belah taplak meja koran daun pisang apa siap gelar monas tentu tonton seru spektakuler tahun tunjuk gerangan cerita ahok bingung bin galau pirsa tau ahok hadap pilih lat kena jalan maju tarung pilkada dki tinggal hitung hari sih ahok enjoy aja lewat jalur independent syarat kumpul ktp warga dki penuh lewat lampau angka optimis target teman ahok ktp dki kumpul maju lewat parpol gak sulit ahok partai besar pdip mulai usap mesra ahok siap dukung masalah bukan pirsa hari kabar buat ahok bara tau karakter ahok lawan tantang persis sesumbar berani terjun bebas puncak monas ktp dukung ahok benar cukup nyalonktpdukunganahokcumaomdo tidak yakin ktp klaim beneran tidak metode apa laku verifikasi ujar habiburahman politikus asal gerindra nada percaya sabtu sumber detik com pirsa bikin ahok cenat cenut orang songong taruh nyawa sombong nya bayangin gimana gak galau nya ahok milih maju lewat jalur independent menang kurang kuat gak enak pdip mulai lunak ikut atur ahok gak atur sisi warga pilih ahok gembira ria suka cita nyanyi jungkir balik a la bang ninoy suguh atraksi habiburahman loncat monas yuhuu iii lewat parpol pasti menang dukung pdip nasdem barangkali posisi ahok kuat tangguh tapi ahok bakal preet in si habiburahman warga pirsa lanjur beli gelar atas kecewa hiks pirsa tidak kecewa ahok gak bakal percaya sih ulang kali jadi realisasi bukan pertama orang politik keluar sesumbar sumpah janji doain aja biar kualat langgar sesumbar tul gak pirsa politikus omdo pirsa ingat duluu sesumbar jalan kaki jakarta jogja amin rais berani dj gantung monas anas urbaningrum sesumbar berani potong burung ahmad dhanj berani terjun bebas atas monas mbok coba bicara pikir bukan orang mentalitas politikus tidak patut contoh tidak didik masyarakat jiwa besar harga upaya orang teman ahok berkat komen habib ktp ahok gencar alir soal lihat habib loncat monas yiaahh hayok bib siapin lunasin hutang hutang gedein premi asuransi waris eeiiitt jadi terjun monas lupa ajak taufik cs yah salam santai malam minggu happy weekend biken ketua gerindra siap terjun monas teman ahok ktp ahok truk ragu ktp ahok ketua gerindra berani terjun monas,1,18,6,12
ahok senang lawan beda karakter alas karakter ahok keras warga dki jakarta bukan aneh jadi wakil gubernur jabat gubernur karakter lucu janggal lihat ahok ubah karakter jadi lemah lembut sopan santun kata lelaki lemah gemulai llg dapat blunder besar parpol aju calon gubernur llg tantang ahok pasang calon wakil gubernur masuk llg habis bantai ahok canggih apa tim sukses lawan sewa datang planet mars dki jakarta wilayah keras butuh gubernur karakter keras ah tidak bukti jokowi tidak masuk keras karakter gubernur calon gubernur llg ingat warga jakarta lgbt semarak tim sukses ahok bentuk opini masyarakat arah hasil cukup muas llg cenderung dekat lgbt lelaki gemulai tingkah lelaki gemulai tipu dapat isu lgbt sebentar hilang tiup angin harap muncul jelang pilgub dki rasa riskan tipis peluang jadi alas calon gubernur llg sulit kalah ahok bosan bosan bosan lihat pimpin llg lemah lembut sopan santun nyata maling lho tidak tidak malas mem mi anggap pimpin llg cenderung maling doyan korupsi kaki bawa ken tendang pantat hadeuuuh pimpin llg asumsi buaaaaanyak warga dki jakarta dapat bosan tendang pantat calon gubernur llg blunder besar parpol aju calon gubernur karakter beda ahok calon gubernur aju keras karakter ahok mungkin besar ahok klepek klepek daya hadap calon gubernur karakter keras lawan damping milik calon wakil gubernur karakter keras calon gubernur wakil gubernur milik karakter keras minimal keras ahok usul haji lulung sikap keras ahok karakter keras wakil gubernur usul politis kritik keras presiden jokowi yusril ihza mahendra ahok bingung hadap pasang haji lulung yusril ihza mahendra sekadar saran tidak turut hadap lawan pasang calon gubernur wakil gubernur karakter keras ahok milik damping calon wakil gubernur karakter keras menang pilgub dki orang karakter keras ahok bingung ahok bingung ahok kalah,0,7,27,-20
ahok nasdem pilkada dki bulan suhu politik dki mulai panas ahok calon lewat jalur independen dukung teman teman ahok kondisi dki baik pimpin ahok hasil survei tunjuk elektabilitas ahok atas jadi ahok sulit kalah dukung parpol apa realita politik sikap cerdas nasdem nasdem buka dukung ahok tanpa syarat apa nyata dukung nasdem langkah tepat nasdem oleh dukung suara tambah milu datang masyarakat dki tidak nasdem dapat simpati bagi masyarakat dki dukung ahok pdip milu milu deklarasi partai cilik mulai lihat warna asli ingkar hendak rakyat pdip instrospeksi faktor jokowi jadi pdip partai politik dapat oleh suara banyak milu bukan pdip pilkada calon cagub wagub lawan ahok hasil mungkin jadi prediksi tulis calon usung pdip kalah pdip hilang suara pilih milu datang pdip tetap lawan ahok kalah alami pdip kalah pilkada dki kalah milu datang nasdem parpol sikap politik tepat cukup cerdas hitung untung rugi beri dukung ahok tanpa syarat buka bijaksana parpol parpol pikir ulang laku kalkulasi politik cermat tentu sikap hadap pilkada dki kandidat calon gubernur wakil gubernur calon partai politik kecil mungkin tanding ahok syarat kalah ahok sederhana calon jujur berani lawan koruptor milik track record hebat ahok milik iman kuat kandidat sebut sebut calon parpol jauh banding ahok baik kualitas pribadi kepala keluarga pimpin kandidat cagub cawagub calon parpol parpol tanpa kurang rasa hormat tulis beliau beliau calon nampaknya peran riah semara pilkada dki sulit unggul ahok isu isu sara tidak laku basi pengaruh masyarakat jakarta rakyat melek politik cukup cerdas tentu pimpin bela rakyat khianat rakyat hasil survei lembaga lembaga independen tempat elektabilitas ahok jauh unggul kandidat hasil jajak dapat acak masyarakat jakarta dagang kaki lima sopir taxi awat rumah sakit tukang ojek karyawan kantor eksekutif muda mahasiswa mayoritas warga dki ahok tetap jadi gubernur dki periode,1,23,15,8
partai besar gabung lawan ahok nampaknya pilkada dki seru taruh megarah deparpolisasi belakang yusril terus kerja keras memperoleeh dukung partai besar partai golkar konon berita hari bakri janji lobi partai salah satu pdip dukung yusril lawan ahok umum ahok pilih jalur independen parpol parpol rasa ketar tir nama ahok terus tanjak percaya parpol merosot kekuatiran buat parpol grogi upaya ahok kalah pilkada susul dpr anggota duduk orang partai rasa ancam independen cukup serius upaya rubah berat syarat masuk jalur independen apa usaha walalupun gabung partai besar lawan ahok jalur independen nya tarung tidak prrnah jadi sejarah indonesia partai besar alami kalah dampak luas sejarah baru timbul dki jadi contoh daerah kira bukan impi turun percaya masyarakat parpol puncak salah fenomena baca ahok umum jalur independen masyarakat ibu kota tambah semangat datang posko teman ahok serah isi formulir dukung ahok niat dpr ubah uu berat syarat caci maki datang bagai amat orang parpol mulai ragu tepat ubah uu ahok akhir masalah teman ahok sewa lah dki niat jatuh sudut teman ahok cara cara tidak masuk akal tembak langsung ahok buka kedok parpolpun sewa lahan dki lidah tidak tulang serang arah etika bukan masalah sewa fenomena benar benar deparpolisasi jadi bodoh bodoh tunjuk oknum petinggi parpol buka sadar baik cari kambing hitam jadi korban hati pikir buta kuasa laku tanpa rasa salah aneh bodoh datang jarot wagub anjur teman ahok pindah buat tegang teman ahok nyindir ahok tidak damping ahok pilkada bukan ahok tidak tolak belakang calon pilkada wajar wajar calon damping ahok mulai serang ahok pdip laur instruksi dua tetap dukung akhir jabat buat statmen panas tidak sadar kondisi panas serang ahok beri nilai plus ahok lihat parpol besar gabung lawan ahok pilih jalur independen ahok jabat bukan harus tidak beban jalan tuju roma ahok gabung parpol besar kalah terima akibat besar deparpolisasi bukan mustahil jadi percaya masyarakat indonesia parpol tinggal kenang taruh parpol cukup besar mati hidup parpol siap baik taruh benci ahok bicara kasar tidak kasar hadap orang otak kebo ingat terus terus tidak sadar masyarakat nilai hasil kerja ahok bukti nyata tidak palsu ucap tuduh tidak masuk akal baik parpol renung baik baik tindak akibat fatal kalah jauh bijak parpol serius bina baik orang orang tidak cela kerja keras jujur berani lawan korupsi tidak cara instan buka peluang orang daftar tidak tahu sungguh ideologi partai pasang lawan ahok belum siap baik intropeksi laku benar benar ingin rakyat bukan jual omong manis tindak nyata lihat nikmat langsung malu bajar nasdem dukung tanpa syarat percaya parpol percaya rakyat,1,25,23,2
sunny wajah bayang ahok sunny tanuwidjaja dadak jadi kenal nama ahok usaha klarifikasi hubung sunny cekal keluar kpk jadi kartu mati ahok ahok nampak tidak konsisten beri nyata hubunganya sunny undang bagai spekulasi sunny tidak pengaruh bijak kata ahok kena wenang gubernur dki mesti perlu sampai sunny bukan tidak tuduh ahok setir sunny bukan rahasia umum kuasa milik satff khusus bahasa awam tepat sebut kaki tangan atur tanpa jejak hindar jerat hukum tidak kenal kira kira gaya intelejen bongkar langsung tidak aku sungguh jalan perintah team siluman atur proyek jatah sungguh kerja terang an layak dagang atur jadi lumrah berangkat tang saing perlu kerja team biaya besar jabat politik layak investasi bisnis terima maklum budaya politik cari salah menang kontestan kondisi hukum guna jatuh saing politik pilgub dki datang timbul saing cukup ketat teman ahok misal bentuk tang saing butuh biaya tidak akal sehat ada orang suka rela sumbang tanpa pamrih rebut kuasa sunny aku bagi teman ahok dekat ahok menang saing pilgub datang butuh biaya wajar sunny guna dekat hubung taipan butuh wenang ahok sunny kaki tangan ahok cari dana tidak justifikasi keluar kpk cekal prosedur lidi lanjut ott dprd tidak konsisten ahok beri klarifikasi pikir lupa karanganya belakang ahok aku sunny team sukses pilgub pasang cagub cawagub dki jokowi ahok sunny minta keteranganya formal proses hukum kpk klarifikasi ahok cocok tidak cocok salah satu bohong posisi wajah sunny layak wajah ahok dua tidak datang masalah sangkal cekal sunny kait perkara bau uang jumlah rp milyar tetes investasi untung bakal raih kembang jumlah tetes hitung cost harga jual tanah patok rp meter kpk tetes tetap uang guna suap kait sunny sebut satffsus ahok hubung anggota dprd kembang sunny tahu suap tidak perlu spekulasi fakta perkara sangkut sanusi pt agong podomoro land berita kembang sangkut sunny tidak tahu nahu jadi suap berita maklum ingin perkara dilokasir sangkut suap dprd pt apl beda laku kpk sasar kembang kantong izin sasar beri izin ahok terlokalisir kasus suap dprd jadi grand corruption indikasi kpk,0,13,6,7
hidup tenang pilih ahok pagi hari ganggu buka gadget berita hari online berita ahok pilkada dki sampah kabel sumber waras mandi tetap baca berita ahok tembus macet jakarta lihat artikel artikel facebook tidak jauh jauh berita ahok ahok siang hari kantor makan siang tv lokal tayang berita ahok berita pagi baca tonton sunguh sunguh ahok sore hari jalan pulang rumah buka sosmed beri trending meme ahok sungguh malam hari santai keluarga kejut berita ahok acara debat tidak situ jadi sangant tarik how come tiru gaya bicara ahok wawancara tamu luar negri parah buka channel youtube tayang video anak balita eh eh nyata trendingnya berita ahok hidup tenang bayang hidup hari ngefans baca terus terus kata kata bekas kepala orang misikin lawan orang kaya orang kaya lawan jabat kata kata uang milyar cukup bantu orang uang kalo rela makan jadi jabat simpel kata pecat pecat pecat rekam memori alam bawah sadar fans penasaran jadi tagih sungguh ahok effek luar tidak suka tidak baca nama ahok suka tidak suka dengar nama ahok hidup tidak tenang jadi pertama lihat berita terpopular kompasiana berita bicara ahok baik pro kontra dua lihat berita online rata rata hari minimal berita ahok tiga ketik ahok cari youtube hasil results banding kompas tv results view nya arti orang lihat lakukakan subscriber pemprov dki pelang besar video perintah empat cari ahok google co id hasil berita presiden jokowi kaliber internasional lima lihat ingin masyarakat langsung benar benar dukung anak anak muda rawan lewat teman ahok benar benar kontribusi langsung pikir masa jakarta usung ahok lewat jalur independen lihat fenomena perubahaan media sosial tren digital berita lewat sosmed berita online cepat massive banding berita televisi surat kabar pemberitaanya asal masyarakat langsung jadi tarik ramai ahok ahok berani bersih berani transparant berani profesional ahok hadir tempat waktu tepat ahok hadir jam tren digital ahok bukan berita lokal jakarta jadi berita nasional internasional ahok jadi trendsetter berita indonesia jadi putus tetap tangan warga jakarta hidup tenang thesiauwsanz,1,23,9,14
skenario lanjut jokowi ahok kenal ahok rasa sulit masyarakat jakarta ahok jadi gubernur dki jakarta suka suka rela paksa terima ahok lanjut lanjut awal ahok tetap pegang prinsifnya tegas berani disiplin kenal takut ahok tetap pegang prinsip rakyat dukung lepas suka tidak suka ahok kibar tidak sesuai masa jabat gubernur pasang jokowi jadi presiden scenario edar nyata benar jokowi siap wali kota solo jadi gubernur pasang ahok lanjut selesai masa jabat baru tahun jokowi jadi capres goal jokowi menang sesuai scenario awal jokowi naik jadi presiden otomatis ahok ganti jadi gubernur lihat belit belit lantik ahok jadi gubernur ahok lantik jadi gubernur scenario lanjut lihat tahun jokowi pasti maju jadi capres pasang ganti bukan jk jk tahun usia tahun senior maju jadi cawapres jadi capres teralalu berat jadi jk tetap calon cawapres jokowi maju pilpres bukan ahok punya ancang ancang maju jadi cawapres guyon ganti panggil bukan ahok btp basuki tjahaja purnama niru sby susilo bambang yudoyono jfk john fitzgerald kennedy jadi ahok punya ancang ancang jadi presiden ri tidak kali jadi gubernur dki tahun ahok maju jadi capres lihat scenario jokowi aho pasang pilkada dki tanya wartawan jokowi jadi capres jokowi jawab ga mikir ga mikir terus pikir siap waktu tepat aju benar jokowi mencapreskan menang otomatis ganti jokowi ahok sesuai denga atur undang undang ikut jokowi naik jadi presiden ahok naik jadi gubernur has scenario pertama scenario dua jokowi maju tahu datang wakil ahok mencawapreskan jokowi pasang ahok jadi pasang capres wacapres pasang bukti hasil pilkada dki aju pasang pilpres kondisi jokowi ahok menang pilpres naka jokowi ahok ganti suka suka ahok jadi presiden scenario lancar ahok maju pilpres hasil pilpres ahok jadi gubernur dua kali jadi scenario buat tangan tangan lihat jelas masa tahun tahun milik jokowi ahok tokoh baru muncul tahun iya aja nama scenario jangka pendek jangkamenengah jangka panjang main tingkat dunia lihat giring indonesia arah duga arah lihat lupa water test laku tangan tangan lihat golong sudut sudut kura kura perahu pura pura tahu belaga pilon tahu tahu ubah bawa panji panji terus sudut pojok pinggir pinggir lapang mai tanya rumput goyang hembus angin padang pasir luas,1,15,3,12
operasi senyap dukung ahok balik gaduh pdip pilkada dki sisa waktu kurang tahun aura pilkada mulai dadak muncul bacagub bacagub mulai artis mantan menteri kabinet jabat daerah yg jabat ikut ramai bursa dki prestasi tahana ahok bahas lihat rasa bagai survey ahok tahana kira kuat tantang sisi kelompok anak muda kepincut prestasi kerja gebrak ahok menyakini sang tahana buat nyata masyarakat harap sang tahana lanjut pimpin dki periode anak muda bentuk teman ahok upaya kumpul dukung masyarakat sang tahana maju calon gubernur jalur independen alas tidak balas budi parpol kira pdip milik cukup kursi dprd nya partai usung calon gubernur tanpa perlu koalisi gadang gadang usung sang tahana ahok lihat dekat hubung ahok pihak pdip istilah ahok tiket first class kendara mercy calon dki pihak teman ahok kuatir tiket calon batal beri pdip ahok akibat belum pasti pihak pdip tahu ahok putus ikut teman ahok jalur independen temu ibu megawati pdip lihat radang putus ahok situ muncul nyata kader partai banteng muncul gaduh gaduh olah berangan ahok gaduh reda surat edar dpp pdip tulis lihat grand strategi ibu megawati ahok duga dua tahu rangka aman tiket calon ahok temu ahok ibu megawati ahok umum putus calon jalur independen timbul tanda tanya misteri lihat kilas balik pilkada surabaya bu risma anggap kuat partai partai ogah maju calon bu risma tidak ikut pilkada pasang calon ibu megawati asam garam politik prediksi beliau tidak ingin jadi pilkada dki mirip kondisi surabaya sang tahana kuat hal jakarta bukti nyata adhyaksa dault salah bakal calon tulis kutip nyata hanura ahok pusing deh pdi p ahok usah nyalon deh kata adhyaksa bincang kompas com kamis kasus pasang calon jadi pdip cepat main kartu truf umum calon ahok partai banteng partai partai tidak mudah aju calon tanpa koalisi tahu proses nya tidak mudah partai punya ego penting perlu main kartu truf dua teman ahok buka mata mampu galang dukung ktp lebih syarat calon jalur independen lebih oleh bagi besar partai ahok tidak sulit dapat tiket calon jadi dki lihat animo dukung masyarakat kumpul ktp via teman ahok main kartu truf tiket calon ahok tang apa hasil teman ahok kartu truf pdip main injury time gaduh pdip ahok maksud beri false signal partai biar anggap ahok pecah kongsi pdip arti anggap ahok tidak cukup kuat karna tanpa pdip partai aju calon saksi episode lanjut hangat iring waktu pilih salam tepi sungai kapuas,1,16,5,11
kakak yusril kalah adik ahok belitung timur yusril kalah ahok pilkada dki kakak yusril kalah adik ahok yusril kalah ahok pilkada dki kakak yusril ihza mahendra yusril yuslih ihza mahendra yuslih tumbang adik ahok basuri tjahaja purnama basuri laga rebut orang nomor kabupaten belitung timur propinsi bangka belitung bulan desember basuri tarung bawa bendera tahana yuslih usung kurang lima partai politik belitung timur yuslih dapat oleh suara basuri memproleh suara yuslih kakak kandung yusril usai lantik bupati belitung timur tengah pebruari basuki tjahaja purnama ahok orang indonesia asal suku tionghoa marga khek yuril ihza mahendra orang indonesia asal turun sultan melayu marga salam dua besar kota manggar kabupaten belitung timur tarung dinasty khek lawan dinasty salam ulang pilkada dki datang jawab tidak gantung kondisi yusril tarung ahok syarat manakalah tarung pilkada head to head yusril hadap ahok arti calon tarung rebut kursi b orang yusril lawan ahok ungkap yusril tarung ahok tarung jokowi lawan prabowo milu presiden tanya ikut yusril tang tarung rebut kursi nomor dki jawab tidak gantung kondisi yusril kalah ahok manakalah yusril manfaat lemah ahok lemah jadi kuat yusril yakin warga jakarta untulk baik pilih calon tahana ulas ikut profil individual individual yusril ahok kelas kaliber dua kenal nasional ahok orang indonesia asal suku tionghoa marga khek agama kristen mantan bupati belitung timur mantan anggota dpr ri gubernur dki yusril orang indonesia asal turun sultan melayu agama islam prof hukum tata negara mantan menteri hukum ham ketua partai bulan bintang acara kondang lemah ahok karakter ahok ledak ledak emosional tegas marah sifat ahok marah kurang nang warga jakarta yusril orang santun peluang menang yusril mulai lihat peluang yusril menang ahok peluang cipta makalah yusril manfaat lemah ahok jadi kuat bagi jelas ikut jadi gubernur dki ahok tanpa sadar cipta musuh sekitar ahok bina pns pemprov dki ahok gubernur prov dki otomatis hukum dasar undang undang otonomi daerah bina pegawai laku bina angkat henti pns lingkung pemprov dki jakarta sayang cara ahok bina pns dki bawah tindak otoriter ahok tidak segan segan parah malu pns jabat bawah hadap umum kuasa jarang buka aib si pns kena marah ancam pecat menonjobkan pns sangkut dapat malu bukan pns jabat sangkut isterinya anak mantu keluarga besar pns laku ahok ratus baik dinonjobkan anggap ahok kerja lemah akibat lelang jabat eselon ii camat lurah lingkung pns dki jakarta laku ahok wenang wenang kristal diam diam laku lawan cara selubung bentuk kelompok baris sakit hati bsh pns prov dki kelompok tidak coblos ahok pilkada dki jakarta maksud tulis peluang yusril manfaat lemah ahok yusril belum sentuh langsung pns dki jakarta jadi pilkada head to head yusril lawan ahok yakin kelompok salah peluang tempat yusril dulang suara ahok gubernur dki ahok gubernur dki guna anggar apbd dki tidak lepas awas laku lembaga awas uang bpk wakil jakarta akhir tahun ahok tuding cela institusi bpk laku periksa pemprov dki jakarta kait beli lahan rs sumber waras ahok tuding lembaga tidak profesional lhp bpk penuh rekayasa mengkrimanilisasikan lembaga tidak terima uji tudimgan ahok bpk paksa turun personil tidak kurang orang audit langsung lokasi rs sumber waras tuding ahok pandang pimpin bpk wakil dki tendensius kelompok auditor tugas rendah ahok auditor keluarganyadiyakini tidak pilih ahok pilkada yusril dulang suara dprd e budgeting apbd dki ahok cipta seteru tidak perlu jumlah anggota dprd dki kait ubah sistem anggar bas e budgeting akhir tidak paripurna apbd dki dprd dki paksa pemprov dki guna pagu anggar tahun kelompok diobok obok leceh ahok legislator memiilki masa dukung dimasing daerah pilih yakin tidak pilih ahok pilkada disni yusril dulang suara kait instutusi dprd dki ahok cipta seteru tidak penting wakil ketua dpr dki hi lulung kait korupsi proyek ada ups sekolah sekolah wilayah jakata pusat barat gaduh head to head ahok haji lulung terus lanjut tuding hujat rendah martabat sikap ahok kurang pas laku ahok orang nomor dki jakarta yakin kelompok hi lulung nota bene hi lulung pimpiuna partai ppp dki gudang masa tidak pilih ahok milu yusril mengaet partai ppp usung yusril dulang suara keluarga besar ppp dki jakarta ormas islam ahok yakin tidak coblos kelompok ormas afiliasi agama islam motor fron bela islam fpi dukung penuh tokoh masyarakat sperti hi lulung rhoma irama masuk dalam kelompok warga asli betawi kelompok aji pensantren yusril agama islam yakin dapat suport penuh kelompok korban tertib kelompok agam jumlah mata pilih besar pedangang kali lima keluarga tertib ahok pkl tanah abang monas dagang warteg sebar warga bongkar bantaran kali masuk akhir kelompok bongkar kali jodoh rmerasa hilang rumah kena gusur ahok korban gusur dapat rumah susun banyak sakit hati tidak puas ahok bagai alas akaibat hilang rumah hilang kerja lokasi rusun jauh tempat kerja yakin kelompok tidak pilih ahok disni yusril dulang suara asal bukan ahok pilih kelompok agam mulai pilih anggota partai wak ahok gerindra pks golkar rekan borong koruptor tidak bagi kerja tidak main pat gulipat pemprov kelompok yakin alih suara yusril pilih ahok pilih ahok khawatir utama pikir realistis kelas tengah atas rasa ahok laku ubah wajah jakarta pilih beda yusril pilih kelas tengah bawah primodial islam bana kerja sektor informal ahok kelas tengah atas generasi muda karyawan inteletual pintar cerda kritis tanya mudah yusril menang atas ahok pilkada dki ingat lho warga dki cerdas pintar kritis jawab ngak yusril menang tarung ahok makalah yusril menyakinkan warga jakarta program kerja bagus progam kerja ahok yusril meyakinanka warga program atas bagai soal dasar butuh warga jakarta tidak yusril gelar profesor harap toleh pilih warga jakarta atas macet jakarta ideal program kerja yusril tunjuk lemah ahok benah kota jakarta yusril tunjuk lho solusi misal atas macet ketulungan ruas ruas jakarta ideal buat jalan layang desain rupa menimal kurang kamacetan daerah misal contoh ekstrem kawasan lintas bunderan harmoni atas macet perlu bangun jalan layang bunderan harmoni arah tomang arah pasar baru kenderaan masuk halaman belakang menteri negeri hotel sriwijaya misal jalan bawah jembatan layang buat jalan layang bundean harmoni minimal kurang macet jam jam dar lintas bunderan harmoni catat jam sibuk akibat macet lintas bunderan harmoni macet tidak jrang mulai kantor wakil proinsi lampung tomang raya ideanya yusril tunjuk lho salah progam kerja yusril pilih jadi orang nomor jkatara banjir jakarta misal atas banjir jakarta samping laku ahok program yusril ideal laku kerja propinsi jawa barat buat bendung irigasi bogor air manfaat tani alir tanpa jakarta sampah masalah sampah misal samping lanjut program ahok ideal progranyusril laku kerja propinsi banten minta lokasi buang sampah beri konpensasi wilayah banten arah merak lahan penuh syarat jadi tempat buang ahkir sampah jakarta banyak armada sampah mohon maaf dar ilutrasi maksud tulis yusril tang pilkada dki tunjuk lemah benah kota jakarta laku ahok yusril tunjuk cari solusi atas lemah ahok program kosep yusril benah kota jakarta yakin warga jakarta tambah dukung primodial masuk agama parpol lekat yakin menang yusril atas ahok pilkada datang bendung urai tampil tantang ahok orang kaliber yusril hari hari dkenal ahli hukum mantan menteri agama islam sedkit pengaruh warga jatuh pilih calon sesuai kata hati nurani catat lupa menang ahok pilkada dki bukan menang ahok ansich menang jokowi gubernur dki ahok damping jokowi pilkada tahun tidak tutup kemungkian kakak yusril kalah adik ahok pilkada kabupaten belitung timur yusril kalah ahok pilkada dki manusia rencana hasil tidak allah maha tahu sumber,0,35,55,-20
bunuh ahok ancam rusuh mei ulang lawan ahok putus asa kalap lihat fpi tidak hasil paksa tuhan paksa kpk demo kantor kpk tangkap ahok kalap jadi tengara tangkap m sanusi ketua fraksi ketua komisi dprd dki partai gerindra kalap jadi sanusi hubung fpi kait kalap tanda takut kalah tarung lawan ahok pilgub dki lihat jadi bukti ahok benar benar bersih korupsi tuduh kasus transjakarta tetap udar kasus podomoro tangkap sanusi kasus sumber waras bukan kasus buat kasus jatuh ahok kalap perlu antisipasi pihak aman polri tni provokator nama sribintang pamungkas ancam ancam rusuh mei ulang bentuk kalap edar surat buka orang aku drs eryanto wibowo isi bunuh ahok hati hati hadap orang orang kalap orang kalap takut mewek mewek tangkap aparat jadi saran ahok santai hadap orang kalap tunggu aparat tindak berani laku tindak anarkis pidana tni polri taka mentolelir ganggu aman sabilitas perintah dki aman negara dki ibukota negara indonesia duga kalap bentuk demo koar koar medsos ancam bunuh rusuh mei bentuk takut nakuti ahok rakyat dki atas ketidakmampuan nyata upaya jegal gagal ahok tang pilkada dki moga tuhan bagi besar rakyat dki pihak ahok baik jakarta mulai baik tangan ahok salam jakarta ba ru sumber artikel,1,10,6,4
anak medan ahok oke lae oke lae ungkap ala medan ucap mulut tonton manuver ahok nekat pilih jalur independen pilgub dki oke lae oke ipar ekspresi decak gum kagum berakbroat utas tali tinggi mati ungkap dicuapkan preman medan lawan preman lontar spontan lihat lawan jauh jago preman medan ngebut jalan raya misal ucap kalimat decak lihat preman laju cepat tanpa mampu kejar arti aku unggul lawan tanpa cerca ingat preman medan hakikat sportif gentle jantan spekulasi putus ahok mulai sinis anggap bodoh total sindir citra masak iya sih ahok sia nyiakan tiket usung parpol siap celetuk bebarapa kalang pihak kuatir ahok jerumus anak anak muda modal nekat kerumun fans club tidak bertanggungjawab manuver ahok tarik teropong gampang paham perspektif anak medan pilih sikap ahok sempurna gambar karakter tidak asing anak medan kenal nyali tunggu sebut anak medan bukan dongeng soal ras suku medan multi ras marragam ragam suku anak medan representasi komunitas mini indonesia ponirin nagabonar si polan bang ucok haji dahlan tengku ujang venu gopal si acong bagi komunitas keliru berat label anak medan suku misal batak gubenurnya nama gatot main psms legendaris si keling nama tumsila batak si parlin siagian sih karakter anak medan gampang kenal tengok arti lihat lirik lagu anak medan sohor trio lamtama cak simak lirik lirik lagu anak medan anak medan anak medan do au kawan susah didong so boi tarbereng au tidak lihat teman susah titik darah habis ai rela do au kawan hansur kawan ido au kawan putus ahok tiba tiba pilih teman ahok gambar sikap pilih susah paham logika publik logika politik mudah paham anak medan teman hakekatnya sakral tidak jarang korban teman ahok juang hasil hancur teman ahok tidak tanggung tanggung juang titik darah habis kata trio lamtama percaya solidaritas teman unik benar benar bukan basa basi anak medan ciri sikap ahok tidak asing tidak bodoh medan kali unik teman ala medan bangkit ardenalin upa semangat juang pantang mundur lupa menang psms banyak soal semangat ardenalin tidak heran pasca putus ahok buat semangat kerja teman ahok gila konyol teman ahok tiba tiba muncul tanpa komando tanpa arah tiba tiba recok sosmed anak medan bakal muntah suasana batin tiba tiba nyeletuk soal uang mahar biaya operasional uang makan tidak rasuk spirit hansur kawan nya tiro lamtama mesin gera tidak bahan bakar uang gerak solidaritas setia kawan ahok teman ahok sikut sikut relasi kawan tidak kata lirik lagu nang pe solot gontinghi pisau masuk pinggang siap bela kawan partisipasi lirik gambar korban teman ketimbang korban teman luka juang partisipasi teman trio lamtama asas harga curi tidak bakal simak lirik pasal kuhp curi sattabi majo disi maaf harga antisipasi orang belitung sarat gaya melayu nyata lirik lagu cerita ahok rantau tolak pantut melayu lirik cerita horas pohon pinang tumbuh horas tumbuh tantang awan horas biar kambing kampung horas banteng rantau belitung ahok belum rantau jakarta tiba tiba ubah jadi banteng kata trio lamtama ulas atas lebay menggembar gembor lebih medan ahok teman ahok baik bongkar lemah anak medan ingat cerita film naga bonar versi pertama bukan dua film potret khas an komunitas medan ikut lemah pertama betapa garang kesatria bang naga bonar balik perkasa nyata bang naga takut emaknya sulit terima akal si berani sama jadi takut takut si emak simbol ketidakberdayaan anak mamak juluk takut anak medan dua bang naga kampung jauh kesan modernitas tutur kata jauh kesan intelektual banding bang pohan tunggu ahok takut konon takut tuhan nya ahok takut konstituen nya ahok sikeras takut konstituen nya tunduk konstitusi bukan konstituen oke lae omong ahok kampung tahu balik kampung nya bang naga bonar bunyi tulus soal heboh pilih ahok jalur orang gampang tebak lawan politik ahok serang habis habis kubu ahok teman ahok titik darah habis tembak membabibuta mulai muntah mulai issue deparpolisasi ahok dikte partai usaha diskredit teman ahok lawan politik ahok darah medan ambil sikap hati hati slow kata orang medan sadar betul gelombang hansur kawan model teman ahok jadi tsunami musuh lempar lembing arah teman ahok gampang ubah jadi bumerang tanya kira kira saran preman medan lawan politik ahok sikap manuver ahok singkat kata oke lae mulai introspeksi salah,1,32,22,10
ahok gubernur gaduh yusril ihza mahendra usik paksa keluar tarung acara brilian yusril ihza mahendra gatal tahan usik lawan ahok terus gaduh sebut tanpa lawan pilkada dki tahun datang rasa jantan yusril peran laksamana cheng ho film kolosal gelitik picu jiwa yusril akan luap bahana gejolak lihat sepak terjang ahok dki darah terus alir kencang didih letup letup tantang ahok duel lawan rebut kursi empuk gubernur dki jakarta inspirasi menang kakak yuslih ihza mahendra vs adik ahok basuri belitung yusril ulang duel jakarta lawan ahok sinyal dukung partai golkar gerinda ppp pks yusril nampaknya yakin mampu kalah ahok kerap sebut gubernur sangar pihak prediksi ahok sulit kalah tidak yusril taktik jitu yusril kakak yuslih bukti mampu tekuk adik ahok basuri belitung bilang mampu lawan ahok naluri insting taktik yusril lawan ahok mulai kan turut mampu kalah ahok satu partai tidak simpati ahok muncul kandidat lawan ahok kerucut orang dukung jumlah partai besar mungkin ahok kalah pihak muncul tantang ahok keroyokan jelas buat ahok jaya nampaknya yusril penasaran kisah heroik prabowo head to head lawan jokowi pilpres publik langsung belah dukung prabowo vs dukung jokowi hasil prabowo menang bukan blunder fahri hamzah sebut jokowi sinting kait hari santri prabowo jadi presiden ri kisah seru head to head jokowi vs prabowo terus ngiang ngiang benak yusril acara hebat kondang jenius kerap tang perkara tarung lawan head to head lawan ahok tarung sempurna yusril yusril lihat warga jakarta belah dukung ahok dukung aneka taktik strategi daya maya magis keluar yusril tekuk ahok modal besar yusril lawan ahok jelas yusril milik nama besar sosok acara hebat baik ahli hukum fenomenal kerap menang perkara masuk lawan presiden yusril sekian lama jadi sosok panutan acara hakim jaksa negara segani baik lawan kawan kait sengketa sengketa kasus perdata dengar nama pihak lawan acara sengketa nyali langsung ciut fakta bukti alam yusril politik tingkat tinggi kaya agam sosok berani hasil diri partai bulan bintang partai jaya hasil kirim wakil senayan yusril jadi menteri era sby kendati direshufle sby buah buah pikir yusril brilian tetap nanti dengar perintah gudang alam nama tenar heran yusril berani sebut jokowi presiden jelas visi misi saking bingung lihat jokowi yusril sebut indonesia lihat jalan tanpa komandan dank arena tidak jadi menteri jokowi minta dukung partai yusril milik semangat hebat lawan ahok bagi ahok sosok pimpin gaduh perintah tangan besi kerap buka front tarung frontal ahok yusril sosok gubernur suara kerap merah telinga perintah ibu kota bijak ahok serang dprd bekas pt godang jaya kelola buang sampah dki picu yusril turun langsung jadi acara pt godang jaya bibit bibit seteru buat yusril semangat tantang ahok yusril depak ahok dki kata tarung yusril vs ahok tarung bintang beda aura benar bintang ahok benar terang bintang yusril redup yusril muncul buat bintang terang yusril yakin bintang limited edition republik limited edition buat orang pesona sihir lemah yusril produk limited edition orang orang tarik sihir jelas orang tidak paham limited edition tidak lirik lawan ahok yusril agam muncul sosok pimpin agam santun kata sopan cerdik jenius taktik hasil belitung jakarta tentus beda jakarta butuh kadar gila tinggi jakarta butuh pimpin gila berani perang frontal keras kepala tangan besi muka garang suara kasar basmi preman pkl liar parkir liar gubuk mukim liar anggota dprd usaha jabat rakus uang negara jelas yusril tidak milik kadar gial tinggi ahok yusril tampil bagi sosok pimpin bersih jujur integritas tinggi ragu yusril lolos jerat hukum kasus kasus sisminbakum jerat yusril turut buat publik kurang selera lirik profesi acara publik tidak percaya reputasi jujur banding ahok jelas yusril kalah telak jual yusril publik jakarta layak jadi pimpin tunggu promosi hebat yusril jelas muncul yusril kandidat calon gubernur dki jakarta tidak lepas gaya perintah ahok terus gaduh plus euforia menang kakak belitung faktor ahok terus buat gaduh basmi koruptor buat tenang yusril usik yusril usik periuk dki kering kerontang akibat kurang kasus tangan sebab ahok gaduh paksa keluar tarung langsung lawan ahok salam kompasiana asaaro lahagu illustrasi gambar,1,40,26,14
mata najwa bayar ahok katakana dukung ahok asli culun culun mulai cyber armynya media media social teman ahok partai baru psi orang orang tua mati mati dukung ahok culun culun lebay hari tidak tulis ahok facebook penuh kampanye kampanye culun culun jadi ingat acara mata najwa malam sore tonton tv one nara sumber ahmad dan bahas tv one ahmad dan konfirmasi tanya presenter tv one foto anak algazali al jadi plintiran upaya menang ahok foto al pegang kertas isi tulis support kawan tulis tahun rubah cyber army ahok tulis anak ahmad dan dukung ahok al tahu foto meme langsung buat foto asli baru tweetnya kea kun twitter ahok tulis foto algazali tidak dukung ahok al ingat ahok om foto asli edit pesan al algazali tanya culun bukan cyber army ahok d berita sore kemarin tv one presenter tunjuk sekian foto diplintir cyber army ahok heboh tahu abg cewek agama kristen tinggal tangerang iseng pakai kerudung pegang kertas tulis muslim dukung ahok foto jadi viral lahir kontroversi beda tunjuk kemarin sore tv one foto gambar jumlah masyarakat duyun duyun gedung edar media social kemarin kemarin foto beri terang masyarakat duyun duyun beri ktp nya ahok tahu foto asli tidak hubung ahok foto tahun masyarakat kejar tiket murah tunjuk cara cara kampanye culun culun dukung ahok lucu wanita cantik asal partai psi kemarin wawancara presenter tv one sebut pakar komunikasi lupa bahas partai isi anak muda semangat ubah tidak sengaja aku partai dukung ahok cara kampanye lewat media social kampanye televisi media mahal kata tanya tv one psi eks media social tidak tegur cyber army ahok suka memplintir plintir foto jawab wanita cantik maaf baru eks media social jadi belum tahu ada foto foto senyum dengar terang foto foto edar baru minggu akhir memang partai psi kampanye ahok baru hari kemarin d ahmad dan tanya kesan kampanye media sosial dan jawab tidak tarik dan media social bohong tidak cerdas bahaya alam pahit fitnah orang percaya men tweet potong burung prabowo kalah pilpres kabar media berita ahmad dan minta acara tuntut orang memplintir foto algazali tahu nama lokasi gugah nama orang yohanes lokasi malang jawa timur lanjut bahas acara mata najwa bahas gara gara postingan facebook besar besar nama teman ahok teman ahok bersih kata dana jual merchandise pasu rp milyar acara mata najwa informasi judul utama pasti acara mata najwa beli ahok minggu nama ahok jatuh gara gara acara ilc ahok anggap kalang orang kecut tidak berani hadap debat tantang ilc gara gara ahok sebut dukung ahok marah besar karni ilyas dibully ribu orang masuk kompasianer baik kompasiana daniel ht bahasa anton medan kabur acara ilc tidak mampu debat ahmad dan adhiyaksa anton medan mantan preman insyaf tidak milik latar belakang polisi akademisi jadi tidak tahu tahun acara ilc isi debat diskusi pihak beda pandang anton medan daniel ht anggap acara ilc sarana hakim ahok sungguh culun kabar akhir nyata kemarin anton medan antem ahok kantor ahok lihat nego tidak deal anton medan batal dukung ahok bahas acara mata najwa acara mata najwa acara talkshow bagus najwa sihab jurnalis muda cantik cerdas mampu korek tarik kadang kontroversial narasumber tampil sayang nasdem kuasa metro tv televisi milik surya paloh milik nasdem acara baik cari penting politik catat kasus papa minta saham setya novanto mata najwa hadir sudirman said kontroversial jadi heboh sore hari acara sudirman buat lapor mkd tokoh kuat kata versi sudirman catut nama presiden sore hari baru lapor mkd malam hari najwa sihab dapat salin surat lapor sudirman said isi nama setya novanto jelas manuver politik nasdem acara mata najwa hilang moralitas acara malam tampil ahok buat tertawa hati ahok kesan berani jelas berani jadi nara sumber poin lihat acara malam khusus kampanye ahok sayang kampanye ahok malam buka borok borok ahok gagal total nilai harap raih acara satu narasumber tampil buat fockus acara pribadi ahok lihat audience hadir rekam youtube siar ulang metro nasdem metro tv lihat audience hadir tebak kalang sih tebak keluarga besar teman ahok keluarga besar gereja keluarga besar ahok lihat wanita jilbab ratus orang hadir salah wanita jilbab amelia umur tahun sebut koordinator teman ahok acara mulai aksi pura pura mata najwa sentil ahok ambisi kuasa beda acara mata najwa tahun najwa sihab rajin curi pancing informasi actual malam najwa sihab moles moles jelas panjang lebar ahok malam ahok mengcounter tuduh tidak amanah tertawa ahok buat dalih bulan pimpin belitung timur ikut pilgub bangka belitung gara gara minta anggar gratis jamin social warga belitung timur tidak penuh gubernur tahana ahok cerita sang gubernur tantang ikut pilgub maju pilgub lepas jabat bupati belitung timur bulan tertawa jelas tertawa applaus riah audience hadir tepuk tangan riah bupati tidak amanah tidak aneh ikut ahok coba jelas lari sumatra utara ikut pilgub gagal pindah pilgub dki kurang tangkap maksud ahok laku kejar program acta kata ahok daerah fasilitas program acta bangka belitung sumatra utra dki serah kata ahok jelas orang pikir cerdas lihat jabat bupati bulan kejar jabat gubernur bangka belitung tidak hasil kejar pilgub sumatra utara gagal total lari pilgub dki pungut gerindra jadi calon wagub jokowi mohon catat tatkala jadi bupati belitung timur baru bulan ahok tinggal kejar jabat gubernur bangka belitung sumatra utara dki ambisi ahok lompat lompat partai politik lucu busuk busuk parpol bawa jadi gubernur dki silah nilai ahok cerdas moralitas acara mata najwa ahok maki maki haji lulung ahok kata dpr tidak paham uu panggil urus sumber waras senyum ucap ahok dpr tidak paham uu dpr wakil rakyat komisi iii punya hak panggil adu masyarakat politisasi tidak uu komisi iii punya alas panggil gubernur mana presiden panggil komisi iii wakil menteri jadi tidak paham uu bahas lucu ahok mata najwa malam panjang tulis akhir bahas teman ahok laku propaganda facebook usaha hebat hebat teman ahok amelia gadis jilbab sebut koordinator teman ahok malam jelas operasional teman ahok asal jual merchandise kaos souvenir amelia kata jual buah souvenir omset rp milyar amelia tidak sebut rp milyar untung teman ahok hitung modal kaos bahan bagus tambah ongkos sablon pcs jual rp pcs hasil omeset rp milyar dalam biayas jumlah rp x pcs ongkos produksi rp milyar belum masuk proses paking ongkos angkut bahan reject jadi benar omset rp milyar untung bersih maksimal rp anda rp milyar untung bersih kaos jual harga minimal rp total omset jadi rp milyar ongkos produksi rp milyar masuk akal tidak orang orang beli kaos harga rp mikirr sih silah dukung ahok culun culun kata omset merchandise teman ahok capai rp milyar coba hitung biaya operasional tahun akhir sewa kantor pejaten biaya operasional kantor ada computer biaya atk biaya listrik biaya komunikasi biaya transportasi gaji puluh karyawan magang cetak formulir banner biaya sewa puluh both mall mall jakarta cukup rp milyar mikirr inti rasa lucu upaya upaya teman ahok dukung usaha jungkir balik kata ahok bukan orang ambisi kuasa ahok orang bersih teman ahok bersih sumbang konglomerat sungguh paksa citra lupa masyakat cerdas cerdas foto diplintir jilbab jual donatur sembunyi lewat merchandise pikir masyarakat jakarta masyarakat dalam papua percaya citra model zaman soeharto saran najwa sihab keluar aja deh metro tv lama lama sana hilang moralitas jual penting partai nasdem sekian tulis ikut alas pilih ahok alas tolak ahok,0,54,30,24
ahok belagu pilkada dki jadi pilih momentum ambil kuasa ibukota negeri cinta magnet sendiri raih jadi nomor ahok bagai survei incumben unggul bukan jamin pilih jadi yg nomor nitezen netizen murni bayar terus dukung media tv punya nasdem bakal dukung habis habis berita positif teruus belum media berita online jadi jongos bahasa alusnya tim sukses berita tu fenomena trik sang ahok dukung beluim kata tidak ahok belagu fenomena dki aneh nyata apa jadi lihat seblum jokowi ahok fauzibowo unggul survey partai jkwi ahok menang ahok belagu sombong gaya bicara langit singgung salah bagi umat mayoritas apa singgung ras warga jakarta beliau blunder pilih alternatif istilah keren salah bicara ahok dukung bagai media tv media online cyber lai blm jamin dipilhan jadi patok menang kandidat ganti belagu akan dki ahok doang yg mampu resin jakarta nama kandidat jadi kuda hitam muncul partai usung independen ahok satu manusia dki kandidat penting warga dki tetap bahagia dukung ahok bukan dukung yusril lai lihat jadi fanatik lebih lebay pilih pilih sudah janji jadi realisasi biar warga nilai meraskaan lihat ajah yah siapaun jadi gubernur baik warga dki,0,10,6,4
parpol mulai guna akal sehat riuh tensi tinggi bulan bagai dapat kritik kecam ahok akhirya akal sehat parpol mulai kerja tidak guna lawan ahok lawan ahok arti bentur kepala tembok lihat isu deparpolisasi ahok pilih jalur independen redup upaya penghadangan revisi uu pilkada sulit ahok calon independen mentok istana tolak tegas ahmad dhani bengong bengong dengar kabar partai pkb tidak jadi usung dukung ahok pilgub pkb ikut langkah partai nasdem hanura waktu deklarasi dukung ahok partai golkar suara miring dukung ahok sebut mantan kader hal pan perhati suara rakyat jakarta jajag dapat laku dukung ahok akhir pdip partai milik kursi banyak dprd jakarta yakin dukung ahok jauh kader pdip reaksi keras diam tunggu fatwa ibu tum belum dapat tahu ibu tum punya hubung ahok orang eksternal partai jadi teman ibu tum makan bakso ppp gerindra pks mungkin sikeras usung calon gubernur kursi milik parpol tidak cukup penuh tentu jumlah kursi menimal kursi gabung soal ppp milik kursi dprd jakarta gerindra kursi pks kursi jadi kursi cukup cagub partai demokrat gabung milik kursi sulit parpol bagi kursi dukung calon gubernur gerindra pks gabung oleh kursi ppp pd tidak cukup usung cagub gabung kursi kursi pilgub dki mungkin besar ikut pasang calon gubernur pasang ahok heru pasang cagub dua mungkin besar usung partai gerindra pks ppp pd mungkin sandiaga uno usung berrpasangan wacagub pks ppp demokrat yusril terima nasib bacagub gagal tidak lirik parpol yakin tidak mampu penuh syarat dukung ktp rakyat jakarta situasi hadap parpol serba sulit sadar tidak punya kader milik pribadi kapabilitas ahok lihat ahok dasar tandem presiden jokowi cipta maju sejahtera rakyat perintah efektif bersih kkn ahok bela dukung presiden jokowi lihat tolak perintah rencana parpol dpr berat syarat calon daerah jalur orang independen partai partai dukung perintah jokowi patut beri dukung ahok sulit besar hadap kader kader parpol kalah ahok kerja tidak tanding masa tahun jadi wakil gubernur jadi gubernur ahok selesai bagi besar masalah jakarta tidak masalah fisik sikap mental simultan ahok gagah berani laku ubah besar jakarta pertama beres masalah birokrasi kerja tidak becus peras rakyat laku lelang jabat mutasi rotasi turun pangkat cabut tunjang tunjang pecat terus terus jabat tidak becus kena sanksi hasil rasa rakyat bentuk layan baik cepat gratis d kantor kantor lurah sudin dinas lingkung pemprov dki jakarta dua ahok beres masalah mafia aspek hidup masyarakar mafia rumah susun mafia pasar mafia dagang k mafia parkir mafia tanah jakarta jadi aman preman bersih tiga ahok hasil tingkat pad dki jakarta apbd tingkat tajam rp triliun jadi rp triliun ahok efektif tari pajak daerah sumbat bocor bocor ahok guna teknologi informasi pajak daerah bayar online apbd besar propinsi indonesia ahok milik leluasa anggar naik gaji pns honor pegawai non pns masuk guru honorer tugas bersih empat ahok menang perang lawan anggota dprd bajing koruptor niat uras dana apbd tidak kompromi sedikit akal akal anggota dprd jakarta niat selip proyek siluman apbd dki jakarta hitung ulang apbd guna e budgeting rp triliun hasil selamat siap hadap ancam kena lengser dprd lima masalah abadi jakarta banjir mulai atas musim hujan awal tahun tidak jadi jakarta rendam air hari hari jam titik rendam air surut bagai proyek atas banjr laku lebar sungai sungai buat sedot sungai pompa air siap terus terus enam tata rumah rakyat tinggal bantaran kali kampung kumuh pindah rusunawa kelas apartmen sewa murah ahok terus bangun puluh tower rusunawa tampung rakyat tinggal kampung kumuh tujuh masalah besar sisa macet lintas jakarta ahok bangun mrt kereta api bawah tanah jadi rencana masa gubernur gubernur jokowi bangun lrt ganti proye monerel batal selainn ahok terus tambah bus bus transjakarta partai partai politik sadar ahok cinta rakyat jakarta rakyat datang langsung temu ahok pagi adu rakyat tidak takut ahok kenal keras bentak nilai ahok laku tidak benar isu sara ahok mulai redup rakyat jakarta ingin ahok terus jadi gubernur periode partai partai politik saksi rakyat duyun duyun isi formulir dukung copy kpt mal mal kelola teman ahok rawan anak anak muda kerja tanpa bayar dukung parpol murni cagub independen ahok tetap menang akal sehat pilih parpol jadi dukung ahok pilgub sekian salam m jaya nasti,1,26,15,11
nasdem manuver susun strategi pdip pkb hanura susul ahok pelotot dinamika parlemen partai politik terus laku manuver manuver buka jelang selenggara pilgub dki datang partai bangkit bangsa pkb manuver nyata siap usung ahmad dhani pilgub dki datang kemarin partai nasional demokrat nasdem resmi deklarasi dukung calon gubernur tahana basuki tjahaja purnama ahok dukung praktis buat ahok ada atas angin jadi ada atas angin dukung nasdem ahok milik teman ahok komunitas gerak cepat kumpul fotocopi ktp ahok laju lewat jalur independen pilgub dki datang hari muncul nama nama jadi lawan ahok pilgub dki datang lepas besar anggar apbd milik dki pegang anggar apbd besar provinsi indonesia dukung beri nasdem ahok tanpa syarat bebas ahok pilih gandeng jadi damping pilgub dki sukses nasdem manuver cantik lihat pihak ahok salah pimpin baik negeri nasdem hasil tarik simpati masyarakat dki dukung nasdem ahok nasdem golong partai baru awal pijak kuat nasdem mulai tancap kuat politik tahun depan khusunya pilih gubernur ibukota negara nasdem jadi dukung utama perintah jokowi jk nampaknya lahan perlahan mulai tunjuk beda pandang politik partai partai politik utama hadap pilgub dki datang parta partai politik terus sibuk cari lawan padan ahok tidak nasdem nasdem pilgub dki datang awal baik nasdem mulai tunjuk pihak pimpin bukti utama penting masyarakat ketimbang penting pribadi dukung nasdem teman ahok fotocopi ktp tambah pdip hanura susul deklarasi dukung ahok pkb last minutes pasti empat partai politik gabung koalisi usung ahok pasti ahok pimpin dki jakarta periode manuver cantik main nasdem tuju rebut simpati masyarakat pileg pilpres beri dukung ahok tanpa muncul saing ahok nasdem lihat untung besar oleh nasdem nasdem partai baru terus tunjuk keberpihaknnya pimpin bangsa uji kualitas mampu jalan roda perintah manuver cantik indah bak tari balet laku nasdem bagi strategi tengah disipakan nasdem hadap pileg pilpres datang asa sia sia nasdem tolak revisi uu kpk kembang liar dukung nasdem ahok deklarasi dukung tidak milik efek jangka panjang nasdem pileg pilpres datang jadi nasdem terus tunjuk dukung revisi uu kpk tahu empat poin utama revisi soal sadap minta izin ketua adil soal angkat selidik sidik soal wenang kpk keluar sp soal bentuk dewan awas kpk ancam eksistensi kpk berantas korupsi depan baik dukung revisi tolak nasdem sikap pdip hanura terus ngotot ngototan revisi uu kpk tahu tuju revisi buat kpk lemah lihat bentuk dewan awas kpk potensi penuh nuansa politis dinamika parlemen terus pelotot ahok lihat dinamika partai politik jadi parlemen partai politik ngotot uu kpk revisi buat ahok hitung cermat masuk partai politik terima pinang partai politik nyata dukung ahok partai politik sah sah hindar partai politik tidak menganggu ahok tagan raih baik ahok tegas dukung beri partai politik murni tuju awal bangun jakarta ibukota negara satu republik indonesia tidak posisi penting perintah ahok baru komitmen ahok bersih birokrat main kotor tinggi dukung partai politik nyata dukung ahok utama nasdem terang terang nyata dukung ahok tanpa syarat ahok milik dekat ketua umum partai politik utama megawati soekarnoputri ketua umum hanura wiranto ketua umum pan zulkifli hasan ketua umum pkb muhaimin iskandar ketua umum nasdem surya paloh ahok mudah masuk perangkap bujuk rayu ahok maju partai politik ahok partai politik tidak juang hak hak rakyat kecil ahok pandang tetap pasti kunci menang ahok utama pdip nasdem teman ahok perlu tekan partai politik dukung ahok murni dukung ubah jakarta masuk tata kota jakarta ibukota republik indonesia dekat muhaimin iskandar ketua umum pkb buat cak imin panggil akrab muhaimin iskandar tidak manuver tarik perhati masyarakat luas maju ahmad dhani pkb dukung ahok pkb partai naung gus dur junjung tinggi nilai nilai pluralisme naik agam suku etnis agama jadi simbol satu rekat bangsa pkb beri dukung ahok ahok bagi tokoh ubah bangsa milik bangsa indonesia jokowi tri rismaharini ridwan kamil ganjar pranowo nurdin abdullah ahok jadi satu pimpin dukung penuh gus dur beri ubah bangsa indonesia tepat menit menit akhir pkb usung ahok tinggal ahmad dhani pkb ahmad dhani dar hibur lantun lagu rock pentol grup musik dewa endingnya buat masyarakat dki jakarta pilih ahok nnati ahok berani sanggup gusur tata ulang kawasan kalijodo nilai tempat psk jaja nikmat tubuh aktivitas perjudia tinggi sana partai politik lomba lomba usung ahok daya magis ahok tidak bendung masalah krusial kalijodo atas baru partai politik deklarasi dukung buka ahok tutup mungkin partai partai politik ikut deklarasi dukung ahok menit menit akhir jadi ahok milik strategi strategi ukur tidak jebak euforia partai politik putar haluan jadi dukung ahok gerindra pasti tidak usung ahok pilgub dki prabowo subianto sebut sandiaga uno gubernur gerindra raya ulang tahun hari,1,38,10,28
cari lawan padan ahok tensi politik kian hari naik pilgub dki ahok yg mungkin besar maju jalur independen popularitas kibar partai politik sibuk cari cara negatif ahok kalah pilgub untung ahok tidak maju pilgub dki lucu ahok berani deklarasi maju pilgub dki pihak parpol belum berani tampil jago sibuk cari jelek ahok parpol kalah langkah ahok kata dada ahok dada belum sabar bos tema cari lawan ahok padan parpol pikir maju tinggal pola lama ngga mutu ahok percaya maju ahok rasa dedikasi bangun jakarta hasil nyata lihat maju rencana menweruskan program program belum selesai jadi jakarta ibu kota negara sejajar ibukota negara maju kualitas logika orang kualitas ahok lawan padan kualitas bukan cari kurang ahok usaha ahok gagal maju pilgub parpol umur alam tua pikir anak please deh pikir logika pak yusril pak adhyaksa pak ahmad lunggana pak ahmad dhani konon maju pilgub dki mbok jujur sih prestasi dunia pantas sejajar ahok kalo publish media biar calon pilih tahu bilang oo pak punya prestasi tho kalo bawa pola lama senjata mutakhir pilgub dki ahok bilang ngga usah berat berat keluarin rudal kalo lawan pake pisau dapur parpol cari kepala daerah integritas muslim jadi calon usung parpol parpol berani tidak janji politik calon usung menang untung jangka panjang nama parpol naik nyungsep likuidasi alternatif potensi tinggi rayu parpol jadi jago pilgub dki sebut bupati batang bupati bantaeng bupati banyuwangi contoh tulis potensi jadi lawan ahok padan prestasi bupati batang transparan anggar hasil kota batang jadi maju signifikan bangun bupati bantaeng ubah kota bantaeng daerah tidak kenal jadi tempat potensial investor investasi pimpin daerah layan maksimal bupati banyuwangi buat kota banyuwangi inovasi tinggi tuju maju tulis harap pilgub dki tampil calon kualitas padan atas rata rata saing sehat kompetitif kualitas calon oke mungkin besar tidak kalah kata ahok kalah peluang jadi menteri kalo jokowi tetap presiden buka lebar kia calon kalah punya peluang jadi menteri jokowi jokowi tidak sia nyiakan orang bukti prestasi artikel bersih rumah pagi hari tani suara burung cicit cuit lupa tunggu air bak mandi penuh he he,1,13,15,-2
kasihan ridwan kamil ridwan kamil kasihan ridwan kamil didzalimi orang indonesia masyarakat baru maju tepat tengah maju masyarakat melek internet masyarakat berani opini nyata dapat lanjut rasa jadi masyarakat cerdas mampu nilai tulis dukung ahok tepat cinta mati ahok tidak dukung ahok cinta mati ahok bukan main cinta ahok dunia kiamat ahok tidak jadi gubernur dki d fakta tidak ban lawan takut ahok ridwan kamil fakta tidak ban ahok deadlover istilah fakta tidak masuk logika tidak masa iya paksa d kang emil datang kemarin jakarta silahturahmi ahok was was takut rasa kang emil niat maju pilgub dki lantas spontan ahok keluar nyata ubah pikir mungkin besar maju lewat jalur parpol pdip nyata picu kecewa berat teman ahok buat meme sindir pdip fakta simpul ahok gentar emil point kembang poin contoh amat politik yunarto wijaya ahok laku kosmetik politik ahok awal tidak niat maju lewat independen teman ahok ktp guna ahok laku tawar tawar partai partai usung kembang nilai ahok cari tahu karakter karakter dasar ahok inti kang emil lawan takut ahok nyata tidak jadi maju pilgub dki saksi kang emil buat nyata khusus laman facebooknya tidak lama jam ahok buat nyata usaha maju lewat jalur independen situ jelas maju mundur kang emil buat ahok ubah strategi bahasa halus plintat plintut bahasa kasar batal ridwan kamil maju pilgub dki buat ahok adem wajar tiba tiba juang kira sulit nyata tingkat sulit tinggi hilang daftar sayang rasa adem rasa ahok tidak asa dukung ahok deadlover d ridwan kamil pulang bandung eh tuduh bilang ridwan kamil kecut bilang ridwan kamil plin plan tidak awal bilang tidak minat jakarta ucap ucap membully kang emil minggu kemarin kata dukung ahok culun culun lebay lebay mirip identic cyber army pks pikir tidak lihat fakta nyata jelas gambar mata beritahukan alas kang emil tidak maju buka awal kang emil bu risma tidak pikir jadi gubernur jakarta partai ingin ahok lengser rayu rk risma poin pertama beda bu risma jauh jarak jakarta batas ajak ridwan kamil undang kali kali gerindra pks bicara peluang maju pilgub dki perlu catat undang pertama datang kang emil langsung tolak beliau terima alasanya beliau ingat nasehat ibu senantiasa jaga silahturahmi jaga silahturahmi arti tidak langsung tolak undang hormat pihak buat kang emil nyata minta beri waktu timbang waktu janji kang emil buat putus besar datang kang emil jakarta salah satu temu presiden jokowi jokowi nasehat tidak maju pilgub dki jokowi harap kang emil maju bandung jawa barat nasehat jokowi substansi nasihat orang orang tua bandung baik kalang dprd keluarga besar ridwan kamil keluar putus besar tidak tarung pilgub dki tiga kronologi jelas kalang masyarakat beri hormat ridwan kamil atas putus lihat kolom kolom komentar detiknews dukung ahok puji muji ridwan kamil atas putus beda kondisi kompasiana cinta mati ahok membully kang emil benar benar culun culun bilang suka rk gara gara rk tidak maju alas an nasehat jokowi langsung ilfil rk haha adalagi ngotot buat komentar lapak artikel kata ridwan kamil plintat plintut maju pilgub dki haha tidak kalah lucu status facebook ridwan kamil jelas gambar status like ratus facebook ratus twitter belum jumlah sharenya ratus fakta cibir kang emil perlu baca sayang baca cinta luar ahok sisa benci belaka ridwan kamil kang emil tidak punya salah apa benci fenomena identic ratus kader pks benci jokowi masyaraka indonesia kata cerdas d ridwan kamil jadi ancam posisi ahok langsung benci ridwan kamil alas kang emil tidak jadi ancam nabi tetap benci kang emil haha simpul judul artikel atas kurang tepat bukan kasihan ridwan kamil kasihan tantang ahok niat tantang ahok langsung benci ahok deadlover haha tantang ahok belum benci belum dibully cinta mati ahok tutup pikir hati boro boro lihat track record lawan ahok cari pertama lemah lawan ahok hehehee jadi sih perlu kasihan sekian status facebook ridwan kamil lihat tidak manfaat baca d,0,27,28,-1
baik gerindra dukung ahok malu rakyat partai gerindra ahok dendam kesumat lengser jabat pilgub tahun dosa ahok keluar partai jadi wakil gubernur gubernur dki berkat dukung partai gerindra mata gerindra ahok khianat habis nyata tidak mudah kalah ahok hasil jajag dapat jumlah lembaga survey tunjuk ahok suka bagi besar rakyat jakarta tingkat pilih tinggi banding koar koar mampu kalah ahok kondisi jadi prabowo sesak nafas tantang kader gerindra partai partai dukung lawan ahok nyata turun langsung jadi cagub tidak mampu kalah ahok kader gerindra jauh jauh hari keder sekjen partai gerindra ahmad muzani aku tidak punya potong gubernur fadli zon waketum gerindra bungkam sayang jabat sandang hormat wakil ketua dpr jadi cagub dki arti hadap resiko kalah hilang jabat hormat satu berani sandiaga uno tidak punya alam bidang perintah punya ahli usaha baru beri kritik ahok tidak punya gagas jelas masalah lontar pecah jadi gubernur muncul nama baru hebat yusril ihza mahendra ketua umum pbb jadi anggota kmp acara golkar versi arb mantan menteri rezim gus dur megawati sby acara hebat menang adil tantang ahok head to head syarat tarung head to head tidak mudah dapat yusril kalah nama besar yusril lemah utama yusril niat tidak tulus bangun jakarta tidak peduli rakyat jakarta maju dorong ambisi kuasa jadi tantang jokowi rebut kursi presiden jadi jabat gubernur batu loncat tiru langkah jokowi jadi presiden minat jadi cagub gembira tidak status ayam sayur sebut h lulung adyaksa dault boy sadikin si wanita emas desi ratnasari eko patrio akhir ahmad dhani walikota bandung ridwan kamil belum selesai shalat istikharah belum beri jawab partai gerindra undang bacalon gubernur dki orang undang hadir temu bahas hebat yakin kalah ahok pilgub sayang temu pertama februari hadir orang bacalon gubernur tokoh harap hadir yusril ihza mahendra sandiaga uno ridwan kamil tidak datang tidak mudah partai gerindra seleksi bacalongub baik nyata yakin menang pilgub bagi besar analisis prediksi ahok menang pilgub rawan sebut kawan ahok kumpul ktp ahok lenggang jadi cagub jalur independen ahok dapat dukung partai nasdem yakin pdip megawati akrab ahok jadi pilgub nyata prediksi benar ahok menang jago partai gerindra keok jadi partai gerindra level gubernur kalah orang tuduh khianat reputasi partai gerindra kalah pilgub dki pukul tum gerindra prabowo subianto malu tujuh keliling jadi politis gagal untun tahun karir politik alami kali kalah sakit belum menang kalah konvensi capres partai golkar kalah pilpres cawapres megawati capres kalah pilpres kalah gugat hasil pilpres mk koalisi parpol pimpin kmp kalah hancur keping keping akhir prediksi nyata kalah pilgub dki jadi sungguh malu sungguh terlalu harap parpol anggota kmp rapat jadi dukung presiden jokowi timbul sadar baru internal partai gerindra dengar suara aspirasi rakyat terus tahan jadi public enemy suara kritik ejek perintah corong fadli zon sikap ambil partai gerindra tolak revisi uu kpk jalur benar gerindra dengar pihak rakyat tidak ingin wenang kpk pretel rakyat senang banyak kader partai tangkap kpk masuk bui arti uang negara selamat guna tingkat sejahtera rakyat urus revisi uu kpk biar pdip babak bur juang sendiri kalah partai gerindra masuk partai bersih catat korupsi jadi tidak guna dukung pdip golkar ngebet laku revisi uu kpk terus terus kader senggol kpk partai gerindra jiwa besar damai ahok tarung habis habis lawan ahok taruh sia sia tingkat resiko tinggi partai gerindra paham terima alas ahok keluar gerindra waktu alas ahok keluar gerindra terima akal sehat ahok keluar gerindra partai pemrakarsa revisi uu pilkada jadi pilkada tidak langsung dprd ahok yakin benar jokowi menang pilgub pilih langsung rakyat asyik saksi pilgub dki ahok calon independen dukung pdip gerindra nasdem ahok menang menang untung rakyat jakarta,1,35,27,8
ahok mata megawati anak emas anak durhaka ketua umum pdip ibu megawati soekarno putri berita berulangkali sindir gubernur dki jakarta basuki tjahaja purnama ahok acara luncur buku megawati catat wartawan menang tertawa rakyat gedung arsip nasional rabu malam megawati kata kalimat tidak tuntas buat orang terka nerka maksud kata bu mega tunggu tanggal main heran datang pak ahok jantan tuh gimana pak ahok ahok tidak rasa sindir rasa sanjung orang pertama orang terima buku langsung tangan megawati kalo orang dapat sempat pertama rasa senang sanjung rasa senang sanjung beri sempat pertama kompasianer ikut kunjung kerja presiden jokowi alami iskandar zulkarnain gapey sandi koq tidak berita yah program kompasianer ikut kunjung kerja presiden jokowi kata sambung lanjut sindir sindir megawati ahok acara malam biar jadi rahasia isi hati dua penting diskusi tebak tebak jauh penting tebak sih sosok ahok mata megawati ahok tetap jadi anak emas ahok dapat restu bu mega damping jokowi pilkada dki jakarta nama jokowi harum harum popularitas elektabilitas tinggi kans jokowi besar menang pilkada dki jakarta canda serius kata sungguh untung jadi calon wakil gubernur jokowi pilkada dki jakarta jokowi pasang kursi bendera menang jokowi ikut pilpres menang lantik jadi presiden ri wakil gubernur dki jakarta lantik jadi gubernur dki ganti jokowi ahok jadi anak durhaka tahu terima kasih sayang sayang manja turut mau hasil jadi orang jadi lupa asal usul istilah kacang lupa kulit dapat tebak sosok ahok mata bu mega ahok pimpin jakarta hormat duduk dki jakarta pegang ktp dki jakarta bu mega hormat pimpin dki jakarta hormat baik gubernur dki jakarta kait administrasi duduk perijinan usaha koordinasi laksana proyek kerja jakarta jalan lancar tanpa hambat masalah gubernur dki jakarta bukan tidak urus urus kait atas temu kendala ekstrim misal tiba tiba tanah lokasi rumah masuk program taman kota fly over jalan tol penting umum gusur bu mega tidak ahok tiru sby plin plan lama ambil putus sungguh bu mega tidak ambil pusing ahok maju pilkada dki jakarta jalur parpol pdip parpol maju jalur independen syarat teman ahok mampu kumpul fotokopi ktp bentuk dukung ahok bu mega peduli ahok anggap anak angkat sayang tentu pilih jantan plin plan tiru pak mantan presiden yth bapak sby kenal lama ambil putus penting timbang timbang masalah selesai waktu tanpa putus apa pak mantan bu mega ahok jadi pimpin tegas jokowi ingat pimpin tegas bukan tega ahok tugas partai jokowi ahok pilih gubernur wakil gubernur dki jakarta pilkada kendara pdip gerindra ahok nyata keluar gerindra praktis jadi tugas partai pdip pilkada dki jakarta jauh tidak alas pdip umum bu mega seteru ahok terus dukung ahok sukses program program ahok niscaya mata masyarakat jokowi ahok ahok djarot hasil bawa dki jakarta baik maju banding pimpin sukses sukses pdip usung pimpin bu mega tetap tempat ahok posisi hormat acara malam ahok datang telat tidak minta sumbang cetak buku megawati jilid ii sekian terima gaji salam sayang cuker,1,23,9,14
ahok lucu kait saran bj habibie gubernur dki jakarta basuki tjahaja purnama alias ahok kenal ucap cenderung terus terang blak blakan lenge kaji jauh ucap ahok bukan kes garang lucu buat orang tertawa minimal senyum contoh lucu ahok kali contoh lucu dapat pertama ahok kata tidak berat calon gubernur tampil pilkada dki jakarta calon bagus kesan ahok demokratis senyum lihat taktik balik ucap iya bagus ahok calon gubernur suara pilih pecah belah mungkin besar ahok tampil menang dua kait ribut supir taxi polisi rambu lintas s coret larang stop p coret larang parkir ahok milik alam kait tanya camat jatinegara andri yansyah huruf s silang ngerti arti bilang stop huruf p silang arti parkir mobil angkot henti tanda s p silang derek kata ahok camat belum paham transportasi belum milik mampu alam tangan masalah transportasi jakarta nilai ahok penting kerja laksana perintah langsung sang camat lihat foto muda angkat kepala dinas hubung transportasi dki sumber berita tertawa bahak bahak kait nyata ahok ngerti ngerti beres orang ngerti transportasi hubung ilmu kagak beres beres tuh ingat saran bj habibie kait calon ketua umum partai golkar habibie baik calon asal generasi muda rentang umur tahun kes kuat habibie beri sempat generasi muda kembang tampil muka jk tidak tuju atas saran bj habibie bukan soal umur soal mampu terima kata mampu tambah alam salah alas tim sukses pilih jk pasang jokowi pilpres dulang suara cukup indonesia bagi timur ilmu tinggi beuh keren kata ahok ilmu gak beres ahok beri sempat generasi muda belum milik mampu alam bidang salah timbang orang kerja kerja keras baik mau kuat ha ha ha ilmu gak beres bukti ahok lucu,0,24,5,19
sandiaga uno gagah atlet ganteng santun rendah hati sosok sandiaga uno tambah pake peci hitam kuda hitam layak semat sandy ajang pilgub dki muncul tanya kira kira nilai jual sandy berani tarung melaean tahana bukti milik gudang prestasi sandy mulai pake peci lihat sosok metrososial orang mulai ngarah sandy terima kelompok aji harap luas basis dukung tidak s baik sandy jadi tampil sedia tidak usah sandy jadi orang gara gara pilgub sejati sandy punya nilai jual pater dalam ingat dukung sandy lha sandy ubah khan jadi berabe sosok sandy atlet hobi olah raga lari optimal sedia sandy gabung sapa komunitas lari dki kian jamur kena sandy tidak ada srsuai fakta sandy hobby lari gali asli sandy sandy jadi bagi komunitas lari anjak situ optimal luas basis dukung efektif banding tampil jadi sandy tidak lari olah raga nila positif mampu atas depresi ganggu tidur agam manfaat jadi hobby sandy lewat hobby sandy ikut motivasi warga dki ikut lari jelas sandy awal maju bakal calon gubernur dki relatif tanpa kontroversi sosok moderat sandy terima kalang banding calon sandy layak hitung kalo kalah lawan ahok minimal tidak paut jauh ahok lawan,1,12,5,7
sandiaga uno sun tsu kasih nasehat perang tidak menang kait pilgub dki dengar bisik sandy dorong maju bakal calon lolos dukung lewat parpol lewat jalur independen ningkat jadi calon gubernur tarung lawan ahok kalah alur tebak tebak kalo gitu tidak baik batal keluar tenaga waktu d n biaya ujung ujung kalah kalo cara hitung hitung dar maju pilgub baik mundur hitung hitung maju pilgub ikut tahun tidak salah anggap pilgub ajang panas pasuk musim kompetisi tahun itu catat kalo pilgub dki jakarta wacana hapus jabat gubernur dprd jakarta laksana paksa ikut maju propinsi jakarta ibukota edar uang tinggi indonesia mikat mitifnya agam motif kaya motif benah jakarta tahu motif si calon kalo awal blusukan sembako kesan muncul beli suara warga dki hasil beli modal jelas pikir balikin modal kalo gitu benah dki hari gin sembako jakarta sorot media masa bodoh warga jakarta beli sembako jelas sandy tidak bakal laku tindak bodoh selamat juang sandy ingat target bukan menang panas jadi sandy main cantik simpatik,1,4,8,-4
banjir yusril hubunganya pak ahok benar rustam salah hubung rustam yusril ahok milik bukti kuat kata rustam dukung yusril ahok kali cari sensasi hubung yusril tidak komentar ahok benar rustam dukung yusril hubunganya banjir buka banjir biasa jakarta ahok lupa ahok salah pln listrik pompa mati ahok salah walikota jakarta utara besok salah pak ahok tidak kata kepala dinas jabat jakarta utara dukung yusril kata biar ahok tambah lucu tambah lihat cari sensasi yusril lama tidak komentar apa ahok ahok tidak kata banjir jakarta salah orang orang planet kenthir kompasiana biar tambah hot mantap tahu jakarta tinggal jakarta pulang jakarta jakarta banjir terus bos jadi banjir salah jelas salah ahok walikota pns warga jakarta salah salah pak ahok lupa tidak kabel sumbat cari sensasi pas gitu lho rustam efendi ndukung yusril ikut politik tidak heru budi mantan walikota jakarta utara baru dukung jokowi pilkada jelas belum jelas main tuduh ahok canda ikut komunitas planet kenthir kompasiana baik salam,0,7,14,-7
modal besar yusril kalah ahok rebut kursi gubernur dki yusril ihza mahendra tribunnews com bian harnansa tidak lama acara hebat yusril ihza mahendra jadi gubernur dki jakarta hari hari yakin yusril menang besar banding calon gubernur lulung taufik sandiaga uno adhiaksa daud ridwan kamil yusril rasa jauh atas angin jadi batu sandungan besar yusril rebut kursi gubernur basuki cahaya purnama alias ahok lawan ahok dki jakarta yusril tidak takut yusril ahok jadi gubernur dki jakarta bukan juang ikut nebeng popularitas jokowi ahok aku ketiban hoki jadi gubernur dki jokowi naik jadi presiden jadi yusril yakin tarung rebut kursi gubernur dki jakarta tahun tarung sulit ahok peluang ambil yusril rebut posisi ahok tujuh modal besar ikut pertama yusril aku kumpul ktp dukung jadi gubernur dki jakarta ahok tengah mati kumpul ktp orang dukung acara hebat yusril lihat jago silat lidah ktp pilih partai pbb jadi yusril klaim dukung soal ktp dki tidak soal penting ktp dukung indonesia dukung pindah jakarta bayang betapa besar dukung yusril dua yusril aku kalah ahok jakarta duel lawan arti kuat dukung satu padu lawan ahok yusril praktek peribahasa lama kata satu teguh lawan ahok cerai runtuh kibul ahok calon tampil kalah ahok suara dukung bagi jelas tidak efektif efisien jadi lawan ahok kuat konsentrasi yusril maju tantang ahok yusril mulai himpun dukung partai golkar pks ppp pan dukung tidak tutup mungkin dukung partai kerucut orbit yusril tiga yusril praktek strategi kakak yuslih hasil kalah adik ahok belitung strategi yusril janji mudah urus izin izin bagai usaha jakarta harmoni dprd kait apbd damai preman parkir liar mukim liar usaha nakal yusril depan damai harmonis perintah promosi lihai leh yusril buat ahok kalah telak bukti yuslih belitung empat yusril ingat warga jakarta mayoritas muslim tidak pilih pimpin tidak agama strategi pandang yusril tetap efektif efisien ahok non muslim jelas tidak kutik yusril hasil ingat warga jakarta prinsip dunia islam tambah perilaku santun sopan halus dipertotonkan yusril publik alih dukung ketimbang ahok kasar garang sombong lima dasar yakin yusril kalah ahok yusril punya partai pbb dukung partai ahok belum punya partai andal jalur independen yusril andal jalur independen yusril andal gabung partai partai lawan ahok belum punya partai jadi milik dukung partai yusril jelas unggul ahok golkar dukung yusril otomatis tv ical tv hary tanoe terus terus berita citra yusril belum komentator margarito kamis terus bentuk opini peluang besar yusril jelas modal besar enam yusril laga pilkada rebut kursi gubernur dki tarung opini nama argumen banding ahok jelas yusril hebat yusril kerap menang aneka perkara kalah sby jadi presiden lihai main kata celah hukum yusril main celah lemah ahok masuk celah hukum jegal nyali ahok putus kontrak pt godang tua kelola buang sampah bantar gebang jadi ciut pt pilih yusril acara soal hukum jelas ahok kalah telak lihat mantan kepala sma pecat ahok hasil kalah ahok ma perintah kembali jabat sang kepala sma pecat modal besar acara hebat ahok kalah tujuh faktor alam birokrat entertaimen yusril tokoh nasional alam panjang birokrasi perintah yusril jadi mensesneg jadi menteri hakim ketua umum partai calon calon presiden wakil presiden yusril sukses jadi best lead actor in a foreign language film berkat akting film legend of the east ahok baru alam jadi bupati anggota dpr gubernur kalah jauh banding yusril faktor alam birokrat entertaimen jual yusril kalah ahok tujuh modal besar guna yusril kalah ahok jakarta ahok lawan yusril datang tujuh modal besar gede gajah cukup lawan kerja keras badak sawah tulus merpati cerdik ular hehe salam kompasiana asaaro lahagu illustrasi gambar,0,26,35,-9
yusril santai ahok ngos ngosan ahok tuduh ex walikota jakarta utara pro yusril tuduh nyata lihat tidak mampu kampanye cerdas ahok ahok minta media kasih panggung yusril statement aneh ahok tunjuk ketidakmampuannya kampanye saing cerdas yusril tantang ahok luar batang ahokpun merespon kata kasih panggung utk yusril lihat yg cemen tong kosong tantang yusril ahok luar batang tantang bukti fakta hukum bukan nantang adu fisik respon ahok cuman koar koar kosong ptun kasus sodet bidara cina ahok kalah berani terima tantang yusril bulan mei rencana gusur luar batang media pro ahok mulai jual opini masjid luar batang jadi wisata rohani ruhut sitompul koar kosong media yusril ruhut bilang yusril pustaka jalan presiden tahu apbd dki tahun april baru serap gak ahok banyak koar polemik hampa ahok tuduh ex walikota jakut pro yusril stlh klarifikasi ex walkot yusril ahok kata guyon tahu kayak gitu tipe idola ahok fitnah rustam pro yusril tulis tempo dagang opini ahok pimpin adil otak rustam effendi punya istri anak gimana asa keluarga sang kepala keluarga fitnah ahok undur diplintir tempo mamah dedeh klarifikasi soal tohok yusril direspon klarifikasi cepat mamah dedeh yusril tegas tetap tindak fair elegan tolak cara cara belok berita media yusril belum ngapa in ahok lihat klepek ngadepin yusril sampe fitnah ex walikota jakut antek yusril tanding belum mulai ahok ngos ngosan dms,0,8,8,0
sabar nanti yusril jadi gubernur jakarta tidak sabar rasa nanti yusril ihza mahendra pilih jadi gubernur dki jakarta maklum sekian tokoh aku pantas ganti ahok yusril proaktif laku road show proklamasi pantas pimpin jakarta jumlah pasang bakal calon belakang sebut sebut kerucut tiga pasang tiga pasang bakal calon gubernur dki jakarta pertama tririsma harini djarot saiful hidayat catat risma tidak jijik jilat ludah dukung pdip dua ahok heru budi hartono jalur orang independen tiga yusril ihza sandiaga uno partai gerindra pks lihat gaya bicara rasa percaya yusril yakin bakal keluar juara turnamen pilkada serentak gelar februari jakarta tunggu februari tarasa lama yusril menang wartawan kejar pakar hukum tata negara nara sumber milik predikat baru gubernur pilih pasti koran majalah tulis sosok yusril tidak sabar baca feature karya wartawan media massa cetak online ulas yusril kalimat kira kira tahu kalimat kalimat atas bantu wartawan tulis feature yusril pilih jadi gubernur dki jakarta hari rabu mei belum parpol usung dukung sila copy paste kalimat kalimat atas kalimat kalimat tidak lindung uu hak cipta,0,6,2,4
yusril suka jelek jelekin ibu mega sby sih pepih nugraha neh yusril izra mahendra jago soal hukum pakar mumpuni tanding deh pokok wartawan presenter sok sok nanya yusril tanpa siap dikerjain yusril oke gue akuin emang hebat yusril lemah yusril suka nyela orang via twiter gue sih tau kaliber yusril nyela orang bukan soal orang hebat neh hobi suka nyela megawati lewat twitternya anak megawati puan maharani ikut cela sby demokrat pas kuasa kena hajar korupsi ikut ikut cela kayak senjata makan tuan gitu aja ibu megawati buka buka twiter saking sibuk orang keliling megawati punya akun twiter orang orang lingkar ibu mega nunjukin twiter cela yusril soal megawati bisik bisik orang bu udah nyela nyela ibu mbak puan eh daftar jadi calon gubernur dki partai pak sby sih emang suka twiteran jadi perlu tunjuk tunjukin isi tweet nyela sby demokrat pak sby udah tau hebat mantan presiden ri yusril tetap kasih sempat daftar jadi cagub dki jadi masalah yusril entar belum usaha pintu pintu dilulusin dibukain pintu sih iya dicalonin masa iya sih pdip demokrat nyalonin sosok orang udah jelek jelekin ketua umum beda ahok biar kata diperlakuin gimana ibu megawati pas luncur buku megawati tetap ahok gak jelek jelekin ibu megawati ahok tetep aja bilang ahok orang mega,1,10,8,2
ah yusril luar yusril ihza foto mediaindonesia com semangat yusril ihza mahendra tuju kursi dki layak apresiasi luar tiada lelah profesor terus bersilaturahim partai partai politik bingung cari calon gubernur eh tahu tanding basuki tjahaja purnama ahok pucuk cinta ulam tiba tulah yusril pdip belakang kelimpungan cari saing ahok mantan bupati belitung timur sok tahu tuju dki lewat jalur orang independen alhamdulillah beda ideologi yusril jabat ketua umum partai bulan bintang condong agama sambut hangat petinggi pdip nasionalisme bangsa luar suasana benar benar cair moga kelak yusril benar benar usung calon resmi pdip duh bikin hati debar debar syukur syukur yusril menang dki jakarta jadi miniatur indonesia rizieq shihab fpi nya tidak repot repot habis energi panas panas bawah terik matahari khotbah tema yuk rang si kafir ganti ideologi pancasila pantat kasihan rizieq khotbah tidak buat umat tobat banjir bully netizen media sosial kasihan polisi tidak daya lindung fpi percaya yusril jadi gubernur dki jakarta aman tenteram lindung umat warga jakarta polisi tidak perlu repot repot damping fpi menggeruduk acara acara seni nilai rusak aqidah umat percaya pdip ibu megawati bijaksana yakin konstituen tidak rela posisi dki isi ketua umum partai yusril kader boy sadikin tempat posisi dki calon wakil gubernur maklum bung pdip partai buka percaya kader pdip dewasa milik pikir petinggi partai banteng moncong putih tidak kotak kotak tutup politik kotak kota sih masa koalisi yusril layak jadi buka sejarah pdip partai bulan bintang pbb negeri partai besar pdip punya kursi dprd dki jakarta koalisi pbb tidak punya kursi proses calon gubernur moga koalisi akbar gores sejarah kalah ahok kemas rupa dukung dunia maya calon kuat moga koalisi akbar sengaja sebut akbar yusril bukan orang sembarang gelar profesor kelak mampu buat kader pdip bereforia sambut menang yusril jadi gubernur jakarta maklum menang semu pihak ahok lebih tidak tanda tanda mata utama yusril kamis april tandang markas pdip lenteng agung jakarta selatan hadir acara latih manager kampanye pilkada serentak forum yusril sambut senyum sorak sorak gembira petinggi pdip hadir yusril dapat hormat beri bekal serta latih luar usai beri bekal yusril bawa kabar gembira pasti buat dukung ahok galau hore yusril ungkap yakin pdip usul jadi calon gubernur pilkada dki jakarta tahun datang lihat gadang gadang jadi orang pertama ucap yusril kutip mediaindonesia com yusril aku senang sanding ketua dewan pimpin daerah pdip wilayah dki jakarta boy sadikin sebut sebut bakal calon jadi wakil gubernur dki klop kurang aku tidak yusril jasa antar abdurrahman wahid gus dur megawati presiden wakil presiden percaya lho ungkap yusril bagai sempat yusril ikut calon presiden tahu penting bangsa negara yusril mundur calon gus dur megawati mulus jadi presiden wakil presiden belakang megawati naik jadi presiden gus dur lengser tengah jalan megawati laku politik balas budi pdip beri peluang yusril maju gubernur jakarta laku pdip belum banding korban laku yusril megawati yusril beri peluang jadi ri megawati megawati beri peluang jadi dki yusril politik balas budi sungguh njomplang sungguh terlalu ingin yusril jadi dki tidak kabul pdip hari jumat april buka daftar minat jadi gubernur dki jakarta ah netizen nyata anut prinsip senang lihat orang susah susah lihat orang senang mem bully yusril rajin laku gera tuju dki ah prof dengar oceh tahan rasa percaya pd beda tipis sombong yakin warga dki jakarta jumlah juta belum lanjur kumpul ktp dukung layak pilih buru buru tanggal baju mickey mouse ingat lho pasar tradisional belum kunjung rangka tarik simpati publik biar sarimin lenggang sendiri pasar,0,34,10,24
yusril ridwan kamil lawan ahok menang telak politik panggung sandiriwa dunia panggung sandirawa hidup sandiwara jadi lakon sandiwara yusihma rika dunia aneh aneh dunia tempat aneka manusia dunia enak tertawa tawa dunia indah tempat tonton aneh aneh masuk maju yusril lawan ahok yusril emil milik modal hebat tang kursi gubernur dki jakarta modal yusril yusril menteri beri bantu oom tommy soeharto menransfer uang lewat menteri yusril ketua dewan syuro partai politik islam besar partai agama pks indonesia dunia nama pbb yusril milik berani misal cerai istri tidak orang berani cerai istri lho cerai istri milik tegas kuat mental popularitas kompasianer bantah kompasiana dunia twitter berani bela kapal asing thailand langgar daulat laut indonesia curi ton ikan laut indonesia memilikia kaya luar rp miliar modal maju panggung kampanye lawan ahok pasang yusril emil kode nama yusihma rika singkat yusril ihza mahendra ridwan kamil pasti buat rakyat bondong bondong pilih lari tunggang langgang tetap pilih ahok salam bahagia ala,1,9,6,3
ahok kasih panggung yusril gubernur dki jakarta basuki tjahaja purnama ahok geram yusril ihza mahendra kait langkah yusril bela warga luar batang jaring jakarta utara ahok minta masyarakat beri panggung yusril yusril tonton kait profesi acara tahu yusril acara handal bela koruptor rakyat ahok jelas lebih takut sosok yusril bela warga luar batang tanggap yusril santai tegas bicara muka umum hak orang kait hak konstitusional jamin uud minta gubernur dki jelas tentang konstitusi demokrasi junjung tinggi kata yusril kutip akun twitternya minggu demokrasi orang bebas muka dapat orang tidak tuju dapat sejati demokrasi yusril tidak larang minta orang tidak beri sempat gubernur dki bebas nyata dapat tidak tuju dapat gubernur dki mana bebas tentang dapat ucap yusril baik kata bela ahok bebas dapat dihadang orang bela laku titik darah habis tdk tuju dg dapat gubernur dki bebas beliau muka dapat bela mati an ajak segenap rakyat ikan panggung gubernur dki utk bicara bebas tidak tuju dapat tutup yusril lai ahok tahan kasus luar batang ahok lihat takut tanda kutip wajar takut hadir sepak terjang yusril publik tahu kali kali pukul ko perintah yusril pukul ko yusril ahli hukum simpan baik senjata undang undang pakar hukum lai tidak temu ingat baik jaksa agung lengser yusril lihat perintah sby pusing sepak terjang yusril fenomenal hebat tonton pasal undang undang yusril lepas kasus sisminbakum ahok jelas tidak erti hukum ahok bukan ahli bidang ahok mulai khawatir angkat soal luar batang dalam kasus hukum murni hukum main pasti tarung menang yusril ahok butuh dukung politis petinggi negri ahok sadar bukan soal beri panggung yusril analog baik warga luar batang hadap masalah gusur tolak usaha juang beri bela yusril sebut ahli hukum belum tandinganya semangat senang psikologi hormat ahok ajar cara yusril mendapa panggung bukan ikan panggung ahok biasa sedia panggung tidak yusril yusril orang cari ikan panggung baca profesi acara ahok jelas gubernur bukan acara panggung ahok mana tonton takut point penting ahok ahok lihat panik jelas ahok tekan yusril pilkada jauh terus cari polemik salam lora sumber kompas,0,16,11,5
yusril pdip temu jodoh tepat ata serani hore pdip temu jodoh yusril ihza mahendra bunyi pesan pesan tidak kaget kamis yusril cari kendara politik maju calon gubernur dki jakarta tantang basuki tjahaja purnama ahok datang kantor dpp pdip datang yusril bukan lamar pdip minta calon gubernur dki bukan yusril terang resmi pdip hadir isi latih manajer kampanye pilkada serentak sah sah publik pikir liar hadir yusril pdip tengah panas suasana politik dekat pilkada serentak dki jakarta tahu pdip cari kandidat calon gubernur dki jakarta lawan ahok putus maju lewat jalur independen mobilisasi teman ahok yusril cari kendara politik tuju maju pilkada dki jakarta penting temu tafsir politik temu absah latih manajer kampanye pilkada elite partai pimpin megawati soekarnoputri puji muji yusril wakil sekjen pdip ahmad basarah gamblang banding yusril ahok basarah yusril ahok belitung timur tutur kata karakter dua langit bumi dekat yusril pdip fakta baru kader pdip punya memori panjang lama yusril ketua umum partai bulan bintang pbb jadi sahabat pdip megawati bukti megawati jadi presiden yusril percaya jadi menteri hakim yusril bukan orang baru pdip chemistry lama jalin yusril pdip kental sahabat pdip yusril tidak jadi alas pdip tidak timbang yusril kandidat unggul pdip pilkada dki pbb tidak punya kursi dpr dprd dki jakarta hasil milu arti megawati jadi presiden yusril angkat jadi menteri hakim apa susah calon yusril jadi gubernur dki jakarta pdip perlu kecil hati kritik tajam sampai yusril perintah presiden joko widodo kader pdip tidak sangkal yusril ada baris utama keritik tajam pelbagi bijak perintah pdip pdip partai kibar panji panji demokrasi jeli beda kritik presiden joko widodo penting pdip jakarta pdip perlu risau energi keluar tangkis bagai serang yusril perintah jokowi tepat langkah pdip fokus diskusi patut yusril calon jadi gubernur dki jakarta yusril milik unggul saing ahok banding jumlah nama maju calon gubernur dki pdip enggan tepuk air dulang ambil putus dukung ahok menang milu jakarta milik kursi dprd dki pdip satu partai politik hak usung pasang calon gubernur wakil gubernur parpol koalisi tidak penuh syarat minimal kursi dprd kira pdip jalan alur benar benar kata teman pdip temu jodoh tepat yusril ihza mahendra maju calon gubernur dki jakarta soal damping yusril calon wakil gubernur arif tambah bobot sikap demokratis pdip pdip serah yusril pilih damping ideal calon gubernur cari putus damping kerja pilih langgeng abad modern tidak kawin paksa baik adat istiadat politik awal baik pdip yusril tentu langkah ikut ringan happy ending moga jadi nyata,0,19,9,10
pukul telak jokowi yusril lewat pdip tahu partai menang milu punya kader potensial dki maju kalah ahok yusril menang lawan ahok yusril notabene tum parpol jadi bulan bulan punya kader duduk anggota dewan partai gurem sadar maju parpolnya sungguh sempat besar pdip usung bukan daftar pdip nyagub nyata yusril datang parpol sebab profesor ahli tatanegara dapat juluk emis dukung jongos parpol sungguh miris gara gara yusril ambisius adik yusron ancam tahun penjara serang ahok ras cuit twitter pdip sadar preseden buruk masa parpol kalap pdip partai dukung perintah kadang kadang berprilaku oposan lihat kembang lanjut dagel politik pukul telak jokowi kemarin ejek yusril umpan keju yusril kemarin ngatain jokowi kelas walikota pantas jadi presiden umpan makan yusril kelas tum partai nyata level dar jongos emis sumber gambar artikel,1,1,2,-1
kritik dukung ahok hitung yusril kata tidak dok pribadi yusril ihza mahendra sosok pas tangguh lawan basuki tjahaja purnama ahok pilkada serentak dki jakarta fakta sadar dukung ahok belakang amat mulai galau hadir yusril galau anggota pasu ahok mulai tidak rasional maksud tidak rasional tidak pikir sadar pilkada proses demokrasi syarat unsur kawan kawan ahok mau yusril ahmad dhani adhyaksa dault sandiaga uno haji lulung taufik nur mahmud sukses pimpin depok coba coba nyalon jadi gubernur dki jakarta kawan hendak tidak fair impi jatuh calon dukung mau ahok pilkada serentak hadap bumbung kotak kosong asyik suka tidak suka latih tinju ahok punya sparing partner mitra tangguh ahok yusril ada yusril jadi ajang uji nyali ahok tahun ahok pilih jadi dki berkat tandem jokowi tidak tandem jokowi belum jadi gubernur dki jakarta iri tokoh ahok tarung hajat pilkada serentak alam pertama tuju dki dukung ahok sesumbar mantan bupati belitung timur rangka tuju punya lawan tanding modal ahok alam jadi gubernur jakarta tolong redam bangga menang ahok belum bukti jauh bos tim sukses ahok ahok abai anggap enteng reputasi yusril bicara soal berani aku ahok berani koruptor jabat nakal anggota dprd korup preman kalijodo cundang cundang lawan singgasana diobrak abrik berani ahok lawan presiden tunggu tidak apa yusril yusril satu jabat tokoh berani lawan arus tantang susilo bambang yudhoyono waktu jabat presiden republik indonesia ingat yusril juluk sby koruptor berani ahok kata jokowi orang ragu berani yusril kutip republika co yusril benar nyata akun twitter pribadi sebut presiden sby layak juluk koruptor benar nyata yusril sila republika jadi kicau berita sila kutip ujar yusril tuding sby koruptor senang beri grasi koruptor hebat yusril punya kuat magis luar alias sakti bukti tuduh ujar benci buat sby berang gugat perkara yusril polisi tuduh tenang tenang alami puncak nikmat belakang rasa rasa dikambinghitamkan orang orang jokowi yusril profesional konsisten konsekuen jalan tugas acara pisah tugas ahli hukum tata negara cendekiawan acara sebut sby koruptor guna posisi ahli hukum tata negara cendekiawan jalan fungsi acara tidak segan segan bela koruptor catat bela pidana korupsi serius taurus nababan taurus laku aksi menilep uang negara proyek ada barang kabupaten bekas gede sih rp sayang yusril kandas perkara kasus tangan tingkat pk tinjau menang yah lumayan yusril bela dakwa korupsi mantan kepala dinas pu serdang faisal sidang adil negeri pn medan faisal hukum tahun penjara adil tinggi pt medan hukum faisal naik jadi tahun penjara yusril ihza konsisten hormat hukum kalah tidak mencak mencak protes panas manasi koruptor laku aksi unjuk rasa telanjang yusril bukan razman arif nasution acara kalijodo acara berani bela klien jelas jelas laku tidak adil kuasa terima tuding anggap tidak cinta tanah air indonesia soal soal ahok berani tahu yusril ihza mahendra belum lama selang perkara menteri laut ikan sus pujiastuti adil lantar hobi tenggelam kapal asing curi ikan yusril tampil bela kapal asing si curi ikan pihak bela milik kapal curi ikan asal thailand yusril tetap tegar caci maki warga negara indonesia tidak nasionalis sikap tegas yusril tetap tahan dapat sindir anggota dpr ri ruhut sitompul ah luhut kawan usah cakap abang bilang yusril bela bayar adil tetap tegak negara salah lawan orang milik sikap tegas cocok pimpin jakarta negara lawan preman tanah abang kalijodo mah kecil salut bela benar yusril lihat kasus klien cocok jakarta konkret benar bela salah hukum jadi yusril cocok jadi gubernur dki jakarta ganti ahok berani koprak oprak orang hari hari ada kawasan jl kebon sirih dprd merdeka selatan balai kota lihat yusril segan segan bela pakar maritim y paonganan alias ongen waktu dekam penjara lantar sebar konten pornografi akun twitternya stop logika ala yusril beri grasi koruptor koruptor yusril belum bela kasus kasus pornografi bagai prestasi raih yusril atas simpul tegas yusril peduli pinggir ancam soal ahok yusril langit bumi orang kecil warga dki profesi dagang kaki lima gelandang kotor ibukota negara teriak gusur ahok yusril laku selamat datang yusril dua asal belitung timur temu ajang pilkada serentak moga impi wujud jadi dki langkah awal tuju ri ingat kelak maju tuju ri mundur laku awal awal reformasi waktu jadi presiden paksa mundur bagai cara berani kata tidak ucap kata lihat lima jari,0,43,20,23
yusril kreatif dukung ahok sewot sumber facebook sungguh gagal paham ulah dukung basuki tjahaja purnama ahok belakang tidak senang lihat orang senang yusril ihza mahendra pergi pasar kena kaos mickey mouse sewot mem bully yusril punya kreativitas tinggi rasa kalah selang laku yusril jago ahok kalah cepat turun bawah pasar tradisional berha ha hehe dagang sayur beli bilah pete khawatir dukung ahok kecewa iri hati dengki mem bully yusril mantan menteri acara kondang pasar tidak kena kaos mickey mouse celana buntung kena daster bau bawang jadi main sepak bola skor jadi yusril kosong ahok soal citra ahok kalah yusril ehmm tampan bicara sistematis yakin dengar utama dukung dukung ahok bangun citra positif hari marah ngomel marah terus laku ahok laku buat yusril pergi pasar karimun pergi pasar naik sepeda pakai payung mulai ahok rekrut tim sukses super kreatif tang kontes pilkada serentak dukung mantan bupati belitung timur lihai mem bully medsos kreatif mula orang ragu lihat foto yusril belanja pasar tradisional kawasan puri indah kebon jeruk jakarta barat orang tuding foto rekayasa dukung ahok tidak suka popularitas yusril terus lonjak umum calon jadi gubernur dki jakarta hajat pilkada serentak datang duga foto sengaja pajang dukung ahok jatuh yusril duga orang keliru nyata foto asli bukan hasil edit yusril unggah laman facebook nya disebarluaskan via twitter yusril tampak bangga belanja pasar jadi sinterklas cara ogah terima uang kembali buat dukung simpatisan ahok tidak fair medsos cibir laku yusril yusril kreatif sewot tidak tahu yusril laku timbang matang dukung ahok tidak tahu yusril tempo hari belum turun bawah wilayah gusur laku ahmad dhani ingat yusril profesor pasti laku teliti survei rencana aku tidak bagi upaya yusril tingkat elektabilitas pasar tradisional identik cilik eh tahu pdip jatuh hati kenan usung yusril tuju dki dukung ahok paham jadi media darling jokowi pilpres sadar media salah cara naik elektabilitas mulus langkah tuju dki jauh belum tahu yusril tetap guna jalur independen jalur partai lewat jalur independen belum ecek ratus ktp dukung oleh lewat jalur partai belum ecek partai dukung usung moga pdip kenan dukung usung yusril sempat pdip yusril mumpung ahok mantap tuju dki lewat jalur independen harap politik dinamis ubah ubah hari lawan besok jadi kawan yusril kawan yusril dukung pdip program yusril cilik belanja pasar lanjut nitip pete pak,0,21,15,6
yusril tarung lawan ahok menang ahok prof dr yusril ihza mahendra gelar dt maharajo palinduang tokoh politik kenal belum umur sebut politikus tua umur tahun muda prabowo subianto tahun jadi yusril ingin jadi gubernur dki jakarta tarung head to head ahok nafas panjang yusril milik amunisi menang tarung pertama punya alam panjang jabat pemeritahan rezim jadi staf setneg era pak harto percaya jadi tulis pidato presiden dua jadi menteri era perintah presiden gus dur megawati sby tiga ahli hukum tata negara profesi acara jadi acara hebat menang perkara korupsi jaksa gentar grogi hadap sidang adil yusril lengser jaksa agung angkat sby keppres lama tidak laku angkat presiden soeharto tulis pidato presiden pak harto lengser tulis pidato presiden buah yusril ikut jadi laku sejarah presiden soeharto lengser tulis pidato pak harto nyata henti jadi presiden yusril tulis pidato akhir pak harto jadi tidak lengser henyak lengser soft landing tahun jadi orang percaya pak harto yusril murid langsung terima ajar pak harto tulis pidato bagus dua tidak jiwa sehat yusril ajar pak harto kiat jadi kuasa suka rakyat jalan praktek kkn kiat kalah lawan rebut kuasa reformasi yusril jadi salah pihak dukung ubah politik indonesia masa perintah presiden abdurrahman wahid yusril angkat jadi menteri hakim perudang undang presiden gus dur lengser ganti presiden megawati karir yusril perintah lanjut henti angkat presiden megawati jadi menkumham nama baru menteri pimpin jabat pegang presiden megawati turun jabat kalah pilpres lawan sby masa perintah presiden sby yusril percaya jadi anggota kabinet angkat jadi mensesneg akhir abdi perintah yusril jadi acara nasehat hukum adik yusron ihza mahendra diri kantor acara ihza ihza bilang kuningan catat akhir yusril jadi acara partai golkar versi munas bal pimpin aburizal bakrie hasil menang partai golkar versi munas bal putus adil menang paksa menkumham cabut sk kesah dpp partai golkar versi ancol pimpin agung laksono jadi acara mantan menteri bumn dahlan iskan jadi sangka korupsi jagung menang gugat prapengadilan dahlan iskan tidak sandang status sangka jalan tugas jabat negara profesi acara yusril aktif dunia politik jadi diri partai bulan bintang jadi ketua umum pertama periode angkat jadi tum pbb ganti ms kaban politikus yusril pandang gagal partai pbb gusur senayan tidak penuh batas minimal oleh kursi dpr pileg partai gabung kmp tanpa kursi dpr lemah yusril milik alam panjang perintah yusril tidak kenal rakyat jakarta lapis tengah bawah kelompok pilih besar jabat perintah kerja belakang meja rumus konsep konsep dteken presiden keppres siap naskah draft undang undang jadi yusril maksud tantang ahok cagub dki jakarta tidak milik alam teknis bagai bidang tangan baik ahok gubernur yusril tidak alam urus banjir bersih macet lintas dagang kaki lima kampung kampung kumuh layan sehat didik alas yusril tantang ahok pilgub benar tidak kuat tidak relevan yusril guna alas keluarga besar belitung timur saing keluarga besar ahok pilkada serentak abang yusril hasil kalah adik ahok hasil abang yusril tantang ahok pilgub dki jakarta jadi kait niat yusril rebut kursi gubernur jadi jabat batu loncat saing jadi capres pilpres yusril tidak punya penting apa rakyat jakarta lihat posisi gubernur jakarta jalan penuh ambisi kekuasaanya jadi presiden ri delapan jalan tempuh jokowi yusril ingn lang jalan sampai yusril publik terus terang tidak malu malu sampai jadi presiden partai pbb tidak punya kursi dpr yakin kalah ahok yakin teman tema kmp pks ppp golkar jadi yusril cagub pkb jadi anggota kih timbang yusril jadi cagub pan tarik jadi yusril cagub tarung rebut kursi gubenur dki jakarta langsung sengit calon tarung calon tahana ahok yusril sandaga uno cagub geridra yakin menang tetap ahok faktor kerja ahok bantu presiden jokowi megawati bujuk jadi ahok cagub pdip ahok maju calon independen dukung pdip nasdem hanura siap mem backup yusril kalah tahu tidak cukup populer jakarta kalah nawaitu tidak benar baik yusril kampung halaman tarung rebut kursi gubernur propinsi bangka belitung,1,23,20,3
yusril bakal calon pahlawan luar batang yusril jadi bela hukum idealisme acara rasa empati nasib warga luar batang sosok nanti warga jadi pimpin hebat yusril berani tantang ahok pemprov dki tunjuk bukti hukum sertifikat hak milik bukti kampung luar batang aset perintah dki gusur jadi yusril perlu tunjuk bukti sertifikat hak milik warga pemprov dki yusril pakar hukum acara hebat jadi tunjuk bukti perintah daerah pemprov dki bukan warga bela warga gusur belum gusur belum bela pro aktif cukup tantang koar koar lewat media massa maksud jelas status profesi bela yusril berani kata ahok ngomongnya kayak setrika kemarin bilang pasar ikan gusur luar batang tidak kata luar batang gusur lawan ahok belum tanggap imbang ucap yusril ahok ragu kata yusril kayak setrika jadi ahok siap kata kata tepat misal yusril kayak harum setrika yusril kayak kabel setrika yusril kayak papan setrika inti keluar terminologi lingkup setrika perang kata jadi kontekstual imbang lihat prestasi yusril bidang hukum mungkin besar ahok kalah yusril menang jadi pahlawan warga luar batang jadi yusril bukan bakal calon gubernur dki bakal calon pahlawan resmi bela gusur mulai status yusril tingkat jadi calon pahlawan menang adil naik jadi pahlawan bekal bakal calon pahlawan jadi pahlawan tinggal masalah waktu yusril jadi gubernur dki jakarta ahok bakal calon gubernur bukan bakal calon pahlawan bukan calon pahlawan ahok kalah mentereng istilah orang warung kopi tanding ahok kalah set mustahil kalah pahlawan langka bangga pihak pahlawan ikut pilih gubernur bukan jaman memang jabat gubernur kerja transparan berani tegas penuh jujur inovasi jadi pahlawan masyarakat referensi berita kompas com tiga,0,25,8,17
sekutu dhani adhyaksa dault sandiaga uno lawan ahok yusril gali kubur semangat yusril ihza mahendra yusril maju head to head basuki tjahaya purnama ahok pilkada dki tahun terus nyala kali wartawan tanya yusril merespon gebu gebu serta jelas konsep ganti model perintah dki pimpin menteri serius nama ahok sebut yusril komentar predikat hebat beri ahok kicau twitter waktu kerap ulang bilang ahok sebut orang hebat ahok bukan orang hebat sakti ulang wartawan detik com mewawancarinya kantor dpw pkb tanggal kata pak ahok kata orang hebat rasa tidak hebat hebat anggap pak ahok terima kasih kata orang hebat balas kata pak ahok bukan hebat sakti tarik respon yusril pertama makna head to head hadap ahok dua makna istilah hebat sakti tarik telaah satu cari dukung ahok nyata ingin tarung pilkada bukan tuju kalah melulu terus mambangun jakarta baru gagas jokowi waktu tarung lima pasang pilkada dki tahun pasang fauzi bowo nachrowi ramli hendardji soepandji ahmad riza patria hidayat nurwahid didiek j rachbini faisal batubara biem benjamin alex noerdin nono sampono capai ahok juang tidak partai nyata jago ahok calon gubernur cagup partai gerindra partai besut prabowo posisi ahok musuh politik tumbang lihat nyata orang orang paham ahok inisiatif organisir kumpul ktp lolos jadi cagub jalur orang usaha nyata hasil kumpul ktp beri sinyal ahok maju jumlah lebih syarat tetap uu pilkada gencar dukung ahok nyata buat partai grogi sadar tidak dukung ahok pilkada arti partai tidak dukung tuntas bangun jakarta baru arti lawan hendak rakyat bagi besar warga jakarta akibat fatal partai rakyat rame rame kampanye tinggal partai milu utama partai nilai berangan pikir rakyat lihat ahok mungkin baca nasdem buru buru balik nyata dukung ahok tanpa syarat pdi p pd tidak malu malu nyata dukung sikap nasdem upaya antar ahok jabat dki kuat yusril kendati janji kumpul juta copy ktp waktu singkat gera arah belum tampak tampak balik gera ahok temu ketua pd susilo bambang yudhoyono sby diam beliau cikeas tanggal yusril kumpul copy ktp digembar gembor gembira ria pilih ikut saran sby banyak silaturahmi partai orang orang pengaruh yusril tidak emosional saran sby perlu tel mentah mentah lantas ikut jadi saran kiat sby tolak rencana yusril bukan sby tampak lihat penting rakyat ketimbang jungkal ahok kerja bukti baik rakyat jakarta indonesia sby paham yusril jadi anak buah kabinet indonesia satu jilid i kurang tahun kena resuffle mei semangat yusril tidak ingat usai nasehat sby langsung susun rencana silaturahmi mulai temu ketua pdi p dki boy sadikin ketua umum pdi p megawati sukarno putri sosok pengaruh tentu cagub dki baru lanjut pimpin partai laku silaturahmi musisi flamboyan ahmad dhani susul pak adhyaksa dault sandiaga uno sebut sebut calon cagub partai temu dhani nilai hasil capai sepakat bulat dukung syarat tingkat elektabilitasnya tinggi usung waktu sewa lembaga survey dasar hasil survey lembaga elektabilitas dhani tinggi yusril mundur dukung dhani yusril sepakat bicara adhyaksa sandiaga uno hitung hitung politik pihak yusril tidak masalah orang orang partai dukung rame rame jadi mesin politik yusril antar duduk kursi dki soal jadi kata misal dhani sandiaga uno berelektabilitas tinggi yusril konsisten uncapannya mundur tetap maju jalur independen orang galang dukung rakyat lewat kumpul copy ktp dua jadi yusril rian politik tidak tidak tempuh maju jalur independen arti terang terang yusril khianat dhani santiaga uno nama jilat ludah tetap konsisten mundur calon janji fight head to head ahok otomatis wujud putus tidak untung nilai tidak milik komitmen gampang umbar janji kejap ingkar jilat ludah bukan keptusan ambil yusril nila baik baik akademisi politis tuju yusril jadi gubernur ikut makna atas istilah hebat sakti yusril orang hebat kalah orang sakti orang sakti gak perlu buat duduk duduk tenang tenang aja kebal atas selamat escape tanpa buat apa pak ahok tutur tulis detik com tanpa sebut yusril deskripsi erti orang hebat masalah tempur baru tunjuk hebat bebas masalah jadi orang sakti cipta hadap orang hebat tutup yusril wartawan makna tunjuk yusril nilai ahok tidak buat dki ahok nila duduk duduk tenang tenang ahok kebal kebal pen ahok selamat escape kabur masalah lha nilai jelas sembrono tentang nyata orang tahu ahok tidak duduk duduk pangku tangan belakang meja tidak cari selamat orang jakarta rasa hasil kerja ahok efektif benah jakarta berantas korupsi yusril nihil kerja ahok orang waras sehat normal tanya yusril pakai kaca mata parah jelas orang hebat yusril tuju jadi gubernur dki tenyata simpel hadap orang sakti ahok orang sakti ahok jadi masalah yusril perlu hadap bukan bangun jakarta harap rakyat jakarta weh weh tuju,1,42,16,26
ahok takut lawan yusril bacot karakter pimpin ahok tidak punya prestasi ahok jago tebar caci maki sumpah serapah bahasa toilet plus isi bagi pisah cara gaya komunikasi ahok kembang agung podomoro agung dayu group mampu buat ahok tekuk lutut kata takut ahok agung podomoro agung dayu group agung podomoro agung dayu group garap kpk ahok buat pusing keliling belum sunny anak magang bimbing bolak bolak mengahadapi wawancara sidik kpk sunny salah jawab ahok bakal buat repot belum masalah kalah pelik head to head lawan prof dr yusril ihza mahendra kasus hukum kali kali terus ulang ulang ahok tantang yusril tarung adil tidak tuju bijak bak gayung sambut yusril senang hati terima tantang ahok menang yusril kasus bidaracina mampu pukul ko ahok skor menang yusril kasus hukum tunggu yusril kasus gusur kampung luar batang kasus bantargebang kasus kampung luar batang yusril kali kali minta ahok keluar sk gusur kampung luar batang kasus bantargebang yusril tunggu sp putus kontrak kasus bantargebang ahok guna temu bpk dasar hukum keluar sp tanggal september susul sp tanggal nopember aneh pasuk mei sp putus kontrak belum laku ahok ahok janji hadap media putus kontrak kasus bantargebang laku jangka waktu hari keluar sp rencana ahok laku putus kontrak pemprov dki jakarta langsung ambil alih bantargebang kelola swakelola ahok bantargebang kelola pemprov dki jakarta jadi pengehamatan besar rp milyar angka fantastis jelas ahok takut hadap yusril adil,0,13,5,8
kakak yusril kalah adik ahok belitung timur yusril kalah ahok pilkada dki kakak yusril kalah adik ahok yusril kalah ahok pilkada dki kakak yusril ihza mahendra yusril yuslih ihza mahendra yuslih tumbang adik ahok basuri tjahaja purnama basuri laga rebut orang nomor kabupaten belitung timur propinsi bangka belitung bulan desember basuri tarung bawa bendera tahana yuslih usung kurang lima partai politik belitung timur yuslih dapat oleh suara basuri memproleh suara yuslih kakak kandung yusril usai lantik bupati belitung timur tengah pebruari basuki tjahaja purnama ahok orang indonesia asal suku tionghoa marga khek yuril ihza mahendra orang indonesia asal turun sultan melayu marga salam dua besar kota manggar kabupaten belitung timur tarung dinasty khek lawan dinasty salam ulang pilkada dki datang jawab tidak gantung kondisi yusril tarung ahok syarat manakalah tarung pilkada head to head yusril hadap ahok arti calon tarung rebut kursi b orang yusril lawan ahok ungkap yusril tarung ahok tarung jokowi lawan prabowo milu presiden tanya ikut yusril tang tarung rebut kursi nomor dki jawab tidak gantung kondisi yusril kalah ahok manakalah yusril manfaat lemah ahok lemah jadi kuat yusril yakin warga jakarta untulk baik pilih calon tahana ulas ikut profil individual individual yusril ahok kelas kaliber dua kenal nasional ahok orang indonesia asal suku tionghoa marga khek agama kristen mantan bupati belitung timur mantan anggota dpr ri gubernur dki yusril orang indonesia asal turun sultan melayu agama islam prof hukum tata negara mantan menteri hukum ham ketua partai bulan bintang acara kondang lemah ahok karakter ahok ledak ledak emosional tegas marah sifat ahok marah kurang nang warga jakarta yusril orang santun peluang menang yusril mulai lihat peluang yusril menang ahok peluang cipta makalah yusril manfaat lemah ahok jadi kuat bagi jelas ikut jadi gubernur dki ahok tanpa sadar cipta musuh sekitar ahok bina pns pemprov dki ahok gubernur prov dki otomatis hukum dasar undang undang otonomi daerah bina pegawai laku bina angkat henti pns lingkung pemprov dki jakarta sayang cara ahok bina pns dki bawah tindak otoriter ahok tidak segan segan parah malu pns jabat bawah hadap umum kuasa jarang buka aib si pns kena marah ancam pecat menonjobkan pns sangkut dapat malu bukan pns jabat sangkut isterinya anak mantu keluarga besar pns laku ahok ratus baik dinonjobkan anggap ahok kerja lemah akibat lelang jabat eselon ii camat lurah lingkung pns dki jakarta laku ahok wenang wenang kristal diam diam laku lawan cara selubung bentuk kelompok baris sakit hati bsh pns prov dki kelompok tidak coblos ahok pilkada dki jakarta maksud tulis peluang yusril manfaat lemah ahok yusril belum sentuh langsung pns dki jakarta jadi pilkada head to head yusril lawan ahok yakin kelompok salah peluang tempat yusril dulang suara ahok gubernur dki ahok gubernur dki guna anggar apbd dki tidak lepas awas laku lembaga awas uang bpk wakil jakarta akhir tahun ahok tuding cela institusi bpk laku periksa pemprov dki jakarta kait beli lahan rs sumber waras ahok tuding lembaga tidak profesional lhp bpk penuh rekayasa mengkrimanilisasikan lembaga tidak terima uji tudimgan ahok bpk paksa turun personil tidak kurang orang audit langsung lokasi rs sumber waras tuding ahok pandang pimpin bpk wakil dki tendensius kelompok auditor tugas rendah ahok auditor keluarganyadiyakini tidak pilih ahok pilkada yusril dulang suara dprd e budgeting apbd dki ahok cipta seteru tidak perlu jumlah anggota dprd dki kait ubah sistem anggar bas e budgeting akhir tidak paripurna apbd dki dprd dki paksa pemprov dki guna pagu anggar tahun kelompok diobok obok leceh ahok legislator memiilki masa dukung dimasing daerah pilih yakin tidak pilih ahok pilkada disni yusril dulang suara kait instutusi dprd dki ahok cipta seteru tidak penting wakil ketua dpr dki hi lulung kait korupsi proyek ada ups sekolah sekolah wilayah jakata pusat barat gaduh head to head ahok haji lulung terus lanjut tuding hujat rendah martabat sikap ahok kurang pas laku ahok orang nomor dki jakarta yakin kelompok hi lulung nota bene hi lulung pimpiuna partai ppp dki gudang masa tidak pilih ahok milu yusril mengaet partai ppp usung yusril dulang suara keluarga besar ppp dki jakarta ormas islam ahok yakin tidak coblos kelompok ormas afiliasi agama islam motor fron bela islam fpi dukung penuh tokoh masyarakat sperti hi lulung rhoma irama masuk dalam kelompok warga asli betawi kelompok aji pensantren yusril agama islam yakin dapat suport penuh kelompok korban tertib kelompok agam jumlah mata pilih besar pedangang kali lima keluarga tertib ahok pkl tanah abang monas dagang warteg sebar warga bongkar bantaran kali masuk akhir kelompok bongkar kali jodoh rmerasa hilang rumah kena gusur ahok korban gusur dapat rumah susun banyak sakit hati tidak puas ahok bagai alas akaibat hilang rumah hilang kerja lokasi rusun jauh tempat kerja yakin kelompok tidak pilih ahok disni yusril dulang suara asal bukan ahok pilih kelompok agam mulai pilih anggota partai wak ahok gerindra pks golkar rekan borong koruptor tidak bagi kerja tidak main pat gulipat pemprov kelompok yakin alih suara yusril pilih ahok pilih ahok khawatir utama pikir realistis kelas tengah atas rasa ahok laku ubah wajah jakarta pilih beda yusril pilih kelas tengah bawah primodial islam bana kerja sektor informal ahok kelas tengah atas generasi muda karyawan inteletual pintar cerda kritis tanya mudah yusril menang atas ahok pilkada dki ingat lho warga dki cerdas pintar kritis jawab ngak yusril menang tarung ahok makalah yusril menyakinkan warga jakarta program kerja bagus progam kerja ahok yusril meyakinanka warga program atas bagai soal dasar butuh warga jakarta tidak yusril gelar profesor harap toleh pilih warga jakarta atas macet jakarta ideal program kerja yusril tunjuk lemah ahok benah kota jakarta yusril tunjuk lho solusi misal atas macet ketulungan ruas ruas jakarta ideal buat jalan layang desain rupa menimal kurang kamacetan daerah misal contoh ekstrem kawasan lintas bunderan harmoni atas macet perlu bangun jalan layang bunderan harmoni arah tomang arah pasar baru kenderaan masuk halaman belakang menteri negeri hotel sriwijaya misal jalan bawah jembatan layang buat jalan layang bundean harmoni minimal kurang macet jam jam dar lintas bunderan harmoni catat jam sibuk akibat macet lintas bunderan harmoni macet tidak jrang mulai kantor wakil proinsi lampung tomang raya ideanya yusril tunjuk lho salah progam kerja yusril pilih jadi orang nomor jkatara banjir jakarta misal atas banjir jakarta samping laku ahok program yusril ideal laku kerja propinsi jawa barat buat bendung irigasi bogor air manfaat tani alir tanpa jakarta sampah masalah sampah misal samping lanjut program ahok ideal progranyusril laku kerja propinsi banten minta lokasi buang sampah beri konpensasi wilayah banten arah merak lahan penuh syarat jadi tempat buang ahkir sampah jakarta banyak armada sampah mohon maaf dar ilutrasi maksud tulis yusril tang pilkada dki tunjuk lemah benah kota jakarta laku ahok yusril tunjuk cari solusi atas lemah ahok program kosep yusril benah kota jakarta yakin warga jakarta tambah dukung primodial masuk agama parpol lekat yakin menang yusril atas ahok pilkada datang bendung urai tampil tantang ahok orang kaliber yusril hari hari dkenal ahli hukum mantan menteri agama islam sedkit pengaruh warga jatuh pilih calon sesuai kata hati nurani catat lupa menang ahok pilkada dki bukan menang ahok ansich menang jokowi gubernur dki ahok damping jokowi pilkada tahun tidak tutup kemungkian kakak yusril kalah adik ahok pilkada kabupaten belitung timur yusril kalah ahok pilkada dki manusia rencana hasil tidak allah maha tahu sumber,0,35,55,-20
yusril bingung pikir ahok balik ajar hukum hongkong jurus ngeles tidak kenal ahok jurus ngelesnya orang orang kecut guna jurus ngeles karier hari masalah pemprov dki ahok tidak bukti salah ahok hebat sempurna masalah pemprov dki pihak salah ahok agung podomoro tahu suap m sanusi ahok langsung bilang agung podomoro kurang ajar main belakang ahok periksa kpk gara gara sumber waras ahok langsung bilang bpk ngaco jakarta banjir pegawai pintu air bilang kurang ajar karyawan karyawan gali kabel tuduh sengaja sumbat selokan parah walikota jakut tuduh sekongkol yusril ahok sabda langsung disebarluaskan detiknews kompas com tempo co hati riang gembira penuh bunga bunga ahok benar ahok laksana mahluk suci tidak laku salah apa jadi ahok manja media anut ahok ngawur jadi pede tuduh kesana kemari masalah jakarta banjir tanggung jawab gubernur dunia hukum laku tanggung jawab atas salah jadi birokrasi pimpin kasus dana siluaman ups ahok minta maaf public tidak mampu kontrol bawah jadi ahok lagak tidak tahu salah jadi pemprov dki timpa anak buah pemimpinnnya benar tidak repot punya pimpin lihat waktu jokowi jadi gubernur banjir jokowi langsung turun lapang bendung jebol tunggu jokowi baik tidak satu anak buah diomelin beda jauh ahok jakarta banjir orang salah sabotase gorong gorong jakarta kata tugas tugas gali kabel sengaja sumbat got kata tugas pintu air kurang ajar lalai tugas kata walikota tidak turut perintah jakarta banjir ahok usaha busuk busuk anakbuahnya sebut ikut geng golf bukti punya geng golf foto foto bukti ahok main golf lucu foto foto sebar media social detiknews kompas com cepat kilat buru buru buat reportase tanding berita foto foto foto resmi buset sigap bener dua media mengcover keburu ahok bicara soal jurus ngeles ahok tahu ahok kecut berani ngomong depan media berani ngomong wartawan detiknews kompas com gilir tantang debat masalah ahok langsung belok masalah pura pura sibuk tidak layan tantang berani kritisi ahok soal reklamasi sumber waras ahok kali tantang fadli zon debat dasar ahok ambil bijaksana bijaksana dpr kali kali panggil ahok jawab ahok dpr ngaco tidak paham undang undang soal bijak ahok suka main gusur rakyat kecil ahok dalih relokasi asli gusur masyarakat kecil jelas punya sertifikat shm tetap kena gusur cara pakai intimidasi bawa ribu personil polri tni kasih waktu pindah minggu heran pimpin tirani nyata senang ahok bukti kecut tidak berani hadap fadli zon dpr yusril gusur kawasan luar batang ahok dapat lawan timpal kali yusril bela warga luar batang jelas milik sertifikat yusril kali kali tantang ahok hadap luar batang ahok ngeles berani ahok hadap yusril hadap yusril fadli zon hadap masyarakat jakarta ahok tidak berani ahok bawa orang bodyguard takut kepruk orang jalan hari pemprov dki kalah warga bidara cina ptun ptun kabul gugat warga bidara cina atas tetap lokasi inlet sodet kali ciliwung arah kanal banjir timur pemprov dki jakarta yusril ihza mahendra kuasa hukum warga bidara cina kata menang tunjuk pemprov dki bawah gubernur basuki tjahaja purnama ahok salah iya menang warga bidara cina salah contoh pemda dki jelas bikin salah segi hukum perintah adil patuh pihak kata yusril kantor hukum ihza ihza kota kasablanka tower a lantai jalan casablanca kuningan jakarta selatan kamis detiknews yusril enteng kata biar pemprov dki aju kasasi masalah yusril yakin tetap menang rasa tidak perlu turun langsung adil jadi gugat kasasi yusril tantang ahok anak anak maju usah maju ngajarin aja ahok datang adil turun hadap kata yusril hal kasus bidara cina yusril warga luar batang jelas jelas milik sertifikat hak milik atas tanah bangun ahok kata yusril minta warga luar batang gugat pemprov dki rasa benar ahok pikir balik loh punya sertifikat ahok sangkal gugat bukan gugat ahok tuh tahu ajar hukum ujar mantan menkumham waktu tantang yusril berani tidak ahok gusur warga luar batang jawab ahok yusril warga luar batang rasa benar tidak gugat pemrpov dki hari kamis ahok aku siap debat yusril soal absah milik lahan luar batang ahok siap layan meja hijau ahok debat media massa ahok laden acara erti hukum gugat kata ahok bukti kata yusril benar ahok tidak paham hukum pemprov dki tidak laku gusur langgar hukum warga gugat pemprov dki apa gugat pemprov dki gugat warga luar batang alas milik tanah sana tidak sah jadi yusril benar ahok tidak paham hukum ahok damping sunny tanuwijaya omong bisik sunny suruh pergi ahok ahok takut sangkut suap reklamasi jadi tidak anak buah setia bisik ahok cara komentar cerdas jawab bingung pak yusril ahok pikir balik tidak jelas ajar hukum darimana tahu ahok ajar hukum hongkong hukum sana jurus jurus salah jurus andal ahok jurus ngeles sekian sumber,0,38,31,7
yakin kalah ahok yusril tahu lemah ridwal kamil wali kota bandung tri rismaharini wali kota surabaya kabar tidak ikut pilgub dki nama bakal cagub dki anggap alam perintah popular yusril ihza mahendra orang tahu hebat yusril ahli hukum tata negara acara sukses menang perkara lawan jabat tinggi negara yusril mampu diri partai pbb sampa partai golong partai gurem karir politik yusril exist zaman orde baru zaman reformasi mampu duduk kursi menteri kali ibarat tinju kelas berat yusril turun kelas jadi tinju kelas berat ringan mantan menteri incar jabat kursi gubernur yusril rasa yakin kalah ahok pilgub dki hadap head to head lawan ahok ikut pilpres yusril kata percaya besar kena hasil survey tempat ahok posisi atas banding bakal cagub yusril kata wajar survei incumbent ada posisi atas yusril milik alas rasa percaya maju cagub dki alas tsb sbb partai politik dukung maju calon gubernur pilkada dki jakarta kata yusri hotel bidakara hari sabtu sbb statemen bukan sikap resmi pkb ppp pan golkar gerindra belum dengar partai demokrat pks yusril pilih kepala daerah pilkada dki datang jadi tarik tarung dua anggap bak ulang tarung jokowi prabowo pilpres kondisi yusril optimistis keluar menang jadi gubernur dki jakarta rasa dukung cukup kalah ahok rasa alam karir politik jadi modal tarik yusril kata tidak maju pilkada dki jakarta maju capres calon presiden pilpres pilih presiden tahun maju pilpres dahulu pilih gubernur dki tidak kata yusril waktu tempat sebut atas liput com ahok hadap pilgub dki siap laku ahok cagub tahana incumbent hadap pilgub hadap yusril beda yusril gubernur dki jakarta basuki tjahaja purnama ahok belum pusing strategi kampanye sambut pilgub dki ahok kerja baik selesai masa jabat kenang warga jakarta kerja keras pas masa jabat selesai orang jakarta kenang kerja penting kata ahok balai kota jakarta senin liput com perhati nyata ahok atas lihat semangat abdi duduk jabat gubernur dki tinggi semangat abdi tsb orang bincang soal pilgub dki pikir kerja keras sejahtera warga jakarta perlu ingat ahok hidup usaha banting setir terjun dua politik alas tolong orang miskin latar belakang sebab ahok tidak jadi orang gila jabat bagi jabat amanah ahok bukan muslim paham amanah jalan amanah tsb tahu lemah yusril salah putra baik bangsa seorag acara papan atas kali sukses menang perkara besar lawan jabat tinggi negara popularitas yusril tidak perlu ragu kata yusril jauh popular banding ahok orang kurang perhati popularitas yusril latar belakang sepak terjang ahli hukum tata negara acara kerja perintah menteri kait bidang hukum yusril politikus ulung politikus ulung tidak gagal besar partai nyata tahu orang pbb patai pimpin jauh masuk katagori partai gurem tahun yusril nyata siap maju capres nyata tidak dapat dukung dunia politik popularitas belum cukup politikus perlu popularitas nilai plus nilai plus tsb simpati rakyat sebab politikus dapat simpati orang jadi idola salah contoh sby cukup sukses besar partai demokrat sukses jadi presiden ri periode gaya bicara yusril tonjol acara banding politikus akibat kali gaya bicara kurang dapat simpati orang kes angkuh remeh jokowi remeh kata kelola negara warung gatra com blusukan senyum senyum selesai masalah detik com kata maju capres dahulu pilgub dki tidak yusril tidak sadar nyata tsb beri kesan kejar jabat gubernur dki batu loncat ikut pilpres warga dki pilih cagub niat niat tsb nyata terang terang yusril perlu ajar jokowi jabat gubernur dki wartawan ama ramai tanya niat ikut pilpres jokowi jawab gak mikir diam diam jokowi ken jadi presiden sih gak jadi presiden sempat tsb jadi menteri turun kelas jadi gubernur niat ini tampak yusril kejar jabat beda ahok tanya soal kesiap hadap pligub ahok nyata belum pusing strategi kampanye sambut pilgub dki ahok kerja baik selesai masa jabat kenang warga jakarta tanpa maksud puji ahok lebih jelas nyata ahok tsb cermin penting abdi dar kejar jabat sempat ahok nyata siap kalah pilgub dki lemah lemah tampak yusril sulit kalah ahok tahu hasil survey tunjuk ahok tempat posisi atas banding bakal cagub dki juru bicara partai demokrat ruhut sitompul nyata ahok sulit tanding viva co id yusril rasa yakin kalah ahok anda pilgub dki langsung head to head prabowo vs jokowi pilpres keok prabowo moga manfaat abdi dharma thursan hakim,1,28,28,0
surat buka gerindra wowo yusril momentnya lewat mohon culun suka gemes lihat berita komp s bikin heboh yusril ahok doang kesan naik elektabilitas yusril partai gabung gerindra pks cs usung yusril sandiaga uno syukur syukur pasang cagub ahok heru usung independent nasdem hanura cs vs yusril uno usung gerindra pks cs jeblos gerindra cs ahok menang mutlak putar akhir akhir kompas sengaja mem blow up yusril wowo jadi bimbang galau anggap yusril elektabilitasnya tinggi populer iya soal peluang untung hati hati tuh wowo dikibulin melulu cerdas realistis logika yusril suka masyarakat jakarta partai bulan bintang moncer dki nyata gak dengar gaung alias gulung tikar tokoh gak laku usung gelo nama yusril ambisi kuasa gede sowan petinggi partai emang milih cagub dki partai rakyat dki coba yusril suruh blusukan masyarakat akar rumput dki gak sambut orang ngomong sih maaf gak kenal jika kenal tanggap yusril yusril senang sowan tau pake nama usaha masalah mampu ilmu ketatanegaraan pimpin rakyat beda menghapal uu ketatanegaraan ngurus rakyat seni buat rakyat tidak sungkan sang pimpin lihat contoh pimpin cinta warga risma kang kamil wowo jokowi ganjar sby ahok eh ahok coret deh he he dekat rakyat warga tanpa sungkan pengin muka uneg unegnya yusril maaf tampang aje jutek gitu gimana rakyat ngomong aje sungkan sandiaga uno mungkin bahasa halus beri sempat beliau muda yusril maaf rasa moment nya lewat djarot rajin media elektabilitasnya naik pasang sandiaga uno boy sadikin biem benyamin gak tau cakap orang akhir nama demokrasi pilgub langsung bumi lihat huni warga dki mayoritas warga etnis tiga besar jawa betawi sunda suka tidak suka wakil abai gerindra masang yusril kena jebak betmen media usung dukung ahok komp s group cs hati hati wowo gerindra salah strategic bagus pasang djarot uno djarot boy sadikin soal pdip mengijinkan tidak mungkin djarot pasang cagub bukan wagug mungkin besar lepas pdip wagub mungkin pdip usung tiba tiba belot cari aman dukung ahok bisik bu tum kuat serpih kecil jatah kue kecil konglomerat dukung ahok rumit gerindra cs kader kurang akar rumput spekulasi usung sandiaga uno coba pasang tepat nyomot bupati batang yoyo rustriningsih wagub jatim gus ipul djarot tidak lepas pdip usung uno yusril baik usung uno ahmad dhani popularitas tinggi mungkin menang deh djarot baca profil didik bagus jadi dosen pulak jadi gak mudah dikibulin yusril ikut pilgub bangka belitung sumsel mungkin besar menang akar rumput sana dki maaf ahok kalah mudah wassallamah,1,25,5,20
jokowi mulai main sindir provokasi black campaign perang urat syaraf lewat media jelang pilpres intens isue angkat media dukung capres media jadi alat senjata ampuh kampanye jelang pilpres hari akhir pasang jokowi jk dapat sindir lewat video youtube nyata jk sindir jurus subjektifitas jk sengaja lemah tidak suka tidak suka sindir media hindar tinggal timses rawan pasang capres cawapres tanggap dewasa bijak tanggap etika politik santun tarik simpati publik jokowi beri sambut rakernas partai nasdem poin sindir halus tuju pasang prabowo subianto hatta rajasa pertama jokowi singgung baju pakai pasang prabowo hatta ikut pasang jokowi jk jokowi menclaim ide putih putih ide awal pasang dua jokowi bangga grand koalisi bangun poros tanpa politik transaksional jokowi mulai gerah negatif black campaign laku oknum oknum pasang prabowo hatta wise rakyat cerdas positif jokowi pancing tidak penting singgung tidak substansif baju transaksional kata tidak substansif masalah baju hak pakai baju tunjuk identitas jokowi rasa pakai trend kemeja putih ikut pasang prabowo hatta nilai plus jokowi jk tanpa sindir tanya fashion cocok jokowi jk usul pakai baju kotak kotak persis jokowi ahok hadap pilkada dki masalah transaksional koalisi belum masuk logika sehat nama koalisi kursi mustahil koalisi gemuk kursi komunikasi politik konteks koalisi bicara arah partai dukung partai pemrakarsa koalisi jadi koalisi tanpa syarat muka jokowi ulit terima akal sehat ngak tahu kompasianer dua pasang capres cawapres sudahsaatnya beri didik politik bobot rakyat bodoh jual visi misi karung ingat kuasa konsekuensi logis gera politik nama koalisi,0,15,6,9
jokowi langgar sumpah heboh soal jokowi langgar sumpah jabat belum usai jadi gubernur nyapres kali jauh jauh nijmegen belanda tasniem fauzia anak amien rais kirim status jelas konteks isi surat buka isi surat fokus sentuh hati nurani jokowi tulis buka sebar dunia maya sentuh bukan nurani jokowi logika tidak ngefek apa harap garap tasniem reduksi tingkat elektabilitas jokowi goda tingkat yakin pilih jokowi jago tidak jujur tidak amanah ragu mampu pimpin senyampang teguh benar pilih prabowo tasniem puji muji prabowo surat syukur syukur surat buka mampu pengaruh swing voters belum tentu pilih gerak gerik politik jadi remeh pintar main bunyi surat buka bentuk ragu sisi jokowi kagum sisi prabowo tidak aneh tasniem anak amien rais jago prabowo tahu amien rais koalisi prabowo hatta jadi aneh surat buka soal tutup wawas anak amien rais jadi anak mahfud md anak said agiel siradj anak anak pakar pintar agama jadi timses timnang prabowo hatta buat bapak agama politik indonesia beda anak biologis anak ideologis politik mistifikasi bosan ulas soal sumpah gubernur jokowi soal orang masalah kpu lembaga negara wenang pilpres tetap prabowo jokowi kandidat presiden ri jadi gugat gugat absah calon ragu mampu kandidat abai proses proses politik apa lewat mohon gugur eliminasi batal bentuk konyol tidak harga silent majority pegang hak suara pilpres hak bagi orang kelompok masyarakat nilai pantas tidak pantas mampu tidak mampu indikasi hendak sang capres mundur mundur upaya upaya capres insinuasi gusur gugur dasar dasar asumtif subyektif abai orang luar drinya punya hak asumsi laku subyektifikasi beda jokowi langgar sumpah tidak sah capres tuju jokowi mundur capres baca atur hukum undang undang kait jabat perintah uu politik uu milu uu pilpres jelas atur hukum langgar jokowi pencapresannya kpu nyata lulus tetap capres prabowo nyata punya capres pilpres mesti logika capres kerja yakin calon pilih pakai cara cara benar atur main milu tidak jelas tasniem kelompok individu kelompok penting niat gugur salah satu pegang hak suara jatuh pilih wakil tidak harga silent majority mesti datang baik baik elegant obyektif yakin nilai pantas jadi pimpin bangsa negara bukan justeru jatuh jago tebar desas desus kampanye hitam dasar kacrut demokrasi demokrasi tahap elementer lihat posisi pimpin mitologisasi duduk pimpin aneh muncul simbol simbol suci jamah absurd pimpin manusia sempurna kata manusia sempurna jabar amien rais anis matta said agiel siradj kata pilih pimpin tampan harta tidak klemar klemer kampanye politik tingkat jadi kampanye hitam kampanye putih dua buruk nilai kampanye hitam sandar fitnah data tidak penting verifikasi penting efek impresi pengaruh rusak ingat publik berfikir rasional sisi kampanye putih tempat jago suci bak malaikat datang langit tolong dunia khatib mimbar jumat masjid meutia jakarta sama prabowo rasulullah sempurna nilai tokoh simbol sesuai mimpi bawah sadar manusia jadi fisik tidak proporsional militer badan tegap tegas wibawa sby penuh syarat impi kecewa idola bukti oleh demokrat pileg ambruk fakta korupsi libat elite demokrat pengaruh manifestasi hasil pimpin sby pegang tunggal saham demokrat situ orang orang mesti jadi panutan jadi ragu rendah tunjuk hamba penting jadi kaum vested interest hilang obyektifitas wajar bagi tim menang prabowo hatta pikir jadi tidak kredibel penting bawa prabowo ranah mistifikasi mampu membreak down soal kualifikasi pimpin sosokna nyeletuk dibreak down penuh fisik verbal sisi visi misi lihat inkonsistensi pragmatisme politik tampak butuh dukung penjuru angin musuh ribu kawan jadi koalisi obar abir cermin pandang politik reaktif sumpah jabat soal sumpah jabat jokowi jabat publik henti masa jabat rampung indonesia dunia sistem rekrutmen numerical jabat bidang kerja apa jadi syarat lihat kualitas lantik suruh janji sumpah bawah quran injil vedha usaha usaha swasta menandatangani kontrak tulis siklus pimpin punya potensi baik dapat privilege atas bagai alas situasional strategis konteks capres mencapres pura pura tidak tahu gita wiryawan mundur menteri ikut konvensi presiden partai demokrat dubes dino patti djalal isu mundur tahu hatta radjasa mundur menko ekonomi maju jadi cawapres prabowo masalah baik lihat jauh pks partai adil sejahtera buat konvensi internal capres ri pilih raya lahir anis matta ahmad heryawan hidayat nur wahid kandidat capres pks oleh suara pks rendah pileg koalisi prabowo situ tiga capres sodor jadi cawapres prabowo aher nyata siap mundur konsekuensi jabat gubernur jabar pilih cawapres prabowo kuat statemen jauh pileg april pilih raya pks beri amanat partai jadi capres kata mundur jabat gubernur dapat amanah baru partai beda istilah tugas partai jokowi tambah kasus kasus tokoh amien rais maju capres cawapres siswono yudhohusodo posisi amien rais ketua mpr ri mundur jabat publik persis hidayat nurwahid nyagub pilkada dki jakarta non aktif jabat publik anggota mpr ingat tidak tahu pura pura sok tahu nyata jokowi tidak mundur jabat gubernur dki arti jokowi tetap gubernur dki jakarta fakta gelap minta cuti dapat ijin tulis presiden ri sesuai tentu laku tahu kpu kesah jokowi capres salah sila udak udak atur hukum dasar alas serang bukan soal tidak amanah belum selesai masa jabat fakta abai lihat masyarakat solo pilih walikota solo tidak protes jokowi ngacir jakarta maju jadi gubernur dki mentah tuding tidak amanah konteks mudah strategi politik komitmen bangun jakarta mudah jokowi presiden jakarta ibukota negara daerah khusus laku khusus perintah pusat jakarta perintah sukarno soeharto gubernur dki jakarta tingkat menteri arti bawah langsung presiden beda daerah empat walikota bantu gubernur dki jakarta pilih langsung gubernur bukan pilih langsung rakyat tidak protes masalah bukan penting soal bijak infrastruktur dki jakarta ada perintah pusat sosio ekonomi geografis jakarta tidak lepas daerah steril daerah daerah sangga bodetabek bogor depok tangerang bekas ada propinsi jawa barat banten masalah banjir macet lintas butuh tangan bijak integrasi lepas faktor faktor daerah nyata jokowi alami jalan buntut upaya tangan banjir butuh koordinasi daerah sangga masalah bebas lahan daerah resap masalah hulu hilir sungai lintas jakarta tangan waduk bendung wilayah implikasi jakarta gubernur jakarta tidak punya wenang kepala daerah jabodetabek justeru jebak ego sektoral kerjasama antardaerah tidak operasional keppres presiden mampu atas satu kerjasama antardaerah diam diam saing jokowi punai jawab dirina jadi presiden masalah banjir macet jauh cepat selesai bunyi sumpah jokowi waktu lantik gubernur dki jakarta allah sumpah penuh wajib gubernur dki jakarta baik baik adil adil pegang teguh uud negara ri jalan uu atur lurus lurus bakti masyarakat nusa bangsa tidak spesifik sebut periodesasi debat kusir inti bukan janji jokowi tahun pimpin jakarta video kampanye pakai iklan gelap jatuh konteks jawab khawatir warga jakarta tinggal jokowi jokowi tinggal warga jakarta tidak sah definitif gubernur dki jakarta ahok wakil gubernur plt laksana tugas jamin atur undang undang salah aspek etika moralitas tuju tidak demokrasi walikota jadi gubernur wajar terima akal sehat gubernur jadi presiden wajar tidak contoh bagi besar presiden as gubernur nyapres gubernur ingat soal proporsionalitas gubernur sumsel jabat ikut kontestasi cagub dki jakarta cuti bayang nilai substansi situ wakil walikota mundur maju jadi calon gubernur surabaya kalah wakil bupati maju jadi calon wakil bupati daerah jabat betapa kacau misal gubernur maju jadi walikota presiden sby anas urbaningrum usul maju jadi cawapres pilpres mungkin undang undang atur fakta politik tidak ada situasi sisi logika jabat mesti selesai tugas sesuai waktu periode jabat proses milu ganti pimpin laksana periode perintah sah jalan tidak jadi sirkulasi pimpin sambung maju calon tidak jabat jabat perintah maju anggur arti tutup peluang potensi pimpin jamin konstitusi laku anak bangsa logika tantang diskusi jernih matang hindar sempit sempat adil anak bangsa mencapreskan asal penuh syarat atur uu pilpres tidak larang jabat publik perintah ikut hak azasinya warga negara jamin konstitusi atur khusus mundur cuti jabat atur demokrasi negara harga hak azasi prabowo indikasi jadi langgar jokowi soal tidak lha soal aspek moralitas amanah lihat beda sisi strategi politik strategi bangun penuh syarat punya benar bukti jokowi gubernur maju capres oleh suara pdip dukung sebab pencapresan jokowi justeru naik dki jakarta sejarah milu pdip baru menang jakarta tahun keok masa orba pdi menang jakarta bukan arti putus pdip comot jokowi jadi capres tidak dukung mayoritas warga dki jakarta jadi aneh sewot bukan warga dki jakarta menang pdip milu dki jakarta bukti dukung jokowi maju capres putus megawati laku pileg fakta politik abai politik tuju tidak tuju lumrah jumlah besar menang pihak kalah singkir angka kecil ikut putus dalil demokrasi sederhana aneh indonesia kalah cenderung justeru mentang mentang anggap bagi demokrasi surat buka tasniem lepas warga dki jakarta bukan dapat dapat sanggah mahasiswa kuliah luar negeri ahmad room fitrianto anak tani staf ajar fakultas syariah iain sunan ampel surabaya tengah studi doctor perth australia lihat tulis kompasiana juni apresiasi dukung jokowi bukti tidak absolutisme benar salah proses demokrasi tarung tarung gagas terima kritisi luar masalah masalah track record nyata beda prabowo jokowi tolak jokowi maju jadi capres tetap ingin jadi gubernur alas belum selesai masa tugas lupa dukung gubernur jadi capres jumlah tidak dengar masyarakat betawi tolak jokowi jadi gubernur dki masyarakat betawi pilih jokowi nyata jokowi jadi gubernur dki jakarta jokowi menang proses pilkada salah masyarakat tolak jokowi jadi presiden tetap jokowi jadi gubernur jadi baris tolak jokowi jadi gubernur lihat politik utama politik penting indonesia tanggal rasionalitas proporsionalitas asal benar dapat amanah baru tasniem kata soal hati nurani tulus nilai nilai agama agung mari ikut ikut lihat masalah perspektif anak ahli agama politik rujuk hadis sahih bukhari nomor hadis riwayat abdurrahman bin samurah ra kata nabi saw sabda hai abdurrahman bin samurah minta jabat beri jabat atas minta pikul beban berat beri jabat tanpa kau minta beri tolong ucap sumpah laksana tahu baik bayar kaffarah tebus batal sumpah laksana baik baca hadis kanjeng nabi muhammad shallahllahu allaihi wassallam jelas ucap sumpah laksana tahu baik bayar kaffarah tebus batal sumpah it s very simple sayang kaffarah ajak ahli agama diskusi jokowi gubenur aju pdip dukung gerindra kader partai pdip jokowi walikota solo jokowi tunduk atur partai jadi calon gubernur dki jakarta tunjuk partai jadi capres tunjuk partai jadi boneka partai boneka megawati nyata tidak track recordnya tunjuk jabat publik patuh disiplin konsisten konstitusi tunduk bertaniah rakyat abdi lihat jalan karier walikota gubernur bagi jabat publik layan penting masyarakat bukan partai bukan ketua partai cukong bijak publik asa milik prestasi reputasi waktu dengar jawab ora mikir kali kali jokowi tidak berfikir kena pencapresannya gubernur tidak cita cita presiden lihat orang diri partai politik gapai kuasa orang mati mati jadi ketua umum partai raih cita cita tinggi uang fitnah konfirmasi prabowo diri gerindra duit habis mata telanjang tahu biaya pasang iklan televisi media cetak ikut konvensi presiden partai golkar tidak kecil hashim djojohadikusumo adik prabowo buka aku soal biaya politik keluar aburizal bakrie juang jadi ketua umum partai mencapreskan jauh mencapreskan prabowo arb orang mencapreskan jauh tahun pileg april megawati soekarnoputri putus kongres partai punya mandat mutlak tentu capres justeru tunjuk jokowi anak kemaren sore anak kost pdip belum kenal pentas politik nasional banding prabowo arb megawati darah darah pdi anak biologis ideologis sukarno punya alas sah jadi capres megawati mengintrodusir acara televisi pandu najwa shihab mata hati indonesia raya menang rakyat mutlak milu rakyat indonesia menang milu sejati minim oleh suara partai partai politik serta milu tunjuk betapa kecil tingkat percaya rakyat partai survey survey politik jokowi justeru bukan orang petinggi partai muncul pimpin alternatif megawati ketua umum partai menang milu bendung menang rakyat wadah arus bawah soal jokowi pdip celaka jumlah oleh pdip pileg mampu kalah suara golput capai jokowi jadi simbol menang rakyat kalah partai politik partai politik ruang ajar rekruitmen pimpin sipil belum tunjuk hasil yakin elite politik justeru jadi parpol kendara penting bagai survey parlemen lembaga negara korup elite politik ada lingkar kuasa ada lingkar korupsi senyampang parpol mampu lahir tokoh tokoh internal partai jadi pimpin kalang sipil justeru nama nama muka datang luar partai ridwan kamil walikota bandung risma trimaharini walikota surabaya bupati bantaeng jokowi mulai walikota solo orang orang luar partai rekrut jadi jago partai kontestasi pilkada jokowi fenomena mampu gerak semangat rakyat ikut pesta demokrasi tanpa pandang partai politik pilih pileg jokowi mampu tembus batas ruang partai jadi tokoh lintas partai tunjuk bagai survey pileg pilih parpol luar pdip pilih jokowi presiden tunjuk jokowi mampu hilang simbol simbol partai temu akbar laku monas jakarta juni waktu gelora bung karno senayan kubu prabowo hatta selenggara temu akbar ghirahnya tampak beda tajam segi jumlah riah temu monas mampu kalah kampanye akbar selenggara kubu prabowo hatta temu gbk simbol simbol partai semarak penuh seragam seragam kelompok dukung temu monas masyarakat warga datang tanpa koordinasi mobilisasi tanpa bendera atribut partai jokowi jadi simbol representasi presiden rakyat lahir rakyat kata rakyat jadi penting jadi simbol lawan atas elite beri amanah rakyat orde baru orde reformasi tidak beri ruang partisipasi rakyat tumbuh bangga ekonom perintah benar asa tiada perata jokowi jadi alternatif pimpin baru indonesia wajar yakin rakyat kerja layan rakyat beda banding elite kuasa solo jakarta model prestasi pimpin lesat bak meteor alternatif baru luar mainstream mindset pimpin elitis elite politik perangah tidak sadar cari rakyat ejek cara cara jokowi cari popularirtas citra nyata pilpres model model jokowi ikut fadli zon ejek jokowi wahid ikut blusukan pasar pasar prabowo hatta kampanye politik aurora jokowi jadi meteor punya prestasi prestasi jadi sorot masyarakat dunia representasi lewat media international rekayasa jokowi beli media perlu yakin isu bangun teori konspirasi jokowi agen agen isme isme dunia tentang diametral aneh jadi jokowi agen benar benar fitnah stupid sisi justeru posisi jokowi superhero satu dunia cerai berai bayang tuding agen amerika agen china agen komunis agen freemason tuding agen yahudi agen syiah agen konglomerat agen sukarnois paranoid berfikir jelek referensi jelek sikap dunia tidak percaya tidak baik bukan bukan benci prestasi jokowi lihat citra tidak murni dukung prabowo tidak tunjuk jelas prestasi prabowo fakta karir militer kandas henti hormat henti hormat tindak sebab laku situasi transisi orde baru waktu jelas kawan lawan sebab henti hormat rasa tidak tuntas amien rais waktu pahlawan reformasi teriak tuntas masalah prabowo dimahmilkan prabowo belum jalan sidang militer rekomendasi komnas ham lihat surat dkp soal kasus prabowo komnas ham kirim hasil telaah atas kasus jagung belum tindak lanjut prabowo kasus rugi gantung nasib tutup politik indonesia tahun politik kelas rendah orang tidak paham penting hina musuh amien rais hina dina jokowi elektabilitasnya capres naik terus ngomong hatta radjasa pantes cawapres jokowi penting gagal jokowi hina dina terus anak tasniem sedih sedih amien rais kata temu nyata media prabowo dimahmilkan headline republika mei jalan kaki yogya jakarta pp dokumen soal nyata temu diposting media beliau jujur amanah jalan janji jalan kaki yogya jakarta pp erti paham kena politik politik sikap sikap politik buat mulia remeh semata orang pintar tawadu nama sebut bukti rasa penting sebut nama nama tiba tiba jokowi nyapres tampak jadi sasar tembak beda sensi,1,104,76,28
jokowi murtad gubernur dki jakarta joko widodo jokowi terus naik tingkat popularitas jadi jokowi prediksi jadi menang maju bursa pilpres datang belum pasti nyata pdi juang calon jokowi bursa pilpres angin segar pdip terus hembus ketua umum pdip megawati soekarno putri kabar mulai restu jokowi maju bukti jokowi damping megawati soekarno putri acara besar pdi juang belum final tentu pdip usung jokowi buat jumlah partai besar coba goda jokowi murtad pindah partai pdip pasang salah calon partai besar sebut golkar pasang abu rizal bakrie terus goda jokowi jadi damping gerindra prabowo nyata tari jokowi pasang wakil partai demokrat pinang jokowi murtad ikut konvensi demokrat jokowi tidak tarik pindah lain hati kosisten pegang tidak jadi orang murtad rebut kuasa jokowi murtad kamus hati jokowi murtad pilih pdi juang istiqamah pdi juang tidak gandeng jokowi pilpres tulis yakin jokowi murtad tidak maju panggung pilpres datang jokowi bukan murtad salam,1,2,1,1
sosok jokowi jadi magnet pilpres kali tidak milu tahun tahun tahun pilpres asa luar milu masyarakat asa apatis pileg pilih golput pilpres kali asa benar antusias masyarakat pilih saksi betapa pilih pilih luar negeri antusias datang tps pilih presiden hendak negara surat suara tidak cukup kampanye hitam kampanye negatif terus terus seliwer dunia maya tambah magnet pilpres kali sahut bantah dua dukung calon presiden buat sosmed riuh rendah bagai trik lancar jatuh pihak lawan bagai cara laku ban serang sadar magnet pilpres kali bebas suara sosmed dunia maya sosok jokowi jokowi tidak calon koalisi pdip duga pilpres kali lalu adem ayem pilpres pilpres sosok jokowi fenomenal tahu laku jokowi negeri harap indonesia baik letak pundak calon calon dukung dukung jokowi antusias pilih jokowi jadi presiden ubah indonesia jadi baik tidak tentang jokowi bondong bondong tps pilih bukan pilih jokowi bondong bondong tps tidak ingin jokowi jadi presiden jadi pilpres kali ramai hingar bingar jokowi pihak ama ramai datang tps pilih jokowi pihak ramai ramai datang tps jokowi tidak jadi presiden simpul antusiasme pilih kali sosok jokowi bukan bukan jokowi jokowi,1,15,6,9
jokowi dahlan iskan sosok gubernur dki jakarta joko widodo akrab panggil jokowi terus dapat perhati publik jadi salah kandidat pilpres datang nama jokowi tempat urut atas bagai survei apa pdi juang putus jokowi calon pilpres datang yakin pdip tahun jadi oposisi kuasa perintah indonesia pdip usung jokowi oposisi pdip lanjut tahun depan sosok jokowi kenal istilah blusukan masyarakat sosok nanti nanti masyarakat pimpin indonesia depan jadi wajar jokowi jadi tempat utama survei layak jadi presiden datang sosok gaya jokowi menteri bumn dahlan iskan gaya khas blusukan masyarakat suka berpakain baju putih jadi salah kandidat layak pimpin indonesia dahlan iskan maju konvensi capres partai demokrat andai partai demokrat tentu dahlan iskan jadi capres demokrat prediksi dahlan iskan lejit jadi salah calon kuat pilpres datang andai pdip jago jokowi demokrat jago dahlan iskan saing pilpres ketat jokowi dahlan iskan masyarakat milik jiwa blusukan suka pakai baju putih tulis prediksi sosok salah satu jadi pilpres datang jokowi dahlan iskan,1,9,4,5
tilik nyata kubu jokowi curang kalah jokowi jk tilik nyata kubu jokowi curang kalah jokowi jk tidak lepas cara pandang capres jokowi pilpres lihat cara pandang capres jokowi pilpres cukup point yaa cermat tiga point atas jelas erti konteks nyata kubu jokowi erti guna kata curang maksud kalah maksud cermat nyata curang kalah jokowi jk makna satu kondisi jokowi jk rasa kalah angkat presiden wakil presiden laku inkonstitusional akibat ingkar hendak rakyat rasa benar benar jadi kalah tidak jokowi jk rakyat indonesia kata tidak tuju arah tepat laku cara benar agama islam ajar paham ayat tidak lihat huruf kata kalimat nahwu sharaf kaji turun ayat asbabun nuzul hal nyata tidak erti tekstual paham kontekstual salam,1,5,11,-6
cari gambar jokowi jokowi benci cinta berita jokowi tetap ngetrend masuk berita negatif hasil milu legislatif kemarin kait jokowi jokowi efek nyata tidak harap tanya ibu tidak milih pdip jokowi jawab ibu pas pilih presiden tidak suka partai suka jokowi o nyata ibu jokowi yes pdip no jadi sikap ibu pilih partai tetap pilih partai suka pilih presiden pilih jokowi jadi efek jokowi lihat pilpres walahualam jadi indikasi berita ibu bingung tps tidak temu gambar jokowi kertas suara angka golput tinggi sosialisasi jor joran orang senang libur kemarin bukan tps wisata sahabat sampai pilpres baru partisipasi jadi indikasi tingkat golput turun pilpres tidak pilih banteng kemarin pilih gubernur pilih jokowi pilpres kali tanda tanya dekat partai beri rasa trauma pragmatisme partai pilih wakil damping jokowi pengaruh pilih,1,6,3,3
tolak campur tangan asing pilpres dekat momentum coblos indikasi campur tangan asing muka padu kuat uang lobby lobby timses jokowi jk hari lihat simbah google rilis iklan kampanye hitam jelek capres prabowo hatta edar iklan iklan jijik medsos masuk kompasiana wartawan alain nairm rilis hasil wawancara sungguh off the record untung serang prabowo serang kampanye hitam hasil olah timses jokowi tolak campur tangan asing urus negeri indonesia bangsa indonesia bangsa martabat,0,3,5,-2
gugat pilpres mk panggung milik kira tarik dinamika politik hukum pascapilpres panggung adil mahkamah konstitusi jawab tanya untung gugat pilpres prabowo hatta bakal tuai hasil jokowi jk kimisi pilih umum kpu bukan kontestan sengaja masuk kpu tanggungjawab kpu selenggara taruh sidang sidang gugat pilpres mk lihat jauh kerja kpu lembaga kelola pilpres praktis tiga pihak adu palu adil mk prabow hatta jokowi jk kpu cermat opini kembang tengah tengah masyarakat timbul kesan olah gugat pilpres mk jadi panggung prabowo hatta aktif pihak prabowo hatta kontras banding jokowi jk kpu ada posisi pihak gugat pihak aju gugat prabowo hatta nampak jadi aktor utama perspektif humas galang opini sikap proaktif pihak prabowo hatta kesan ngotot jumlah media pelintir bungkus jurnalisme gamblang timbul makna prabowo hatta penting sengketa hasil pilpres akibat berita media media dukung jokowi jk kesan prabowo hatta nafsu selisih hasil pilpres kecil ruang jokowi jk kuat legitimasi menang kesan jokowi jk tidak enjoy proses gugat mk pesta menang jadi ganggu lihat sisi positif pihak jokowi jk cerdas guna panggung mk mesti jokowi jk kesan serius bukti jokowi jk menang absah tunjuk bukti menang meja mk bukan olah timbul curiga tutup tutup posisi jokowi jk pihak pojok terdzalimi gugat strategi komunikasi kira ubah tim jokowi jk sisa waktu sidang gugat hasil pilpres tinggal hari politik tingkat tinggi panggung gelar orang main guna irama belum laku jokowi jk kpu sidang sengketa pilpres mk kpu kesan dironrong gugat tim prabowo hatta kpu derita cacat reputasi mesti kpu bukan kolaborasi jokowi jk pihak kait gugat lawan prabowo hatta kolaborasi pabowo hatta cari adil dasar fakt fakta sidang jadi common goal tiga pihak lawan ketidakadilan jadi lapang proses pilpres langsung elemen civil society ingin taruh mk jadi panggung pihak kait pilpres tuju cari adil bukan pojok bangun demokrasi sehat,0,11,4,7
jokowi kalah gubernur dki jakarta joko widodo alias jokowi hari hari gencar serang lawan lawan politik utama semenjak resmi deklarasi calon presiden pdi juang media media partisan ikut populer jokowi balik hantam jokowi kait penting politik milik media media notabene petinggi partai nilai betapa media media tindak tidak dewasa belakang etika jurnalistik jokowi jadi musuh common enemy media media parpol parpol tentang masyarakat giring rupa ikut selera penting serang bagi strategi politik wajar dunia politik utama era demokrasi liberal serang media partisan serampang babi buta lihat publik laku wenang wenang tidak adil jokowi politik dewasa lawan jokowi perlu guna strategi tepat lancar serang serang jokowi salah strategi arah serang balik alih alih jatuh jokowi jokowi kian lejit nama baik tim sukses jokowi manfaat serang tampil citra jokowi orang tengah fitnah aniaya keroyok zalim ingat skenario guna sby naik citra kalah presiden tahana pilpres sungguh publik nilai ketidakdewasaan politik nampak isu isu hembus hantam si kerempeng jokowi mulai soal janji batutulis mega prawobo soal khawatir jakarta pimpin gubernur non muslim tinggal jokowi hal solo isu isu jenis sungguh tidak relevan substantif cara cara tidak dewasa tetap guna hajar jokowi yakin jokowi kian lenggang dapat simpati publik luar lawan lawan jokowi mesti pikir cara cara cerdas hadap jokowi jokowi tetap populer hajar dasar data rilis jumlah lembaga survei jokowi tetap kuat kuat jokowi tiga faktor pertama tampil sahaja keringat nampak rakyat representasi kalang kaum kecil dua kompetitor jokowi pilpres tidak benar benar kuat utama kandidat presiden milik rekam jejak buruk tiga jokowi jadi anti tesis presiden sby jaim lambat jokowi lihat responsif hadap masalah jokowi sulit tanding kandidat presiden mana dapat peristiwa yag luar tiba tiba runtuh citra jokowi rentang waktu tuju pilpres mungkin jadi tim sukses jokowi tidak lengah tidak rasa ada atas angin balik ada sikap jumawa hindar tidak jadi celah lemah manfaat lawan lawan politik jokowi kompetitor jokowi ingat politik sehat dewasa hari publik cerdas dewasa nilai kompetitor jokowi tetap kalah jokowi pilpres strategi guna benar benar tepat luar runtuh bangun citra jokowi,1,25,17,8
usik kewarganegaraan prabowo upaya gagal pilpres orang orang usik kewarganegaraan capres prabowo subianto mantan danjen kopasus pangksotrad orang orang kelompok orang gagal pilpres rawan jokowi jasmev pro jokowi projo almisbath rawan kirim surat mohon dapat informasi klarifikasi status kewarganegaraan prabowo dubes yordania politik tidak santun bunuh karakter character assassination laku rawan jokowi rangka upaya gradasi turun nama baik populer menggangu elektabilitas jokowi jokowi kalah pilpres datang tuju kalah jokowi sikap politik tingkah polah rawan jokowi per sikap sifat karakter politik gunting lipat tubuh tim sukses jokowi,0,2,6,-4
tidak curang pilpres untung prabowo mungut suara pilpres juli langsung duga jadi curang money politic beli suara pilih tindak langgar hukum milu tugas mungut suara selenggara milu duga curang pilpres laku kubu kubu prabowo hatta kubu jokowi jk lantas curang libat selenggara milu untung prabowo hatta untung jokowi jk dasar posisi kubu besar duga laku curang kubu prabowo hatta selenggara milu perintah daerah libat curang mungkin besar untung prabowo hatta alas uang kubu prabowo hatta uang kubu jokowi jk partai politik dukung prabowo hatta partai politik dukung jokowi jk pegang kuasa perintah partai demokrat pks ppp pan pbb golkar pkb dukung perintah sby pkb partai gerindara dukung prabowo hatta lihat gubernur bupati walikota kuasa indonesia banyak dukung partai partai dukung prabowo hatta menang pilpres jokowi jk tim prabowo teriak jadi curang masif sistematis tidak manampik curang pilpres ad curang jadi laku dukung jokowi jk curang laku selenggara milu libat aparat perintah daerah untung jokowi jk rugi prabowo hatta yakin yakin curang milu laku dukung prabowo hatta libat selenggara milu aparat perintah daerah curang pilpres untung prabowo hatta yakin anda kpu menang prabowo hatta kubu jokowi jk ungkap kasus curang pilpres untung prabowo hatta menang pilpres tidak elok teriak curang laku pihak prabowo hatta percaya kubu prabowo hatta bersih tidak ikut laku curang pilpres berani prabowo jamin tidak curang pilpres untung pihak prabowo hatta ikut melakukann curang milu layak teriak teriak curang lucu jadi kasus gugat prabowo hatta mk dengar tim acara jokowi jk siap bukti bukti curang pilpres untung prabowo hatta statement kubu jokowi jk anda pilpres tanggal juli hitung suara benar benar bersih jujur menang jokowi jk aneh,1,21,20,1
jokowi effect vs status quo benar benar jokowi effect buat parpol besar kuatir tambah calon alternatif potensi terus fenomena jokowi pilpres golkar pdip pd nilai revisi uu pilpres belum perlu partai partai besar halang rembet fenomena jokowi pilpres jokowi dukung gerindra pdip kalah fauzi bowo foke pilgub dki dukung parpol koalisi plus jumlah partai kecil parpol besar terus hilang muka rasa khawatir rasa nyaman tahan status quo turun ambang batas syarat jadi capres anggap beri peluang muncul calon alternatif hindar partai besar muncul revisi uu pilpres jadi pintu masuk ubah menang jokowi pilgub dki jadi pukul telak buka mata kuat figur kalah oligarki parpol parpol besar tolak revisi uu pilpres kuatir revisi uu pilpres buka kotak pandora beri sempat masuk klausul klausul turun angka presidential threshold pt muncul tokoh alternatif partai partai besar tidak perlu lebih kuatirnya baik uu pilpres tuju baik fenomena jokowi tidak tepat takut rakyat rindu pimpin rakyat tidak korupsi rindu tipe pimpin hantar menang jokowi pilgub dki harap masyarakat revisi uu pilpres laku buka peluang muncul capres alternatif pilih rakyat jegal takut partai besar sindrom jokowi kena revisi uu pilpres uu lama relevan masuk tentu presidential treshold persen tidak usah revisi lihat jadi dpr nekat revisi buka kotak pandora tuntut tubi tubi ubah tentu aju capres revisi uu pilres bayang bayang menang jokowi pilgub dki revisi uu pilpres lat tuntut masyarakat kembang kuat dorong muncul capres alternatif bursa kandidat capres isi orang orang lama tuntut masyarakat politik jadi kembang masuk dalam tuntut buka peluang muncul capres capres jumlah agam mungkin turun angka presidential treshold,1,11,7,4
strategi jitu jokowi acara deklarasi damai pilpres tonton anggap pidato capres klimaks tunggu tunggu acara deklarasi damai pilpres malam dukung salah capres harap capres lawan laku blunder pidato capres dukung pidato lancar bahas acara deklarasi damai pilpres malam mulai konsep acara protokoler acara lihat kurang siap tegang capres pidato pidato capres komentar tulis kali pidato jokowi hari tulis dapat jokowi sia nyiakan sempat pidato ambil nomor urut baca tulis dapat komentar sinis kompasiana pro prabowo kes jelek jelek jokowi sekadar tulis ringan rasa nuansa netral tidak unsur kampanye hehe kali tulis pidato jokowi beri acung jempol jokowi guna sempat kali baik bukan esensi pidato sampai pidato bahas manfaat sempat guna menep isu sara terpa cara ucap doa buka cukup fasih sinis kata ah doa ajar cepat tidak jelas tetap lihat strategi jitu jokowi lihat upaya sepele kena aspek pidato jokowi prabowo sila komentar,1,9,9,0
jokowi buat partai indonesia raya expektasi minta jadi jokowi calon presiden jelang pilpres nampaknya cenderung wajar jokowi temu jalan rakyat dukung jadi calon presiden indonesia butuh kendara nama partai jadi ganjal partai pdip tempat jokowi gembleng aju jadi gubernur dki jakarta masa pilpres belum keluar surat ijin jokowi jokowi ogah maju jadi capres turut baru beri amanah urus jakarta cara tokoh kaliber jokowi hasil cita cita jadi presiden rakyat bentuk partai indonesia raya rakyat dukung bulat calon jokowi jadi presiden silah kompasioner dukung lintas partai jadi gagas hari jadi urus partai indonesia raya bawah nakhoda jokowi ayo swing voters floating mass dukung partai apa tidak mengatasnamakan partai dukung diri partai indonesia raya verifikasi partai kata swusah bukan main atas kompasioner aku dukung partai pintas bukan,1,6,0,6
jokowi jadi ri ri pilpress walikota solo jokowi hasil menang pilkada dki pilih pilkada jakarta reputasi pimpin bersih jadi walikota solo iklan walikota baik dunia jendral purnawirawan tv indikasi jokowidodo potensi citra maksud pilpres datang jokowi jadi wapres popularitas jokowi harap angkat citra menang pilpres datang dukung mega jokowi pilkada dki lihat parapejabat lihat potensi kharisma jokowi kira pengaruh pilpress datang lihat sosok pimpin baru kharisma yangmenjanjikan perintah baik minat jabat presiden lewat sempat potensi jadi pilih pilpress datang peluang besar kharisma jokowi capai pupularitas tinggi poling bagai media elektronik jokowi dapat suara banyak pilih pilkada tunjuk lapis masyarakan kenal cepat lemah jokowi asa kapasitas kecil jadi presiden popularias besar potensi pilpres giur manfaat jokowi pilpress datang jokowi puas jadi ri alam giur minat jabat presiden bahaya tenar kharisma jokowi pimpin bersih jokowi jadi ri pimpin masa minat puas jadi wapres mega jadi jokowi gusdur baginnya pilpres datang wallahualam puas jadi ri pak jokowi,1,9,3,6
hit and run ala prabowo menang pilpres jenderal lapang prabowo ahli strategi prabowo anggap pilpres perang amin rais ibarat perang badar prabowo pasti jauh siap banding jokowi prabowo siap lama mimpi momen pilpres jadi salah kandidat beda jokowi hari hari akhir jelang dicapreskan pdip belum tahu nyapres tidak tahu jokowi peluang jadi rival prabowo tidak duga jokowi benar benar tarung lawan arena pilpres teman abadi politik tampak laku umum kamus politik masuk orang lugu jokowi prabowo turut usung jokowi jadi orang nomor dki awal duga jokowi sungkan lawan duga si jendral keliru jokowi politis si jendral baca gelagat tumpang gelap kereta jokowi mega numpang popularitas alas jokowi rasa sungkan bayang betapa sakit hati prabowo jokowi survey tunjuk prabowolah presiden jokowi tidak ikut nyapres jokowi nyapres prabowo apa bukan jendral hebat tidak punya strategi taktik perang gerilya cara pukul lawan kuat besar bukan tempur frontal cari sisi lengah musuh laku serang dadak kabur hit and run pukul lari laku kubu prabowo lemah mental dukung jokowi prabowo tahu tahan lemah tahan anggap aman area aman jaga lemah prabowo serang daerah aman jokowi kubu dukung jokowi terus bibombardir serang serang kampanye hitam makasatu isu tembak mulai isu moral jokowi tidak amanah tinggal tugas belum habis masa jabat isu pasu nasi bungkus isu citra isu nasionalisme jokowi pro amerika isu sara jokowi kristen china isu korupsi transjakarta tembak kubu jokowi satu simpatisan tumbang jokowi baru coba konsolidasi baris dukung serang dihujamkan tubi tubi kubu jokowi coba klarifikasi serang serang coba mencounter balik lari lari hindar serang sisi aman sebenarnyatetapi korban jatuh tolong tidak prabowo bangun kuat rangkul baris sakit hati orang orang sakti sakit hati tampung kuat pasu solid hadap musuh strategi konspirasi peduli latar belakang idiologi penting jadi musuh jokowi kuat imbang strategi serang ubah pihak jokowi sibuk rawat simpatisan gugur mental akibat serang kampanye hitam prabowo tampil olah bersih kutuk serang ala kecut prabowo tampil ksatria sejati siap tarung jantan head to head menang tempur imbang kelak sulit prediksi baratayuda tel korban hingga menang pandawa tempur bakal sengit jokowi darah darah tuhan pihak orang baik insyaallah jokowi menang,1,14,18,-4
kisah krempeng kuasa sang nenek langkah gubernur joko widodo kerap panggil jokowi maju arena pilpres tuai kritik tajam bagai elemen masyarakat politis ketua umum partai demokrasi indonesia juang pdip lantang dukung jokowi maju arena tarung pilpres jadi debat cukup sengit masyarakat politis tidak si krempeng jokowi lonjak populer beliau jabat walikota solo lanjut jadi gubernur dki jakarta fantastis lonjak posisi jabat emban figur megawati takluk populer sosok jokowi wooow dahsyat elegan si krempeng jadi buah bibir masyarakat pimpin jakarta populer sibak kabar tidak kena pimpin jokowi jakarta nyata tidak hasil makna siginifikan salah contoh masalah macet jakarta banjir belum realisasi masyarakat jakarta cibir jokowi pimpin haus kuasa tanpa perhati kerja gubernur jakarta lucu dengar si krempeng antusias menang presiden jokowi anggap hasil milu legislatif tahu pdip dapat suara mampu dongkrak pilih presiden percaya jadi sorot sang ketua umum pdip megawati soekarnoputri jokowi yakin menang pilpres boneka si krempeng maju tarung pilpres tanya sang boneka krempeng mampu raih hati rakyat ajang pilpres krempeng jadi presiden laku megawati rancang ada negara jokowi anak emas megawati gelintir isu sirat kalang kader pdip kait kait jokowi megawati mega sengaja sodor jokowi maju pilpres kuasa negara jokowi tunduk bawah kaki mega ibarat jokowi budak kuasa mega bawah asuh mega jokowi patuh beri mega putus tang mega bukan tang jokowi alangkah durhaka si krempeng tidak patuh sang bunda cerita malin kundang jadi hehehehehehe,0,14,5,9
sadar jokowi bohong rakus jabat pilpres nama joko widodo jokowi calon pdi p jadi calon presiden pilpres nama jokowipun lambung tinggi lembaga survai lomba lomba laku survai ektablitas mantan walikota solo hasil siknipikan lembaga survai sepakat jatuh pilih jokowi capres punya ektablitas tinggi sisih nama mahfud md prabowo subianto wiranto dahlan iskan abu rizal bakri jusup kall sebut sebut maju jadi capres pilpres tahun tampil nama jokowi jadi capres pilpres tahun pdi p muncul bagai komentar umum dukung calon jokowi jadi presiden pilres jokowipun cengar cengir kuncing kasmaran terima calon calon presiden pilpres nilai jokowi bohong rakus jabat awal pertama jokowi jabat walikota solo jadi gubernur daerah khusus ibukota dki jakarta jadi calon presiden pilpres bukti jokowi orang rakus jabat kata masa jabat walikota solo priode belum akhir jokowi punya ingin jadi gubernur dki keiinginan nya capai jokowi jadi gubernur dki jakarta baru tahun jabat gubernur dki lantas jokowi harap calon jadi calon presiden pilres hasil dukung partai nya pdi p kata harap jokowi menep bicara kait nama capres jokowi kata belum nya jadi orang nomor negeri pikir fokus kerja gubernur dki jakarta jakarta banjir jakarta macet nyata tolak laku jokowi capreskan pilres obahnya kucing malu malu belakang meong meong lantas kata jokowi bohong tidak jokowi bohong pencapresan nya jokowi kata tidak jadi capres pilpres fokus bangun kota jakarta nyata jokowi terima pencapresannya pilpres bohong laku jokowi andai kata jokowi orang istiqomah janji janji warga kota jakarta jokowi tolak nama capreskan capres pilpres pdi p partai calon gubernur dki jakarta tidak dukung tugas tugas gubernur jalan mundur jabat gubernur sandang tinggal jabat epuk muskil rasa jabat gubernur fasilitas negara mulai sendok mewah mundur jabat gubernur jabat ketua rt sudi zaman tidak sama pimpin umar umar bin khatab umar bin adul azis jadi khalifah jalan roda perintah guna fasilitas negara sesuai hak nya pimpin nabi muhammad rasulullah saw tawar allah swt jadi raja raja atas dunia tolak muhammad bukit hut tawar jadi bukit emas guna muhammad pimpin tolak rasulullah ambil tauladan laku pimpin negara sadar jokowi orang rakus jabat bohong mudah mudah allah swt buka pintu hati jokowi sadar kekhilapannya amin,1,4,7,-3
jokowi bukan sby kata posisi jokowi pilpres posisi sby pilpres nyata benar salah benar elektabilitas jokowi pilpres sby pilpres dua milik elektabilitas tinggi paut jauh capres saing soal dukung dua jauh beda sby pilpres putar dua dapat dukung mutlak partai partai partai menang milu golkar parpol parpol gurem tidak parpol ormas ormas ramai ramai beri dukung sby pratis lawan sby megawati hasyim muzadi dukung pdip ormas nu tidak mutlak dukung megawati pkb putus dukung sby alami sby pilpres dukung penuh partai partai besar kecil ormas ormas golkar resmi menggusung jusuf kalla wiranto belah bagi dukung sby boediyono kata sby pasang sandal japit tetap menang posisi jokowi pilpres tragis ketimbang posisi megawati pilpres jokowi pratis dukung pdip gerindra jadi rekan pdip jadi saing mencapreskan prabowo subiyanto ormas nu bagi kyainya dukung megawati hasyim lihat bulat dukung pkb serta capresnya soal jokowi jadi media darling perhati tidak media men darling inya media serang lengkap omong kosong mulai tv one voa islam jadi tidak sebut jokowi mutlak media darling sosok jokowi masuk gelanggang pilgub dki jadi musuh mulai elit politik serta kader kolompok kelompok radikal anti nkri pancasila gerindra waktu pilgub dukung posisi saing tidak kawan lawan politik hadap jokowi pihak pihak aku nasionalis tekad tahan nkri pancasila sekutu kelompok kelompok anti nkri pancasila elit politik jokowi halang jalan tuju kuasa singkir jokowi lempang jalan tuju istana kelompok anti nkri pancasila jokowi simbol nasionalisme kebhinekaaan habis jokowi hal kikis semangat nasionalisme bhineka tunggal ika an pdip koalisi kurang tekan tambah dukung fakta koalisi butuh penuh presidential threshold koalisi partai tidak tentu oleh suara bagai alam milu pilkada dukung parpol tidak signifikan tarik dukung kader rentang waktu tahun sulit kader musuh arah dukung jokowi tidak pdip jokowi andal mandiri bagi gambar posisi jokowi jokowi tidak sby megawati capres nyapres atas dorong internal partai jokowi maju atas desa rakyat non partisan desa terus gelembung sulit bendung pasca pencapresan berita rakyat antusias sambut pencapresan jokowi nendang banding pencapresan milu milu rakyat sodor nama capres cawapres rakyat sodor nama calon parpol singkat kata jokowi bukan capres pdip capres rakyat kuat tidak milik partai tantang pdip pileg mengapitaslisasi elektabilitas jokowi menang pdip pdip hitung lawan poltik tidak serang kampanye negatif hitam upaya pisah sosok jokowi pdip jokowi bukan pdip korup pileg tetap golput pilpres baru jokowi seru jokowi yes pdip no jadi salah bukti seru awal tuju desak pdip mencapreskan jokowi jadi kampanye hitam pdip upaya pisah jokowi induk jadi bukti jokowi beda sby sby tidak pisah demokrat sby demokrat tara jokowi sby salah pencapresan sby diusulka demokrat partai diri bina,1,13,19,-6
jokowi serang masif jelang pilpres jelang pilpres tahun politik serang jokowi semaikin masif babi buta cara laku jokowi jatuh elektabilitasnya saat genting jelang pilpres pilpres serang masif tuju jokowi bukan musuh musuh politik bawah beliau perintah dki jakarta rasa gerah bijak jokowi serang gencar media media milik lawan lawan politik jelas jelas punya capres elektabilitasnya bawah jokowi maklum capres rata rata milik media televisi maintream media media online bijak jokowi baik atur perda wacana dapat kritik cukup pedas usaha diblowup rupa bijak jadi batu sandungan jokowi lihat berita media sorot jokowi lebih serang sakit jokowi phopia akut takut megawati soekarno putri benar benar deklarasi jokowi capres pdip serang gencar banjir tahun jakarta daaerah banjir jakarta daerah terus sorot televisi lucu banjir centimeter berita meter isu busway jokowi colong tipu menang tender ulah aparat bawah jokowi sengaja jatuh jokowi berita sadap jokowi undur bu risma sengaja bentur partai ayom jokowi pdip apa berita media jokowi baik buruk rakyat tetap harap jokowi jadi capres jokowi kadung jadi idola rakyat duli rakyat bukti jokowi goyah serang ulah media nilai benar jokowi tetap bela rakyat kecil doa tetap jalan lurus langgeng jalan beliau tuju istana tahun salam kompasiana,1,8,8,0
jokowi tandem capres cawapresnya tang pilpres sungguh fenomenal jokowi konsistensi sikap jokowi jadi walikota solo terus lanjut jokowi jadi gubernur dki satu gubernur indonesia milik hak atur anggar wilayah jokowi untung pasang basuki tjahaya purnama bukan hidayat nur wahid misal jadi gubernur mumpuni pro rakyat magnet dki barometer politik ekonomi sosial budaya indonesia masalah langkah langkah jokowi benah birokrasi sarana mukim sungguh fenomenal program program kerja kerja sepenuh hati sepenuh jiwa tidak suka dprd dki risih tidak dapat tempat kkn benar benar tuju sejahtera rakyat jakarta fair gagas bang ali muncul jakarta malam muda mud jakarta fair monas ala jokowi kkn dki temu tempat rakyat mampu lihat hasil program kerja jokowi ahok suka suka jokowi jelma jadi sosok pimpin rakyat sahaja sederhana intelejensia sosial tingkat tinggi cerdas mampu jokowi pimpin sungguh patut tiru jokowi tindak berani tegas jalan pimpin serta landas tepat akibat libat hubung kerja jokowi terika lapang dada koruptor marah banget sahaja jokowi buat rakyat pesona jokowi jadi fenomena tengah tampak pimpin glamor sombong minta layan rakyat jabat bawah jokowi tampil layan rakyat datang dekat jabat rakyat jokowi lantik walikota tpa bantargebang tepi pantai jokowi lantik jabat laku tempat umum bukan hotel balaikota dki megah wujud sederhana jokowi sebut atas tolak belakang banyak jabat indonesia ingin sembah jabat rakyat hormat jabat kuasa rakyat layan kuasa hidup mewah gemerlap penuh awal body guard ala presiden as jadi biasa jabat kunjung jabat tani puluh jabat bawah jadi tonton jokowi jabat ajak turun lapang tempat soal muncul masyarakat latar belakang jokowi bersih kkn jadi idola sosok pimpin jokowi jadi primadona ancam politis gandeng jadi calon presiden populer jokowi yakin mampu tarik pilih pilih jokowi pimpin nasional tahap walikota solo gubernur dki populer jokowi tidak tanding calon presiden mana jokowi dapat momentum tengah kering pimpin nasional jokowi sulit maju calon presiden megawati soekarnoputri korban deklarasi jokowi calon presiden pdip besar mungkin megawati maju gandeng jokowi jokowi dorong jadi presiden wakil presiden faktor jokowi menang pasang calon presiden wakil presiden ri tanpa pandang pasang pendek tandem jokowi tang kursi wakil presiden presiden ri yakin pada jokowi tiket tuju istana negara ri jokowi orang salam bahagia ala,1,28,4,24
jokowi haus kuasa calon presiden partai demokrasi indonesia juang pdip joko widodo sapa nama jokowi jabat gubernur dki jakarta sah masuk bursa pilpres tuding miring sosok kuak hadap rakyat rakyat jakarta tuding jokowi gegabah tawar masuk bursa pilpres tahu masalah jakarta belum selesai sepenuh masalah banjir macet masalah kjs kartu jakarta sehat belum sepenuh terap rakyat miskin perlu tahu program jokowi terap kjs rakyat jakarta akan belit kata orang miskin tidak layak sakit orang orang milik uang obat rumah sakit masalah masuk jokowi bursa pilpres nyata jokowi ambisi kuas besar mantan walikota surakarta solo nyata percaya tahu ketua umum pdip megawati soekarnoputri restu jokowi tampil arena pilih presiden isu edar elite politik jokowi bak boneka stir sang tum pdip megawati tahu megawati ambisi jabat presiden jokowi ibarat salah orang haus kuasa sosok lihat mampu laku ubah bangsa telaah program jokowi gubernur dki jakarta belum sepenuh jalan apik jadi wajar warga jakarta muak tingkah jokowi haus kuasa beliau manfaat moment citra rakyat cara blusukan tanggap rakyat sosok balik jokowi anggap tidak konsukuen ubah jakarta perlu tahu nama jokowi teryata tidak cukup populer luar jawa orang tanya jokowi jadi pdip target suara besar daerah jawa jokowi galang dana besar pilpres datang cukong cukong asal china dana kampanye dana kampanye dukung jokowi presiden dana ada belakang jokowi orang orang lepas megawati kasus blbi salah satu anak samaun samadikun koruptor jadi caleg pdip lucu tim dukung jokowi mepromosikan mobil esemka jasa jasa jokowi semata tahu mobil esemka rancang siswa smk murni bukan jasa jokowi lihat jokowi terus catut manfaat nama citra belaka simpul masuk jokowi bursa pilpres salah fatal rakyat lihat sisi positif kerja baik bukan citra belaka,0,12,9,3
awas elektabilitas jokowi terus lorot kali tampil jokowi publik acara resmi selenggara kpu kali masyarakat indonesia lihat langsung kesiap jokowi jadi capres masyarakat banding tampil isi pidato dua capres prabowo jokowi acara dipungkiri kali temu prabowo kuasa panggung jokowi justeru demam panggung skor beri prabowo jokowi undi nomor acara deklarasi damai total skor jadi jokowi hati hati hasil survei apa unggul jokowi tidak lawan opini masyarakat saksi langsung dua capres cawapres tampil publik berita baik apa jokowi capres tidak rubah persepsi masyarakat kesan kaku tampil jokowi acara deklarasi damai pidato undi nomor urut cukup beri masuk masyarakat capres cawapres cocok pilih pilpres juli datang jokowi laku salah publik besar mungkin elektabilitasnya terus lorot pilpres bukan tanding hidup mati pilpres tetap menang kalah sempat dapat simpati masyarakat optimal baik jadi presiden tidak cukup bekal blusukan publikasi masif media massa kesiap jadi sosok bangga rakyat tengah gaul pimpin dunia jabat presiden prestise bangsa simbol bangga bangsa hadap ring tinju latih keras lempar handuk ronde ronde awal tanding ampuun,1,11,4,7
ramal paranormal jokowi prabowo bagi informasi upa ramal paranormal indonesia hasil pilpres juli nama paranormal mampu terawang hasil pilpres pilpresnya belum laksana kertas suara belum selesai hitung media guna murni terawang tidak pakai cara cara exit poll quick count quicky seks pasang ikut terawang paranormal hasil pilples ki gatot lereng gunung ciremai pilpres menang jokowi prabowo loh koq jumlah suara suara ki gatot kata sengaja lebih jadi kena ppn besar kalo kena service bakal tambah besar mark upnya ki jati lereng gunung rapi pilpres menang jokowi prabowo loh koq suara prabowo rendah survey prabowo raih suara ki jati kata suara prabowo asli besar nyata alami bocor bilik suara bocor bocor bocor tinggal ki darsem lereng gunung sahari pilpres menang jokowi prabowo loh koq suara jokowi kubu prabowo mati mati laku kampanye hitam hari h jelang pilpres juli ki darsem kata suara jokowi kampanye hitam rakyat simpat kasihan jokowi jelek kurus miskin jujur eh terus dizolimi kampanye hitam besar suara jokowi ramal paranormal mudah mudah hasil tidak jauh beda hasil hitung resmi versi kpu selamat malam indonesia,1,9,7,2
bingung pilih jokowi prabowo ikut instink politik sby bingung pilih jokowi prabowo coba ikut instink politik sby kait tanda libat tni pilpres dukung prabowo instink politik sby tepat bukti jadi presiden periode publik amat sepak terjang sby masa pilpres tentu pilih instink sby tidak sampai bentuk kata kata sikap buat sikap sby dapat tunjuk cenderung menang pilpres sby presiden ri panglima tinggi tni sby tahu cenderung menang pilpres posisi sby abstain dasar masuk kata sby presiden jadi netral nyata netral presiden sebab tanda tanda publik baca cenderung menang pilpres pandang instink sby tengok pertama prinsip awal timbang kalkulasi sby menang populer posisi jokowi jusuf kalla tetap pimpin belum kalah segi elektabilitas jokowi jk pimpin banding perihal popularitas alam sby penting timbang elektabilitas tinggi buat sby dekat jokowi kran masuk jokowi jk kendala hubung sby mega harmonis bukan sby serah cenderung menang jokowi bersit kalkulasi sby sebab sby laku langkah langkah politik zigzag sby tunggu pdip dekat demokrat respons pdip sby tonton prabowo dukung bagai nyata pentol dpp pd pramono edhie wibowo hasan syarif tunjuk dukung prabowo sikap politik instink menang pilpres jokowi prabowo sby tetap yakin menang pilpres jokowi tarik perhati jokowi prabowo imbang sby cerdas tampil king maker aju papar visi misi capres minta sby tolak kubu jokowi sambut prabowo jokowi kata sby pantas minta papar visi misi capres hubung jokowi sby prabowo penuh undang sby main cantik sby tidak datang prabowo hatta papar visi prabowo jadi alat tawar demokrat sby tarik jokowi dekat sby jokowi milik kalkulasi dukung sby signifikan dukung resmi demokrat jokowi jadi beban bagi hasil demokrat tetap netral visi misi capres dengar papar kejut kubu demokrat sampai visi misi jokowi baca internet perlu prabowo hadir misi visi capres petinggi demokrat visi misi baca internet lanjut sby tetap netral lihat trend survei pilpres sungguh sby milik cenderung dukung jokowi jk bukti sby dukung prabowo prabowo papar visi misi sby biar capresnya kubu jokowi dahlan iskan anies baswedan sinyo harry sarundajang marzuki alie pramono edhie arah dukung prabowo sikap serang ruhut sitompul jokowi tunjuk benar instink politik sby anggap jokowi tetap tang pilpres pekan sby sebut tentara alias anggota tni aktif jadi bagin timses arah dukung salah capres bukti babinsa gerak dukung prabowo dukung militer prabowo biar sby sby dukung prabowo nyata sby beri ingat capres dukung militer nyata sby bukan tanpa risiko sby sebentar lengser jenderal aktif mampu laku hitung politik referensi sikap instink politik sby dukung jokowi baca rangkai sikap politik sby koalisi pdip sikap preferensi netral sungguh sby pandang jokowi front runner sby dukung capres berkeecenderungan kalah sby beri dukung prabowo buka yakin taktik main kaki ragu prabowo menang lawan jokowi sby tidak percaya prabowo dukung prabowo buat sby alami sulit sby sekretaris dewan hormat militer pecat prabowo tni sikap zig zag biar dahlan iskan anies baswedan sinyo harry sarundajang seberang jokowi marzuki alie pramono edhie prabowo cenderung jokowi tang pilpres jadi sby cerdas gerak dukung jokowi aneka nyata tni netral dukung prabowo sby diam kait dukung oknum tni prabowo laku babinsa indonesia jakarta gunung kidul sby dukung prabowo salam bahagia ala,1,15,5,10
soal un nama jokowi muncul soal un orang langsung pikir kalo tindak tim sukses pak jokowi pak jokowi nya kalo cermat cerdas bakal tahu maksud nama jokowi muncul naskah un bahasa indonesia buat naskah un naskah un menteri didik bantu guru dosenbagaimana tim sukses nya jokowi jokowi intervensi soal un ketat kalo bukan orang menteri ga masuk akalsengaja nama jokowi munculin biar stigma calon pilih nya bakal mikir kalo jokowi main curang kampanye soal uji kata tri didik nya faktor tidak sengajabohong kali periksa kali periksa kaga yg sadar kalo soal nya aneh sosok jokowi nya pihak menteri didik sengaja muncul nama jokowi jegal langkah pak jokowi pilpres jelang pilpres cara bajing bajing tua jegal muda jadi ri muncul berita jokowi naskah un tv sang lumpur lapindo menggebor berita kalo unsur kampanye gubenur tim sukses jokowi intervensi naskah un sedangankan jokowi gubenur pdip pihak oposisi tidak kuasa,1,2,3,-1
jokowi dahlan iskan dua dua tahun munculah sosok pimpin kagum masyarakat suka warga cinta rakyat indonesia klu bukan bapak jokowi bapak dahlan iskan beliau beliau milik sifat pimpin rendah hati baik sabar ramah punya ide ide inovasi negara cinta dua milik jabat tinggi pak jokowi gubernur dki jakarta pak dahlan iskan menteri bumn dua punya tugas pimpin pak jokowi atas macet jakarta duduk padat banjir jakarta pak dahlan iskan atas bumn indonesia tidak salah partai ingin calon presiden partai partai umum calon calon presiden milu kandidat kuat tetap jokowi dahlan iskan masalah jabat duduk ayal partai partai rayu keluar duduk yg terima maju pilpres jokowi baru jadi gubernur dki jakarta pimpin kota jakarta belum ubah kota jakarta sepenuh yg beliau janji dahlan iskan urus bumn yg indonesia belum sepenuh kabul partai segan segan rayu kota jakarta bumn jawab belum jelas jadi presiden partai beda maju pilpres pasti saing ketat maju pilpres calon presiden wakil presiden wuiihhh pasti menang jokowi dahlan iskan dahlan iskan jokowi kata indonesia milik pimpin ayom rakyat insya allah indonesia makmur sejahtera,1,8,5,3
sih menang pilpres kalo waktu lihat jalan panjang pilpres tentu prabowo jokowi menang pilpres kurun waktu tahun bantu teropong kembang januari prabowo alami turun elektabilitas desember desember prabowo cukup hitung jokowi raih posisi aman pelan jokowi unggul elektabilitas besar persen prabowo susul bawah persen elektabilitas jokowi turun survei bulan maret dapat persen prabowo baru angka persen tetap jokowi pilpres pdi p elektabilitas jokowi jk naik persen suara pilpres jadi persen sisi elektabilitas prabowo hatta turun drastis persen oleh suara pilpres jadi persen suara turun joko widodo jk persen prabowo hatta minggu jelang pilpres jelang pilpres jokowi prediksi raih atas prabowo hatta jadi jelas prabowo hasil raih suara terus lonjak turun jadi jadi menang besar raih prabowo banding jokowi angka aman turun lonjak turun hasil akhir prabowo menang pilpres prabowo hasil tarik dukung jadi lompat besar hitung bulan konversi jumlah suara prabowo hasil tarik dukung jadi suara total suara sah banding jokowi kisar angka naik aman angka suara lorot suara raih suara angka putar putar rentang angka prabowo bukti menang pilpres data bagai sumber,0,6,3,3
pak jokowi i love you full cinta pimpin cinta rakyat pak jokowi rakyat jiwa raga sembah sejahtera masyarakat sepenuh pimpin idam idam mata tugas awal jadi presiden nkri tidak ragu sedikit pilih pak jokowi tidak beban apa pilih pak jokowi rasa senang punya pimpin hebat pak jokowi kayak gak usah cerita prestasi pak jokowi lantar mudah cari google sulit cari keburu pak jokowi karna beliau orang bersih baik dr kecil sederhana aja pak jokowi suami idam ayah teladan beliau pimpin rumah tangga penuh sejuk tenang sakinah mawaddah warohmah berita pak jokowi black campaign nyata rekayasa propaganda iring waktu jalan satu berita bantah nyata tuduh gelap fitnah pak jokowi inspirasi tokoh tokoh indonesia karakter sifat pak jokowi senang blusukan nyata tular mayoritas kepala kepala pimpin daerah positif insyaallah keluarga pilih pak joko widodo jusuf kalla pilpres,1,13,5,8
trans jakarta ungkap jokowi tamat prediksi bagi pihak eskalasi tuntut masyarakat kpk periksa jokowi kait tuding libat kasus korupsi trans jakarta tingkat hari hari iring dekat hari h pilpres puncak usai coblos misal hasil hitung cepat nyata jokowi tang pilpres unjuk rasa kira sebar bagai kota potensi sulut anarki satu jalan kpk ambil alih kasus jagung tanggal juli tidak hubung prabowo motivasi kampanye hitam murni picu marah masyarakat atas sikap muka kpk berantas korupsi periksa presiden jabat capres kpk melempem akibat masyarakat sikap aktif halang naik presiden indikasi libat orupsi situasi jadi simalakama salah jagung kpk lambat ambil putus ira kasus trans jakarta tutup tutup hanyut arus main politik kali tidak tetap kena status hukum jokowi pilpres gelar taruh reputasi basri arif abraham samad situasi sulit,0,2,7,-5
surat kecil jokowi jokowi lovers aku bukan mobil esemkannya ramai beri media tarik kenal jokowi jauh belakang namamnya pilih gubernur jakarta damping ahok berita menghiasitelevisi tanah air mulai cari tau kenal jokowi gubernur dadak jadi buah bibir sepak terjang buat geleng geleng kepala segan turun lapang periksa selokan urus monyet jokowi gaya logat jawanya kental tidak laku gubernur kata sih tinggal waris korupsi baru jokowi gadang gadang nyapres pilpres bagai survey belum kalah elektabilitas jokowi pasti jokowi maju pilpres menang rakyat tinggal titip pesan jokowi tetap jadi sosok jokowi rakyat yg rakyat butuh depan penting rakyat penting pihak asing investor bahaya harap jokowi tidak jadi presiden boneka belakang berita siap kritik kritik bangun surat msyarakat kecil jokowi,1,4,8,-4
jokowi rajin blusukan jokowi rajin calon presiden joko widodo jokowi blusukan awal cari mitra koalisi bukti guna jokowi pdip penuh salah syarat serta pilih umum presiden pilpres hasil koalisi partai nasdem and pkpi calon presiden capres prabowo subianto aburizal bakrie arb belum aman dua belum dapat mitra koalisi ikut pilpres dinamika proses cari mitra koalisidari hari hari lihat warna dukung ketua umum partai islam ppp surya darma ali sda prabowo bukan belum resmi buat masalah serius internal partai upaya prabowo koalisi partai tidak mudah elektabilitasnya bawah jokowi milu lihat kecendurungan partai politik tengah ppp pkb pan pks rapat capres pasti milu partai masuk lima besar golkar demokrat timbang usung calon presiden tidak pilpres bilang tidak partai posisi oposisi capres berelektabilitas tinggi jokowi buat prabowo gerindra upaya keras tarik mitra koalisi lawan capres pdip partai lambang garuda koalisi partai besar partai tengah ikut pilpres posisi calon arb belum aman jumlah elemen pemuda partai golkar berita minta arb urung niat jadi calon presiden rendah elektabilitas kabar koalisi partai golkar hanura konfirmasi lanjut ingin partai demokrat buat poros baru koalisi jadi tambah tantang partai lambang pohon beringin rajin blusukan tinggi elektibilitas capres jokowi bantu lulus pilpres datang,1,6,5,1
tahta blusukan rakyat indonesia kenal sosok joko widodo alias jokowi masyarakat dunia kenal sosok gelut induatri meubel kenal jokowi sosok suka blusukan blusukannya jokowi mampu buat fantastis masyarakat solo antar walikota baik dunia hmmm duga hari tenar jokowi lejit kader pdip terus dapat dukung bagai kalang tidak cukup kiprah solo jokowi hijrah jakarta tampil elegan lawan politis kawak pilgub dki identitas blusukannya jokowi beri yakin jawab atas perso alan jakarta blusukan jokowi nyata nanti masyarakat jakarta alhasil kursi dki raih jokowi masyarakat jakarta komitmen antar jadi gubernur kipranya bangun birokrasi masyarakat jokowi tetap style blusukannya kaku protokoler patah jokowi cepat lihat layan masyarakat style blusukan jokowi buat masyarakat jakarta kesima blusukan jokowi mampu jawab soal masyarakat jakarta catat mas perlu gar bawah jakarta belum bebas bencana banjir macet tidak tahun pimpin jakarta elektabilitas jokowi lejit berkat blusukannya pdip asrama politik jokowi ciprat tingkat elektabilitasnya berkat jokowi istilah keren jokowi efek putus tepat pdip resmi usung jokowi bursa capres heboh gosip manuver maju megawati puan maharani putri mahkota moncong putih ikut kompetisi bursa ri nyata kondisi gamang tubuh pdip kait calon pilpres kondisi ting ukur jauh tingkat ingin masyarakat pilih jokowi milu sederhana tanpa manuver pilih jokowi milu tetap signifikan pasti menang tarung lembaga survei rilis hasil jokowi bakal jadi presiden nyata jokowi pasang jusuf kalla menang putar kalah pasang prabowo hatta rajasa wajar putar paket ikut tarung pilpres kemarin,1,14,4,10
strategi jokowi tuju istana jokowi tuju puncak karir politik jabat walikota gubernur jokowi incar posisi orang nomor republik jokowi tipe orang penuh hitung inovatif optimis menang pilih pimpin jadi solo jakarta maju pilkada dki jakarta jokowi percaya optimis kalah saing hadap incumbent mantan ketua mpr gubernur sumatera selatan amat politik hebat jokowi walikota kota kecil jawa tengah rasa percaya optimisme tinggi dasar hitung hitung matang dukung strategi cerdas jadi pipres datang jokowi punya hitung strategi sendiri beda saing ikut strategi jokowi sambut pilpres datang mulai deklarasi pencapresannya sederhana jauh hingar bingar gedung panggung mewah jokowi nyata terima mandat capres blusukan marunda baju khas betawinya nyata kesiap kes dadak tidak pemgumuman tidak hadir urus elit politik pdip masyarakat lihat beda model umum pencapresan jokowi capres lihat strategi jokowi beda pencapresan capres hanura win ht arb golkar konvensi capres demokrat pindah pindah kota debat serta konvensi akhir kesederhaan jokowi lihat waktu kampanye lampung guna pesawat garuda kelas ekonomi bawa koper coklat jokowi paham nyata capres wartawan ikut gerak gerik timbul simpati masyarakat tanya wartawan masalah capres jokowi nyata tidak bicara pencapresan kantor status gubernur balai kota jokowi jawab masalah capres luar pagar balai kota masyarakat lihat jokowi jabat tempat gubernur capres masyarakat dukung jokowi lihat tindak jokowi rajin jalin silahturahmi bagai kalang jokowi dekat organisasi agama besar nu muhammadiyah terima ketua muslimat nu khofifah indar parawangsa balai kota jokowi temu tokoh muhammdiyah ketua mui din samsyudin ikut jokowi rembang temu tokoh nu kh mustofa bisri lepas isi bicara temu roadshow jokowi bertemudengan tokoh agama tunjuk strategi jokowi raih dukung kalang islam jokowi milik modal intensitas temu kalang militer jokowi catat kali ada giat kopassus kostrad satu misal bersih sungai berita datang jokowi markas kopassus sambut riah jokowi pegang kunci militer pegang peran penting negeri hubung baik kalang militer mudah jokowi dapat dukung militer maju pilpres tidak pancing hujat pihak cemooh kritik atas pencapresannya jokowi jawab ringan suka silah pilih tidak suka pilih jawab simpel sederhana pancing simpati masyarakat jokowi bilang konstitusi maju capres tangkal serang tidak amanah gubernur dki jakarta serang prabowo capres boneka tidak laden baru prabowo kampanye nyata pilih pimpin bohong suka ingkar janji serang tuju bukan jokowi salah media online sebut jokowi siap baju khas pilpres bukan baju kotak kotak pilkada dki jakarta jokowi harap ulang boomingnya baju kotak kotak jadi pilkada dki jakarta baju khas beri identitas beda jokowi dukung baju khas jokowi harap timbul gelombang antusiasme besar masyarakat layak baju kotak kotak strategi jokowi sembunyi jokowi hitung peluang ikut strategi jadi presiden terima mandat capres megawati lihat semboyan vini vidi vici laku sekian kali jokowi pilpres kali jadi solo jakarta,1,26,7,19
jokowi walikota gubernur tuju istana blog lama aktip blogger tulis kira prediksi pilih umum yg langsung amat pribadi luar negeri seluru warga negara indonesia yg kerja study giat milu kali beda tahun tahun yg jadi sejarah baru penyelengarahan milu kali masyarakat indonesia yg kerja domisili luar negeri antusias rela dgn sabar tunggu gilir pilih presiden kali amat lansung calon presiden kali mengguga minat hasrat masyarakat indonesia ikut partisipasi pilpres kali faktor figur yg anggap bawa ubah kampanye hitam yg marak jadi pilpres langsung pengaruh pil paling lain hati masyarakat muda dapat akses informasi yg benar dunia maya sebar berita kampanye media online terus berlanngsung babi buta serang dukung capres masyarakat indonesia yg tinggal luar negeri tidak pengaruh seluru dunia dukung capres no jokowi jk tarung kali benar benar sengit serang yg jatuh pasang no sulit bendung ingin hendak alam cipta yg erti sadar manfaat pilpres kali tentu masa bangsa indonesia analisa pribadi yg keliling dunia rasa atmosfir menang no wilaya luar negeri perkiraakan menang kubu jokowi jk milu kali jalan normal manipulasi curang pihak pihak yg libat penyelengara pilpres netral tugas awas yg netral meihak dua bela pihak prediksi pribadi jokowi jk menang pilpres bukan luar negeri negeri dampak masyarakat lihat animo rakyat indonesia yg domisili luar negeri condong pilih pasang jokowi jk peristiwa jadi awal menang rakyat indonesia seluruh pepatah kata rakyat hendak jadi presiden hadang dgn cara menjengal lawan politik kampanye hitam sia sia buang tenaga yg manfaat rakyat pilih yg rakyat pilih dgn tulus hati mata bahtin suara tuhan yg garis orang jadi pimpin masa gera bawah tana curang pilpres kali lembaga yg penting milu kerja netral rawan dua kubu pantau jalan pilpres jalan sesuai ingin rakyat tuju milu yg jujur adil prediksi kali pasang no bapak jokowi bapak jusup muhammad kalla jadi menang pilpres kali salam blogger saudi arabia july,1,12,6,6
terima kasih jokowi bukan dukung jokowi salah ucap terima kasih atas keikutsertaannya jokowi pilpres kali terus terang tidak jokowi even pilpres tidak serama pilpres sayur tanpa garam anyep hambar tidak laik makan sayur buang comberan alir laut lepas tanpa jejak jejak hidup alias hilang tel bumi ucap terima kasih jokowi jokowi tabur garam hidup proses demokrasi negeri demokrasi bangun butuh jokowi nilai nilai moral etika politik terap ruh demokrasi jokowi beri makna penting prabowo tanpa jokowi prabowo bukan prabowo keluh teriak teriak lantar tidak lawan tanding imbang megawati tidak layak jual arb dahlan iskan menang konvensi demokrat tari latar prabowo prabowo butuh jokowi mampu haru biru suasana riah pilpres jokowi beri gembira politik orang negeri khusus prabowo gembira politik beri makna juang hidup prabowo menang jokowi senang antar menang kalah jokowi menang prabowo senang andil besar menang kalah tanpa rasa canggung dukung capres belah ucap terima kasih jokowi jokowi beri ruang sempat orang pikir kata hati buas adi hidup was was alam pikir prabowo libat culi fahri gadai sempit pikir proyek citra jokowi wimar ajar wimarisme gallery of rouges wiranto exshibisionisme politik prabowo libat kubu dukung capres cawapres jokowi beri ruang warna media tidak netral metro tv tv one dua media libat beri dukung atas pasang usung baik metro tv tv one sesunguhnya beri untung atas peran jokowi ucap terima kasih jokowi tidak tunjuk rasa muak atas hina puja puji dua media jokowi garam hidup orang hak cicip jokowi tawar gembira politik,1,12,7,5
prabowo nasib brazilia lihat hari sumber harianjambi com hasil tanding piala dunia hubung hubung pilih pilpres indonesia babak sem ifinal selesai brazil vs jerman langsung sukses jerman gilas brazil skor telak kalah brazil cedera neymar brazil tel pil pahit cukur gundul jerman mari lihat helat pilpres mulai pukul pagi jam siang unggul prabowo hatta jokowi jk prediksi prabowo nasib brazil prabowo jago brazil nasib negara unggul prabowo kalah tinggal oleh suara rifalnya jokowi jokowi bak jerman hasil cukur gundul oleh suara prabowo prediksi alas alas muka dasar pikir citra jokowi sesuai kondisi nindonesia lihat isi masa tenang setelahkampanye jokowi isi laksana umrah prabowo abis masa tenang nonton bola jokowi menang citra jelas tarik simpati rakyat terjhadap jokowi agam pimpin prabowo tidak milik unggul habis tenang nonton bola program kerja kontrak kerja sebar masyarakan media besar kompas baca masyarakat indonesia program jerja kontrak kerja prabowo tidak muncul media kenal indonesia kurang beri citra simpati masyarakat indonesia skor babak pertama o jokowi babak dua lihat ada prabowo dukung kader simpatisan parpol dukung jokowi parpol dukung kasat mata prabowo unggul jokowi babak dua prabowo unggul skor jokowi akhir babak dua jokowi hasil tambah angka menang angka angka tuntas menang jokowi oleh warga nu taat kyainya warga nu nelikung pilih jokowi atas hati nurani warga nu kyai dukung dukung jokowi tambah warga nu atas sadar dukung jokowi skor telak mantap jokowi unggul prabowo prabowo kalah jokowi jokowi menang pilih presiden tahun jokowi alami juang berat perintah karea legislatif sandung fraksi fraksi fokal kritik pedas dendam jokowi kabinet trauma atas kalah pwabowo perlehatan pilpres kali alfakir pintar prediksi allah jua tetap takdir jalan hidup umat bangsa selamat laksana pesta demokrasi tahun o pilih sesuai hati nurani hormat golput tidak sreg dua kandidat golput saudara saudara milik hak asasi golput sistem demokrasi rakyat nerkuasa atas lebih kuasa presidan ri bravo pilpres bravo rakyat indonesia al fakir from sukabumi sumber gambar harianjambi com,1,17,9,8
jelang debat pilpres jokowi karantina pantas berita kena giat jokowi hari sepi capres mantan wako surakatra periode gubernur dki non aktif jalan kursus pidato bagimana cara tunduk tunjuk nunjuk manggut manggut tampil jokowi sempat pidati kpu hotel bidakara nilai pihak minimal cenderung malu pada pidato kelas kepala desa sang ibu suri putus kursus sang ahli blusukan sinyalemen sampai mahfud md wawancara televisi ajar pidato jokowi cekok bagai ilmu kait materi debat pilpres laksana mulai hari mudah mudah panitia debat tidak ubah materi tanya rubah sang ahli blusukan tambah bingung jawaba jawab lenceng karu karuan maffus md jago prabowo hatta perlu kursus alir siap khusus materi visi misi prabowo jk buat prabowo simpan benak jadi prabowo tetap beraktifitas tarik tunggu debat malam mudah mudah lancar,0,8,1,7
jokowi nilai prananda prabowo calon ganti megawati jokowi nilai putra megawati suami pertama prananda prabowo cocok ganti posisi tum pdip megawati jokowi tidak lirik puan rasa puan tidak hebat prananda prabowo kurang enak puan tk kali tolak jokowi maju pilkada dki pilpres maju puan maharani pilpres seoerti ungkap artikel kalo urus nakal jabat dki jokowi cukup mampu cukup wibawa urus macet banjir belum lihat hasil awal pikir baik jokowi selesai tugas gubernur dki baru pikir maju pilpres aju pikir artikel lihat bu mega sanggup ambil putus baik pdip belum baik dinasti keluarga mega tidak putus adil heran mantan partai menang milu kalah saran jokowi jadi capres bu mega jadi cawapres baca lihat ganti mega tum pdip baru prediksi sempat jokowi maju pilpres,1,10,4,6
heboh jokowi lover s selamat pagi jokowi lover s selamat nikmat hari libur tulis tulis moga tukar pikir manfaat amin jokowi tidak kenal sosok sosok muncul bagai media portal portal cas cis cus fenomena jokowi lover s marak bukti jelas tulis komentar komentar miring jokowi langsung jadi rame jokowi satria pingit satria cahaya gelap malam tidak spesial abdi negara laku ubah ubah baik contoh sederhana rakyat amnesia pilih inget rakyat pilih duduk kursi panas negara amnesia marak jokowi lover s tegas rakyat jokowi for presiden singkat cerita hardik jokowi hardik dukung jokowi tidak dukung sampai opini upa tulis mumpung tulis dikompasiana gratis mudah modal akun tulis koneksi internet banyak jokowi lover s sejati bukan jokowi baik baik media giring opini sosok jokowi berita banyak jabat jabat masalah lihat jokowi rasa beda sendiri jokowi tidak spesial calon presiden abdi negara jabat wajib bangun pimpin contoh sederhana tanpa pamer apa laku obrol hati hati rakyat layak laku pimpin pimpin dahulu sahabat sahabat nabi jadi khalifah fenomena jokowi lover s kait pilpres tahun hemat jokowi bukan jadi presiden tahun jokowi punya hutang amanah rakyat ibukota waktu sumpah setia bukan lari selesai jabat jabat jokowi bukti pantas jokowi lover s fans fans jokowi lover sampe heboh lupa jokowi jabat kadang salah salah salah benar media ga usah lebay berita buat jokowi lover s sejati media jokowi terus terus nampang jadi headline tendensi pihak wallahualam banding jokowi media neng sorot untung penting penting usaha beri stigma pikir tidak lebih beranda andai lebih ganggu jokowi baik jakarta jokowi benar cocok jadi presiden benar jawab ada sederhana selesai kerja kerja jokowi bukan persiden jokowi jadi presiden beri citra buruk abdi negara pa jokowi siap beda siap rakyat jokowi belum siap jokowipun senang tugas beliau cocok pilpres datang tahun kata jokowi latih siap siap jadi ri tahun insya allah,0,27,7,20
rasionalisasi dukung jokowi jk rakernas ii partai nasdem tulis tarik rakernas ii partai nasdem selenggara tanggal mei alas muka pimpin partai koalisi dukung jokowi jk hari dua rakernas mei tempat hotel mercure ancol jakarta lima ketua umum partai dukung hadir surya paloh ketua umum partai nasdem muhaimin iskandar ketua umum pkb wiranto ketua umum partai hanura sutiyoso ketua umum pkpi megawati soekarno putri ketua umum pdi p sambut rakernas tema kesiap menang pilpres surya paloh muka partai nasdem serta kader dukung upaya keras segenap jiwa raga menang jokowi jk pilpres juli dasar catat tulis turut amat jalan rakernas surya paloh sp muka alas dukung jokowi jk pertama jokowi jk figur sahaja sederhana jujur dukung beri jokowi jk tidak sifat transaksional semata mata tunjuk benar benar sp benar benar yakin jokowi jk orang baik dua sp nilai jokowi jk orang kerja tanpa omong retorika korban bangsa bukti kerja nyata dua motivasi utama partai nasdem usung jokowi jk tiga indonesia pimpin jokowi jk baik mampu bawa indonesia kejar kertinggalannya bangsa bangsa baik bidang politik ekonomi budaya dua alam perintah dua lengkap pimpin bangsa arah baik jokowi jk presiden wakil presiden idam bangsa empat jokowi jk wujud trilogi restorasi indonesia gagas partai nasdem negara kuat bangsa martabat rakyat sejahtera sp yakin hati nurani rakyat insya allah jokowi jk menang semangat gelora perintah kader partai nasdem kerja keras menang jokowi jk pilpres juli datang menghimbau dukung tidak laku kampanye hitam black campaigne muhaimin iskandar akrab panggil cak imin jelas dukung jokowi jk landas pikir khitthah reformasi transformasi baik bangsa butuh syarat pimpin nasional lahir rakyat sosok pimpin nasional harap temu figur jokowi jk kenal berfikir cepat tindak cepat jokowi representasi pimpin lahir rakyat pkb dukung jokowi jk yakin dua pimpin pertama mampu kembali khitthah reformasi dua kembang islam rahmat lil alamiin indonesia wiranto aku ikut jejak partai nasdem dukung jokowi jk awal prihatin surya paloh kondisi bangsa negara indonesia turut temu sama tekad laku ubah baik ubah sistem ubah akhlak moral wiranto tegas sosok jokowi jk sosok tepat pimpin ubah jokowi capres kenal sosok sederhana rakyat suka blusukan berani korban penting rakyat wiranto yakin tugas pimpin laku sadar rakyat ajar rakyat emban baik jokowi jk sutiyoso dapat gilir empat beri sambut kata partai dukung jokowi jk yakin dua realisasi cita cita proklamasi negara makmur sejahtera megawati pungkas pidato ketua umum partai koalisi menceriterakan pilih jokowi capres timbang dalam komunikasi batin almarhum ayahanda soekarno turut jokowi krempeng orang tahan banting yakin jokowi jk tang pilpres juli datang jk panggil populer jusuf kalla sambut yakin jokowi pemimpim tepat bangsa indonesia jk jokowi milik alam perintah semangat rakyat jk tegas jokowi mampu sinergi matahari matahari bukan matahari matahari sinar tambah terang sari bangsa kereta kereta besi tambah kuat penting bangsa jokowi puji jk sosok tepat jadi damping pilpres bagi jk kerja cepat selesai masalah masalah bangsa intisari sampai ketua umum partai dukung jokowi jk kena alas dukung capres cawapres nomor urut ringkas erti kata kunci mampu menang pasang jokowi jk anggap mampu jadi presiden wakil presiden laku ubah indonesia hebat indonesia maju makmur sejahtera sejajar bangsa bangsa maju jokowi jk anggap mampu dua milik alam dapat mandat rakyat pimpin perintah sipil baik jokowi jabat walikota solo tujuh tahun juli oktober prestasi hasil pimpin solo aku rakyat solo kalang masuk prabowo subianto capres nomor urut jokowi dapat harga salah walikota baik dunia tengah tahun jabat gubernur dki jakarta positif laku misal tertib pasar tanah abang waduk pluit tidak hasil laku gubernur dahulu program jamin biaya didik kartu jakarta pintar kjp jamin sehat kartu jakarta sehat kjs bangun kampung deret rumah susun warga jokowi bukti mampu jk jabat menteri baik perintah presiden gus dur presiden megawati jabat wapres damping presiden sby kurun jk anggap kalang hasil jadi wapres lengkap kurang presiden sby prestasi puji jadi jabat wapres tidak dar ban serep jk kerap anggap the real president presiden syafi i ma arif mantan ketua umum pp muhammadiyah lontar ungkap jk bukti mampu anggap jokowi jk anggap menang pilpres timbang rasional survei laku kala bagai lembaga survei kredibel elektabilitas jokowi capres tempat posisi puncak elektabilitas jk cawapres survei laku lsi lingkar survei indonesia mei elektabilitas jokowi jk capai unggul pasang prabowo hatta capai pilih belum putus pilih undecided voters hasil survei pusat kaji bijak bangun strategis puskaptis mei propinsi tunjuk tingkat elektabilitas jokowi jk capai prabowo hatta besar undecided voters nya capai pasang jokowi jk tetap unggul prabowo hatta alam milu pilpres pileg pemilukada hasil survei indikator penting hasil milu konteks pilpres pasang jokowi jk milik modal nyala indikator menang dukung tinggal tahan tambah terang nyala indikator buah menang juli datang tuhan maha kuasa takdir menang jokowi jk ubah,1,64,6,58
dzolimi jokowi part serta lelang jabat kroco nilai pas pas rasa pilih pilpres tahun mantap pilih jokowi rapopo begitu rapopo fitnah vokokke punya pilih pilpres tahun jokowi terimakasih atas tiket kereta api belum naik kereta rapopo kelas ekonomi punya pilih pilpres tahun jokowi wkwkwkwkwk rapopo tebar fitnah vokokke jokowi cihuiiii eng ing enggggg,1,3,2,1
isu sara menang jokowi jk hancur prabowo hatta isu sara babi buta arah capres joko widodo akrab panggil jokowi cawapres jusuf kalla trend sebut jk menang pasang pilpres juli datang plt gubernur dki jakarta basuki tjahya purnomo daulat nasehat menang prabowo hatta tegas tim menang prabowo hatta isu sara bukan balik hancur jokowi menang pasang pilpres juli jadi isu sara jokowi jk jadi alat tempur pilpres isu sara belakang terus kembang jatuh jokowi mulai agama jokowi istilah kristen bawa pasang jokowi jk menang pilpres tidak penting terus isu isu akhir sebagain ulama keluar fatwa haram pilih jokowi tidak masuk akal tambah runyam suasana pilpres tulis hari terima pesan baik facebook bbm kena isu sara terus sebar tengah tengah masyarakat seluruh isu sara tuju pasang jokowi jk isu sara terus landa pasang jokowi jk tulis prediksi menang jokowi jk depan mata bangsa indonesia tidak agama islam mayoritas rakyat indonesia islam jadi catat tim prabowo hatta main isu sara ajang pilpres main kampanye asas atur tarung pilpres main isu visi misi prabowo hatta tidak guna isu sara pilpres sejarah catat rebut gubernur dki jakarta isu sara jadi senjata ampuh tumbang pasang jokowi ahok jadi balik arah jokowi ahok menang laga pilgub dki jakarta salam,1,3,2,1
bakal coblos jokowi masuk dukung jokowi waktu pilkada dki pro jokowi sayang bukan warga dki tidak punya ktp dki jakarta gak ikut coblos oom jokowi tahun bakal punya sempat coblos jokowi pilpres pilpres tim sukses sby yakin sby menang pilpres pasang cawapres sandal jepit pilpres yakin jokowi menang putar cawapresnya vote for jokowi,1,3,0,3
jokowi tidak nyapres hebat jokowi saat orang sibuk sosialisasi ikut kontestasi calon presiden republik indonesia jokowi harap dukung bakal jadi presiden ri tidak men capreskan calon punya dukung milik jokowi senang hati ikut kontestasi capres lihat jokowi tanya soal pencapresan wartawan media jokowi bilang copras capres copras capres gak mikir soal penting kerja aja jawab jujur jokowi tidak minat jadi capres kapasitas bicara porsi megawati ketua umum partai demokrasi indonesia juang jokowi nyapres gantung pdi p segitu jokowi tidak utara nyapres jokowi hadap bagai jegal teror politik hadap jokowi tenang lihat kader kader partai politik terus jatuh kredibilitas jokowi lewat nyata nyata rendah nyata nyata tinggi elektabilitas jokowi jokowi tidak men caprekan anda megawati benar benar men capreskan jokowi pilpres dukung jokowi terus beri dorong jokowi maju jadi capres pilpres datang jokowi tolak pencapresan rasa jokowi sulit tolak dipungkiri jokowi tokoh populer indonesia kampanye jadi calon gubernur jakarta tindak tanduk pria kurus lahir tahun silam jadi sorot media bagai lembaga survei sebut jokowi capres potensial ayah tiga anak maju pilpres prediksi kalah capres prabowo subianto aburizal bakrie jokowi nyapres tunggu megawati beri sinyal pdi p calon jokowi jadi capres pilpres megawati benar benar kubur ambisi calon jadi presiden sumber foto politik kompasiana,1,10,6,4
sosok jokowi jadi magnet pilpres kali tidak milu tahun tahun tahun pilpres asa luar milu masyarakat asa apatis pileg pilih golput pilpres kali asa benar antusias masyarakat pilih saksi betapa pilih pilih luar negeri antusias datang tps pilih presiden hendak negara surat suara tidak cukup kampanye hitam kampanye negatif terus terus seliwer dunia maya tambah magnet pilpres kali sahut bantah dua dukung calon presiden buat sosmed riuh rendah bagai trik lancar jatuh pihak lawan bagai cara laku ban serang sadar magnet pilpres kali bebas suara sosmed dunia maya sosok jokowi jokowi tidak calon koalisi pdip duga pilpres kali lalu adem ayem pilpres pilpres sosok jokowi fenomenal tahu laku jokowi negeri harap indonesia baik letak pundak calon calon dukung dukung jokowi antusias pilih jokowi jadi presiden ubah indonesia jadi baik tidak tentang jokowi bondong bondong tps pilih bukan pilih jokowi bondong bondong tps tidak ingin jokowi jadi presiden jadi pilpres kali ramai hingar bingar jokowi pihak ama ramai datang tps pilih jokowi pihak ramai ramai datang tps jokowi tidak jadi presiden simpul antusiasme pilih kali sosok jokowi bukan bukan jokowi jokowi,1,15,6,9
artikel jokowi sungguh bosan ibarat makan hari hari menu aja bosan walupun lauk sungguh gugah selera yakin ganti menu boleh pilih blog keroyokan artikel jokowi tebar jelang pilpres nyata bukan dukung jokowi rajin bikin artikel capres idola benci jokowi latah buat artikel judul jokowi nya perbedaanya jelas artikel benci jokowi jauh jauh giring opini fitnah hujat ngelus dada jujur bosan artikel tema jokowi kompasiana tulis dukung tambah artikel jokowi tulis benci bikin muntah tidak ada tema tarik manfaat buat artikel tulis tema putar jokowi melulu baca tanya kalo bosan artikel jokowi baca tahu jawab sila cermat resap kalimat bawah lampias bosan sosok jokowi cara coblos gambar jokowi kuat tenaga pilpres juli datang ajak benci jokowi kalo sayang capres idola laku saran pilpres juli besok elus gambar capres idola lembut kali rusak gambar capres gagah tusuk paku tidak paku mubadzir arah paku tusuk gambar benci gambar jokowi simpel bukan,1,7,10,-3
kalkulasi menang jokowi pilpres hasil survey belum lama tempat jokowi urut atas kandidat capres pilih indonesia kalah prabowo mega taufik kiemas minta komentar kena hasil nyata ambil simpul hasil kata tunggu tahun trend tetap jaga nyata trend jokowi effect tetap lanjut pdip berani aju jokowi capres jokowi kalah calon calon aju partai opini tulis pergi jokowi tugas pdip jadi jurkam jabar sumut tidak semata mata bantu menang cagub pdip skenario sembunyi kenal jokowi tingkat nasional berita kena jokowi sebar indonesia perlu jokowi muncul tengah tengah warga sumut misal bukti banyak warga sengaja datang lihat sosok baca media jokowi effect tingkat elektabilitas pdip pileg pilih jokowi belum pilih pdip minimal pilih pdip jokowi tetap pilih pdip pdip fokus garap massa ambang jadi target tingkat suara pileg ikut kalkulasi sederhana pdip aju jokowi capres baik pdip damping jokowi cawapres punya track record bersih rustriningsih petinggi pdip tidak calon rustri pilgub jateng orbit tingkat nasional simpul jokowi punya peluang besar menang putar lawan aju partai jumawa jokowi fokus tahun minimal lihat jakarta baik pimpin jokowi jokowi bukan malaikat jadi presiden otomatis soal beres minimal liat jokowi calon baik tinggal jokowi pilih menteri benar benar profesional benar benar kerja bersih benar benar guna anggar besar besar penting rakyat tidak perlu pdip minta jatah menteri posisi apa jokowi besar jokowi otomatis besar pdip rakyat apresiasi pdip jokowi hasil,1,17,3,14
jadi jokowi maruk penasaran jokowi maju pipres datang berulangkali tanya jokowi besedia maju pilpres datang jawab dengar ga mikir bikin orang penasaran hasil bagai lembaga survey tunjuk jokowi atas calon pilpres deklarasi anyar hasil survey indo barometer tunjuk jokowi tetap atas ibu nama sulastri tanya langsung jokowi jokowi nyapres benar bapak jokowi nyapres tidak tanya sulastri perempuan aku rakyat tanya aju acara dialog publik graha ayom jakarta selatan senin tanya jadi wakil orang penasaran sikap jokowi belum jawab jokowi sulastri lanjut wali kota belum selesai bapak belum bapak jadi presiden rasa maruk bapak selesai benar kata sulastri jokowi tang pilih gubernur dki tinggal tugas wali kota solo belum tuntas jokowi maju nyapres arti jokowi tinggal tanggung jawab gubernur dki belum tuntas maruk kemaruk bahasa jawa paham arti serakah jadi andai jokowi maju pilpres datang jokowi maruk janji maju pilgub dki pilih gubernur dki tanggung jawab belum tuntas tinggal tanya nyata sulastri cukup tohok sikap santai jokowi hebat jokowi tanya nyata sulastri benar benar wakil orang penasaran gimana sih jokowi nyata temu tuntas sirat berita kompas com nyata tanya tidak jawab sikap jokowi tetap mester penasaran terus bikin penasaran sapai sumber kompas com,0,13,1,12
citra jokowi masalah cukong panas dingin jokowi dapat puji orang tolol media berita giat blusukan jokowi belakang jokowi paksa gigit jari tingkah pola semenjak resmi calon capres telanjang jokowi sebanrnya level jokowi mulai tampak bilang pantas jadi lawak bareng sule azis gagap ketimbang nampil ajang pilpres negara republik indonesia duduk ratus jiwa jokowi milik cakap pribadi pantas jadi pimpin negara besar pertama pidato jokowi undi nomer capres jokowi lihat milik etika balas salam hormat prabowo tambah senak perut langsung kampanye teriak pilih no yg notabene langgar atur milu acara deklarasi kampanye damai gambar atas jokowi lihat kaku jin rasuk jokowi serta tepuk tangan gandeng tangan bincang jokowi patung pinokio tek gerak tatap depan benar ulah jokowi bikin ngakak nyata tuai komentar negatif sikap tonton jokowi nyata buka mata rakyat indonesia pdibadi jokowi belum siap calon presiden perlahan elektabilitas jokowi turun cukong penting jadi sponsor jokowi rasa panass dingin trik citra kira dongkrak ppopularitas jokowi media senang hati liput giat jokowi jelang pillpress tanpa bayar cukong jokowi jadi capres masalah objek jokowinya kerap memperetontonkan ulah konyol bikin ngakak fakta nilai plus saatu nya jokowi dapat tepuk tangan orang tolol blusukan masalah tidak mepet dekat pilpres jokowi blusukan emang blusukan orang nyapres blusukan loll waktu depan cukong jadi panas dingin dekat debat capres dikawatirkan acara penting jokowi jawab ndaak mikiiiiirrr tanya bu mega opppo to joook jok kumpul artikel unik,0,13,5,8
jokowi sang trouble maker yakin yakin yakin jokowi tidak nyapres yakin yakin yakin tokoh nyapres tidak milik rekam jejak bersih jokowi tau tidak satu nyapres alam urus wilayah jokowi dua serang jaga gawang sebelas dua utama jokowi anti tesis anomali revolusi sikap mental selenggara negara dua utama jokowi mampu gerak sadar masyarakat jabat milik sikap tindak salah dua situasi tempat pusar berita salah jokowi capres milik tidak milik capres tidak beli lahir hati rasa sayang masyarakat harap masyarakat tuju indonesia baik perlu ajar masyarakat baik buruk sungguh masyarakat tidak bodoh capreskan jokowi terima arti tinggal tugas urus jakarta tidak urus jakarta bagi urus indonesia klaim rakyat harap jokowi jadi presiden ri bukti hitung suara pilpres akhir toleran pencapresan tokoh masa lalu terima sikap terima tolak capreskannya jokowi pilpres jokowi harap tuju revolusi sistem republik jokowi trouble maker benalu negeri salam,1,13,4,9
pdi juang takut duet hatta jokowi jumlah hasil survei umum lembaga survei belakang cuat nama hatta jokowi pasang ideal punya peluang besar menang pilih presiden pilpres datang duet hatta rajasa menteri koordinator bidang ekonomi joko widodo jokowi gubernur dki jakarta sambut positif kalang daerah solo jawa tengah tebar spanduk dukung duet maut sisi jadi ancam partai demokrasi indonesia juang pdi juang rencana usung ketua umum megawati soekarnoputri calon presiden partai lambang banteng moncong putih tanggap bagai dukung atas pasang hatta jokowi sekretaris jenderal sekjen pdi juang tjahjo kumolo angkat bicara soal nama enak tahu jokowi figur taat instruksi tugas ibu ketua umum pdi p biar jokowi laksana janji bangun dki gubernur pilih soal tahun tahun biar putus pdi juang bukan jodoh orang partai kata tjahjo tanggap wakil ketua dpd laode ida salah calon legislatif partai amanat nasional pan waktu keluar himbauan dukung pasang hatta jokowi pilpres berita kabarcepat com senin nampaknya tjahjo tidak suka wacana pasang pilpres hatta jokowi arti pdi juang khawatir takut popularitas mega kalah hatta jokowi patut cermat popularitas elektabilitas jokowi terus anjak naik jadi salah capres potensial megawati sang ketua umum pdi juang partai jokowi bernanung hasil survei kalah jauh popularitas mantan walikota solo kompas com senin sebut faktor megawati peran dominan popularitas pdi juang berita media hasil survei lembaga survei nasional lsn pilih mula sebut sosok gubernur dki jakarta joko widodo beri sumbang faktor sebab pilih partai besar persen megawati atas partai oleh dukung persen mega kalah populer partai mega anggap konservatif feodal hasil survei tunjuk jokowi effect pdi juang ujar direktur eksekutif lsn umar s bakry hotel atlet century park jakarta minggu lsn umum popularitas partai politik mata pilih mula unggul pdi juang oleh persen ikut partai golkar oleh persen partai hanura oleh persen hal jokowi nama hatta terus cuat hasil survei hatta belum nyata maju pilpres kaca ulas atas pantas pdi juang was was kader baik caplok partai jokowi menang telak atas megawati ajang pilpres sah sekjen pdi juang berang kader baik jokowi duet kader baik pan,1,13,8,5
baik jokowi usung partai tinggi elektabilitas jokowi lembaga survey anugrah besar pdip partai untung dapat kader jokowi elektabilitas jokowi manjadi sia pdip tidak cerdas kelola isu lemah elektabilitas jokowi program temu jabat asing usaha turun program partai lemah eletabilitas jokowi masuk ingin pdip duet jokowi kader internal partai pikir tindak kontra produktif sosok jokowi sederhana tidak ambisius point posistif jadi jokowi dapat tempat hati rakyat pilih walikota gubernur style jokowi karakter jokowi style kampanye capres campur tangan partai kurang style jokowi partai mndorong jokowi tampil bukan jokowi asli terima tamu asing manuver politik baca publik ambisius lihat style jokowi kampanye jokowi tidak jor an tidak statemen umbar yg antar jokowi jadi orang no dki jokowi karakter asli tentu langkah politik hadap pilpres tidak lama gelar tanpa campur tangan partai beranda jokowi usung partai pdip tentu capres internal misal megawati puan misal yakin jokowi lenggang mulus jadi r jokowi ada partai tidak nafsu kuasa rakyat tidak suka pimpin ambisius pimpin sederhana jujur kerja keras tidak ambisius dapat tempat hati rakyat sayang jokowi ada lingkung pimpin partai ambisi duduk pimpin kuasa image tidak imbas jokowi capres calon partai mudah an jokowi partai tidak buat blunder besar kursi r raih,1,14,8,6
tanda kalah jokowi jk pilpres publik gagal tangkap kesan jokowi jk sosok baik prabowo hatta alih alih timbul citra positif ber bajaj ria kpu ikut edar foto jokowi anies baswedan pesawat pribadi buat publik nilai jokowi jk lebay daftar kpu tampil pidato jokowi acara resmi kpu kurang sakses banding prabowo buat publik tanya putar kapasitas jokowi presiden milik mampu lokal global tambah edar video wawancara bahasa inggris yg laku prabowo jokowi reporter media asing prabowo tampak alir jokowi bata bata publikasi massif deklarasi dukung prabowo hatta bagai kelompok masyarakat kesan pasang dukung ketimbang jokowi jk pileg jokowi kes santun tidak tanggap sindir arah pilpres justeru jokowi kes serang prabowo hatta gagas visi misi anggap tidak genuine milik jokowi buat masyarakat kurang respek jalan tol laut nyata gagas pendulum nusantara masuk program mp ei cabut subsidi bbm tahun gagas polisi bawah menteri kaum intelektual lihat visi misi prabowo hatta jauh bumi ketimbang jokowi jk isu sensitif pdip instruksi kader partai awas khatib waktu salat jumat buat umat islam kecewa alih alih laku bantah cerdas salah juru bicara tim jokowi jk justeru benar isu alas kampanye hitam jokowi jk masjid masjid anggap masif publik tangkap isu langgar ham arah prabowo justeru jadi komoditas politik tahun prabowo damping mega isu ungkit ironis publik justeru lihat tim sukses jokowi jk dapat sosok duga libat langgar ham atas kertas dukung prabowo partai politik jauh besar jokowi jk partai dukung gerindra pan pks golkar ppp solid tambah dukung partai demokrat gabung mahfud md rhoma irama tim prabowo hatta buat kuat pasang tambah potensi gerus dukung massa pkb jokowi jk gabung mahfud rhoma kira buat persen dukung massa pkb alih prabowo hatta jadi partai dukung hanura pkpi nasdem prabowo cerdik main isu kampanye ketimbang jokowi prabowo kesan pihak tanggap prabowo isu timpa jadi sosok elegan komandan tim menang prabowo hatta jauh populer ketimbang jokowi jk elektabilitas prabowo hatta terus tingkat kalah jokowi jk jakarta barometer fenomena kalah jokowi jabat gubernur dki tampak terus jadi daerah daerah kalah jokowi lihat sang capres tampil juru kampanye kandidat gubernur jumlah wilayah akhir kalah jokowi effect tidak bukti daerah,0,12,14,-2
jik jok ters ap slan ancam jokowi bikin keder bangsa jin mulai barat benua tengah poros maritim canggih pasal debat pilpres malam jokowi unjuk tegas bin berani kata coba coba ta bikin rame tegas gitu lho sangkut cemburu prabowo gambar milik tegas jokowi imbang tantang perang negara tetangga tanpa ba bi bu coba coba ganggu daulat nkri luar jokowi berani jokowi milik berani spektakuler milik banyak jabat lepas plus minus berani jokowi buat orang nganga panglima tni kapolri berani jamin berani laku berani datang bis karat jakarta orang punya nyali laku orang penting warga jakarta hari tindih soal macet tiba beli bis baru jokowi manipulasi harga beli persen benar benar nekat berani lebih bajak laut jadi jokowi sangka lanjut jik jok ters ap slan hukum adalahg hukum politik politik kpu jamin keikutsertaan jokowi pilpres soal jagung kpk atur prediksi sogok lapor hasil audit bpk sampai kpk jokowi panasbungnya hati hati menit setriap detik abraham saamad bocor sperindiknya jokolover menang bombay kuciwa,0,13,3,10
jokowi jk sumber foto detik com strategi pdip sodor jokowi jadi capres bakal hasil untung besar baliho spanduk caleg pdip indonesia cantum nama foto jokowi capres pdip samping kata indonesia hebat jokowi kenal kenal lapis masyarakat jokowi effect benar benar centang bahana besar mungkin suara pdip tingkat banding milu bukan arti jokowi sukses jadi presiden ri pilpres populer belum menang saing saing berat jokowi susun strategi jitu kalah jokowi kaca mata tulis orang layak jadi saing berat jokowi pak yusuf kalla kenal sebut jk pak dahlan iskan capres orang anggap saing tidak berat pak jk pak benar benar maju capres peta saing capres tiga rame tegang main sepakbola tiga main layak sebut main bintang lapang khusus capres jokowi jk dua rela jadi cawapres sanding jadi capres cawapres pasang ideal jokowi jk teman bilang jokowi tanpa jk jadi oowi he he he,1,11,2,9
jokowi mulai jadi jurkam bait lagu bunyi suruh datang jakarta suka rasa barangkali makna berani jalan jadi pilih tanpa gantung pihak makna semangat tunduk jakarta rasa suka makna kira kira makna bait lagu cocok tuju pihak pihak berani maju pilkada laku maju percaya pantas pilih bilamana kampanye tidak percaya lindung mampu pihak timbul tanya jadi kepala daerah kampanye menghandalkan pihak tingkat mampu pilih jadi kepala daerah jadi salah cagub jawa barat hadap giat kampanye pasang cagub sebut populer paten pasang jokowi si gub dki kampanye penting tidak tanggung tanggung pasang paten lantang kata tidak malu sebut kloning jokowi jalan tugas pimpin tiru gaya pimpin jokowi jawa barat jakarta masalah beda heran sedia jokowi jadi jurkam jokowi jemput jakarta pasang paten kendara kai rombong tuju bandung kampanye jurkam jokowi tanggal prediketnya bagi gubernur dki rela jadi jurkam kampanye pasang paten jokowi berani beri garansi prediksi pilkada jalan putar jokowi abai resiko bakal jadi bumerang bilamana garansi kelak tidak sesuai nyata depan kali jokowi tinggal jakarta jadi jurkam penting pihak hubung pihak tega tinggal jakarta masalah belum selesai usut punya usut nyata bandung jokowi tunggu megawati rombong barangkali jokowi jadi jurkam mega pilpres datang pantas jokowi alas fokus kerja dki tolak harap masyarakat maju pilres datang jokowi tidak saing mega maju pilpres tolak jokowi calon masyarakat jadi ri kecewa waktu tanya jokowi jadi jurkam mengkedapankan harap rakyat pilih jadi gebernur dki terima usul calon jadi ri,1,15,2,13
prabowo vs jokowi manuver politik pintar anak bangsa indonesia baru jokowi prabowo prabowo jokowi opini orang awam dunia politik opini bukan tanpa alas dasar analisa bilang lucu tidak masuk akal jadi pilpres awal kampanye calon legislatif skenario sebenarnnya mulai baca nyata prabowo diskredit sosok jokowi bohong tidak amanah ungkap ungkap santai tanpa dosa jokowi balas ora po po lihat background prabowo keluar kata kata hujat tidak lihat sosok jokowi jabat gubernur dki jakarta hujat meja hijau pasal cemar nama baik pasuk pilpres cukup fenomenal sensasional laku dua capres pilih rakyat jokowi jk pilih uniform putih putih pakai perang kampanye prabowo hatta ikut warna jokowi jk kalah ubah pakai kotak kotak utk jokowi putih jk colok saat jokowi jk buka rekening dana kampanye lapor kpk jokowi bukan jabat publik syah syah kpk pasang prabowo hatta ikut ikut buka rekening olah prabowo posisi jadi figur copy paste aksi laku jokowi politik seni ilmu raih kuasa konstitusional non konstitusional manuver politik laku prabowo jokowi opini tulis manuver politik cantik luar pecah konsentrasi kubu kubu partai milu legislatif mulai konsentrasi pilih pecah jadi partai gerindra usung prabowo pdip partai usung jokowi capres manuver politik pintar baca partai partai punya analisa tulis munculah kampanye kampanye hitam bau sara inti adu domba dukung prabowo maupu jokowi indikasi baru baru jadi kuak orang balik terbit tabloid obor rakyat sarat bohong publik isu sara nyata orang bukan tim sukses prabowo mapun jokowi jadi warga negara pintar tau arah tuju manuver politik inti prabowo posisi kalah pilpres skenario mabuver manuver lihat bodoh tuju rakyat pilih jokowi banding pilih pancing kampanye kampanye hitam skenario oknum oknum bukan dukung prabowo jokowi partai partai sakit hati tahu manuver cantik prabowo jokowi tuju bongkar runtuh tirani sulit hancur modal jujur politik rasa hormat harga prabowo subianto rela korban bangsa ikut ingin coblos no usung joko widodo presiden ri periode photo liput dot com,1,14,9,5
jokowi laku keras assalamualaikum wr wb aneh bener ngikutin pola pikir politik bangsa pak jokowi baru jabat bulan gubernur dki udah ajak level jabat tinggi belum janji realisasi beliau benar benar sibuk tepat janji kampanye aneh elite politik partai coba rayu pak jokowi jadi bagi agenda politik transaksionalnya wacana bujuk rayu pak jokowi tiga tawar politik tuju pilpres pertama wacana duet arb jokowi partai golkar dukung jokowi jelas ngempet ngguyu dengar duet laksana bukan naik elektabilitas arb turun nilai jual jokowi bagi orang lihat reputasi arb cipta bencana sosial sidoarjo tokoh balik layar politisasi sepakbola nasional belum nasabah bakrielife rekam jejak korupsi konspirasi kader partai kuning licin jadi mungkin besar citra positif jokowi tel aura negatif arb golkar dua dapat ramadhan pohan harap jokowi ikut konversi partai demokrat ngajak jokowi lucu sikap partai dinasti cikeas wacana jendral pramono maju pilpres nyata adem ayem pak jokowi sedia udara hangat datang pd punya amunisi bagus nama anas urbaningrum sayang anas ganjal takdir enak tiga baru lempar wacana mbah amien rais duet hot jokowi hatta tanggap kompasianer jauh negatif faktor amien faktor hatta tulis rasa faktor amien hatta buat jadi negatif analisis amien kenal politikus oportunis hatta jabat minim prestasi menantu presiden ikut setia perintah saran tulis pak jokowi kerja baik jakarta hehee selamat ibadah puasa kompasiana moga jadi berkah wassalamualaikum wr wb,0,14,11,3
jokowi bukan level cawapres wacana sanding jokowi ical kemu petinggi golkar agung laksono ingin amien rais pasang jokowi capres partai amanat nasional pan hatta rajasa anggap wacana serius olok olok pokitik olok olok politik muncul tinggi tingkat elektabilitas jokowi bursa capres anggap olok olok politik tempat jokowi cawapres ical cawapres hatta rajasa politis kata jokowi baru pantas level cawapres elektabilitas jokowi capres peringkat atas yakin tanggap wacana jokowi senyum tidak sibuk urus pencapresan masyarakat tanggap wacana negatif wacana ubah tempat jokowi capres ical hatta cawapres wacana patut timbang tetap dapat respon negatif publik jelas publik tidak ingin jokowi sanding ical hatta track record dua tokoh tidak patut sanding jokowi jokowi tidak pantas tempat cawapres jokowi tidak pantas tarung bursa capres kandidat capres biar generasi wiranto prabowo megawati ical hatta taung pilpres tokoh tokoh uzur jokowi maju jadi capres jokowi hadap lawan imbang jadi wacana tempat jokowi posisi cawapres olok olok politik jadi cawapres jadi capres aja jokowi belum perlu lawan bursa capres lawan imbang jokowi jokowi maju nyapres kandidat capres berharapa menang asal tidak politik curang,1,7,6,1
capres pks jk jokowi ah betapa harap jk jokowi pimpin republik indonesia ikut salah dua serah baik jk jadi presiden jokowi jadi wapresnya usia mungkin jk tugas periode lanjut jokowi tampil pimpin alam alas harap nilai dua tokoh milik sifat sifat negarawan unggul sederhana bicara sederhana perilaku suka kerja keras baca jelas jalan pikir soal bangsa atas maju capai anda jk jokowi pimpin jk jokowi mungkin ikut pilpres alas partai calon punya partai partai partai punya capres ketua umum partai diri jembatan milik tuju pilpres calon orang satu partai mungkin antar jk jokowi tuju pilpres pks pks belum punya capres cawapres partai kader pks tidak kendali tokoh diri macam murni aspirasi kader kader sedia rekan rekan ide kompasiana peran buka jalan jk jokowi bahu bahu suara aspirasi kader kader pks dengar banyak suara dukung mungkin besar dpp pks pimpin anis matta mengakomodirnya tuntut dpp pks ucap janji milu isi janji pks calon jk jokowi jadi lupa daging sapi serah urus kpk kompor pks capek debat politik hujat umpat pimpin setia belum dapat,1,7,4,3
modal besar yusril kalah ahok rebut kursi gubernur dki yusril ihza mahendra tribunnews com bian harnansa tidak lama acara hebat yusril ihza mahendra jadi gubernur dki jakarta hari hari yakin yusril menang besar banding calon gubernur lulung taufik sandiaga uno adhiaksa daud ridwan kamil yusril rasa jauh atas angin jadi batu sandungan besar yusril rebut kursi gubernur basuki cahaya purnama alias ahok lawan ahok dki jakarta yusril tidak takut yusril ahok jadi gubernur dki jakarta bukan juang ikut nebeng popularitas jokowi ahok aku ketiban hoki jadi gubernur dki jokowi naik jadi presiden jadi yusril yakin tarung rebut kursi gubernur dki jakarta tahun tarung sulit ahok peluang ambil yusril rebut posisi ahok tujuh modal besar ikut pertama yusril aku kumpul ktp dukung jadi gubernur dki jakarta ahok tengah mati kumpul ktp orang dukung acara hebat yusril lihat jago silat lidah ktp pilih partai pbb jadi yusril klaim dukung soal ktp dki tidak soal penting ktp dukung indonesia dukung pindah jakarta bayang betapa besar dukung yusril dua yusril aku kalah ahok jakarta duel lawan arti kuat dukung satu padu lawan ahok yusril praktek peribahasa lama kata satu teguh lawan ahok cerai runtuh kibul ahok calon tampil kalah ahok suara dukung bagi jelas tidak efektif efisien jadi lawan ahok kuat konsentrasi yusril maju tantang ahok yusril mulai himpun dukung partai golkar pks ppp pan dukung tidak tutup mungkin dukung partai kerucut orbit yusril tiga yusril praktek strategi kakak yuslih hasil kalah adik ahok belitung strategi yusril janji mudah urus izin izin bagai usaha jakarta harmoni dprd kait apbd damai preman parkir liar mukim liar usaha nakal yusril depan damai harmonis perintah promosi lihai leh yusril buat ahok kalah telak bukti yuslih belitung empat yusril ingat warga jakarta mayoritas muslim tidak pilih pimpin tidak agama strategi pandang yusril tetap efektif efisien ahok non muslim jelas tidak kutik yusril hasil ingat warga jakarta prinsip dunia islam tambah perilaku santun sopan halus dipertotonkan yusril publik alih dukung ketimbang ahok kasar garang sombong lima dasar yakin yusril kalah ahok yusril punya partai pbb dukung partai ahok belum punya partai andal jalur independen yusril andal jalur independen yusril andal gabung partai partai lawan ahok belum punya partai jadi milik dukung partai yusril jelas unggul ahok golkar dukung yusril otomatis tv ical tv hary tanoe terus terus berita citra yusril belum komentator margarito kamis terus bentuk opini peluang besar yusril jelas modal besar enam yusril laga pilkada rebut kursi gubernur dki tarung opini nama argumen banding ahok jelas yusril hebat yusril kerap menang aneka perkara kalah sby jadi presiden lihai main kata celah hukum yusril main celah lemah ahok masuk celah hukum jegal nyali ahok putus kontrak pt godang tua kelola buang sampah bantar gebang jadi ciut pt pilih yusril acara soal hukum jelas ahok kalah telak lihat mantan kepala sma pecat ahok hasil kalah ahok ma perintah kembali jabat sang kepala sma pecat modal besar acara hebat ahok kalah tujuh faktor alam birokrat entertaimen yusril tokoh nasional alam panjang birokrasi perintah yusril jadi mensesneg jadi menteri hakim ketua umum partai calon calon presiden wakil presiden yusril sukses jadi best lead actor in a foreign language film berkat akting film legend of the east ahok baru alam jadi bupati anggota dpr gubernur kalah jauh banding yusril faktor alam birokrat entertaimen jual yusril kalah ahok tujuh modal besar guna yusril kalah ahok jakarta ahok lawan yusril datang tujuh modal besar gede gajah cukup lawan kerja keras badak sawah tulus merpati cerdik ular hehe salam kompasiana asaaro lahagu illustrasi gambar,1,26,35,-9
yusril terus nebeng ahok sus jokowi tinggal sby publik muntah ahok gusur lahan luar batang jadi lahan buka hijau yusril datang bela warga lawan pemprov dki jakarta komando ahok hebat yusril ikut keruh suasana lontar isu negatif yusril kata ahok rencana gusur mesjid jam kampung luar batang jaring jakarta utara ahok rencana cantik mesjid jam luar batang ahok gusur lahan luar batang bukan mesjid yusril sorot media muka tetap eks televisi ahok ambil alih kelola tempat sampah bantar gebang pt godang tua jaya yusril datang jadi bela alias acara pt godang tua jaya berita tpst bantar gebang indikasi rugi negara wanprestasi alias tidak mampu penuh target daur ulang sampah jadi pupuk konversi gas metan jadi energy listrik karbon atas dasar ahok putus kontrak kerja pt godang tua moment manfaat yusril bela godang tua sorot media wajah terus eks media selebritis kait menteri lulus smp yusril terhentak lihat tingkat populer hebat menteri sus pudjiastuti unggul profesor yusril terus tunggu tepat nebeng popularitas menteri sus waktu tepat datang hampir tanggal agustus kapal silver sea ii tangkap kkp tni anggap laku illegal transshipment yotin kuarabiab milik kapal motor motor vessel mv silver sea ii laku lawan yusril sewa acara yotin kuarabiab aju somasi menteri laut ikan kkp hasil yusril sorot media wajah tetap eks televisi jokowi restu menkumham yasonna laoly terbit sk golkar agung laksono ppp versi romy yusril datang bela golkar ical gugat sk hasil golkar ical menang ma yusril terus sorot media jadi menang isu reshuffle jilid ii terus gulir yusril datang kritik jokowi minta jokowi tempat orang orang cakap mampu kabinet soal pimpin jokowi yusril pedas kata tidak jadi menteri jokowi jokowi pilih alas jokowi pimpin lemah tidak jelas yusril kapasitas jokowi kapasitas wali kota bukan kapasitas presiden yusril beri dukung kapasitas nasional turun level benah dki lebel daerah ucap yusril jadi santap media tilik belakang era sby sepak terjang yusril dongkrak popularitas sungguh luar terus lawan perintah laku bagai gugat total yusril tujuh kali menang lawan perintah ibarat tanding bola menang gugat yusril atas perintah bukan menang telak menang tanpa lawan yusril tetap sangka kasus sisminbakum lihai baca celah hukum yusril hasil buat jaksa agung keluar sp atas kasus yusril terus jadi sorot media sby lengser kuasa tidak popular yusril tinggal sby kondisi puruk waktu sama yusril terus cari tebeng baru tahan dobrak terus popularitas sosok sosok jokowi sus ahok tiga orang sosok popular media heran logika cerdas yusril incar tiga orang jadi tebeng yusril rencana maju tantang ahok pilkada datang incar kasus kait pemrov dki jakarta lewat cara yusril terus tahan wajah televisi media online lawan bijak ahok sorot televisi bagai media online ingat taktik si jonru popular terus lawan jokowi coba jonru lawan sosok kelas lulung tidak kenal yusril jelas cerdas ajar iklan lewat nebeng sosok sosok popularitas tinggi yusril tidak semberangan lawan jokowi ahok timbang kasus kira kira celah lemah hukum tanya yusril tidak datang kalijodo gusur ahok bulan februari jelas yusril kalijodo tidak untung yusril bela kalijodo arti bela prostitusi bela gusur bela lawan ahok heran kalijodo yusril diam batu luar batang yusril ikut kicau nilai jual popularitas warga luar batang yusril cari panggung baru lawan ahok yusril lihai guna nama besar lawan angkat mesomasi menteri sus nama muncul media kritik jokowi nama muncul media terus semprit ahok bantar gerbang nama muncul media lawan bijak ahok luar batang nama muncul media panggung guna yusril nebeng popularitas ahok sus jokowi depan perlu sadar yusril yusril paham benar aksi nebeng buat orang muntah yusril kadang tidak lihat kasus buat masyarakat miris yusril lawan menteri sus kes bela kapal curi ikan publik jelas muntah alas muntah jadi salah sebab partai yusril bulan bintang sedap lezat lirik orang yusril taktik nebeng buat orang muntah partai bulan bintang tinggal nama salam kompasiana asaaro lahagu illustrasi gambar,0,18,16,2
yusril santai ahok ngos ngosan ahok tuduh ex walikota jakarta utara pro yusril tuduh nyata lihat tidak mampu kampanye cerdas ahok ahok minta media kasih panggung yusril statement aneh ahok tunjuk ketidakmampuannya kampanye saing cerdas yusril tantang ahok luar batang ahokpun merespon kata kasih panggung utk yusril lihat yg cemen tong kosong tantang yusril ahok luar batang tantang bukti fakta hukum bukan nantang adu fisik respon ahok cuman koar koar kosong ptun kasus sodet bidara cina ahok kalah berani terima tantang yusril bulan mei rencana gusur luar batang media pro ahok mulai jual opini masjid luar batang jadi wisata rohani ruhut sitompul koar kosong media yusril ruhut bilang yusril pustaka jalan presiden tahu apbd dki tahun april baru serap gak ahok banyak koar polemik hampa ahok tuduh ex walikota jakut pro yusril stlh klarifikasi ex walkot yusril ahok kata guyon tahu kayak gitu tipe idola ahok fitnah rustam pro yusril tulis tempo dagang opini ahok pimpin adil otak rustam effendi punya istri anak gimana asa keluarga sang kepala keluarga fitnah ahok undur diplintir tempo mamah dedeh klarifikasi soal tohok yusril direspon klarifikasi cepat mamah dedeh yusril tegas tetap tindak fair elegan tolak cara cara belok berita media yusril belum ngapa in ahok lihat klepek ngadepin yusril sampe fitnah ex walikota jakut antek yusril tanding belum mulai ahok ngos ngosan dms,1,8,8,0
yusril rapat pdip manuver politik yusril ihza mahendra raih tiket cagub pilkada dki jakarta golong nekat jadi dasar hitung salah satu tidak tenggelam kancah politik tanah air mantan mensesneg zaman sby sosok kontroversial punya ahli tidak orang mampu tanding ahli ilmu hukum tata negara partai bulan bintang arsitek dapat suara cukup signifikan milu awal zaman reformasi tahun partai identifikasi jelma masyumi nyata perlahan lahan redup milu lanjut tereleminasi senayan salah resah yusril zaman ubah waktu tidak lawan pilgub dki jadi ajang taruh yusril bangkit pbb puruk yusril ikut ramai bursa calon gubernur dki rebut pilkada serentak februari dar awal muncul kes main main perlahan yusril lihat serius raih kursi dki kursi dki lihat harga mata yusril yusril tengah mimpi ikut jejak jokowi cari batu pijak tuju ri mudah yusril raih tiket jadi calon gubernur dki omong kosong tempuh jalur independen tidak hasil yusril mulai dekat partai partai usung secagai calon lobi lobi jauh belum hasil sinyal sinyal partai partai tarik usung sosok yusril kontroversial pintar susah kendali jadi sebab partai partai butuh waktu panjang nilai putus tolak usung partai demokrasi indonesia juang pdip belum lupa megawati ganjal sidang umum mpr agenda pilih presiden ri pdip euforia atas menang fantastis raih kursi dpr ri manuver yusril partai partai islam buat megewati ganjal isu politik haram pilih pimpin wanita proses pilih langsung mpr yusril ambisi jadi presiden pasang badan halang langkah megawati buka jalan gus dus hasil pilih jadi presiden ri sejarah catat gus dur jatuh buat megawati jabat wakil presiden otomatis lantik presiden ri kait upaya yusril raih tiket calon gubernur dki pilkada akhir akhir baca manuver politik yusril harap usung pdip yusril hasil raih ingin harap partai partai khawatir sosok kontroversial jadi megawati punya pandang yusril harga ahli tempat posisi tepat sesuai ahli kabinet jokowi jk pilih tepat baik pdip usul yusril jadi jaksa agung sumber ilustrasi,0,11,10,1
sabar nanti yusril jadi gubernur jakarta tidak sabar rasa nanti yusril ihza mahendra pilih jadi gubernur dki jakarta maklum sekian tokoh aku pantas ganti ahok yusril proaktif laku road show proklamasi pantas pimpin jakarta jumlah pasang bakal calon belakang sebut sebut kerucut tiga pasang tiga pasang bakal calon gubernur dki jakarta pertama tririsma harini djarot saiful hidayat catat risma tidak jijik jilat ludah dukung pdip dua ahok heru budi hartono jalur orang independen tiga yusril ihza sandiaga uno partai gerindra pks lihat gaya bicara rasa percaya yusril yakin bakal keluar juara turnamen pilkada serentak gelar februari jakarta tunggu februari tarasa lama yusril menang wartawan kejar pakar hukum tata negara nara sumber milik predikat baru gubernur pilih pasti koran majalah tulis sosok yusril tidak sabar baca feature karya wartawan media massa cetak online ulas yusril kalimat kira kira tahu kalimat kalimat atas bantu wartawan tulis feature yusril pilih jadi gubernur dki jakarta hari rabu mei belum parpol usung dukung sila copy paste kalimat kalimat atas kalimat kalimat tidak lindung uu hak cipta,1,6,2,4
yusril hebat satu partai besar kalah ahok prof yusril ihsa mahendra bakal calon gubernur dki usung baru ppp djan faridz kira partai partai koalisi merah putih kmp satu pemilihhan gubernur kepala daerah jakarta tahun harap prof yusril ketua umum partai bulan bintang pbb partai partai diri luar perintah maksud gerindra golkar demokrat pks satu kalah tahana gubernur ahok prof yusril ihsa mahendra jelas partai partai partai luar perintah bicara ketua umum pdip megawati dapat dukung partai demokrasi indonesia juang pdip ikut silahturahhim ikat saudara minangkabau taman indonesia indah minggu tanggal april prof yusril kata konsolidasi terus jalan tidak salah waktu partai partai kmp satu bicara pdip kompas com jadi muara partai satu hadap ahok calon independen hasil baik jelas yusril yusril harap partai satu lawan ahok politik tidak mustahil jadi cetus yusril baca nyata prof yusril atas yusril tidak mustahil jadi yusril tokoh pengalamanya strategi pintar yusril tidak punya kursi dpr dprd dki sepele partai gurem yusril bukan aneh bukan mustahil partai gerindra demokrat golkar partai menang milu pdip dukung ketua partai non kursi pbb usung jadi calon gubernur dki yusril jadi kalah ahok lihat jelas yusril ilian cerdas pimpin optimistis pimpin mampu satu ketua ketua partai partai besar dukung lawan ahok pbb tidak punya kursi dpr dprd dki yusrl lihat yakin percaya partai partai usung kalah ahok yusril pimpin takluk nama nama besar politik indonesia takluk ahok bukti partai partai satu lawan ahok usung yusril pilkada dki rakyat beri nilai benar benar hebat yusril dikte satu pikir ketua partai yusril kalah ahok bukti benar kwalitas prof yusril nyata hebat kalah kwalitas pimpin prabowo mantan jenderal ketua umum gerindra dikte sby mantan presiden ri ketua umum partai demokrat masuk rayu megawati ketua partai besar pdip satu tidak bukti yusril orang hebat yusril satu megawati sby prabowo usung yusril kalah ahok diam orang ragu kwalitas pimpin yusril tidak besar partai bulan bintang pimpin orang nyiyir kata mimpin partai tidak mimpin jakarta tidak tahu sadar yusril tidak cocok pimpin rakyat punya tahu batas indonesia sosok figur pimpin jadi rujuk orang banyak miskin bodoh nilai yusril pintar jadi tidak ikut alur pikir cerdas yusril partai puruk tidak milih rakyat indonesia bodoh tidak pilih pbb arti yusril tidak cocok jadi pimpin kalang banyak bodoh miskin yusril cocok pimpin orang orang besar pintar bukti ketua ketua partai satu rencana jadi partai partai bukti satu usung yusril kata harap yusril atas yusril pimpin pintar bukti takluk pimpin partai besar partai pbb logika ketua partai besar pdip gerindra golkar demokrat atur yusril yusril orang pintar punya alam lebih ketua partai besar ketua partai takluk otomatis kader simpatisan partai mudah takluk yusril suka cita dukung yusril cerdas logika yusril yusril pimpin satu cocok gubernur dki orang jakarta rakyat sulit atur rakyat orang pintar dki butuh pimpin satu jadi cari figur jadi satu lha hebat megawati prabowo sby kenal tahu berangan sulit satu kepiwaian prof yusril rukun satu lawan calon independen ahok tidak kata hebat yusril yusril benar benar satu tokoh ketua umum partai usung yusril kalah ahok rakyat kata nyata ketua ketua umum partai besar kadal yusril usung yusril ketua umum partai gurem tidak punya kursi kader layak bagus tidak kalah yusril pilih yusril anda anda mimpi yusril memeprsatukan partai besar wujud jadi salah rakyat kata ketua umum partai sulap hipnotis dikte yusril kalah ahok rakyat bodoh tidak salah laku nilai putus ambil ketua umum partai partai logika rakyat bodoh sederhana lha ketua umum pbb partai tidak laku usung ama ramai partai besar opo tumon tunggu mimpi yusril wujud yusril tidak salah mimpi satu partai besar kalah ahok,0,35,33,2
yusril tidak bakal nyagub memang yusril maju nyagub sih tidak yusril laku banyol politik doang tidak nyata media baca yusril rasa tokoh nasional pikir jabat level gubernur cocok tokoh kelas daerah yusril nikmat legenda gugat mk rentet menang soal gugat mk pasti menang sebut menang tangan yusril lha tidak menang terus yusril bukan guru besar hukum tata negara bidan jumlah undang undang yusril tinggal kelegendaanhidupnya jabat gubernur dki samping yusril bukan tipe eksekutor pikir debat pas mantap jadi acara soal debat debat yusril masuk tokoh top markotop rajin balas komentar berangan artikel tayang kompasiana curang debat kompasiana bawa yusril ilc tv one teman teman k er tidak debat pikir tingkat begawan yusril bukan eksekutor baik lihat komentar komentar hambur bagai media belum komentar yusril serang ahok soal eyel eyel mah yusril orang yusril suka guyon eyel eyel lucu lucu soal dukung ktp jelas situ yusril tunjuk baik hati ingat teman ahok perhati syarat ktp formulir atur jelas formulir serah kpu cantum nama cagub cawagub biarpun kumpul ktp formulir nama cawagub ahok belum alias kosong ahok tidak cepat tentu bakal wakil soal ktp gagal ahok nyagub independen pikir soal ktp formulir kesalahpahaman wajar depan formulir bukan ktp nya ktp lampir dukung warga tuang formulir jadi jumlah ktp kumpul lebih duduk jakarta formulir bolong bangga bangga coba banding nasdem nasdem masuk surya paloh ingat teman ahok soal dukung ktp jadi baik ahok teman ahok nasdem elu elu teman ahok yusril dibuli lawan ahok soal yusril tidak bakal nyagub bagai rilis survei popularitas yusril cukup tinggi wajar yusril orang ngetop mantan menteri main sinetron kung fu masalah populer tingkat elektabilitas yusril rendah jauh bawah ahok masalah belum resmi deklarasi calon serang yusril tubi tubi datang mirip alami ridwan kamil kata tentu calon hari senin mulai sabtu minggu emil terima serang gencar serang pasti gerus sentimen positif yusril emil mundur calon yusril jadi satu bakal calon ahok tokcer banding bakal calon yusril tonjol islam islam jadi modal yusril dapat dukung latar belakang agama yusril jadi simbol ikon lawan ahok beda emil mesra jokowi yusril kali sentil ledek jokowi sisi yusril punya idola anti ahok anti jokowi jadi kuat ikon yusril besar ketimbang emil masalah yusril jadi simbol guna lampias benci ahok jokowi yusril pasti bukan tokoh serendah tidak terima manfaat kelompok orang lampias nafsu angkara murka yusril milik ego tinggi pasti rasa rendah jadi simbol asal bukan ahok masa sih kualitas kelas yusril jadi simbol asal bukan yusril pasti tanya tanya tidak pantas jual ketimbang jadi simbol kata media lampias benci kotor nama baik diri yusril pilih tidak calon parpol ragu dukung jadi ragu parpol tdak yakin yusril benar benar serius calon,0,26,13,13
kecil peluang yusril menang pilgub dki yups bener sih masbro bulan yusril nyata maju head to head duel ahok hati kecil kata yusril pede yusril ihza mahendra bukan orang sembarang bilang orang indonesia tinggi hebat profesi pasti yusril masuk daftar ahok tidak masuk rangking besar masuk bukan bicara ngejatohin ahok kata yusril cukup hebat mantan menteri hukum ham ketua partai bulan bintang kenal ahli bidang hukum tidak satu jaksa tidak gentar lawan yusril ambil posisi acara tidak satu acara tidak gentar lawan yusril ambil posisi tuntut hebat laksamana cheng ho yusril orang penuh percaya hitung yusril aktifitasnya bidang apa matang yusril tidak salah pikir sanggup kalah ahok bekal alam politis ahli hukum mantan jabat tinggi negara jadi jamin kualitas tidak kalah ahok benar yakin yakin yakin kualitas yusril tidak bawah ahok jadi yusril yusril hebat ahok yusril lupa jadi gubernur pilih juta orang jadi gubernur suka juta orang dki jakarta minimal orang pilih baru jadi gubernur dki jadi menteri kali kali tidak butuh pilih juta masyarakat cukup presiden angkat jadi acara hebat indonesia tidak butuh rasa suka juta orang cukup pintar punya bakat sekolah tinggi milik alam terbang tinggi beda hebat yusril kontestasi tingkat pilgub dki fakta ketua partai yusril nama besar belum hasil bawa partai jadi menang milu legislatif daerah strategis kota kota besar situ letak daya jual politik nama yusril ahok bukan tidak kalah kalah ahok tidak sulit kalah jokowi belum jadi presiden ridwan kamil atas kertas kalah ahok djarot nyata cukup bersih track recordnya cukup suka masyarakat luas kalah ahok yusril muslim warga dki muslim bukan jamin warga muslim jakarta pilih calon muslim banding calon bukan muslim sejarah politik bukti masyarakat luas suka tokoh paham nasionalis bukan muslim non muslim jadi acu kontestasi pilkada sih kurang yusril yusril kurang suka masyarakat luas amat masyarakat indonesia suka yusril hitung batas jumlah konstituen partai pbb kader simpatisan pks simpatisan gerindra golkar orang indonesia kenal baik yusril tidak benci yusril sosok yusril kata kurang suka masyarakat luas banding arb yak arb parah jadi mending yusril hehehee buat masyarakat luas kurang suka yusril pertama mata yusril hebat sadar tidak aura arogansi kuat nampak sosok tampil yusril muka publik buat masyarakat luas kurang suka yusril banding ganteng yusril suka masyarakat luas orang ramah baik hati rajin tabung orang suka wkwkwkwk pertama dua yusril anggap dukung jokowi sosok mantan musuh potensi tetap jadi pihak musuh krusial saudara saudara yusril mesti ingat mayoritas duduk jakarta dukung berat jokowi jadi dapat simpati dukung jokowi tidak kritisi jokowi coba coba kritik jokowi tanpa alas kuat resiko kiamat istilah doang tidak dapat simpati dukung jokowi potensial menang pilgub dki sisi atas kertas pilgub dki prediksi kuat ikut minimal paslon pasang calon hitung kontestan massa dukung jokowi mungkin besar bagi bagi dukung ahok bagi dukung lawan ahok cukup potensial suka simpul bukan yusril tidak hebat bukan yusril muslim bukan yusril tidak punya mampu pimpin yusril bukan sosok suka masyarakat luas yusril tidak suka dukung jokowi bekal hebat milik yusril bukan tidak mampu bawa tuju dki pilih yusril maju pilgub dki simpatisan partai bulan bintang simpatisan pks simpatisan gerindra simpatisan golkar luar kalang rasa sulit harap dukung konstituen batas peluang yusril menang pilgub dki kecil ngomong yusrilnya masbro sambung sandiaga djatot hehehee salam,0,55,24,31
ahok gubernur gaduh yusril ihza mahendra usik paksa keluar tarung acara brilian yusril ihza mahendra gatal tahan usik lawan ahok terus gaduh sebut tanpa lawan pilkada dki tahun datang rasa jantan yusril peran laksamana cheng ho film kolosal gelitik picu jiwa yusril akan luap bahana gejolak lihat sepak terjang ahok dki darah terus alir kencang didih letup letup tantang ahok duel lawan rebut kursi empuk gubernur dki jakarta inspirasi menang kakak yuslih ihza mahendra vs adik ahok basuri belitung yusril ulang duel jakarta lawan ahok sinyal dukung partai golkar gerinda ppp pks yusril nampaknya yakin mampu kalah ahok kerap sebut gubernur sangar pihak prediksi ahok sulit kalah tidak yusril taktik jitu yusril kakak yuslih bukti mampu tekuk adik ahok basuri belitung bilang mampu lawan ahok naluri insting taktik yusril lawan ahok mulai kan turut mampu kalah ahok satu partai tidak simpati ahok muncul kandidat lawan ahok kerucut orang dukung jumlah partai besar mungkin ahok kalah pihak muncul tantang ahok keroyokan jelas buat ahok jaya nampaknya yusril penasaran kisah heroik prabowo head to head lawan jokowi pilpres publik langsung belah dukung prabowo vs dukung jokowi hasil prabowo menang bukan blunder fahri hamzah sebut jokowi sinting kait hari santri prabowo jadi presiden ri kisah seru head to head jokowi vs prabowo terus ngiang ngiang benak yusril acara hebat kondang jenius kerap tang perkara tarung lawan head to head lawan ahok tarung sempurna yusril yusril lihat warga jakarta belah dukung ahok dukung aneka taktik strategi daya maya magis keluar yusril tekuk ahok modal besar yusril lawan ahok jelas yusril milik nama besar sosok acara hebat baik ahli hukum fenomenal kerap menang perkara masuk lawan presiden yusril sekian lama jadi sosok panutan acara hakim jaksa negara segani baik lawan kawan kait sengketa sengketa kasus perdata dengar nama pihak lawan acara sengketa nyali langsung ciut fakta bukti alam yusril politik tingkat tinggi kaya agam sosok berani hasil diri partai bulan bintang partai jaya hasil kirim wakil senayan yusril jadi menteri era sby kendati direshufle sby buah buah pikir yusril brilian tetap nanti dengar perintah gudang alam nama tenar heran yusril berani sebut jokowi presiden jelas visi misi saking bingung lihat jokowi yusril sebut indonesia lihat jalan tanpa komandan dank arena tidak jadi menteri jokowi minta dukung partai yusril milik semangat hebat lawan ahok bagi ahok sosok pimpin gaduh perintah tangan besi kerap buka front tarung frontal ahok yusril sosok gubernur suara kerap merah telinga perintah ibu kota bijak ahok serang dprd bekas pt godang jaya kelola buang sampah dki picu yusril turun langsung jadi acara pt godang jaya bibit bibit seteru buat yusril semangat tantang ahok yusril depak ahok dki kata tarung yusril vs ahok tarung bintang beda aura benar bintang ahok benar terang bintang yusril redup yusril muncul buat bintang terang yusril yakin bintang limited edition republik limited edition buat orang pesona sihir lemah yusril produk limited edition orang orang tarik sihir jelas orang tidak paham limited edition tidak lirik lawan ahok yusril agam muncul sosok pimpin agam santun kata sopan cerdik jenius taktik hasil belitung jakarta tentus beda jakarta butuh kadar gila tinggi jakarta butuh pimpin gila berani perang frontal keras kepala tangan besi muka garang suara kasar basmi preman pkl liar parkir liar gubuk mukim liar anggota dprd usaha jabat rakus uang negara jelas yusril tidak milik kadar gial tinggi ahok yusril tampil bagi sosok pimpin bersih jujur integritas tinggi ragu yusril lolos jerat hukum kasus kasus sisminbakum jerat yusril turut buat publik kurang selera lirik profesi acara publik tidak percaya reputasi jujur banding ahok jelas yusril kalah telak jual yusril publik jakarta layak jadi pimpin tunggu promosi hebat yusril jelas muncul yusril kandidat calon gubernur dki jakarta tidak lepas gaya perintah ahok terus gaduh plus euforia menang kakak belitung faktor ahok terus buat gaduh basmi koruptor buat tenang yusril usik yusril usik periuk dki kering kerontang akibat kurang kasus tangan sebab ahok gaduh paksa keluar tarung langsung lawan ahok salam kompasiana asaaro lahagu illustrasi gambar,0,40,26,14
momen yusril ihza mahendra foto bang yusril pak jk bang yusril jadi menteri hakim pak jk jadi menko kabar maju yusril ihza mahendra buat ulas senyum hias wajah ingat momen bang yusril mantan menteri hakim hak asasi manusia indonesia menteri hukum undang undang indonesia masa presiden megawati soekarnoputri jabat menteri sekretaris negara indonesia masa presiden susilo bambang yudhoyono sebut bukan lantar tim sukses kali ingat pesan sampai bang yusril salah momen momen kesan bukan adzan ashar baru selesai kumandang rapat kerja komisi iii dpr bidang hukum langsung bang yusril menteri hakim minta ijin keluar pimpin rapat agustin teras narang ayo sholat ajak bang yusril betul lewat tempat diri sholat tetap dahulu ikut rapat kata bang yusril waktu gegas tinggal ruang rapat ambil air wudhu orang ajak bang yusril sholat jadi bang yusril orang sholat berjama ah dapat tugas ikut rapat rapat komisi iii waktu jadi tanpa sadar amat biasa bang yusril kerap kali jadi ingat usaha sholat waktu tepat waktu ikut rapat bang yusril menteri waktu benar benar low profile sikap low profile tidak cerita nada dapat rekan kerja segan diskus tukar pikir sela tunggu rapat mulai salah momen abadi baik ikut salah pidato presiden agustus bang yusril ajak pak jusuf kalla waktu jadi menteri koordinator bidang sejahtera foto kenang manis upa foto bagai tahu idealisme bangun perlahan salah satu arti penting sikap tegas pimpin sikap tegas kait jaga manfaat kaya alam besar besar makmur rakyat paham kait fikih islam bang yusril jadi topik diskusi sembari tunggu mulai rapat tepat waktu salah ciri khas bang yusril amat beliau jadi menteri momen yusril ihza mahendra urat senyum wajah utama waktu sholat masuk rapat langsung ayo sholat sholat tetap dahulu ikut rapat kalimat bang yusril rekam baik putar kali senyum rasa malu tunda nunda laksana sholat waktu rapat terus langsung,1,10,6,4
yusril suka jelek jelekin ibu mega sby sih pepih nugraha neh yusril izra mahendra jago soal hukum pakar mumpuni tanding deh pokok wartawan presenter sok sok nanya yusril tanpa siap dikerjain yusril oke gue akuin emang hebat yusril lemah yusril suka nyela orang via twiter gue sih tau kaliber yusril nyela orang bukan soal orang hebat neh hobi suka nyela megawati lewat twitternya anak megawati puan maharani ikut cela sby demokrat pas kuasa kena hajar korupsi ikut ikut cela kayak senjata makan tuan gitu aja ibu megawati buka buka twiter saking sibuk orang keliling megawati punya akun twiter orang orang lingkar ibu mega nunjukin twiter cela yusril soal megawati bisik bisik orang bu udah nyela nyela ibu mbak puan eh daftar jadi calon gubernur dki partai pak sby sih emang suka twiteran jadi perlu tunjuk tunjukin isi tweet nyela sby demokrat pak sby udah tau hebat mantan presiden ri yusril tetap kasih sempat daftar jadi cagub dki jadi masalah yusril entar belum usaha pintu pintu dilulusin dibukain pintu sih iya dicalonin masa iya sih pdip demokrat nyalonin sosok orang udah jelek jelekin ketua umum beda ahok biar kata diperlakuin gimana ibu megawati pas luncur buku megawati tetap ahok gak jelek jelekin ibu megawati ahok tetep aja bilang ahok orang mega,0,10,8,2
ah yusril luar yusril ihza foto mediaindonesia com semangat yusril ihza mahendra tuju kursi dki layak apresiasi luar tiada lelah profesor terus bersilaturahim partai partai politik bingung cari calon gubernur eh tahu tanding basuki tjahaja purnama ahok pucuk cinta ulam tiba tulah yusril pdip belakang kelimpungan cari saing ahok mantan bupati belitung timur sok tahu tuju dki lewat jalur orang independen alhamdulillah beda ideologi yusril jabat ketua umum partai bulan bintang condong agama sambut hangat petinggi pdip nasionalisme bangsa luar suasana benar benar cair moga kelak yusril benar benar usung calon resmi pdip duh bikin hati debar debar syukur syukur yusril menang dki jakarta jadi miniatur indonesia rizieq shihab fpi nya tidak repot repot habis energi panas panas bawah terik matahari khotbah tema yuk rang si kafir ganti ideologi pancasila pantat kasihan rizieq khotbah tidak buat umat tobat banjir bully netizen media sosial kasihan polisi tidak daya lindung fpi percaya yusril jadi gubernur dki jakarta aman tenteram lindung umat warga jakarta polisi tidak perlu repot repot damping fpi menggeruduk acara acara seni nilai rusak aqidah umat percaya pdip ibu megawati bijaksana yakin konstituen tidak rela posisi dki isi ketua umum partai yusril kader boy sadikin tempat posisi dki calon wakil gubernur maklum bung pdip partai buka percaya kader pdip dewasa milik pikir petinggi partai banteng moncong putih tidak kotak kotak tutup politik kotak kota sih masa koalisi yusril layak jadi buka sejarah pdip partai bulan bintang pbb negeri partai besar pdip punya kursi dprd dki jakarta koalisi pbb tidak punya kursi proses calon gubernur moga koalisi akbar gores sejarah kalah ahok kemas rupa dukung dunia maya calon kuat moga koalisi akbar sengaja sebut akbar yusril bukan orang sembarang gelar profesor kelak mampu buat kader pdip bereforia sambut menang yusril jadi gubernur jakarta maklum menang semu pihak ahok lebih tidak tanda tanda mata utama yusril kamis april tandang markas pdip lenteng agung jakarta selatan hadir acara latih manager kampanye pilkada serentak forum yusril sambut senyum sorak sorak gembira petinggi pdip hadir yusril dapat hormat beri bekal serta latih luar usai beri bekal yusril bawa kabar gembira pasti buat dukung ahok galau hore yusril ungkap yakin pdip usul jadi calon gubernur pilkada dki jakarta tahun datang lihat gadang gadang jadi orang pertama ucap yusril kutip mediaindonesia com yusril aku senang sanding ketua dewan pimpin daerah pdip wilayah dki jakarta boy sadikin sebut sebut bakal calon jadi wakil gubernur dki klop kurang aku tidak yusril jasa antar abdurrahman wahid gus dur megawati presiden wakil presiden percaya lho ungkap yusril bagai sempat yusril ikut calon presiden tahu penting bangsa negara yusril mundur calon gus dur megawati mulus jadi presiden wakil presiden belakang megawati naik jadi presiden gus dur lengser tengah jalan megawati laku politik balas budi pdip beri peluang yusril maju gubernur jakarta laku pdip belum banding korban laku yusril megawati yusril beri peluang jadi ri megawati megawati beri peluang jadi dki yusril politik balas budi sungguh njomplang sungguh terlalu ingin yusril jadi dki tidak kabul pdip hari jumat april buka daftar minat jadi gubernur dki jakarta ah netizen nyata anut prinsip senang lihat orang susah susah lihat orang senang mem bully yusril rajin laku gera tuju dki ah prof dengar oceh tahan rasa percaya pd beda tipis sombong yakin warga dki jakarta jumlah juta belum lanjur kumpul ktp dukung layak pilih buru buru tanggal baju mickey mouse ingat lho pasar tradisional belum kunjung rangka tarik simpati publik biar sarimin lenggang sendiri pasar,1,34,10,24
pbb gagal yusril baik mundur dunia politik kejut tengah partai partai islam naik daun milu legislatif april kemaren partai bulan bintang pbb nyungsep masalah tidak ikut milu gagal penuh ambang batas parlemen besar persen milu lolos mk ikut jadi serta milu daya tetap nyungsep ancam tidak ikut milu tidak penuh ambang batas parlemen tahun yusril ihza mahendra ketua umum dewan syoro pbb tidak ajar alam partai oleh suara upaya pbb umum pencapresan yusril nyata tidak beri efek suara pbb dasar hitung cepat turun kisar salah yusril banding personal yusril muhaimin iskandar tum pkb misal yusril rasa baik segi strategi politik cak imin muhaimin iskandar panggil jauh unggul yusril amat prediksi pkb bawah cak imin hancur ingat kisruh kunjung selesai tubuh partai nyata tidak bukti cak imin hasil balik ada antar pkb lima besar naik suara signifikan banding salah yusril hasil tidak tepat waktu singkat pasca putus pbb boleh ikut milu pendek pbb kewalahan cari caleg punya daya jual mepet waktu daftar calegnya kpu basis pbb pkb ppp keluarga nahdiyin nu orang orang nu baik klaim pkb ppp hasil duga pbb tewas hasil hitung suara tempat yusril coblos tps kompleks denpasar lurah kuningan timur jakarta selatan hasil pbb kantong tiga suara tiga suara pasti yusril istri tweetnya tanggap oleh suara yusril datar jawab tanya ikut hasil wajar ingat komposisi masyarakat tempat tinggal tetangga ketua partai tahu menang tps pdip suara hasil tiga kali milu akhir karir yusril politik yusril baik jadi orang independen bakat yusril pas ranah hukum ranah yusril jaya menang bagai perkara kampus gelut bidang akademik mencentak yusril yusril baru indonesia jelas yusril tidak bakat dunia politik dunia kotor penuh palsu raih kuasa,0,10,10,0
parpol segera putus dukung yusril yusril ihza foto metrotvnews bulan tulis lawan tangguh basuki tjahaja purnama ahok proses tuju dki yusril ihza mahendra survei laku charta politika bukti duga sekian orang klaim layak jadi gubernur dki jakarta nyata yusril pantas sanding ahok benar dasar survei charta politika baru elektabilitas ahok tanding pasu ahok mesti hati hati elektabilitas yusril lumayan elektabilitas yusril unggul tri rismaharini wali kota surabaya gadang gadang pdip angkut jakarta tanding ahok pilkada serentak datang elektabilitas risma survei charta politika pdip paksa tetap cerabut risma surabaya proklamasi perempuan tantang ahok yusril maju tuju dki risma bakal gugur putar pertama ahok yusril tarung putar dua sayang jauh yusril belum punya tempat labuh siap tuju dki partai bulan bintang tidak punya kursi dprd dki jakarta syarat usung calon gubernur partai minimal punya kursi dprd dki dasar hasil milu pdip aju calon gubernur sendiri partai punya kursi dprd dki jakarta yusril sadar konstitusi partai pimpin ketua umum partai bulan bintang pbb tidak aju yusril calon gubernur pbb niat kolaborasi partai partai punya kursi dprd dki jadi orang bilang memang loe tempo hari mantan menteri sekretaris negara sesumbar calon lewat jalur orang independen siap kumpul ktp dukung laku teman ahok belakang niat mobilisasi kumpul ktp dukung laki laki siap turun pangkat jadi gubernur jelas kabar progres sadar umbar kata kata lewat mulut mudah ketimbang kerja keras laku teman ahok bangun mimpi kumpul ktp dukung tidak gampang orang balik telapak tangan laku yusril minta belas kasihan parpol punya kursi dprd dki jakarta sudi usung calon gubernur jakarta periode besar mungkin tangis rengek yusril dengar parpol parpol yusril parpol parpol partai nasdem hanura punya misi kalah ahok maklum iklan punya tagline kata tidak ahok akhir yusril kabar temu ketua umum partai gerindra prabowo subianto minta restu partai sudi calon wajar yusril sowan sepuh gerindra gerindra punya kursi dprd dki lho gerindra punya calon sandiaga uno belakang laku aksi simpatik pungut sampah bundar hi yakin semangat luar yusril nafsu kalah ahok hasrat jadi gubernur jakarta dorong laki laki kata ah emang gue pikirin maklum soal perintah yusril jauh unggul alam banding sandiaga pinang yusril gerindra terima ramai proses calon gubernur jakarta partai gerindra mengandeng kasih setia koalisi merah putih partai adil sejahtera pks punya kursi dprd total kursi cukup gerindra pks usung yusril gerindra tidak perlu ajak partai partai yusril pasti cocok pks partai pbb napas ideologi islam sejarah bukti petinggi libat korupsi pks jaya dki hajat milu belakang yusril manuver tarik simpati umat islam dki anggap bodoh lempar fitnah ahok gusur masjid luar batang jaring jakarta utara kakak yusril yusron hembus hembus informasi bau sara media sosial diskredit ahok ah tagih janji yusril tempo hari kata tidak guna isu sara proses calon gubernur dki bung hari mah beda jawab siap yusril orang tanya tidak jaga santun tarik simpati publik tanya tidak ikut jejak sarimin pergi pasar rangka tahan tingkat elektabilitasnya survei laku charta politika survei bukti elektabilitas yusril tengger nomor peluang kalah ahok yusril bukan risma ganjar pranowo sandiaga uno hidayat nur wahid ahmad dhani haji lulung ah masa lewat petinggi parpol lama lama pikir ingat yusril profesor yusril ayo cipta sejarah jakarta milik gubernur gelar profesor santun tidak fitnah saing percaya lho,0,19,17,2
yusril ridwan kamil lawan ahok menang telak politik panggung sandiriwa dunia panggung sandirawa hidup sandiwara jadi lakon sandiwara yusihma rika dunia aneh aneh dunia tempat aneka manusia dunia enak tertawa tawa dunia indah tempat tonton aneh aneh masuk maju yusril lawan ahok yusril emil milik modal hebat tang kursi gubernur dki jakarta modal yusril yusril menteri beri bantu oom tommy soeharto menransfer uang lewat menteri yusril ketua dewan syuro partai politik islam besar partai agama pks indonesia dunia nama pbb yusril milik berani misal cerai istri tidak orang berani cerai istri lho cerai istri milik tegas kuat mental popularitas kompasianer bantah kompasiana dunia twitter berani bela kapal asing thailand langgar daulat laut indonesia curi ton ikan laut indonesia memilikia kaya luar rp miliar modal maju panggung kampanye lawan ahok pasang yusril emil kode nama yusihma rika singkat yusril ihza mahendra ridwan kamil pasti buat rakyat bondong bondong pilih lari tunggang langgang tetap pilih ahok salam bahagia ala,0,9,6,3
yusril lulus uji masuk bakal cagub gerindra peluang lawan ahok yusril remeh jokowi kata blusukan senyum senyum tidak selesai masalah nyata contek blusukan ala jokowi tsb datang bagai partai kelompok masyarakat cari dukung kejar ambisi jadi gubernur dki jakarta nyata blusukan contek jokowi tsb mulai buah hasil partai gerindra tentu tiga nama bakal calon gubernur dki jakarta salah satu yusril ihza mahendra yusril temu ketua umum partai gerindra prabowo subianto lihat betapa hebat prabowo ketua umum partai gerindra banding yusril jadi ketua umum partai pbb prabowo perintah yusril kerja keras tingkat elektabilitasnya yusril temu tsb prabowo kata sbb pak prabowo bilang salah kandidat sila kerja lapang kuat elektabilitas milik elektabilitas tinggi pilih moga pak yusril tinggi bilang pak prabowo tutur yusril awak media kantor mal kota kasablanka kamis merdeka com nyata yusril nama sandiaga uno masuk jaring partai gerindra yusril kata lantang bicara soal kesiap lawan ahok tanya kesiap lawan sandiaga uno jawab yusril serah putus prabowo serah pak prabowo menganalisa bilang pak prabowo elektabilitasnya tinggi pilih jawab yusril lanjut yusril kata sandiaga uno pilih jadi calon gubernur partai gerindra hormat putus prabowo arti siap mundur bakal cagub dki partai gerindra lihat nyata nyata yusril blusukan bagai markas partai kelompok masyarakat yusril anggap ahok satu lawan pilgub dki arti rasa yakin satu bakal cagub dki pantas lawan ahok awal pasca menang kakak yuslih ihza mahendra atas adik ahok basuri tjahaja purnama pilkada belitung timur yusril rasa yakin sukses kalah ahok pilgub dki yusril mimpi kakak kalah adik ahok kalah ahok jadi gubernur dki guna batu loncat nyapres pilpres yusril identik kakak yuslih ihza mahendra lupa tidak tepat identik ahok adik ahok basuri tjahaja purnama ahok keritik kerja adik bupati belitung timur kata tidak gebrak arti yusril tetap yakin sesumbar kalah ahok pilgub dki hadap head to head besar peluang yusril kalah ahok pilgub dki jawab tanya mari lihat hasil survei charta politika kena elektabilitas bakal calon gubernur dki jakarta tampil hasil head to head basuki tjahaja purnama ahok yusril ihza mahendra pilkada dki jakarta nyata hasil survei ahok jauh unggul yusril elektabilitas ahok capai persen pihak yusril oleh elektabilitas besar persen sisa persen responden pilih tidak tahu tidak jawab sesuai yakin elektabilitas yusril baik banding bakal calon adu lawan elektabilitas ahok misal ahok sandiaga uno hasil survei tunjuk elektabilitas sandiaga tinggal jauh hadap ahok elektabilitas sandiaga persen elektabilitas ahok capai persen sisa persen responden pilih tidak tahu tidak jawab direktur eksekutif charta politika yunarto wijaya ungkap alas tinggi elektabilitas yusril banding bakal calon sbb yusril bakal calon tegas tunjuk sikap tarung pilkada dki jakarta awal yusril nyata head to head ahok yusril blusukan sosialisasi warga salah langkah nyata bela warga luar batang anggap manuver terima rasional hasil survei ungkap yunarto rilis survei tajuk berani lawan ahok kantor charta politika kebayoran baru jakarta selatan rabu banyak unggul elektabilitas yusril banding bakal cagub dki sontek blusukan ala jokowi remeh yusril gagal maning alias kalah lawan ahok pilgub ungkap survey tsb tampak ibarat main bulutangkis yusril waktu gantung raket yusril baik fokus besar partai tidak jadi partai gurem perlu ajar amin rais pak brewok surya paloh prabowo sby waktu relatif singkat sukses besar partai jadi partai kelas tengah sumber merdeka com kompas com yusril remeh jokowi kata blusukan senyum senyum tidak selesai masalah nyata contek blusukan ala jokowi tsb datang bagai partai kelompok masyarakat cari dukung kejar ambisi jadi gubernur dki jakarta nyata blusukan contek jokowi tsb mulai buah hasil partai gerindra tentu tiga nama bakal calon gubernur dki jakarta salah satu yusril ihza mahendra yusril temu ketua umum partai gerindra prabowo subianto lihat betapa hebat prabowo ketua umum partai gerindra banding yusril jadi ketua umum partai pbb prabowo perintah yusril kerja keras tingkat elektabilitasnya yusril temu tsb prabowo kata sbb pak prabowo bilang salah kandidat sila kerja lapang kuat elektabilitas milik elektabilitas tinggi pilih moga pak yusril tinggi bilang pak prabowo tutur yusril awak media kantor mal kota kasablanka kamis merdeka com nyata yusril nama sandiaga uno masuk jaring partai gerindra yusril kata lantang bicara soal kesiap lawan ahok tanya kesiap lawan sandiaga uno jawab yusril serah putus prabowo serah pak prabowo menganalisa bilang pak prabowo elektabilitasnya tinggi pilih jawab yusril lanjut yusril kata sandiaga uno pilih jadi calon gubernur partai gerindra hormat putus prabowo arti siap mundur bakal cagub dki partai gerindra lihat nyata nyata yusril blusukan bagai markas partai kelompok masyarakat yusril anggap ahok satu lawan pilgub dki arti rasa yakin satu bakal cagub dki pantas lawan ahok awal pasca menang kakak yuslih ihza mahendra atas adik ahok basuri tjahaja purnama pilkada belitung timur yusril rasa yakin sukses kalah ahok pilgub dki yusril mimpi kakak kalah adik ahok kalah ahok jadi gubernur dki guna batu loncat nyapres pilpres yusril identik kakak yuslih ihza mahendra lupa tidak tepat identik ahok adik ahok basuri tjahaja purnama ahok keritik kerja adik bupati belitung timur kata tidak gebrak arti yusril tetap yakin sesumbar kalah ahok pilgub dki hadap head to head besar peluang yusril kalah ahok pilgub dki jawab tanya mari lihat hasil survei charta politika kena elektabilitas bakal calon gubernur dki jakarta tampil hasil head to head basuki tjahaja purnama ahok yusril ihza mahendra pilkada dki jakarta nyata hasil survei ahok jauh unggul yusril elektabilitas ahok capai persen pihak yusril oleh elektabilitas besar persen sisa persen responden pilih tidak tahu tidak jawab sesuai yakin elektabilitas yusril baik banding bakal calon adu lawan elektabilitas ahok misal ahok sandiaga uno hasil survei tunjuk elektabilitas sandiaga tinggal jauh hadap ahok elektabilitas sandiaga persen elektabilitas ahok capai persen sisa persen responden pilih tidak tahu tidak jawab direktur eksekutif charta politika yunarto wijaya ungkap alas tinggi elektabilitas yusril banding bakal calon sbb yusril bakal calon tegas tunjuk sikap tarung pilkada dki jakarta awal yusril nyata head to head ahok yusril blusukan sosialisasi warga salah langkah nyata bela warga luar batang anggap manuver terima rasional hasil survei ungkap yunarto rilis survei tajuk berani lawan ahok kantor charta politika kebayoran baru jakarta selatan rabu banyak unggul elektabilitas yusril banding bakal cagub dki sontek blusukan ala jokowi remeh yusril gagal maning alias kalah lawan ahok pilgub ungkap survey tsb tampak ibarat main bulutangkis yusril waktu gantung raket yusril baik fokus besar partai tidak jadi partai gurem perlu ajar amin rais pak brewok surya paloh prabowo sby waktu relatif singkat sukses besar partai jadi partai kelas tengah sumber merdeka com kompas com,0,44,28,16
ahok kasih panggung yusril gubernur dki jakarta basuki tjahaja purnama ahok geram yusril ihza mahendra kait langkah yusril bela warga luar batang jaring jakarta utara ahok minta masyarakat beri panggung yusril yusril tonton kait profesi acara tahu yusril acara handal bela koruptor rakyat ahok jelas lebih takut sosok yusril bela warga luar batang tanggap yusril santai tegas bicara muka umum hak orang kait hak konstitusional jamin uud minta gubernur dki jelas tentang konstitusi demokrasi junjung tinggi kata yusril kutip akun twitternya minggu demokrasi orang bebas muka dapat orang tidak tuju dapat sejati demokrasi yusril tidak larang minta orang tidak beri sempat gubernur dki bebas nyata dapat tidak tuju dapat gubernur dki mana bebas tentang dapat ucap yusril baik kata bela ahok bebas dapat dihadang orang bela laku titik darah habis tdk tuju dg dapat gubernur dki bebas beliau muka dapat bela mati an ajak segenap rakyat ikan panggung gubernur dki utk bicara bebas tidak tuju dapat tutup yusril lai ahok tahan kasus luar batang ahok lihat takut tanda kutip wajar takut hadir sepak terjang yusril publik tahu kali kali pukul ko perintah yusril pukul ko yusril ahli hukum simpan baik senjata undang undang pakar hukum lai tidak temu ingat baik jaksa agung lengser yusril lihat perintah sby pusing sepak terjang yusril fenomenal hebat tonton pasal undang undang yusril lepas kasus sisminbakum ahok jelas tidak erti hukum ahok bukan ahli bidang ahok mulai khawatir angkat soal luar batang dalam kasus hukum murni hukum main pasti tarung menang yusril ahok butuh dukung politis petinggi negri ahok sadar bukan soal beri panggung yusril analog baik warga luar batang hadap masalah gusur tolak usaha juang beri bela yusril sebut ahli hukum belum tandinganya semangat senang psikologi hormat ahok ajar cara yusril mendapa panggung bukan ikan panggung ahok biasa sedia panggung tidak yusril yusril orang cari ikan panggung baca profesi acara ahok jelas gubernur bukan acara panggung ahok mana tonton takut point penting ahok ahok lihat panik jelas ahok tekan yusril pilkada jauh terus cari polemik salam lora sumber kompas,1,16,11,5
yusril pdip temu jodoh tepat ata serani hore pdip temu jodoh yusril ihza mahendra bunyi pesan pesan tidak kaget kamis yusril cari kendara politik maju calon gubernur dki jakarta tantang basuki tjahaja purnama ahok datang kantor dpp pdip datang yusril bukan lamar pdip minta calon gubernur dki bukan yusril terang resmi pdip hadir isi latih manajer kampanye pilkada serentak sah sah publik pikir liar hadir yusril pdip tengah panas suasana politik dekat pilkada serentak dki jakarta tahu pdip cari kandidat calon gubernur dki jakarta lawan ahok putus maju lewat jalur independen mobilisasi teman ahok yusril cari kendara politik tuju maju pilkada dki jakarta penting temu tafsir politik temu absah latih manajer kampanye pilkada elite partai pimpin megawati soekarnoputri puji muji yusril wakil sekjen pdip ahmad basarah gamblang banding yusril ahok basarah yusril ahok belitung timur tutur kata karakter dua langit bumi dekat yusril pdip fakta baru kader pdip punya memori panjang lama yusril ketua umum partai bulan bintang pbb jadi sahabat pdip megawati bukti megawati jadi presiden yusril percaya jadi menteri hakim yusril bukan orang baru pdip chemistry lama jalin yusril pdip kental sahabat pdip yusril tidak jadi alas pdip tidak timbang yusril kandidat unggul pdip pilkada dki pbb tidak punya kursi dpr dprd dki jakarta hasil milu arti megawati jadi presiden yusril angkat jadi menteri hakim apa susah calon yusril jadi gubernur dki jakarta pdip perlu kecil hati kritik tajam sampai yusril perintah presiden joko widodo kader pdip tidak sangkal yusril ada baris utama keritik tajam pelbagi bijak perintah pdip pdip partai kibar panji panji demokrasi jeli beda kritik presiden joko widodo penting pdip jakarta pdip perlu risau energi keluar tangkis bagai serang yusril perintah jokowi tepat langkah pdip fokus diskusi patut yusril calon jadi gubernur dki jakarta yusril milik unggul saing ahok banding jumlah nama maju calon gubernur dki pdip enggan tepuk air dulang ambil putus dukung ahok menang milu jakarta milik kursi dprd dki pdip satu partai politik hak usung pasang calon gubernur wakil gubernur parpol koalisi tidak penuh syarat minimal kursi dprd kira pdip jalan alur benar benar kata teman pdip temu jodoh tepat yusril ihza mahendra maju calon gubernur dki jakarta soal damping yusril calon wakil gubernur arif tambah bobot sikap demokratis pdip pdip serah yusril pilih damping ideal calon gubernur cari putus damping kerja pilih langgeng abad modern tidak kawin paksa baik adat istiadat politik awal baik pdip yusril tentu langkah ikut ringan happy ending moga jadi nyata,1,19,9,10
pukul telak jokowi yusril lewat pdip tahu partai menang milu punya kader potensial dki maju kalah ahok yusril menang lawan ahok yusril notabene tum parpol jadi bulan bulan punya kader duduk anggota dewan partai gurem sadar maju parpolnya sungguh sempat besar pdip usung bukan daftar pdip nyagub nyata yusril datang parpol sebab profesor ahli tatanegara dapat juluk emis dukung jongos parpol sungguh miris gara gara yusril ambisius adik yusron ancam tahun penjara serang ahok ras cuit twitter pdip sadar preseden buruk masa parpol kalap pdip partai dukung perintah kadang kadang berprilaku oposan lihat kembang lanjut dagel politik pukul telak jokowi kemarin ejek yusril umpan keju yusril kemarin ngatain jokowi kelas walikota pantas jadi presiden umpan makan yusril kelas tum partai nyata level dar jongos emis sumber gambar artikel,0,1,2,-1
kritik dukung ahok hitung yusril kata tidak dok pribadi yusril ihza mahendra sosok pas tangguh lawan basuki tjahaja purnama ahok pilkada serentak dki jakarta fakta sadar dukung ahok belakang amat mulai galau hadir yusril galau anggota pasu ahok mulai tidak rasional maksud tidak rasional tidak pikir sadar pilkada proses demokrasi syarat unsur kawan kawan ahok mau yusril ahmad dhani adhyaksa dault sandiaga uno haji lulung taufik nur mahmud sukses pimpin depok coba coba nyalon jadi gubernur dki jakarta kawan hendak tidak fair impi jatuh calon dukung mau ahok pilkada serentak hadap bumbung kotak kosong asyik suka tidak suka latih tinju ahok punya sparing partner mitra tangguh ahok yusril ada yusril jadi ajang uji nyali ahok tahun ahok pilih jadi dki berkat tandem jokowi tidak tandem jokowi belum jadi gubernur dki jakarta iri tokoh ahok tarung hajat pilkada serentak alam pertama tuju dki dukung ahok sesumbar mantan bupati belitung timur rangka tuju punya lawan tanding modal ahok alam jadi gubernur jakarta tolong redam bangga menang ahok belum bukti jauh bos tim sukses ahok ahok abai anggap enteng reputasi yusril bicara soal berani aku ahok berani koruptor jabat nakal anggota dprd korup preman kalijodo cundang cundang lawan singgasana diobrak abrik berani ahok lawan presiden tunggu tidak apa yusril yusril satu jabat tokoh berani lawan arus tantang susilo bambang yudhoyono waktu jabat presiden republik indonesia ingat yusril juluk sby koruptor berani ahok kata jokowi orang ragu berani yusril kutip republika co yusril benar nyata akun twitter pribadi sebut presiden sby layak juluk koruptor benar nyata yusril sila republika jadi kicau berita sila kutip ujar yusril tuding sby koruptor senang beri grasi koruptor hebat yusril punya kuat magis luar alias sakti bukti tuduh ujar benci buat sby berang gugat perkara yusril polisi tuduh tenang tenang alami puncak nikmat belakang rasa rasa dikambinghitamkan orang orang jokowi yusril profesional konsisten konsekuen jalan tugas acara pisah tugas ahli hukum tata negara cendekiawan acara sebut sby koruptor guna posisi ahli hukum tata negara cendekiawan jalan fungsi acara tidak segan segan bela koruptor catat bela pidana korupsi serius taurus nababan taurus laku aksi menilep uang negara proyek ada barang kabupaten bekas gede sih rp sayang yusril kandas perkara kasus tangan tingkat pk tinjau menang yah lumayan yusril bela dakwa korupsi mantan kepala dinas pu serdang faisal sidang adil negeri pn medan faisal hukum tahun penjara adil tinggi pt medan hukum faisal naik jadi tahun penjara yusril ihza konsisten hormat hukum kalah tidak mencak mencak protes panas manasi koruptor laku aksi unjuk rasa telanjang yusril bukan razman arif nasution acara kalijodo acara berani bela klien jelas jelas laku tidak adil kuasa terima tuding anggap tidak cinta tanah air indonesia soal soal ahok berani tahu yusril ihza mahendra belum lama selang perkara menteri laut ikan sus pujiastuti adil lantar hobi tenggelam kapal asing curi ikan yusril tampil bela kapal asing si curi ikan pihak bela milik kapal curi ikan asal thailand yusril tetap tegar caci maki warga negara indonesia tidak nasionalis sikap tegas yusril tetap tahan dapat sindir anggota dpr ri ruhut sitompul ah luhut kawan usah cakap abang bilang yusril bela bayar adil tetap tegak negara salah lawan orang milik sikap tegas cocok pimpin jakarta negara lawan preman tanah abang kalijodo mah kecil salut bela benar yusril lihat kasus klien cocok jakarta konkret benar bela salah hukum jadi yusril cocok jadi gubernur dki jakarta ganti ahok berani koprak oprak orang hari hari ada kawasan jl kebon sirih dprd merdeka selatan balai kota lihat yusril segan segan bela pakar maritim y paonganan alias ongen waktu dekam penjara lantar sebar konten pornografi akun twitternya stop logika ala yusril beri grasi koruptor koruptor yusril belum bela kasus kasus pornografi bagai prestasi raih yusril atas simpul tegas yusril peduli pinggir ancam soal ahok yusril langit bumi orang kecil warga dki profesi dagang kaki lima gelandang kotor ibukota negara teriak gusur ahok yusril laku selamat datang yusril dua asal belitung timur temu ajang pilkada serentak moga impi wujud jadi dki langkah awal tuju ri ingat kelak maju tuju ri mundur laku awal awal reformasi waktu jadi presiden paksa mundur bagai cara berani kata tidak ucap kata lihat lima jari,1,43,20,23
yusril kreatif dukung ahok sewot sumber facebook sungguh gagal paham ulah dukung basuki tjahaja purnama ahok belakang tidak senang lihat orang senang yusril ihza mahendra pergi pasar kena kaos mickey mouse sewot mem bully yusril punya kreativitas tinggi rasa kalah selang laku yusril jago ahok kalah cepat turun bawah pasar tradisional berha ha hehe dagang sayur beli bilah pete khawatir dukung ahok kecewa iri hati dengki mem bully yusril mantan menteri acara kondang pasar tidak kena kaos mickey mouse celana buntung kena daster bau bawang jadi main sepak bola skor jadi yusril kosong ahok soal citra ahok kalah yusril ehmm tampan bicara sistematis yakin dengar utama dukung dukung ahok bangun citra positif hari marah ngomel marah terus laku ahok laku buat yusril pergi pasar karimun pergi pasar naik sepeda pakai payung mulai ahok rekrut tim sukses super kreatif tang kontes pilkada serentak dukung mantan bupati belitung timur lihai mem bully medsos kreatif mula orang ragu lihat foto yusril belanja pasar tradisional kawasan puri indah kebon jeruk jakarta barat orang tuding foto rekayasa dukung ahok tidak suka popularitas yusril terus lonjak umum calon jadi gubernur dki jakarta hajat pilkada serentak datang duga foto sengaja pajang dukung ahok jatuh yusril duga orang keliru nyata foto asli bukan hasil edit yusril unggah laman facebook nya disebarluaskan via twitter yusril tampak bangga belanja pasar jadi sinterklas cara ogah terima uang kembali buat dukung simpatisan ahok tidak fair medsos cibir laku yusril yusril kreatif sewot tidak tahu yusril laku timbang matang dukung ahok tidak tahu yusril tempo hari belum turun bawah wilayah gusur laku ahmad dhani ingat yusril profesor pasti laku teliti survei rencana aku tidak bagi upaya yusril tingkat elektabilitas pasar tradisional identik cilik eh tahu pdip jatuh hati kenan usung yusril tuju dki dukung ahok paham jadi media darling jokowi pilpres sadar media salah cara naik elektabilitas mulus langkah tuju dki jauh belum tahu yusril tetap guna jalur independen jalur partai lewat jalur independen belum ecek ratus ktp dukung oleh lewat jalur partai belum ecek partai dukung usung moga pdip kenan dukung usung yusril sempat pdip yusril mumpung ahok mantap tuju dki lewat jalur independen harap politik dinamis ubah ubah hari lawan besok jadi kawan yusril kawan yusril dukung pdip program yusril cilik belanja pasar lanjut nitip pete pak,1,21,15,6
sebab yusril sakit hati ahok jokowi ahok ingat yusril nyata balik lawan yusril ahok milik pertama soal sengketa lahan tahun masa gubernur jokowi pemprov dki milik lahan luas hektar sertifikat ada ujung jalan thamrin samping hotel sari pan pacific tri esdm jakarta pusat lahan milik pemprov dki beri bank dki serta modal waktu jalan sekian lama nyata lahan tidak kelola bank dki parah aset pinjam pihak swasta pt bumi perkasa propertindo pihak swasta aku aset milik jokowi jadi gubernur jokowi minta bantu yusril selesai lahan sengketa sayang lahan tidak selesai tang yusril aku yusril beri masuk jokowi jadi gugat atas lahan pemprov dki milik utama sertifikat bukan bank dki dua soal lahan rusun jakarta barat masa gubernur jokowi selesai baik yusril pak ahok jadi gubernur pak ahok jalan kata yusril kutip tribunnews com sebab buat yusril sakit hati ahok yusril rasa telantar tidak anggap tidak perhati layak masa pimpin jokowi benar niat jahat yusril tumbang ahok gara gara lihat masyarakat hebat ahok negarawan yusril tidak cerita niat jahat masyarakat nyata benar benar bangun kota jakarta benar benar bukan faktor ahok manusia tempat salah lupa yusril lupa hadap gubernur jakarta tumbang koruptor jajar pemprov dki dprd yusril lupa lawan politik wakil jokowi cerita masa lalu kisah baik baik jokowi bukan tidak serang yusril tidak ingat ahok refresentatif buah pikir jokowi pikir ahok pikir jokowi putus ahok putus jokowi beda beda jokowi ahok tidak makan hati bunuh karir politik jauh jauh hari benar benar calon gubernur jakarta yusril lurus niat jadi gubernur dki niat benar benar bangun kota jakarta bukan karna dasar sakit hati ahok politik tidak lawan abadi penting abadi kemudi hari yusril kalah ahok yusril lapang dada rela ahok jadi gubernur dki bantu pikir pikir cerdas tidak ganggu ahok jegal program ahok ujung ujung buat karir politik tenggelam makan waktu yusril sadar jokowi ahok akar rumput lawan rakyat seluruh indonesia bondong bondong jadi depan bela jokowi ahok yusril ingat jokowi ahok musuh politik lawan politik betul beda pikir yusril bangun negara jadi saing sehat lawan yusril ahok saing lomba bukan musuh akibat chaos hancur lebur negara penting pribadi semata selamat nikmat politik sumber baca ahok bahaya,0,23,15,8
yusril tarung lawan ahok menang ahok prof dr yusril ihza mahendra gelar dt maharajo palinduang tokoh politik kenal belum umur sebut politikus tua umur tahun muda prabowo subianto tahun jadi yusril ingin jadi gubernur dki jakarta tarung head to head ahok nafas panjang yusril milik amunisi menang tarung pertama punya alam panjang jabat pemeritahan rezim jadi staf setneg era pak harto percaya jadi tulis pidato presiden dua jadi menteri era perintah presiden gus dur megawati sby tiga ahli hukum tata negara profesi acara jadi acara hebat menang perkara korupsi jaksa gentar grogi hadap sidang adil yusril lengser jaksa agung angkat sby keppres lama tidak laku angkat presiden soeharto tulis pidato presiden pak harto lengser tulis pidato presiden buah yusril ikut jadi laku sejarah presiden soeharto lengser tulis pidato pak harto nyata henti jadi presiden yusril tulis pidato akhir pak harto jadi tidak lengser henyak lengser soft landing tahun jadi orang percaya pak harto yusril murid langsung terima ajar pak harto tulis pidato bagus dua tidak jiwa sehat yusril ajar pak harto kiat jadi kuasa suka rakyat jalan praktek kkn kiat kalah lawan rebut kuasa reformasi yusril jadi salah pihak dukung ubah politik indonesia masa perintah presiden abdurrahman wahid yusril angkat jadi menteri hakim perudang undang presiden gus dur lengser ganti presiden megawati karir yusril perintah lanjut henti angkat presiden megawati jadi menkumham nama baru menteri pimpin jabat pegang presiden megawati turun jabat kalah pilpres lawan sby masa perintah presiden sby yusril percaya jadi anggota kabinet angkat jadi mensesneg akhir abdi perintah yusril jadi acara nasehat hukum adik yusron ihza mahendra diri kantor acara ihza ihza bilang kuningan catat akhir yusril jadi acara partai golkar versi munas bal pimpin aburizal bakrie hasil menang partai golkar versi munas bal putus adil menang paksa menkumham cabut sk kesah dpp partai golkar versi ancol pimpin agung laksono jadi acara mantan menteri bumn dahlan iskan jadi sangka korupsi jagung menang gugat prapengadilan dahlan iskan tidak sandang status sangka jalan tugas jabat negara profesi acara yusril aktif dunia politik jadi diri partai bulan bintang jadi ketua umum pertama periode angkat jadi tum pbb ganti ms kaban politikus yusril pandang gagal partai pbb gusur senayan tidak penuh batas minimal oleh kursi dpr pileg partai gabung kmp tanpa kursi dpr lemah yusril milik alam panjang perintah yusril tidak kenal rakyat jakarta lapis tengah bawah kelompok pilih besar jabat perintah kerja belakang meja rumus konsep konsep dteken presiden keppres siap naskah draft undang undang jadi yusril maksud tantang ahok cagub dki jakarta tidak milik alam teknis bagai bidang tangan baik ahok gubernur yusril tidak alam urus banjir bersih macet lintas dagang kaki lima kampung kampung kumuh layan sehat didik alas yusril tantang ahok pilgub benar tidak kuat tidak relevan yusril guna alas keluarga besar belitung timur saing keluarga besar ahok pilkada serentak abang yusril hasil kalah adik ahok hasil abang yusril tantang ahok pilgub dki jakarta jadi kait niat yusril rebut kursi gubernur jadi jabat batu loncat saing jadi capres pilpres yusril tidak punya penting apa rakyat jakarta lihat posisi gubernur jakarta jalan penuh ambisi kekuasaanya jadi presiden ri delapan jalan tempuh jokowi yusril ingn lang jalan sampai yusril publik terus terang tidak malu malu sampai jadi presiden partai pbb tidak punya kursi dpr yakin kalah ahok yakin teman tema kmp pks ppp golkar jadi yusril cagub pkb jadi anggota kih timbang yusril jadi cagub pan tarik jadi yusril cagub tarung rebut kursi gubenur dki jakarta langsung sengit calon tarung calon tahana ahok yusril sandaga uno cagub geridra yakin menang tetap ahok faktor kerja ahok bantu presiden jokowi megawati bujuk jadi ahok cagub pdip ahok maju calon independen dukung pdip nasdem hanura siap mem backup yusril kalah tahu tidak cukup populer jakarta kalah nawaitu tidak benar baik yusril kampung halaman tarung rebut kursi gubernur propinsi bangka belitung,0,23,20,3
yusril vs ahok sosok gadang jadi kompetitor ahok pilgub dki jakarta laksana tahun datang patut prof yusril ajar fenomena fenomena empirik jadi pilpres politik dunia orang orang naif kaca nasib terima prabowo subianto kalah pilpres yusril ambil sisi sisi lemah prabowo politis tidak jebak nasib kalah yusril latar belakang mumpuni baik bidang akademis bidang politik praktis terkadang kerap jebak sisi positif sosok besar pesantren yusril beri koreksi koreksi kompetitor tahu saing baik akhir yusril koreksi ahok kait jalur independen ambil ahok cara kumpul ktp warga dki jakarta lengkap syarat ahok maju jalur independen beri waktu ahok baik baik jalan tuju calon gubernur dki yusril diam bukan tidak ahok batal maju calon independen mungkin buruk ahok gagal maju calon gubernur dki politik indonesia orang orang opurtunis yusril bukti maysrakat indonesia politik indonesia bersih yusril dapat kalah pertama ajar coba tunjuk yusril tidak beri baik didik politik siginifikan bangsa indonesia politik indonesia tidak azas penting bukan politik ideologis zaman orde lama dua yusril nasib prabowo subianto coba politik lurus jujur kalah prabowo lurus kata bagi kuasa kabinet partai partai dukung langsung temu ajal politik hari sampai prabowo laku jokowi awal klaim isi kabinet ramping kalang profesional yusril jebak cara prabowo depan politik lurus memberitahukan lemah dapat ahok timsesnya alhasil ahok timsesnya milik waktu baik tidak sesuai atur undang undang yusril diam jadi ahok timsesnya laku salah fatal akibat gagal calon calon gubernur dki tahun beri untung yusril tidak hadap tahana mudah kalah ahok gubernur incumbent pilgub dki datang yusril harap tarung politik bersih jujur jujur sungguh cukup jauh indonesia tarung politik indonesia depan black campaigne opurtunis jatuh peluang jatuh kondisi ideal fakta wassalam,0,18,12,6
yusril bakal calon pahlawan luar batang yusril jadi bela hukum idealisme acara rasa empati nasib warga luar batang sosok nanti warga jadi pimpin hebat yusril berani tantang ahok pemprov dki tunjuk bukti hukum sertifikat hak milik bukti kampung luar batang aset perintah dki gusur jadi yusril perlu tunjuk bukti sertifikat hak milik warga pemprov dki yusril pakar hukum acara hebat jadi tunjuk bukti perintah daerah pemprov dki bukan warga bela warga gusur belum gusur belum bela pro aktif cukup tantang koar koar lewat media massa maksud jelas status profesi bela yusril berani kata ahok ngomongnya kayak setrika kemarin bilang pasar ikan gusur luar batang tidak kata luar batang gusur lawan ahok belum tanggap imbang ucap yusril ahok ragu kata yusril kayak setrika jadi ahok siap kata kata tepat misal yusril kayak harum setrika yusril kayak kabel setrika yusril kayak papan setrika inti keluar terminologi lingkup setrika perang kata jadi kontekstual imbang lihat prestasi yusril bidang hukum mungkin besar ahok kalah yusril menang jadi pahlawan warga luar batang jadi yusril bukan bakal calon gubernur dki bakal calon pahlawan resmi bela gusur mulai status yusril tingkat jadi calon pahlawan menang adil naik jadi pahlawan bekal bakal calon pahlawan jadi pahlawan tinggal masalah waktu yusril jadi gubernur dki jakarta ahok bakal calon gubernur bukan bakal calon pahlawan bukan calon pahlawan ahok kalah mentereng istilah orang warung kopi tanding ahok kalah set mustahil kalah pahlawan langka bangga pihak pahlawan ikut pilih gubernur bukan jaman memang jabat gubernur kerja transparan berani tegas penuh jujur inovasi jadi pahlawan masyarakat referensi berita kompas com tiga,1,25,8,17
lebay nya denny siregar bung yusril pagi sembari rumput teh manis meja kerja sempat baca baca artikel artikel bagi bagi teman teman facebook hari senin santai tarik baca artikel saudara denny siregar blog artikel judul bang yusril pergi pasar satir awal edar foto foto bung yusril belanja pasar pakai baju kaos micky mouse celana empat denny siregar nada cemooh tulis bung yusril politikus politikus aburizal bakrie jelang pilpres tiba tiba pergok minum kopi warkop wajah mering aburizal ngopi lobby lobby hotel sama hary tanoe tiba tiba turun kampung nelayan kira ahok nelayan contoh akhir pak wiranto tiba tiba jadi tukang becak jelang pilpres judul tebak arah langsung ingat topeng monyet parodi sarimin pergi pasar denny akan kata tingkah polah bung yusril kali topeng monyet jadi dagel bung yusril tampil hari hari televisi kes parlente jas mewah rapi kenal bung yusril denny siregar tahu bung yusril batas menteri acara kondang salah tokoh nasional wajar anggap foto foto edar bung yusril pasar citra yusril warga banyak rumah hari luar rutinitas pakai baju santai kerja pakai pantas lebih bung yusril duit wajar tampil kes mewah bung yusril tinggal jakarta saksi sahabat sahabat lihat bung yusril belanja pasar tampil foto edar baru baru bukan jelang pilkada dki tidak pagi warga banyak tugas pokok istri belanja pasar pagi yusril pasar rekreasi tegur sapa warga sembari belanja salur hobi masak bulan tiga bulan beliau masak keluarga bakar ikan buat makan khas kampung belitung bawah salah contoh foto hari beliau bakar ikan belitung mirip mirip heboh denny karenya parodi denny siregar kenal bung yusril sedih jelang pilkada dki kategori kampanye hitam citra bung yusril politis cari panggung citra rakyat tahu kampanye citra basi politis masuk got bikin filem pura pura rakyat berita sanjung nyanjung cerita lama tidak bung yusril laku laku bung yusril olok olok tulis idola tokoh piawai soal hukum gaya bicara sportifitasnya politik tahun jadi sosok panutan putra tulis kelak jadi ahli hukum contoh yusril tulis tidak maksud bela yusril ajak mari pikir sportif suka olok olok sosok tidak suka sempat bahasa kampung lebay kali betul foto foto bung yusril edar betul beliau nyata maju pilkada dki masyarakat trend foto foto mempublish tokoh jadi idola media sosial milik foto jelas bukan foto sengaja buat edar tim sukses wartawan bayar anda natsir muda pilih jadi gubernur dki depan beliau tiba tiba blusukan olok olok citra blusukan jadi trend cukup baik tahu soal rakyat salam,1,15,7,8
tanya bungkam yusril kasus rs sumber waras reklamasi jakarta serang ahok kena kasus rumah sakit sumber waras reklamasi teluk jakarta datang tubi tubi mulai lawan politik bakal calon gubernur bacagub dki anti ahok tembak peluru ahok televisi koran majalah medsos nama buat tanya tanya tidak ikut ikut serang ahok putar kasus si laksamana cheng ho yusril ihza mahendra pakar hukum salah bacagub dki kompasianer punya pikir yusril tidak belum keluar peluru tidak ikut jejak bacagub dki h lulung sanusi m taufik si wanita emas hasnaeni djarot seru seru teror ahok kasus rs sumber waras reklamasi yusril serang bijak bijak ahok tidak jadi pusat perhati media gusur kawasan luar batang pasar ikan sandiaga uno ahmad dhani bacagub tidak bicara soal sumber waras reklamasi kena publik maklum sandiaga usaha dhani musisi jelas bukan tanding ahok bicara atur hukum mekanisme birokrasi pemprov dki ilc panggung tidak sempurna bagi orang utama lawan politik orang tidak suka anti ahok acara ilc tv one jadi panggung sempurna yusril beri opini serang pojok ahok tv one kontra ahok ilc tv one kerap kali tampil narasumber tidak imbang dua belah pihak kasus ahok tayang ilc reklamasi rs sumber waras lihat kualitas narasumber ring tinju karni ilyas don king promotor tinju dunia nyentrik nama bagi orang pro ahok sang promotor anggap tanding mike tyson vs chris john gemar tinju tidak tahu don king tidak temu mike tyson lawan lawan evander holyfield lennox lewis george foreman tahu yusril tunggu tunggu jadi mike tyson habis chris john ring ilc lewat sempat emas peran mike tyson ganti ring ilc urung jadi panggung sempurna bagi tunggu senjata pamungkas yusril buat yusril bungkam kena sumber waras reklamasi tidak omong yusril kasus besar timpa ahok masalah bilang makan yusril masalah hukum timpa ahok yusril sadar bakal cagub rasa peperangan belum mulai jurus andal simpan waktu kasus jadi senjata pamungkas yusril ahok yusril harap kasus sumber waras reklamasi jadi bola salju kampanye pilgub jelang coblos kasus capai klimaks skenario bubar tengah jalan kpk belum bukti ahok libat kata kpk kpk putus ahok clear jadi cari senjata pamungkas baik yusril beri opini kasus kasus hangat hangat lambat publik nanti penasaran serang pakar hukum kasus timpa ahok yusril lupa survei duduk posisi tepat belakang ahok jurus jurus yusril jauh bukti ahok salah tidak senjata pamungkas yusril rebut suara swing voters buat goyah pilih rasional dukung ahok yusril acara politikus calon gubernur heran yusril ketua umum diri partai kurang jiwa politis politikus kurang angkat isu hangat populer berita berita yusril lihat asyik habis waktu jadi lawyer banding urus besar partai coba banding ahok bilang bukan partai politik ahok tidak punya kontribusi partai kenal kutu loncat aku tidak percaya parpol tingkah ahok politikus ulung tahu buru media jadi newsmaker piawai bangun opini main isu isu strategis kontroversial serang pojok lawan lawan kasus sumber waras kondisi jepit bukan mampu tahan sanggup lancar counter attack cukup mati singkat kata sungguh licin bak belut kritik tuding serang fitnah jegal dunia politik si politikus pimpin uji yusril perlu sungkan ragu laku soal hukum timpa ahok yusril bungkam yusril tantang ahok bicara birokrasi tata kelola perintah adu program program rangka pilgub dki yusril ajar h lulung kualitas alam elektabilitas jelas bawah yusril h lulung bacagub politikus keluar opini tahana omong jadi bahan tertawa soal h lulung keseleo lidah kata orang betawi ngomongnye blepot berani serang tantang ahok publik tidak tahu mulut yusril gatal bicara sumber waras reklamasi tunggu waktu tepat yusril bukti bukan dar ahli hukum acara papan atas yakin publik politikus handal keikutsertaannya cagub dki lobi partai partai usung jadi jawab yusril bungkam tahu benar diam yusril arti tahu simpang tidak khusus kasus sumber waras masalah jadi debat krusial kata benteng akhir ahok pertama atur pakai pres no pres no dua nilai njop njop jl tomang utara jl kyai tapa ahli hukum barang yusril tidak sulit jawab orang kelas yusril tidak serang tidak substansial sifat teknis buat lihat nampak bodoh tata cara bayar pakai cek transfer tunai waktu bayar tanggal jam hari status hgb tidak langgar atur masalah ijin reklamasi jadi debat akhir win win solution perintah pusat intervensi putus reklamasi tunda beri wenang pemprov dki laku pemprov koordinasi instansi kait putus klaim ahok ijin reklamasi tidak salah kata yusril kena sakti ahok sindir puji salam,1,24,15,9
prof yusril ihza mahendra bingung laku deparpolisasi nama masuk survey kandidat calon gubernur dki jakarta hitung sang prof yusril ihza mahendra aktif laku rangkai safari politik rajin datang parpol pkb akhir temu ketua umum demokrat bapak sby tidak tahu bicara kait pilgub dki jakarta hasil temu adem adem kurang respon sby respon tarik mundur belakang sby jabat presiden kali kali kritik bukan kader partai harap sby dukung posisi yusril ketua umum partai bulan bintang pbb yusril pindah partai demokrat dukung tidak tinggal mimpi mustahil isi artikel mustahil partai electoral threshold usung yusril ihza mahendra calon dki dukung yusril sby perlu waktu pikir timbang waktu perlu panjang ambil putus pilgub dki lewat bawa ragu ragu tidak putus betul kata yusril lewat parpol lamban tidak datang parpol harap dukung sang profesor datang calon gubernur ahmad dhani sang dewa adyaksa dault rencana temu ahok show politik laku yusril harga upaya besar laku dukung utama usung parpol tidak respon belum respon utama parpol buat yusril bingung putus asa nyata jalur independen kumpul ktp cara datang rumah rumah masjid masjid yusril bakal kumpulin ktp masjid masjid sumber kompas com rangkai show politik laku yusril jalur independen bukti politis tidak mampu baca situasi politik langkah langkah politik ambil bukan lobi ulung jebak jadi korban politik pertama yusril tidak cari tahu sumber awal muncul nama kandidat calon gubernur dki lembaga survey media massa survey pesan ada pihak biaya baik lawan politik pihak anda pihak lawan politik sengaja naik pamor politik yusril jatuh korban politik gagal nyalon pihak sah sah partai masuk electoral threshold et hitung politik tidak timbang posisi kader parpol tidak punya wakil dprd dki otomatis nilai jual papol et tinggi yusril contoh kata ahok miliar dua pancing berita calon hitung populer semangat serang agresif datang ahmad dhani sang dewa tidak punya modal politik lulus sma musik ngomong tidak karuan arah tidak jelas batas temu bahas soal musik wajar tuju bahas pilgub tunjuk prilaku imut imutan yusril punya gudang jabat publik strategis elegan anda yusril utus temu sang dewa diam diam awal calon sang dewa anggap lucu lucu bimbim slank datang sang profesor langsung besar kepala kata bukti bukan lucu lucu serius kombinasi imut imutan lucu lucu serasi selaras pasang sang profesor bukan politis ulung cocok acara hukum tiga rasa harap tipis usung parpol pdip punya calon gerindra sandiaga uno nasdem dukung ahok demokrat tidak respon tinggal partai jumlah kursi nya kecil gabung usung yusril pilih dapat mahar tinggi siap siap jadi partai gurem ganti partai pbb naik yusril rencana jalur independen laku yusril undur ketua umum partai pbb keluar anggota parpol laku anda tidak keluar parpol lain sisi calon lewat jalur independen yusril golong laku deparpolisasi nyata yusril kader partai usung partai jadi wajib gerak partai cari dukung usung partai beda yusril keluar partai ahok adyaksa dault ahmad dhani calon non partai tidak ikat partai atur uu pilkada tidak khusus larang orang partai jalur independen jadi kader pdip prasetyo edi marsudi kata pola deparpolisasi yusril orang partai sungguh laku deparpolisasi simpul calon non partai jalur independen bukan kategori deparpolisasi calon partai jalur independen sungguh laku deparpolisasi yusril perangkap bingung korban politik tidak usung parpol baik asli ahli tata negara plus acara lanjut seri film laksamana cheng ho lanjut dendang lagu iwan fals reff pak tua yusril engkau lihat lelah o yaa pak tua yusril mampu kerja o yaa pak tuaaaa,0,26,11,15
sekutu dhani adhyaksa dault sandiaga uno lawan ahok yusril gali kubur semangat yusril ihza mahendra yusril maju head to head basuki tjahaya purnama ahok pilkada dki tahun terus nyala kali wartawan tanya yusril merespon gebu gebu serta jelas konsep ganti model perintah dki pimpin menteri serius nama ahok sebut yusril komentar predikat hebat beri ahok kicau twitter waktu kerap ulang bilang ahok sebut orang hebat ahok bukan orang hebat sakti ulang wartawan detik com mewawancarinya kantor dpw pkb tanggal kata pak ahok kata orang hebat rasa tidak hebat hebat anggap pak ahok terima kasih kata orang hebat balas kata pak ahok bukan hebat sakti tarik respon yusril pertama makna head to head hadap ahok dua makna istilah hebat sakti tarik telaah satu cari dukung ahok nyata ingin tarung pilkada bukan tuju kalah melulu terus mambangun jakarta baru gagas jokowi waktu tarung lima pasang pilkada dki tahun pasang fauzi bowo nachrowi ramli hendardji soepandji ahmad riza patria hidayat nurwahid didiek j rachbini faisal batubara biem benjamin alex noerdin nono sampono capai ahok juang tidak partai nyata jago ahok calon gubernur cagup partai gerindra partai besut prabowo posisi ahok musuh politik tumbang lihat nyata orang orang paham ahok inisiatif organisir kumpul ktp lolos jadi cagub jalur orang usaha nyata hasil kumpul ktp beri sinyal ahok maju jumlah lebih syarat tetap uu pilkada gencar dukung ahok nyata buat partai grogi sadar tidak dukung ahok pilkada arti partai tidak dukung tuntas bangun jakarta baru arti lawan hendak rakyat bagi besar warga jakarta akibat fatal partai rakyat rame rame kampanye tinggal partai milu utama partai nilai berangan pikir rakyat lihat ahok mungkin baca nasdem buru buru balik nyata dukung ahok tanpa syarat pdi p pd tidak malu malu nyata dukung sikap nasdem upaya antar ahok jabat dki kuat yusril kendati janji kumpul juta copy ktp waktu singkat gera arah belum tampak tampak balik gera ahok temu ketua pd susilo bambang yudhoyono sby diam beliau cikeas tanggal yusril kumpul copy ktp digembar gembor gembira ria pilih ikut saran sby banyak silaturahmi partai orang orang pengaruh yusril tidak emosional saran sby perlu tel mentah mentah lantas ikut jadi saran kiat sby tolak rencana yusril bukan sby tampak lihat penting rakyat ketimbang jungkal ahok kerja bukti baik rakyat jakarta indonesia sby paham yusril jadi anak buah kabinet indonesia satu jilid i kurang tahun kena resuffle mei semangat yusril tidak ingat usai nasehat sby langsung susun rencana silaturahmi mulai temu ketua pdi p dki boy sadikin ketua umum pdi p megawati sukarno putri sosok pengaruh tentu cagub dki baru lanjut pimpin partai laku silaturahmi musisi flamboyan ahmad dhani susul pak adhyaksa dault sandiaga uno sebut sebut calon cagub partai temu dhani nilai hasil capai sepakat bulat dukung syarat tingkat elektabilitasnya tinggi usung waktu sewa lembaga survey dasar hasil survey lembaga elektabilitas dhani tinggi yusril mundur dukung dhani yusril sepakat bicara adhyaksa sandiaga uno hitung hitung politik pihak yusril tidak masalah orang orang partai dukung rame rame jadi mesin politik yusril antar duduk kursi dki soal jadi kata misal dhani sandiaga uno berelektabilitas tinggi yusril konsisten uncapannya mundur tetap maju jalur independen orang galang dukung rakyat lewat kumpul copy ktp dua jadi yusril rian politik tidak tidak tempuh maju jalur independen arti terang terang yusril khianat dhani santiaga uno nama jilat ludah tetap konsisten mundur calon janji fight head to head ahok otomatis wujud putus tidak untung nilai tidak milik komitmen gampang umbar janji kejap ingkar jilat ludah bukan keptusan ambil yusril nila baik baik akademisi politis tuju yusril jadi gubernur ikut makna atas istilah hebat sakti yusril orang hebat kalah orang sakti orang sakti gak perlu buat duduk duduk tenang tenang aja kebal atas selamat escape tanpa buat apa pak ahok tutur tulis detik com tanpa sebut yusril deskripsi erti orang hebat masalah tempur baru tunjuk hebat bebas masalah jadi orang sakti cipta hadap orang hebat tutup yusril wartawan makna tunjuk yusril nilai ahok tidak buat dki ahok nila duduk duduk tenang tenang ahok kebal kebal pen ahok selamat escape kabur masalah lha nilai jelas sembrono tentang nyata orang tahu ahok tidak duduk duduk pangku tangan belakang meja tidak cari selamat orang jakarta rasa hasil kerja ahok efektif benah jakarta berantas korupsi yusril nihil kerja ahok orang waras sehat normal tanya yusril pakai kaca mata parah jelas orang hebat yusril tuju jadi gubernur dki tenyata simpel hadap orang sakti ahok orang sakti ahok jadi masalah yusril perlu hadap bukan bangun jakarta harap rakyat jakarta weh weh tuju,0,42,16,26
yusril kritik jokowi peluru basi yusril ihza mahendra kata jadi langsung calon presiden maju calon presiden bulan baru baru betik berita siap head to head lawan ahok pilgub dki sila baca tulis yusril lawan ahok ha ha ha kira yusril ikut jejak jokowi jadi gubernur baru jadi presiden tidak perlu malu contoh laku jokowi yusril kritik bijak presiden jokowi kritik yusril presiden jokowi yusril presiden jokowi baik cara pimpin arti komandan jelas arah capai program program menteri sama bijak ambil presiden kritik sampai kait wacana reshuffle jilid kritik standar dapat presiden komandan milik program program jelas distribusi menteri menteri ditindaklanjuti benar tepat ngawur presiden bilang a laku menteri b kritik bikin uap ngantuk yusril kata jadi presiden rombak kabinet menematkan orang orang cakap mampu bukan dar citra belaka kata citra angkat tahu bukan baru kali bukan yusril kata kata peluru basi kata citra debat panjang lebar pro kontra tidak jelas ujung tuding citra peluru basi bukan baru cenderung tidak kena sasar anda kena sasar gak ngaruh banget kena peluru basi hadeuuuh kait reshuffle jilid yusril kata siap head to head lawan ahok tanya ada menteri henti jawab yusril iya tidak sebut nama lho sebut nama menteri tidak lawan ahok head to head yusril butuh pasang sebut nama menteri nama usul haji lulung catat haji lulung sedia jadi calon wakil gubernur ha ha ha,0,5,9,-4
ah yusril benar hari juli mantan menteri hakim ham yusril ihza mahendra hadir sidang perdana mahkamah konstitusi tahu laku mohon uji materi undang undang nomor tahun jaksa pasal ayat huruf d kait legalitas jaksa agung hendarman supandji yusril tetap yakin posisi hendarman jaksa agung ilegal posisi direktur sidi jaksa muda pidana khusus anggap yusril tidak sah direktur angkat atas usul jaksa agung hendarman supandji ilegal ringkas rantai ilegal jalin kelindan jagung lawan pakar hukum tata negara heran sikap yusril nyata mahkamah konstitusi hormat jagung tempointeraktif yusril ihza mahendra nyata rasa hormat hadir mahkamah konstitusi ketimbang jaksa agung nyata kes sentimentil bau defensif kira tidak elegan barangkali tidak perlu keluar kata pakar hukum tata negara jadi bumerang yusril yusril tetap tangan jagung arti yusril masuk bukan orang hormat tangan lembaga sebut kurang hormat makan omong neh parah bukti salah adil dua yusril kata gugat soal legalitas jaksa agung bagi upaya beri didik rakyat nyata yusril tempat guru sisi dengar mulia masuk akal sisi nyata yusril tidak beri didik rakyat jawab sederhana diam belum tetap sangka kasus korupsi sisminbakum sikap anggap guru rakyat tidak bukan cermin sikap negarawan guru yusril beri didik politik rakyat sempurna sistem hukum atur gugat laku jauh jauh hari jerat kasus hukum lantas wajar masyarakat tanya yusril ahh yusril benar mudah mudah langkah betul betul benah kesemerawutan hukum negeri sirat geliat gugat absah jaksa agung,0,23,7,16
tumbang ahok yusril rela hina partai partai gerindra buka daftar calon gubernur dki yusril gopoh gopoh ambil formulir daftar pdi p buka daftar yusril birit birit ambil formulir sedia partai kunjung minta bantu bantu yusril jadi calon gubernur dki prilaku orang hebat kaliber yusril undang tanya tanya besar publik dki luput kacamata ahok pantau situasi lawan lawan politik pertama sejarah ketua umum partai suara lamar partai seru kata ahok cengengesan guyon ahok tanggap serius yusril hebat mahendra dengar sindiranan ahok mantap tanpa tedeng aling aling akan tohok harga sikap bingung cari wadah buka lebar terima hadir yusril jawab bagi diplomasi galang satu partai partai capai tuju hasil baik upaya tegak demokrasi negeri yusril anggota pdi p tiba tiba seloroh prof yusril eksternal partai daftar masalah jadi masalah kader gerindra daftar partai ucap anggota pdip tarik bayang umpama dapat kader gerindra lamar partai masalah partai diri partai sepakterjang duduk bukan kader pimpin partai lamar jadi kader partai jadi tugas partai jadi bahan tertawa publik politik rendah citra branding partai pbb tumbang ahok yusril anggap hebat nyata rendah hina harga pratainya tidak terima pdip gerindra bukan pbb partai jadi korban politik coreng nama yusril kancah politik indonesia logika partai percaya partai dihianati tulis bukan bicara kena hak demokrasi yusril sah sah lamar jadi kader partai sangkut harga percaya partai nya bayang reaksi publik umpama megawati pimpin partai lamar jadi kader gerindra umpama aneh bukan fenomena tengah alami yusril pimpin partai bulan bintang tengah lamar jadi kader partai pdip gerindra wajar ahok kata pertama sejarah ketua umum partai suara lamar partai seru kata ahok cengengesan tanya lanjut partai mana terima hina kapabilitas kualitas partai patut tunggu alas partai terima yusril selamat nikmat politik,0,12,7,5
yusril kartu mati siar berita tum pbb yusril ihza mahendra daftar jadi bacagub dki jumlah partai berita orang pertama ambil formulir pdip buka daftar pertama kali datang partai gerindra buka daftar daftar pan pkb pks ejek yusril ambisius perlu emis ngemis usung jadi bacagub dki dapat wajar laku yusril im posisi partai tidak harap tidak punya kursi senayan kebon sirih yusril tinggal tunggu panggil partai wawancara belum yusril laku langkah blunder pihak ppp versi djan farid muktamar ishlah ppp baru menang romahurmuzi nama yusril coret romi ppp milik kursi dprd jakarta tinggal cari dukung kursi partai pan jago yusril tidak andal punya kursi dprd dk jakarta yusri kans yusril pdip peluang yusril dapat tiket pdip tipis satu punya milik dekat megawati yusril lupa ahok megawati ahok jadi teman damping megawati nikmat bakso posisi tidak punya kader pdip yusril lupa ahok tandem jokowi jakarta yusril lanjur sakit hati baik jokowi ahok sempat hina jokowi pimpin kapasitas level walikota jokowi tokoh utama pdip megawati bangga sebut sebut calon ganti megawati undur jadi yusril tidak jaga mulut pepatah melayu kata mulut harmaumu megawati tidak berani ambil resiko beri tiket yusril bacagub pdip pilgub abai kader nama jokowi jauh panggang api yusril dapat tiket pdip harap yusril partai gerindra golkar partai gerindra punya dendam kesumat ahok nyata keluar partai gerindra betul partai gerindra tidak punya stok kader mumpuni kalah ahok partai gerindra punya kader internal nama sandioga uno masalah jauh popularitas uno tahan tidak gerus nama sandiaga uno masuk panama papers tokoh usaha politikus selebriti selundup kaya luar negeri hindar pajak tipis harap yusril im dapat tiket gerindra prabowo subianto alami trauma tinggal ahok nilai loyalitas rendah ahok dalih tidak jalan partai gerindra dukung pilkada tidak langsung pilkada anggota dprd prabowo ragu loyalitas yusril i tidak hilang tongkat kali yusril khawatir khianat tinggal gerindra ambisi capai harap akhir yusril maju pilgub dki usung partai golkar yusril jasa partai jadi acara partai golkar menang adil partai golkar sibuk selenggara munas mei datang partai golkar partai stok kader mumpuni siap jadi tantang ahok pilgub jadi yusril tidak harap dahulu kader internal maju pilgub jakarta jadi yusril kartu mati baik henti juang jadi gubernur dki jakarta jadi acara jadi ahli hukum hebat sekian salam m jaya nasti,0,10,15,-5
pak yusril capres baik cerdas ketua majelis syuro dewan pimpin pusat partai bulan bintang yusril ihza mahendra deklarasi calon presiden ri periode chopas riwayat didik krier alam prestasi beliau ijin chopas reportase com yusril izha mahendra ketua umum partai bulan bintang karier politik yusril ihza mahendra mulai aktif dunia didik organisasi lulus sma yusril lanjut kuliah universitas indonesia ambil ilmu filsafat fakultas sastra hukum tata negara didik ui selesai yusril izha mahendra lanjut s university of the punjab india ambil gelar master lanjut s ambil spesialisasi banding politik masyarakat masyarakat muslim university sains malaysia bidang university sains malaysia hasil dapat gelar doctor of philosophy ilmu politik dunia didik yusril izha mahendra kenal ajar universitas staf ajar fakultas hukum universitas muhammadiyah jakarta umj staf ajar akademi ilmu masyarakat departemen hakim tahun staf ajar program pascasarjana ui fakultas hukum ui yusril ihza mahendra angkat guru besar ilmu hukum universitas indonesia ajar hukum tata negara teori ilmu hukum filsafat hukum program pascasarjana dunia organisasi bukan asing bagi sekolah smp yusril izha mahendra jadi ketua osis sma kappi tingkat rayon kuliah ui yusril pilih jadi ketua majelis musyawarat mahasiswa mpm ui gabung himpun mahasiswa islam hmi badan komunikasi pemuda masjid indonesia bkpmi kuliah yusril jadi anggota organisasi afiliasi partai syarikat islam indonesia psi nama pemuda muslimin jauh yusril izha mahendra jadi urus muhammadiyah dewan dakwah islamiyah indonesia ikat cendekiawan muslim indonesia icmi yusril ikut panitia konfrensi internasional sidang aalco konfrensi internasional tsunami konfrensi tingkat tinggi asia afrika bukan negeri yusril ihza mahendra aktif organisasi internasional regional islamic da council of southeast asia and the pasific markas kuala lumpur tuai tuanku abdul rahman putra al haj mantan perdana menteri malaysia yusril ihza mahendra jabat vice president president asi african legal consultative organization markas new delhi yusril ihza mahendra anggota ketua delegasi republik indonesia bagai runding internasional masuk sidang asean organisasi konfrensi islam apec masuk jadi wakil indoensia bicara pidato sidang serikat bangsa bangsa komisi hak asasi manusia pbb united nations jenewa ikut susun konvensi pbb menandatanganinya atas nama perintah republik indonesia un convention on transnational organized crime palermo italia un convention against corruption markas pbb new york pilih presiden arena sidang umum mpr ri oktober yusril ketua umum partai bulan bintang pbb dapat suara abdurrahman wahid jadi ketua dewan syuro partai bangkit bangsa pkb oleh suara megawati ketua umum pdi juang megawati raih suara atas sepakat pentol poros tengah amien rais pan akbar tandjung partai golkar hamzah haz ppp matori abdul djalil pkb yusril pbb yusril sepakat undur arena pilih presiden lanjut poros tengah beri dukung penuh gus dur perintah yusril ihza mahendra jabat menteri kabinet kabinet perintah indonesia oktober mei presiden abdurrahman wahid percaya tempat posisi menteri hakim hak asasi manusia masa presiden megawati soekarnoputri yusril jabat menteri hakim hak asasi manusia kabinet gotong royong oktober februari masa kabinet indonesia satu presiden susilo bambang yudhoyono agustus oktober jadi menteri sekretaris negara presiden susilo bambang yudhoyono laku resuffle kabinet indonesia satu yusril ihza mahendra ganti hatta rajasa sab rpts sumber merdeka com,1,3,3,0
yusril maju jadi cagub pilkada dki jakarta ego nama keluarga ilustrasi pakar hukum tata negara profesor yusril ihza mahendra pasti sedia maju calon gubernur dki jakarta tantang sang tahan basuki tjahaja purnama ahok bukti senior bidang hukum tata negara jabat ketua partai sekretaris kabinet menteri jabat gubernur gubernur angkat jadi menteri bukan bukan yusril jabat menteri jabat gubernur yusril orang walikota depok presiden partai adil tahun menteri hutan kebun nur mahmud ismail nama tidak jabat ego bukan abdi masyarakat tidak jadi apa alas nya kuasa wenang besar wilayah jadi tempat abdi jabat ketua partai presiden partai tinggi ingin yusril maju cagub dki pilkada faktor emosi semata faktor ego tunjuk keluarga yusril irza mahendra kalah keluarga basuki cahaya purnama baik belitung timur dki jakrta tahu yusril irza mahendra punya andil besar atas menang kakak nya nama yuslih ihza menang bupati belitung timur pilkada buat citra keluarga mahendra baik banding keluarga basuki yusril irza mahendra latar belakang acara sikap masyarakat pengaruh stigma acara cari celah hukum dapat benar tidak usaha jadi benar yusril irza mahendra maju cagub dki jakarta tidak nama besar keluarga mahendra belitung timur tenar populer segani masyarakat perkara menang kalah tidak jadi pikir yusril jelas jelas nama yusril tidak layak jual dki jakarta belum satu bukti kerja nyata yusril buat masyarakat dki jakarta pilih dukung parpol nafsu manusia tonjol utama yusril samping abdi rakyat dki jakarta jabat ketua partai bulan bintang tidak partai bulan bintang dominasi anggota dpr ri tanda nama yusril pbb tidak suka masyarakat indonesia nama yusril irza mahendra besar bidang hukum perkara menang yursil acara perkara pidana perkara perdata perkara pilkada menang mk jabat mensekneg menkumham nama yusril tidak tonjol tidak terobos ber bekas ingat masyarakat tingkat elite alam orang politik nama yusril mulai naik daun gulir nya reformasi gera kaum reformis jatuh soeharto presiden jadi capres semprot amien rais waktu partai dukung yusri irza mahendra maju sebagia cagub dki jakarta pilkada belitung timur pan pbb ppp partai golkar partai gerindra niat tidak muncul hati jiwa bersih cendrung dorong ego penting nama keluarga yusril irza mahendra dapat gagal head to head lawan ahok pilkada dki jakarta masyarakat dki jakarta barometer kamajuan demokrasi masyarakat wilayah indonesia sulit nama yusril irza mahendra simpati pilih gubernur dki jakarta yusril irza mahendra mengkalim dapat dukung bagai elemen masyarakat maju cagub dki jakarta bukti realita hadir tengah tengah masyarakat penting baik fokus acara lawan ahok perkara sampah bantar gebang pt godang tua jaya gtj pt navigat organic energy indonesia noei kelola tempat buang sampah padu tpst bantar gebang laku seleweng dana dua usaha tunjuk yusril ihza mahendra kuasa hukum lawan ahok tantowi yahya serah realistis pilih banten jadi target salam,0,17,8,9
ahok sih modal bacot doang gak apa banding yusril ustadz kota tutur setan setan demo pasal hak hak dosa langgar manusia manusia jauh berani ketimbang ancam eksistensi setan kisah setan demo sindir pak ustadz kasus korupsi heboh umat islam negeri korupsi proyek ada kitab suci al quran jadi kemenetrian agama tahun anggar majelis hakim baca timbang berat dakwa zulkarnaen djabar anak dendy prasetya buat dakwa coreng umat islam hambat umat islam ibadah cedera asa umat islam tahu anggota komisi viii dpr ri zulkarnaen anak dendy nyata salah bantu pt batu karya mas menang proyek ada alat laboratorium komputer madrasah tsanawiyah tahun anggar dua bantu pt adhi aksara abadi indonesia menang tender ada alquran tahun anggar direksi pt adhi aksara abadi dendy prasetya anak kandung zulkarnaen wakil ketua komisi berantas korupsi kpk bambang widjojanto nilai laku korupsi ada al quran pantas jatuh hukum berat beri efek jera tindak korupsi laku luar batas akal sehat normal eya kata pak ustadz setan aja gak berani laku cengang publik waktu nyata acara dakwa mantan menteri hakim yusril ihza mahendra yusril berat pakai istilah korupsi ada al quran pakai pihak sebut perkara yusril pihak hati hati guna istilah pojok umat islam tanah air kata ketidaktepatan guna istilah sudut zulkarnaen sangka dendy prasetya pak ustadz gereget tanggap nyata rugi jelas umat islam ulah bapak anak lha rasa pojok sebut dua koruptor ada al quran terus bilang korupsi ada makan gitu hadeeeuh pantes setan ngerasa minder ulah manusia bukan koruptor model zulkarnaen djabar anak bela yusril alas minta ketua umum pdip megawati soekarnoputri yusril jadi acara emir moeis emir tetap sangka kpk kasus duga korupsi proyek bangun pltu tarah lampung tahun emir duga terima dana hadiah besar usd rp miliar tahun yusril jadi acara agusrin najamuddin pidana kasus korupsi dana hasil pajak bumi bangun bea oleh tanah bangun jadi yusril acara agusrin harap lepas jerat hukum kasasi mahkamah agung hukum agusrin empat tahun penjara denda rp subsider tiga bulan penjara agusrin bukti salah rugi negara rp miliar bareskrim polri tetap siti fadilah sangka kasus duga seleweng anggar negara proyek ada alat sehat tahun anggota dewan timbang presiden wantimpres langsung tunjuk yusril acara semenjak yusril copot jabat menteri sekretaris negara tahun politikus lahir belitung timur hilang perederan nama tidak dengar pilih urus patainya partai bulan bintang yusril coba terjun dunia advokat diri ihza ihza law firm adik yusril yusron ihza masuk tim kantor acara gagas kakak kasus tangan nama yusril baru mulai sinar lawan perintah kali yusril gugat mahkamah konstitusi menang sebut yusril gugat jabat jaksa agung hendarman supandji kabinet indonesia satu ii gugat pasal ayat uu no tahun imigrasi kabul mk gugat pres keppres angkat wakil menteri belum pasal soal saksi ringan hap status sangka yusril kasus duga korupsi sistem administrasi badan hukum sisminbakum tidak lanjut jaksa agung keluar surat perintah henti sidi sp jadi bela koruptor yusril tegas bukan bela koruptor beda sangka duga korupsi koruptor kilah pak ustadz tanggap ngeles nya yusril kata eya maling ngaku penuh tuh penjara ramai putar pilgub dki cuat nama gubernur ahok yusril bursa calon publik heboh banding banding dua ahok sih modal bacot doang liat prestasi yusril negara aja kalah mulu eya sumber ustadz kota tutur setan setan demo pasal hak hak dosa langgar manusia manusia jauh berani ketimbang ancam eksistensi setan kisah setan demo sindir pak ustadz kasus korupsi heboh umat islam negeri korupsi proyek ada kitab suci al quran jadi kemenetrian agama tahun anggar majelis hakim baca timbang berat dakwa zulkarnaen djabar anak dendy prasetya buat dakwa coreng umat islam hambat umat islam ibadah cedera asa umat islam tahu anggota komisi viii dpr ri zulkarnaen anak dendy nyata salah bantu pt batu karya mas menang proyek ada alat laboratorium komputer madrasah tsanawiyah tahun anggar dua bantu pt adhi aksara abadi indonesia menang tender ada alquran tahun anggar direksi pt adhi aksara abadi dendy prasetya anak kandung zulkarnaen wakil ketua komisi berantas korupsi kpk bambang widjojanto nilai laku korupsi ada al quran pantas jatuh hukum berat beri efek jera tindak korupsi laku luar batas akal sehat normal eya kata pak ustadz setan aja gak berani laku cengang publik waktu nyata acara dakwa mantan menteri hakim yusril ihza mahendra yusril berat pakai istilah korupsi ada al quran pakai pihak sebut perkara yusril pihak hati hati guna istilah pojok umat islam tanah air kata ketidaktepatan guna istilah sudut zulkarnaen sangka dendy prasetya pak ustadz gereget tanggap nyata rugi jelas umat islam ulah bapak anak lha rasa pojok sebut dua koruptor ada al quran terus bilang korupsi ada makan gitu hadeeeuh pantes setan ngerasa minder ulah manusia bukan koruptor model zulkarnaen djabar anak bela yusril alas minta ketua umum pdip megawati soekarnoputri yusril jadi acara emir moeis emir tetap sangka kpk kasus duga korupsi proyek bangun pltu tarah lampung tahun emir duga terima dana hadiah besar usd rp miliar tahun yusril jadi acara agusrin najamuddin pidana kasus korupsi dana hasil pajak bumi bangun bea oleh tanah bangun jadi yusril acara agusrin harap lepas jerat hukum kasasi mahkamah agung hukum agusrin empat tahun penjara denda rp subsider tiga bulan penjara agusrin bukti salah rugi negara rp miliar bareskrim polri tetap siti fadilah sangka kasus duga seleweng anggar negara proyek ada alat sehat tahun anggota dewan timbang presiden wantimpres langsung tunjuk yusril acara semenjak yusril copot jabat menteri sekretaris negara tahun politikus lahir belitung timur hilang perederan nama tidak dengar pilih urus patainya partai bulan bintang yusril coba terjun dunia advokat diri ihza ihza law firm adik yusril yusron ihza masuk tim kantor acara gagas kakak kasus tangan nama yusril baru mulai sinar lawan perintah kali yusril gugat mahkamah konstitusi menang sebut yusril gugat jabat jaksa agung hendarman supandji kabinet indonesia satu ii gugat pasal ayat uu no tahun imigrasi kabul mk gugat pres keppres angkat wakil menteri belum pasal soal saksi ringan hap status sangka yusril kasus duga korupsi sistem administrasi badan hukum sisminbakum tidak lanjut jaksa agung keluar surat perintah henti sidi sp jadi bela koruptor yusril tegas bukan bela koruptor beda sangka duga korupsi koruptor kilah pak ustadz tanggap ngeles nya yusril kata eya maling ngaku penuh tuh penjara ramai putar pilgub dki cuat nama gubernur ahok yusril bursa calon publik heboh banding banding dua ahok sih modal bacot doang liat prestasi yusril negara aja kalah mulu eya sumber,0,30,48,-18
anis matta yusril ihza rebut gelar soekarno muda yusril ihza mahendra sang profesor cerdas punggawa partai bulan bintang pbb rebut gelar soekarno muda presiden partai adil sejahtera pks anis matta dua dua milik lebih kurang lebih kurang layak sandang gelar guna tarik banding bung karno yusril ihza mahendra anis matta tentu menang tarik guna sih gagah gagah lihat lebih bung karno baru banding yusril anis pertama bahasa bung karno usai bagai bahasa asing bung karno kuasa bahasa belanda jerman russia china jepang bahasa daerah indonesia asai bung karno bagai bahasa daerah jawa bal sunda manado bengkulu melayu kei banjar ambon bung yusril jelas kalah banding anis matta soal mampu bahasa inggris bung yusril belepotan bahasa inggris anis matta lancar bung yusril dua takwa allah rekam jejak agama bung karno suruh membangung masjid istiqlal megah bentuk amal jariyah bung karno waktu naik haji amal upa usul tanam hijau padang arafah pohon ntt kelak nama pohon soekarno hijau bung yusril menang bantu bangun masjid bagai tempat indonesia anis matta belum bangun buah mesjid indonesia kaya raya sejahtera bahagia anak istri bung yusril anak istri bung yusril tiga paham hukum bung karno lulus teknik insinyur pamahaman hukum luar tantang diri negara indonesia wilayah bung karno sebut jajah belanda bung karno sebut bangkit bangsa indonesia turun bangsa bangsa ratus jumlah jawa sunda batak gayo dayak manado papua bal lombok china jadi suku bangsa masalah hukum negara jelas bung yusril puluh tingkat banding anis matta bung yusril kali kali lolos menang gugat hukum mampu lihat keburu sabotase kpu soal serta milu legislative rencana partai parlemen hasil pbb lolos juang hukum yusril empat bung karno anut poligami laku pemraktek ajar sunnah rasul urus kawin poligami sama soekarno anis matta mirip urus poligami jelas bung yusril kalah anis matta survey lelaki poligami suka korupsi contoh luthfi hasan ishaaq istri ahmad fathanah istri kriteria laku poligami anggap nilai negative jadi hasil yusril lima cerdas bung karno tujuh tingkat atas anis matta anis matta cukup cerdas senang sandar ayat ayat selesai masalah yusril ihza mahendra acara brilian bung karno enam tingkat atas yusril ihza mahendra jadi jelas bung yusril cerdas banding anis matta yusril lihat objektif mampu skill lebih bung karno yusril anis matta nalar manusia indonesia waras bung yusril pantas sebut soekarno muda bukan anis matta anis matta tepat dapat gelar luthfi hasan ishaaq muda salam bahagia ala,1,25,12,13
maju balon gubernur dki jakarta yusril remeh jokowi yusril ihza mahendra salah bakal calon tantang ahok bursa pilih gubernur dki jakarta terus laju niat lihat bulat pantang serah terus upaya jalan tuju kursi dki jakarta laju mulus bagai cara laku temu jumlah bakal calon gubernur niat maju tantang ahok temu pimpin partai politik lobi lobi jadi salah jurus andal yusril dapat dukung yusril harap dukung partai politik ikut kontes pilkada dki jakarta tahun datang tidak berani ahok mantap laju lewat jalur independen salah andal yusril terus percaya mantap bakal saing ahok sukur sukur pilih anti ahok rasa unggul bakal calon masuk unggul ahok unggul duduk jabat penting menteri adhyaksa dautl jabat menteri era perintah susilo bambang yudhoyono sby menteri pemuda olahraga kabinet indonesia satu jilid periode bakal calon ahmad dhani sandiaga uno si wanita emas hasnaeni moien ahok belum cicip rasa jadi menteri yusril jadi menteri sekretaris negara mensesneg menteri hukum undang undang menteri hakim hak asasi manusia kabinet perintah catat emban tugas menteri tiga orang presiden presiden abdurahman wahid megawati sby kabinet perintah indonesia oktober mei presiden abdurrahman wahid jabat menteri hakim hak asasi manusia menteri hakim hak asasi manusia perintah megawati kabinet gotong royong sby jabat presiden yusril pilih jadi menteri sekretaris negara direshuffle ganti besan sby hatta rajasa unggul yusril gadang gadang mampu jadi magnet pilih dki jakarta pilih gubernur pilkada datang remeh jokowi percaya besar dasar alam jadi menteri tiga kali yusril ihza mahendra kata mesti npenduduk dki jakarta berterimakasih milik kapsitas nasional tangan masalah daerah kutip kompas com yusril kata mesti terima kasih milik kapasitas nasional tangan masalah daerah kata yusril kawasan blok m jakarta selatan jumat serah yusril bilang salah orang kapasitas mantan menteri calon jadi gubernur tidak malu ragu malu jaim jabat menteri turun jabat tarung jadi gubernur tidak elok yusril buat nyata remeh presiden joko widodo jokowi berita jadi tokoh mampu pecah soal nasional turun pecah soal daerah baik ujar yusril tidak baik kapasitas wali kota jadi presiden misal kacau tuh jadi he he he kata yusril kapasitas walikota jadi presiden kalimat tuju jokowi jadi yusril jelas anggap jokowi punya kapasitas walikota tidak punya kapasitas gubernur kapasitas presiden wow kalimat sembrono tidak dasar buat profesor pikir anda benar kata jokowi tidak punya kapasitas gubernur presiden mampu tata bawa jakarta baik jabat gubernur dki jakarta bawa ubah indonesia baru pasuk tahun jabat presiden sebut ubah birokrasi indonesia perata bangun infrastruktur utama indonesia timur bangun waduk bendung jembatan tol mrt lrt tol laut silah googling kacau tuh jadi apa kacau jokowi selesai kacau tanah air presiden turun langsung papua tangan kabut asap sidak langsung lihat kembang proyek lapang yusril lupa waktu jokowi belum genap tahun mampu toreh jumlah prestasi belum sempurna pikir yusril ingat lho pak yusril jokowi baru tahun jabat presiden mulus langkah jadi gubernur dki jakarta tidak elok yusril remeh mampu jokowi baik intropeksi jelas jokowi bukti mampu jadi gubernur presiden yusril belum jadi gubernur baru jadi gubernur elok ajar alam mampu jokowi jabat bagi gubernur kelola dki jakarta tarik minat calon pilih kelak solo maret,0,29,14,15
jadi benci yusril nyata profesor yusril ihza mahendra saksi ahli hadir kubu prabowo hatta mk waktu kata mk mahkamah kalkulator minta mk mk nya thailand buat salah warga kampung ikut fans setia ubah ratus delapan puluh derajat usai dengar nyata yusril ikut setia kampung langsung sumpah tidak dukung pbb partai bulan bintang tidak baca tulis berita kait mantan menhukham masa lembaga tinggi negara yusril leceh nyata preman sebut mk mk nya thailand kes rendah martabat negeri thailand seringkali dengar kudeta milu tidak atur indonesia arti indonesia baik thailand arti pak yusril ajar tidak baik buat tidak sudi rim sumpah jadi benci yusril tidak nyoblos pbb juang klien prabowo hatta ahli advokat yusril tokh wajar wajar punya dapat juli nyoblos nomor prabowo hatta timpal iya nyoblos nomor emang pak yusril pbb koq sahut pak yusril leceh lembaga tinggi negara mk rendah harkat martabat negeri cinta mulai detik henti jadi ikut setia dukung prabowo hatta cabut lho habis jelas kalah koq tetap ngotot tidak terima kalah lapang dada ngakunya ksatria sssttt stop ah minta henti bicara terus terus tanggap postingan jadi penuh umpat caci maki tidak suka tulis umpat kata kata kotor sungguh,0,12,12,0
lawan tangguh ahok serius sedap masuk tuh barang sip basuki tjahaja purnama ahok punya saing nan imbang senin februari kemarin yusril ihza mahendra resmi umum bakal calon jadi gubernur dki jakarta hajat pilkada serentak lawan tangguh benar benar datang lupa popularitas ahok ada posisi nomor banding nama bakal calon gubernur muncul belakang mesti catat baik baik nama nama tokoh baru muncul mulai tempel ketat ahok sehat demokrasi dasar hasil survei laku populi center tanggal februari yusril ahli hukum tata negara musisi ahmad dhani belum lama satron kalijodo punya tingkat popularitas lumayan popularitas ahok tetap nangkring atas persen rano karno tahu nama muncul persen ahmad dhani persen yusril persen teliti populi center nona evita popularitas ada atas wali kota bandung ridwan kamil kamil ada posisi lima persen apresiasi yusril bangsa negara jakarta turun derajat mantan menteri ketua umum partai mantan calon presiden jadi calon gubernur jakarta luar kenal sosok pria rendah hati percaya simak kata kata muat kompas com kemarin maaf edit mundur jadi calon presiden milu semata mata jaga damai hebat jiwa kenegarawannya utama jaga satu satu pecah belah korban undur calon bukan arti kalah hebat kalah yusril tebus calon jadi gubernur dki kalah ahok waktu kalah abdurrahman wahid gus dur hitung suara oleh wuih optimisme lho tahan pantas jadi gubernur dki jakarta mungkin dapat dukung gus dur dapat dukung megawati tuh luar prediksi ayo maju terus bung lawan ahok jadi vote pertama gus dur kalah tinggal hadap mega ah yusril ngomong bukan bung bukan fakta rendah andai andai bj habibie instruksi dukung dukung kondisi kata kalah mega percaya sila cek langsung pak habibie tanya yusril kalah serah dukung gus dur bukan main jiwa besar yusril moga gus dur tidak bangun kubur teriak yusril bohong bayang waktu umur tahun muda kecil kalah gus dur megawati jadi khawatir luar pahlawan betul yusril layak bintang maha waktu jaga satu undur tahu gus dur menang mega jadi wakil betapa besar agung mulia yusril serah menang gus dur megawati baca berita hasil konferensi pers yusril senin februari kemarin jakarta sabar hati lihat pilih gubernur dki pilkada gelar hari harap yusril keluar menang lewat hitung cepat kata sabar pasal yusril kumpul ktp warga jakarta dukung maklum percaya maju lewat jalur independen ahok aksi kumpul ktp laku yusril mulai awal maret besok tidak prediksi sanggup yusril kumpul ktp dukung tempo tiga bulan bilang tidak tiru cara teman ahok kumpul ktp buka posko rt rw hebat serius yusril nyalon lewat jalur independen tanya soal yusril bilang partai politik calon sila alamak jadi mentah nih percaya diri bukti bung yusril mampu oleh suara partai jakarta milu legislatif an jiperkah yusril moga tidak partai nasdem dukung ahok lewat dpw partai nasdem dki jakarta diri posko induk kumpul ktp dukung ahok berita posko bentuk nasdem beri nama posko induk ktp dukung ahok markas kantor nasdem jalan gondangdia menteng jakarta pusat ayo laskar partai bulan bintang pbb kalah laskar nasdem tunjuk nyali nyali desak jual sentimen agama turun kalah ahok cara pakai kuno,0,26,19,7
ahok takut lawan yusril bacot karakter pimpin ahok tidak punya prestasi ahok jago tebar caci maki sumpah serapah bahasa toilet plus isi bagi pisah cara gaya komunikasi ahok kembang agung podomoro agung dayu group mampu buat ahok tekuk lutut kata takut ahok agung podomoro agung dayu group agung podomoro agung dayu group garap kpk ahok buat pusing keliling belum sunny anak magang bimbing bolak bolak mengahadapi wawancara sidik kpk sunny salah jawab ahok bakal buat repot belum masalah kalah pelik head to head lawan prof dr yusril ihza mahendra kasus hukum kali kali terus ulang ulang ahok tantang yusril tarung adil tidak tuju bijak bak gayung sambut yusril senang hati terima tantang ahok menang yusril kasus bidaracina mampu pukul ko ahok skor menang yusril kasus hukum tunggu yusril kasus gusur kampung luar batang kasus bantargebang kasus kampung luar batang yusril kali kali minta ahok keluar sk gusur kampung luar batang kasus bantargebang yusril tunggu sp putus kontrak kasus bantargebang ahok guna temu bpk dasar hukum keluar sp tanggal september susul sp tanggal nopember aneh pasuk mei sp putus kontrak belum laku ahok ahok janji hadap media putus kontrak kasus bantargebang laku jangka waktu hari keluar sp rencana ahok laku putus kontrak pemprov dki jakarta langsung ambil alih bantargebang kelola swakelola ahok bantargebang kelola pemprov dki jakarta jadi pengehamatan besar rp milyar angka fantastis jelas ahok takut hadap yusril adil,1,13,5,8
yusril professor yusril ras indonesia jadi tikai bunuh gara gara konflik sara luar negeri india burma kosovo eropa negara afrika anak sd kelah gara gara hujat masalah sara bang yusril aku ngaku professor pakar hukum mantan menteri kabinet ketua umum partai politik sengaja tiup issue sara gara gara hari belum parpol ber sedia dukung ajang tarung pilkada dki kagak malu didik jabat tuh bang ingat tinju mike tyson milik nama besar tanding lawan evander holyfield si leher beton main gigit kuping evander tonjok perkutut evander bang yusril takut tanding jadi main curang ahok bang yusril takut tidak parpol dukung bang yusril yakin menang lawan ahok teman yusril tidak kumpulin ktp maju independen takut khawatir tidak warga dki kasih ktp mending jadi gubernur belitung deh lawan adik ahok tetap takut kali pakai kaos mik mose bang mending pakai kaos doraemon kantong ajaib kale aja biar langsung jadi presiden uganda salam sejahtera sehat raymond liauw,0,2,2,0
yusril mulai main isu agama ustadzah mama dedeh bilang preeeet yusril tampak guna cara sempat kalah ahok pilgub dki status bakal cagub dki sibuk cari dukung bagai partai hubung partai golong partai gurem tidak punya bangku parlemen mulai strategi keroyok ahok bakal cagub dki blusukan bagai mesjid solat jumat warga serang ahok lewat jalur hukum tampak mulai main isu agama ada acara gema tabligh akbar yayasan al riyadh lurah jati padang camat pasar minggu jakarta selatan senin april tampil mama dedeh dedeh rosidah ceramah betul yusril hadir situ acara yusril dapat sempat bicara mulai main isu agama tampak jelas isi penting pribadi cari dukung pilgub dki yusril kata dasar teliti yusril tidak sebut nama lembaga surveynya persen warga jakarta hendak pimpin muslim wajar mayoritas warga jakarta agama islam wajar masa jadi gubernur bal orang hindu jadi gubernur yusril kata amerika serikat tahun merdeka milik presiden muslim satu presiden as asal luar kristen john f kennedy agama katolik masa jadi gubernur papua orang kristen hendak orang papua yusril tutur pilih warga bukan arti tidak hormat agama agama hormat orang jaga ada tempat ibadah insya allah paham betul lihat jakarta damai islami bukan arti tidak hormat agama kata ahli hukum kata yusril tsb kata tidak pantas tidak didik negara dasar pancasila syarat jadi gubernur presiden undang undang tidak sebut soal agama cagub capres tampak jelas yusril usaha yakin serta tablik akbar tsb gubernur dki agama islam salah bakal cagub dki agama islam orang kali jadi menteri ambisi besar kejar jabat gubernur dki guna jalan nyapres pilpres cara sempat guna kata mama dedeh ceramahya kait pilgub dki mama dedeh ingat yusril ihza mahendra tidak perlu janji jadi jabat rayu pilih ceramah mama dedeh lontar nyata perlu simak bakal cagub dki sbb rakyat bosan janji doa wakaf tubuh rakyat preeeeet percaya gua bakal cagub sibuk serius cari dukung blusukan ustadzah mama dedeh bilang preeeet tega sumber baca,0,11,7,4
kaum tindas kisah politik dki jakarta ahok sang tindas yusril sang bebas kisah politik dki jakarta ubah pasca rezim fauzi wibowo ubah pengaruh hadir gaya ber politik joko widodo basuki tjahaja purnama ahok gubernur wakil gubernur pilih model politik sakral elitis jadi humanis wajah rakyat model politik ter tutup artifisial jadi transparan aktus bargaining politics balik layar jadi aktus bargaining politics panggung buka laku rezim ahok jauh komplit ubah kaget pihak cipta pro kontra tengah publik terima tolak lumrah acceptabled not acceptabled atas bijak putus politik niscaya tidak hindar results jadi tentu benar tidak benar bijak putus politik proses ber demokrasi bukan soal tuju halal cara gaya ber politik ahok tidak bawa bebas gaya ber politik cipta tindas rakyat politis birokrat bersih gaya ber politik ahok bebas politis birokrat opurtunis koruptif plus kelompok kelompok fanatik ras parasit gaya ber politik ahok sungguh tindas akhir soal tindas akomodasi yusril izha mahendra yusril baik yusril pilih pihak kaum ter tindas ahok juang hak hak betul yusril salah bakal calon gubernur potensial tantang ahok gubernur tahana pilih gubernur pilgub dki jakarta datang jadi pilih pihak yusril tepat beri untung politis pihak yusril kaum tindas ahok kata tepat beri untung politis pertama dki jakarta momen jelang pilgub momen rakyat dki jakarta rasa tindas gaya ber politik ahok cari pimpin alternatif ingin semangat kaum tindas asal bukan ahok aba kelompok potensial jadi jadi kelompok dukung tepat basis massa sumber suara yusril dua kuat figur calon gubernur milik partai politik tingkat popularitas elektabilitas bakal calon gubernur balcagub milik partai politik parpol kata tidak cukup tonjol banding yusril luar ahok tri rismaharini risma ganjar pranowo ganjar ridwan kamil emil rata rata tingkat popularitas elektabilitas yusril ada atas balcagub milik parpol sebut djarot saifulah pdip lulung lunggana ppp ahmad dan pkb hasnaeni moein demokrat adhyaksa dault muhammad idrus pks sandiaga uno gerindra suyoto pan hasil rilis lembaga survei tingkat popularitas elektabilitas balcagub justifikasi tepat pilih hendak politis yusril tiga putus politik buat calon gubernur potensial ahok calon gubernur gadang maju pdip putus maju pilgub lewat jalur independen tri rismaharini putus maju pilih walikota surabaya pilih ganjar pranowo ridwan kamil putus tidak ikut tarung pilgub dki jakarta putus buat ahok risma ganjar emil tidak buat partai partai politik hilang balcagub potensial usung pilgub dki jakarta buka peluang yusril satu partai partai politik koalisi besar yusril punya peluang timbang sederhana pasca putus ahok risma ganjar emil praktis sisa partai partai politik balcagub tingkat popularitas elektabilitas rendah yusril kata peluang yusril usung calon gubernur koalisi partai partai politik besar banding kader internal milik parpol jadi salah alas yusril daftar calon gubernur parpol empat spirit juang lahir situasi tindas putus ahok maju pilgub dki jakarta jalur independen tidak bebas tindas ahok bebas tekan tuntut parpol serentak tindas eksistensi supremasi partai partai politik putus ahok partai partai politik rasa nasib tanggung khianat tindas gaya ber politik ahok lahir gelora spirit aba parpol situasi tindas partai partai politik plus rendah tingkat popularitas elektabilitas kandidat gubernur milik parpol hadir yusril juang bebas padu tingkat popularitas elektabilitasnya tinggi politis tepat yusril milik peluang reliable maju tantang ahok head to head pilgub dki jakarta yusril juang bukan penting yusril juang wakil kelompok tindas realisasi ingin spirit aba kecamuk dada parpol pijak empat alas atas plus fakta partai bulan bintang parpol pimpin yusril punya kursi dprd dki jakarta ktp dukung warga prasyarat jalur orang yusril belum cukup tidak cukup logis realistis kata pilih yusril pihak kaum tindas ahok tepat beri untung politis pilih pihak juang hak hak kaum tindas pilih baru lahir abad pilih aneh tidak aku publik lihat fei hung guandong cina fei hung kenang masyarakat cina kwantung canton pahlawan bela kaum mustad afin tindas dietrich bonhoeffer breslau polandia bonhoeffer kenal tidak teolog imam kenal bela kaum tindas pimpin gereja diam lihat kejam nazi rezim hitler bonhoeffer pilih pihak kaum yahudi tindas juang suara benar atas pilih pihak bonhoeffer masuk kamp konsentrasi flossenb rg munir said thalib indonesia kenal luas kenang publik tokoh juang hak hak orang tindas dedikasi hidup bela hak hak terdzalimi pilih pihak yusril kaum tindas ahok enigmatis sifat kaum tindas bela yusril kelompok usung spirit aba momen jelang pilgub dki jakarta kaum tindas kumpul parpol tinggal ahok parpol kader balcagub kurang tonjol banding yusril politis birokrat sinyalir opurtunis koruptif plus kelompok kelompok fanatik sinyalir ras parasit benar bebas nila tanpa abai menaru respek nilai hemat pilih pihak kaum tindas ahok beri untung politis yusril kisah dki jakarta jelang pilgub catat tutup yusril campak tepat tidak maju calon gubernur baik koalisi parpol tetap kenang bela kaum tindas rezim gubernur ahok deh wasalam bagas de alumnus stfk ledalero tinggal nitra slovakia,1,34,11,23
yusril ihza mahendra shalat gerhana fenomena gerhana matahari tarik perhati umat manusia jadi alam luar jadi tahun lintas garis bumi masuk tarik perhati politis bakal calon gubernur dki jakarta yusril ihza mahendra pria ramai bicara atas giat belanja pasar kena kaos gambar kartun mickey mouse pagi turut laksana ibadah shalat gerhana disunnahkan umat muslim mana ada tindak imam shalat foto pampang akun twitter yusril lihat khusyuk tunai buat suka yusril ihza mahendra gerah kira perilaku beliau mengupload adegan shalatnya twitt pic lengkap terang tidak elok laku calon pimpin bangsa gambar gambar gambar yusril diri shalat sujud tengadah tangan tampak doa usai shalat terang gambar beri cukup jelas kurang shalat gerhana sujud shalat gerhana tengadah tangan usai shalat gerhana citra sampai pria tampan lihat taat ibadah muslim sejati apa tuju tidak pantas ibadah digembar gembor khalayak umum tambah cara gamblang kicau yusril kata foto foto ambil salah staffnya agama kristen ibadah langsung ybs tidak turut laku shalat gerhana tetap tidak perlu saji muka umum indah rasa yusril tunjuk turut laku ibadah jadi gerhana matahari cukup foto selfie ikan caption yuk bareng bareng shalat gerhana titik kalimat khalayak ramai paham yusril turut tunai shalat geerhana buka riya jatuh lanjut tulis cumau bilang sayang aja sih pak ibadah mesti jadi rahasia allah swt publikasi pahala kurang deh maaf pak dnu tulis makan rambutan maret wib,0,16,6,10
yusril benah jakarta tidak kenal yusril ihza mahendra pakar hukum tata negara politis ulung cara nama jabat mensesneg menkumham kiprah tingkat internasional jabat president asi african legal consultative organization markas new delhi india tulis kolumnis media aktif bagai organisasi islam muhammadiyah ikat cendikiwan muslim indonesia dewan dakwah islam indonesia samping profesor hukum tata negara kerap undang bicara bagai giat orang percaya suharto jadi tulis pidato presiden era orde baru maju jadi calon gubernur dki pribadi tidak kenal track recordnya yusril orang milik integritas milik kapasitas pimpin dki yusril obsesi pilkada dki siap jakarta federal territory bentuk federal territory bantu mudah pecah soal hadap dki jakarta ibu kota negara turut soal ibu kota sulit pecah tumpah tindih perintah pusat lantar status perintah daerah gagas lahir original pikir yusril komitmen tangan proses transisi jakarta betul betul federal territory,1,3,1,2
kakak yusril kalah adik ahok belitung timur yusril kalah ahok pilkada dki kakak yusril kalah adik ahok yusril kalah ahok pilkada dki kakak yusril ihza mahendra yusril yuslih ihza mahendra yuslih tumbang adik ahok basuri tjahaja purnama basuri laga rebut orang nomor kabupaten belitung timur propinsi bangka belitung bulan desember basuri tarung bawa bendera tahana yuslih usung kurang lima partai politik belitung timur yuslih dapat oleh suara basuri memproleh suara yuslih kakak kandung yusril usai lantik bupati belitung timur tengah pebruari basuki tjahaja purnama ahok orang indonesia asal suku tionghoa marga khek yuril ihza mahendra orang indonesia asal turun sultan melayu marga salam dua besar kota manggar kabupaten belitung timur tarung dinasty khek lawan dinasty salam ulang pilkada dki datang jawab tidak gantung kondisi yusril tarung ahok syarat manakalah tarung pilkada head to head yusril hadap ahok arti calon tarung rebut kursi b orang yusril lawan ahok ungkap yusril tarung ahok tarung jokowi lawan prabowo milu presiden tanya ikut yusril tang tarung rebut kursi nomor dki jawab tidak gantung kondisi yusril kalah ahok manakalah yusril manfaat lemah ahok lemah jadi kuat yusril yakin warga jakarta untulk baik pilih calon tahana ulas ikut profil individual individual yusril ahok kelas kaliber dua kenal nasional ahok orang indonesia asal suku tionghoa marga khek agama kristen mantan bupati belitung timur mantan anggota dpr ri gubernur dki yusril orang indonesia asal turun sultan melayu agama islam prof hukum tata negara mantan menteri hukum ham ketua partai bulan bintang acara kondang lemah ahok karakter ahok ledak ledak emosional tegas marah sifat ahok marah kurang nang warga jakarta yusril orang santun peluang menang yusril mulai lihat peluang yusril menang ahok peluang cipta makalah yusril manfaat lemah ahok jadi kuat bagi jelas ikut jadi gubernur dki ahok tanpa sadar cipta musuh sekitar ahok bina pns pemprov dki ahok gubernur prov dki otomatis hukum dasar undang undang otonomi daerah bina pegawai laku bina angkat henti pns lingkung pemprov dki jakarta sayang cara ahok bina pns dki bawah tindak otoriter ahok tidak segan segan parah malu pns jabat bawah hadap umum kuasa jarang buka aib si pns kena marah ancam pecat menonjobkan pns sangkut dapat malu bukan pns jabat sangkut isterinya anak mantu keluarga besar pns laku ahok ratus baik dinonjobkan anggap ahok kerja lemah akibat lelang jabat eselon ii camat lurah lingkung pns dki jakarta laku ahok wenang wenang kristal diam diam laku lawan cara selubung bentuk kelompok baris sakit hati bsh pns prov dki kelompok tidak coblos ahok pilkada dki jakarta maksud tulis peluang yusril manfaat lemah ahok yusril belum sentuh langsung pns dki jakarta jadi pilkada head to head yusril lawan ahok yakin kelompok salah peluang tempat yusril dulang suara ahok gubernur dki ahok gubernur dki guna anggar apbd dki tidak lepas awas laku lembaga awas uang bpk wakil jakarta akhir tahun ahok tuding cela institusi bpk laku periksa pemprov dki jakarta kait beli lahan rs sumber waras ahok tuding lembaga tidak profesional lhp bpk penuh rekayasa mengkrimanilisasikan lembaga tidak terima uji tudimgan ahok bpk paksa turun personil tidak kurang orang audit langsung lokasi rs sumber waras tuding ahok pandang pimpin bpk wakil dki tendensius kelompok auditor tugas rendah ahok auditor keluarganyadiyakini tidak pilih ahok pilkada yusril dulang suara dprd e budgeting apbd dki ahok cipta seteru tidak perlu jumlah anggota dprd dki kait ubah sistem anggar bas e budgeting akhir tidak paripurna apbd dki dprd dki paksa pemprov dki guna pagu anggar tahun kelompok diobok obok leceh ahok legislator memiilki masa dukung dimasing daerah pilih yakin tidak pilih ahok pilkada disni yusril dulang suara kait instutusi dprd dki ahok cipta seteru tidak penting wakil ketua dpr dki hi lulung kait korupsi proyek ada ups sekolah sekolah wilayah jakata pusat barat gaduh head to head ahok haji lulung terus lanjut tuding hujat rendah martabat sikap ahok kurang pas laku ahok orang nomor dki jakarta yakin kelompok hi lulung nota bene hi lulung pimpiuna partai ppp dki gudang masa tidak pilih ahok milu yusril mengaet partai ppp usung yusril dulang suara keluarga besar ppp dki jakarta ormas islam ahok yakin tidak coblos kelompok ormas afiliasi agama islam motor fron bela islam fpi dukung penuh tokoh masyarakat sperti hi lulung rhoma irama masuk dalam kelompok warga asli betawi kelompok aji pensantren yusril agama islam yakin dapat suport penuh kelompok korban tertib kelompok agam jumlah mata pilih besar pedangang kali lima keluarga tertib ahok pkl tanah abang monas dagang warteg sebar warga bongkar bantaran kali masuk akhir kelompok bongkar kali jodoh rmerasa hilang rumah kena gusur ahok korban gusur dapat rumah susun banyak sakit hati tidak puas ahok bagai alas akaibat hilang rumah hilang kerja lokasi rusun jauh tempat kerja yakin kelompok tidak pilih ahok disni yusril dulang suara asal bukan ahok pilih kelompok agam mulai pilih anggota partai wak ahok gerindra pks golkar rekan borong koruptor tidak bagi kerja tidak main pat gulipat pemprov kelompok yakin alih suara yusril pilih ahok pilih ahok khawatir utama pikir realistis kelas tengah atas rasa ahok laku ubah wajah jakarta pilih beda yusril pilih kelas tengah bawah primodial islam bana kerja sektor informal ahok kelas tengah atas generasi muda karyawan inteletual pintar cerda kritis tanya mudah yusril menang atas ahok pilkada dki ingat lho warga dki cerdas pintar kritis jawab ngak yusril menang tarung ahok makalah yusril menyakinkan warga jakarta program kerja bagus progam kerja ahok yusril meyakinanka warga program atas bagai soal dasar butuh warga jakarta tidak yusril gelar profesor harap toleh pilih warga jakarta atas macet jakarta ideal program kerja yusril tunjuk lemah ahok benah kota jakarta yusril tunjuk lho solusi misal atas macet ketulungan ruas ruas jakarta ideal buat jalan layang desain rupa menimal kurang kamacetan daerah misal contoh ekstrem kawasan lintas bunderan harmoni atas macet perlu bangun jalan layang bunderan harmoni arah tomang arah pasar baru kenderaan masuk halaman belakang menteri negeri hotel sriwijaya misal jalan bawah jembatan layang buat jalan layang bundean harmoni minimal kurang macet jam jam dar lintas bunderan harmoni catat jam sibuk akibat macet lintas bunderan harmoni macet tidak jrang mulai kantor wakil proinsi lampung tomang raya ideanya yusril tunjuk lho salah progam kerja yusril pilih jadi orang nomor jkatara banjir jakarta misal atas banjir jakarta samping laku ahok program yusril ideal laku kerja propinsi jawa barat buat bendung irigasi bogor air manfaat tani alir tanpa jakarta sampah masalah sampah misal samping lanjut program ahok ideal progranyusril laku kerja propinsi banten minta lokasi buang sampah beri konpensasi wilayah banten arah merak lahan penuh syarat jadi tempat buang ahkir sampah jakarta banyak armada sampah mohon maaf dar ilutrasi maksud tulis yusril tang pilkada dki tunjuk lemah benah kota jakarta laku ahok yusril tunjuk cari solusi atas lemah ahok program kosep yusril benah kota jakarta yakin warga jakarta tambah dukung primodial masuk agama parpol lekat yakin menang yusril atas ahok pilkada datang bendung urai tampil tantang ahok orang kaliber yusril hari hari dkenal ahli hukum mantan menteri agama islam sedkit pengaruh warga jatuh pilih calon sesuai kata hati nurani catat lupa menang ahok pilkada dki bukan menang ahok ansich menang jokowi gubernur dki ahok damping jokowi pilkada tahun tidak tutup kemungkian kakak yusril kalah adik ahok pilkada kabupaten belitung timur yusril kalah ahok pilkada dki manusia rencana hasil tidak allah maha tahu sumber,1,35,55,-20
yusril serang puan jokowi mensesneg kaget ane baca berita yahoo sumber tribunenews com berita serang yusril ihza mahendra puan maharani jokowi mensesneg sutikno judul berita tribunnews yusril ihza mahendra puan maharani asal ngomong tidak paham seram judul berita isi ane papar bawah jelas orang suka protes salah kutip salah deskripsi berita jadi ane cantum kutip langsung lansir tribunnews pertama serang jokowi serang kritik serang bahasa guna bahasa pasar alias tidak harga kritik ikut serang pertama yusril jokowi bukan kelola warung tiga kartu jokowi jelas dasar hukum belum jelas dasar hukum keluar bijak tiga jenis kartu sakti kis kip kks presiden jokowi niat baik bantu rakyat miskin naik bbm patut harga ungkap yusril kamis kelola rumah tangga warung lintas pikir langsung wujud tindak negara tidak bijak landas hukum belum siap landas hukum bijak dipertanggungjawabkan yusril ingat benak baca kutip langsung nyata yusril tribunnews ane yusril sikap arogan pikir cetek tendensius yusril surat gamblang laku nilai underestimated jokowi benak yusril nilai jokowi kelola negara cara kelola warung nilai yusril jokowi meluncurkankis kip kks bung yusril tidak usah cepat komentar bijaksana presiden jokowi kait tiga kartu perintah jokowi baru jalan minggu yusril belum tahu jokowi baru kerja minggu nilai guna managemen warung cetek cara pikir yusril ihza mahendra yusril belum tahu bulan agustus jadi kali kali langka bbm bagai daerah kuota bbm subsidi sedia perintah sby tidak cukup akhir tahun yusril tidak bayang betapa sulit kondisi hadap jokowi presiden baru salah jokowi akhir tahun tidak sedia bbm subsidi rakyat miskin yusril mampu bayang tiba tiba bbm naik mayoritas rakyat miskin tidak beri jaring kam yusril tidak tahu ribut besar jadi parlemen kubu tika rebut kursi pimpin selesai dpr jokowi laku konsultasi dpr bulan depan stok bbm subsidi habis bbm subsidi habis masyarakat beli bbm harga pasar internasional jadi masyarakat luas pikir yusril kesana yusril ihza mahendra orang arogan pikir dunia pimpin bangsa besar tidak cukup bicara hukum bung masalah masalah bangsa kait penting rakyat ekonomi bicara penting negara bicara ruang lingkup luas bukan dar soal hukum tata negara bicara penting negara bicara ipoleksus budhankam kata ajar sekolah ane bukan dar debat soal hukum bung pakar hukum tidak ajak debat pakar pakar hukum polemik uu md bung yusril tidak tahu betapa rusak kondisi parlemen gara gara uu situ bicara ilmu sumbang pikir penting bangsa lanjut serang yusril puan maharani puan maharani asal ngomong tidak paham baik ajar kelola negara benar kata yusril puan kata bijak tiga kartu sakti buat payung hukum bentuk inpres keppres teken presiden jokowi puan tahu inpres keppres instrumen hukum hirarki atur undang undang ri sambung yusril lihat kalimat kalimat keluar mulut yusril gampang yusril beri nilai puan maharani asal ngomong yusril tahu tanya wartawan puan jawab yusril tahu sempat alas puan bicara yusril tidak paham situasi kondisi wawancara media puan maharani baik tidak beri komentar rendah tahu ane puan beri jelas media perintah konsultasi dpr payung hukum tiga kartu parlemen tidak kondusif puan kata tiga kartu biaya apbn apbn p tuju dpr yusril serang puan titik nyata buat payung hukum tiga kartu lewat inpres keppres puan tidak belum kapasitas jelas detail payung hukum tiga bijaksana jokowi pakar pakar hukum tata negara dengar nyata puan maharani cari tahu tanya perintah jokowi betul inpres keppres guna baru timbang alternative tunggu hasil konsultasi dpr tidak yusril yusril lihat celah serang puan yusril nilai puan tidak paham duduk inpres keppres paska reformasi keluar serang pakar hukum tata negara yusril ihza mahendra benar orang percaya yusril alam puluh tahun atas puan maharani pintar paham tata negara alas tepat rendah menko presiden baru lantik mpr kritisi tidak perlu keluar kalimat kalimat rendah orang bukan yusril tahu kis kip kks butuh payung hukum ahli ahli hukum tahu tiga kartu butuh payung hukum butuh ruang konsultasi parlemen kondisi orang tahu kondisi parlemen kondisi stok bbm subsidi yusril tidak paham mudah serang jokowi puan yusril kritisi mensesneg sutikno sikap yusril mensesneg jelas kritik bangun tidak kategori serang yusril saran mensesneg sutikno bericara hati hati kena sumber dana guna biaya bijak kartu sakti mensesneg kata imbuh yusril dana tiga kartu sakti asal dana csr bumn jadi bukan dana apbn tidak perlu bahas dpr kaya bumn kaya pisah uang negara tetap jadi obyek periksa bpk bpkp negara guna dana csr bumn status dana jelas pinjam negara ambil negara ujar yusril yusril harap mensesneg sutikno tidak asal bicara puan maharani pikir bicara tindak urus negara tegas jadi ane baik tokoh yusril mudah keluar nyata nilai sempit tidak manfaat tidak masyarakat tidak yusril fakta nama yusril tidak harum masyarakat partai diri tidak dapat hati masyarakat yusril ihza mahendra mengintropeksi tidak mudah buat nyata nyata kontroversial negeri orang pintar orang ahli tata negara punya niat bangun negeri cara baik guna beri sumbang pikir saran kritisi perintah ingat kritisi jauh esensi nya serang kritisi ulang kali baik manfaat asal tuju tuju balik buat baik harap yusril ihza mahendra urus jadi bidang jadi polemik larut larut rusak tatanan politik tanah air uu md jelas jelas timbul polemik ane uu md esensi tentang sila pancasila uu md jadi senjata kelompok kuasa parpol kuasa parlemen penting jadi tirani mayoritas paksa hendak mayoritas tidak istilah musyawarah mufakat parlemen selesai kuat menang gara gara uu md dpr bukan dewan wakil rakyat dewan depan hikmat bijaksana musyawarah dpr jelma jadi dewan wakil kmp orang tahu orang paham kata pakar hukum tata negara utama jadi wakil tuhan mahkamah konstitusi nyata tidak tahu tidak duli jadi dpr atas kertas uu tidak langgar konstitusi uu md ganti konstitusi persetan esensi dampak timbul uu salam blogger sumber,0,34,30,4
yusril bingung pikir ahok balik ajar hukum hongkong jurus ngeles tidak kenal ahok jurus ngelesnya orang orang kecut guna jurus ngeles karier hari masalah pemprov dki ahok tidak bukti salah ahok hebat sempurna masalah pemprov dki pihak salah ahok agung podomoro tahu suap m sanusi ahok langsung bilang agung podomoro kurang ajar main belakang ahok periksa kpk gara gara sumber waras ahok langsung bilang bpk ngaco jakarta banjir pegawai pintu air bilang kurang ajar karyawan karyawan gali kabel tuduh sengaja sumbat selokan parah walikota jakut tuduh sekongkol yusril ahok sabda langsung disebarluaskan detiknews kompas com tempo co hati riang gembira penuh bunga bunga ahok benar ahok laksana mahluk suci tidak laku salah apa jadi ahok manja media anut ahok ngawur jadi pede tuduh kesana kemari masalah jakarta banjir tanggung jawab gubernur dunia hukum laku tanggung jawab atas salah jadi birokrasi pimpin kasus dana siluaman ups ahok minta maaf public tidak mampu kontrol bawah jadi ahok lagak tidak tahu salah jadi pemprov dki timpa anak buah pemimpinnnya benar tidak repot punya pimpin lihat waktu jokowi jadi gubernur banjir jokowi langsung turun lapang bendung jebol tunggu jokowi baik tidak satu anak buah diomelin beda jauh ahok jakarta banjir orang salah sabotase gorong gorong jakarta kata tugas tugas gali kabel sengaja sumbat got kata tugas pintu air kurang ajar lalai tugas kata walikota tidak turut perintah jakarta banjir ahok usaha busuk busuk anakbuahnya sebut ikut geng golf bukti punya geng golf foto foto bukti ahok main golf lucu foto foto sebar media social detiknews kompas com cepat kilat buru buru buat reportase tanding berita foto foto foto resmi buset sigap bener dua media mengcover keburu ahok bicara soal jurus ngeles ahok tahu ahok kecut berani ngomong depan media berani ngomong wartawan detiknews kompas com gilir tantang debat masalah ahok langsung belok masalah pura pura sibuk tidak layan tantang berani kritisi ahok soal reklamasi sumber waras ahok kali tantang fadli zon debat dasar ahok ambil bijaksana bijaksana dpr kali kali panggil ahok jawab ahok dpr ngaco tidak paham undang undang soal bijak ahok suka main gusur rakyat kecil ahok dalih relokasi asli gusur masyarakat kecil jelas punya sertifikat shm tetap kena gusur cara pakai intimidasi bawa ribu personil polri tni kasih waktu pindah minggu heran pimpin tirani nyata senang ahok bukti kecut tidak berani hadap fadli zon dpr yusril gusur kawasan luar batang ahok dapat lawan timpal kali yusril bela warga luar batang jelas milik sertifikat yusril kali kali tantang ahok hadap luar batang ahok ngeles berani ahok hadap yusril hadap yusril fadli zon hadap masyarakat jakarta ahok tidak berani ahok bawa orang bodyguard takut kepruk orang jalan hari pemprov dki kalah warga bidara cina ptun ptun kabul gugat warga bidara cina atas tetap lokasi inlet sodet kali ciliwung arah kanal banjir timur pemprov dki jakarta yusril ihza mahendra kuasa hukum warga bidara cina kata menang tunjuk pemprov dki bawah gubernur basuki tjahaja purnama ahok salah iya menang warga bidara cina salah contoh pemda dki jelas bikin salah segi hukum perintah adil patuh pihak kata yusril kantor hukum ihza ihza kota kasablanka tower a lantai jalan casablanca kuningan jakarta selatan kamis detiknews yusril enteng kata biar pemprov dki aju kasasi masalah yusril yakin tetap menang rasa tidak perlu turun langsung adil jadi gugat kasasi yusril tantang ahok anak anak maju usah maju ngajarin aja ahok datang adil turun hadap kata yusril hal kasus bidara cina yusril warga luar batang jelas jelas milik sertifikat hak milik atas tanah bangun ahok kata yusril minta warga luar batang gugat pemprov dki rasa benar ahok pikir balik loh punya sertifikat ahok sangkal gugat bukan gugat ahok tuh tahu ajar hukum ujar mantan menkumham waktu tantang yusril berani tidak ahok gusur warga luar batang jawab ahok yusril warga luar batang rasa benar tidak gugat pemrpov dki hari kamis ahok aku siap debat yusril soal absah milik lahan luar batang ahok siap layan meja hijau ahok debat media massa ahok laden acara erti hukum gugat kata ahok bukti kata yusril benar ahok tidak paham hukum pemprov dki tidak laku gusur langgar hukum warga gugat pemprov dki apa gugat pemprov dki gugat warga luar batang alas milik tanah sana tidak sah jadi yusril benar ahok tidak paham hukum ahok damping sunny tanuwijaya omong bisik sunny suruh pergi ahok ahok takut sangkut suap reklamasi jadi tidak anak buah setia bisik ahok cara komentar cerdas jawab bingung pak yusril ahok pikir balik tidak jelas ajar hukum darimana tahu ahok ajar hukum hongkong hukum sana jurus jurus salah jurus andal ahok jurus ngeles sekian sumber,1,38,31,7
yusril bela koruptor yusril buat kicau akun twitternya koruptor beneran tak bela yakin tidak korup korban politik tuduh korupsi bela kicau tanggap kicau deny indrayana kait bijak kemenkumham tangguh moratorium beri remisi bebas syarat pidana korupsi tulis tampil cuplik sepak terjang yusril jadi kuasa hukum sangka korupsi tulis ikut ulas pandang bela yusril pidana korupsi nyata salah adil patut cap koruptor kicau yusril kata koruptor beneran tak bela bukti lihat cuplik perihal beri remisi jauh perintah kemenkumham keluar bijak moratorium beri remisi pidana korupsi tentang lawan yusril perintah yusril beri luas beri remisi jabat menteri hakim hak azasi manusia yusril nyata hutomo mandala putra alias tommy soeharto hak dapat remisi alas jalan tahan tommy tidak laku langgar akan yusril tutup mata tommy lari buron jelang eksekusi hasil tanggal agustus tommy dapat remisi bulan wartawan cegat yusril tanya beri remisi bob hasan yusril tutup mulut tidak komentar aku tidak tahu nahu masalah beri remisi bob hasan sumber ganjil yusril mang kemenkumham perhati tommy soeharto hubung yusril tommy soeharto tulis sub judul bawah tulis dar awal yusril guna kuasa terus bela koruptor jadi tidak lampau heran radang kemenkumham melalakukan ketat beri remisi koruptor yusril tindak atas nama kuasa hukum pidana korupsi gugat sk menteri ptun koruptor bela yusril tiga pidana kasus suap cek lawat pilih dewan gubernur senior bi ahmad hafiz zawawi bobby satrio hardiwibowo suhardiman hengky baramuli orang pidana korupsi proyek bangun pltu sampit hesti andi tjahyanto agus wijayanto legowo pidana kasus korupsi ada alat latih kerja jumlah balai latih kerja indonesia h ibrahim sh pidana korupsi puskesmas keliling puskel natuna yusril kata alas jadi kuasa hukum pidana koruptor atas nama adil bukan bela koruptor bela orang zalim kuasa ujar siar pers terima tempo kamis maret majelis hakim ptun pimpin bambang heriyanto kabul gugat majelis perintah sk batal remisi tujuh pidana gugur arti tujuh langsung hirup udara bebas atas menang wakil menteri hukum ham denny indrayana ucap selamat masuk yusril kuasa hukum pidana ucap selamat bebas koruptor ujar sumber yusril advokat senior oc kaligis layang protes protes atas nama klien paskah suzetta bobby suhardiman ahmad hafiz zawawi tahu paskah bobby hafiz kena imbas bijak menkumham bebas syarat hambat kata klien dapat bebas syarat tanggal oktober laksana asimilasi penjara menkumham terap bijak moratorium beri remisi potong hukum atas pidana koruptor oktober implikasi lanjut kemenkumham beri ratus remisi koruptor edar narkoba perayaat hut merdeka ri bijak dapat protes kalang utama pengiata gera anti korupsi jawab jumlah protes wakil menteri hukum ham denny indrayana nyata pihak beri remisi sesuai atur hukum turut kemenkumham coba tahan ketat moratorium remisi koruptor upaya patah acara yusril ihza mahendra adil negeri tata usaha negara yusril menang gugat upaya kemenkumham paksa patuh atur sumber hubung yusril tommy soeharto tommy soeharto guna kantor hukum ihza ihza milik yusril ihza mahendra waktu sama yusril jabat menteri hakim hak asasi manusia kalang curiga hubung simbiosis tommy kantor hukum milik yusril jabat menteri kantor hukum ihza ihza jadi sorot hasil cair uang tommy soeharto us banque nationale de paris bnp paribas london kantor diri yusril ihza guna rekomendasi departemen hakim hak asasi manusia cair dana transfer duit pakai rekening departemen jadi tari yusril jabat menteri hakim cair uang us tommy soeharto lewat rekening departemen hukum ham nilai aneh rawan simpang menteri kait menteri hakim ham tunjuk dasar hukum uang pribadi cair lewat rekening perintah kata nasihat komisi berantas korupsi kpk abdullah hehamahua transaksi uang besar us atas nama pt motorbike usaha pulau bahama milik tommy transfer banque nationale de paris bnp paribas london rekening departemen hukum ham jaksa agung jagung beber gepok dokumen uang tommy soeharto bnp paribas guernsey asal hasil korupsi alir dana yayasan supersemar hubung ganjil tanya penting integritas yusril ujung resuffle yusril copot jabat menteri yusril kata pribadi kenal tomy suharto jumpa dengan bicara dengan langsung guna alat komunikasi umur hidup belum jelas terima kasih ucap yusril duga copot menteri kait berita kena masalah salah sumber asal pimpin kpk yusril dapat tentang kpk situasi yusril minta pihak masuk kpk bebas penting politik sumber,0,15,18,-3
yusril si bela koruptor foto komhukum com pakar hukum sepak terjang bekas menteri hukum ham yusril ihza mahendra acara tidak perlu ragu kasus menang yusril berkat tangan dingin partai bulan bintang pbb nyata tidak lolos verifikasi serta milu menang gugat adil tinggi tata usaha negara pt tun pbb lolos jadi serta milu sayang ahli yusril otak atik pasal pasal kuh perdata kuh pidana manfaat bebas koruptor jelas jelas rugi negara menilep uang rakyat ironi pakar hukum yusril justeru memutarbalikkan data abur hukum selamat koruptor kasus baru yusril ngotot bela mantan kepala badan reserse kriminal bareskrim mabes polri komjen polisi purn susno duadji tetap sangka nyata salah kasus terima suap kait perkara pt salma arowana lestari sal jabat kabareskrim korupsi dana aman pilkada jabar susno jabat kapolda jabar susno putus hukum tahun enam bulan penjara potong masa tahan tahu susno libat kasus hukum korupsi nyata yusril jabat ketua dewan syuro pbb tidak gubris mati mati bela susno jadi calon anggota legislative caleg pbb daerah pilih jawa barat i susno serah tugas tidak eksekusi bela datang yusril kengototan yusril jadi bukti pakar hukum yusril kurang jernih paham masalah hukum korupsi jahat besar tidak layak laku ampun bela tidak kali yusril bela koruptor yusril bela jumlah koruptor yusril jadi acara emir moeis politis pdi juang tetap sangka komisi berantas korupsi kpk duga laku korupsi proyek bangun pltu tarah lampung emir duga terima dana hadiah besar usd rp miliar emir yusril jadi acara mantan gubernur bengkulu agusrin najamuddin tetap sangka duga laku korupsi abpd yusril jadi acara zulkarnaen djabar sangka kasus korupsi ada alquran track record wajar anda kata yusril bela koruptor lepas motivasi melatarbelakangi yusril terima tawar acara koruptor laku sayang acara kondang ahli hukum bekas menteri kelas yusril jadi bela orang orang tidak salah bukan justeru jadi lindung koruptor,0,9,16,-7
yusril professor perilaku preman kenal yusril ihza mahendra ahli hukum bidang tata negara ahli bidang hukum antar raih gelar professor doctor jabat menteri perintah presiden zaman presiden gus dur megawati soekarno putri sby sekian alam jabat publik wajar yusril milik sifat perilaku negarawan jadi tampil jabat negara yusril tekun profesi acara nasehat hukum yusril masuk deret acara profesional papan atas negeri hitung perkara menang bagai sidang adil sangkal profesi acara hormat duduk bela pihak perkara perlu tanya perihal honor terima bela kliannya success fee terima tidak ingat kasus tangan kasus kasus sederhana klien bukan orang orang tidak jabat jabat negara popularitas yusril profesional bidang hukum tidak merta pudar sebal yusril tawar kasus nilai jasa milyaran rupiah kasus gemerlap pundi pundi kaya buat silau mata hati yusril putus bela orang asing kasus curi ikan ilegal fishing waktu intens yusril bela klien nota bene orang asing lawan perintah indonesia wakil menteri laut ikan sus pujiastuti benak yusril putus untukmembela orang asing lawan bangsa mana pergi semangat nasionalisme milik insan lahir bumi pertiwi gelora api semangat bangsa hati padamdan kubur olehbesarnya honor acara acara profesional yusril hak bela bebas hak buat langgar batas etika tampak sekian lama selang yusril mulai rindu jadi jabat publik pundi pundi kaya simpan gudang tumpuk perlu cari cari masuk pusar politik negeri hangat hangat sorot publik ingin yusril nyala nyala ikut main arena pilkada dki jakarta benar yusril jadi gubernur dki tanya hati orang ingat profesional kaliber yusril kali kali jadi menteri lamar jadi gubernur dki jabat menteri gubernur organisasi negara turun level cari yusril niat jadi gubernur dki benar benar bangun jakarta frustasi ambisi jadi presiden sedikit capai niat kait jabat incumbent ahok non muslim turun tionghoa karakter keras kasar orang arogan yusril masuk salah dukung paham asal bukan ahok rasa perlu bahas niat hati orang salah salah nilai jadi orang suudzon prasangka buruk prof yusril terus terang sulit acuh yusril hari kabar isi halaman halaman berita media cetak online televisi ranah dunia maya akun sosmed yusril henti produksi status sayang tulis status buat tanya tanya sungguh yusril masuk jenis manusia ukur cerdas gelar profesor doktor negeri mampu tanding ahli bidang hukum tata negara perlu proklamirkanpun publik tahu prof yusril hebat negarawan paham ilmu ketatanegaraan yusril tampak lupa sadar samping milik cerdas intelektual mantan jabat negara calon jadi jabat negara milik cerdas emosional jadi sempurna cerdas spiritual milik saran yusril manfaat bagi waktu luang renung cermin perilaku tidak tunjuk tingkat cerdas emosional cukup tinggi jadi alas amat perilaku nyata nyata serang ahok andal ahli bidang hukum bukan rasa kasat mata tulis status akun sosmed twitter yusril hari lepas kontrol tulis status akun twitter nya sbb gentlemen ayo keluar surat perintah gusur kpd masyarakat luar batang lempar batu sembunyi tangan pakai camat pakai walikota teken surat perintah gusur bongkar ayo hadap adil lihat menang tarung adil tulis yusril salah tanya maksud yusril rangkai status akhir lepas masalah yusril tidak guna etika buat nyata pantas yusril ihza mahendra tulis status nada tantang ancam rasa nada datang preman orang orang uneducated tidak punya waktu sekolah tulis yusril ada sadar sehat wal afiat sadar mantan jabat negara calon jadi jabat negara nyata sifat asli tunjuk nyata publik beri percaya yusril gubernur dki jadi jabat mantan jabat negeri orang punya moral lolos percaya jadi jabat negara prihatin republik sungguh alami krisis moral luar sulit cari jabat benar benar mampu penuh harap rakyat bila susah payah temu cari batang jarum tumpu jerami selamat duka negeri cinta salam ilustrasi,0,36,23,13
sjafrie yusril operasi jegal ahok usaha calon gubernur gerinda sjafrie sjamsoeddin masuk kandidat cagub gerinda lihat nama senyap muncul muka nama lirik gerinda sjafrie tetap lihat santai duduk manis santun wajah netral buat prabowo tarik pasti gerinda usung sjafrie jadi cagub pilkada dki datang gerinda tinggal cari damping sjafrie djarot pdip koalisi sandiaga uno pilih akhir usaha sjafrie golong santai tetap pilih gerinda timbang insting militer prabowo jakarta cocok pimpin militer usaha keras yusril buah hasil yusril lihat all out keluar sumber daya mikat hati partai usaha gebu yusril mulai lihat ahok resmi maju jalur independen semangat yusril terus gelora panas bara yusril percaya jalur independen pilih ahok berat beri peluang besar tantang ahok cara rangkum partai politik yusril terus lempar persepsi ahok kalah head to head lawan usaha laku yusril bilang luar laku bagai cara tebar pesona man manis ketua partai yusril punya kuat jakarta buat usaha ekstra ketuk pintu partai yusril profesor hukum nama ketua umum pbb bak putus urat malu terus gerilya dekat partai lamar partai usung kerek elektabilitasnya yusril terus lawan apa bijak laku ahok contoh akhir tertib luar batang yusril terus hadir tengah tengah korban gusur lawan ahok dalil dalil hukum ahok putus kontrak pt godang tua kait kelola sampah jakarta bantar gebang yusril hadir lawan ahok usaha tidak tuju nama media terus muncul saing popularitas ahok nyata usaha yusril mikat partai politik tepuk belah tangan usaha yusril mati mati emis partai tetap tidak cukup pesona lirik pasuk akhir mei satu partai mulai tolak hari satu partai nyata dukung resmi yusril gerindra jelas pilih sjafrie samsoeddin sandiaga uno cagub cawagub pdip tolak djarot golkar klaim yusril jadi calon partai dukung pasca munaslub golkar bal muncul setya novanto ketua umum baru tiba tiba golkar dadak dukung ahok belum resmi sinyal arah kuat jelas gerinda golkar suka kader pragmatis pilih calon punya potensi menang besar alas partai mulai tinggal yusril ketidakrelaan partai tunggang yusril capai ambisi pribadi yusril dalih kapasitas nasional turun daerah benah jakarta publik partai paham udang balik saku yusril jelas yusril guna partai dukung batu loncat raih ambisi jadi calon presiden tahun datang besar partai pbb jadi kerakap atas batu alias mati suri partai nasdem hanura tidak lirik yusril nyata resmi dukung ahok partai akhir gerinda golkar ambil simpul yusril orang tepat lawan ahok mungkin besar tempuh pdip pdip jelas terus pikir ulang muncul calon potensi kalah dukung ahok potensi besar menang jadi tanya partai lamar yusril bulan belakang beri angin segar alias janji gombal mungkin usung lihat alas yusril tidak lirik gerinda golkar paham udang balik saku yusril dua partai mulai realistis lihat hasil bagai serang tuju ahok bagai operasi jegal ahok lancar mulai awal tahun pasuk bulan mei tetap kandas operasi jegal sukses yusril milik elektabilitas tinggi bawah ahok mungkin pilih partai operasi jegal ahok terus gagal belum tunjuk hasil gerinda golkar balik haluan operasi jegal ahok pertama elit partai coba serang ahok cara muncul calon alternatif market test yusril ridwan kamil risma ahmad dhani dessy ratnasari eko patrio lulung taufik sandiaga partai partai politik bentuk opini calon pimpin santun hebat bagus hasil mentah publik tetap suka ahok lihat elektabilitas ahok tetap tinggi dukung ktp ahok capai ktp dua operasi jegal ahok laku lewat ormas ormas korban korban gusur ahok demonstrasi laku ormas fpi gmj misal tetap patah ahok lewat tegas tni polri suara suara gusur bantaran kali ciliwung kampung pulo waduk pluit waduk rio rio kalijodo luar batang tetap tidak turun ahok jabat tiga serang kolaborasi oknum dprd dpr senayan bpk oknum kpk kait kasus sumber waras reklamasi teluk jakarta bentuk opini ahok korup tidak bersih nyata maling harap tetap sangka hari tidak hasil debat kena diskresi ahok terus ambang empat serang bocor oknum kpk coba bocor bap ariesman rilis tempo bocor guna serang ahok sebar isu olah duit agung podomoro terima ahok nyata isu tidak buat masyarakat jakarta mudah goyah isu kata ahok korup terima dana barter reklamasi besar miliyar rupiah janji nyata propaganda fakta dana besar milyar hasil taksir podomoro pemprov dki tidak terima uang bentuk uang tunai masuk kantong ahok cek rekening pemrov dki rekening ahok beri tambah kontribusi syarat panjang izin prinsip jadi izin laksana reklamasi kontribusi tambah bukan upa uang tunai bangun infrastruktur rumah susun sewa sederhana rusunawa jalur inspeksi bangun pompa air jumlah proyek jadi duit milyar tidak beri ahok langsung bentuk bangun opini bangun olah duit alir kantong ahok propaganda lima lewat media media sosial rajin baca media puluh situs situs seliwer kenal lelah terus tebar fitnah ahok lawan ahok benci luar terus goreng isu isu kecil apa busuk nama ahok media situs situs fokus berita fitnah ahok nyata dukung ahok tetap media media besar tetap dukung ahok akibat skenario busuk nama ahok jegal lewat media tidak hasil orang dukung ahok agama janji orang masuk surga suku hoki ganteng bak aktor film murah hati uang wanita emas tutur kata sopan pesona pasar baju micky mouse alas benar nyata jawab ahok laku benar balik kurang manusia ahok kembali mesti rampas jabat ahok jelas bukan dewa bukan manusia suci sosok salah laku bela uang rakyat ubah mental birokrat manusia manusia bantaran kali pindah rumah susun dukung orang jadi skenario jegal ahok gagal gerinda tinggal yusril usung sjafrie golkar pragmatis partai balik haluan dadak dukung ahok tinggalah pdip terus tanya usung calon dukung ahok salam kompasiana asaaro lahagu,0,29,23,6
hadiah kejut yusril ihza mahendra sang adik yusron susah payah yusril ihza mahendra kesana kemari cari dukung utama dukung parpol tahan amarah akibat nyata adik yusron ihza mahendra bau sara twitter acara safari politik laku yusril ganggu akibat ulah si adik anda sang adik tidak mentwit belum yusril usung partai politik electoral threshold et tambah twit bau sara mantap parpol et tidak usung tambah sakit kepala sang kakak kerja yusron ihza mahendra duta besar indonesia jepang sana negeri milik wanita wanita cantik putih mulus negeri nun jauh sana sempat sibuk urus soal negeri utama ahok soal pilkada dki jakarta promosi bangga ahok negara jepang bilang gestur ahok mirip orang jepang tebar benci gerangan sang adik gatal mentwit ahok kait maju sang kakak pilgub dki sang adik harap simpati warga dki sang kakak sambut anti pati bagi warga rawan ahok nama batman versi indonesia ikut lapor polisi sebentar susul rawan spiderman superman cat woman iron man belum rawan ahok jepang rawan ultraman astro boy megaloman naruto doraemon sinchan masuk rawan malaysia si upin ipin jadi baik yusron henti pulang indonesia tahu rawan wiro sableng ikut bantu serang super hero super lucu pepatah kata buah jatuh tidak jauh pohon cocok gambar saudara adik tebar bau sara kakak tebar sara contoh diskusi kb pii waktu nyata ahok fikih bukan haram zat haram sifat saudara cara beda bukti keluarga yusril sikap sentimental etnik utama kait isu politik laku yusron tanpa tahu yusril kakak sayang sikap adik bikin blunder tidak cukup rasa yusril tegur yusron lewat telpon sang kakak tidak sabar tunggu adik jepang tanggung jawab nyata tanda sayang sang adik sang kakak yakin beri hadiah kejut upa buah gampar,0,18,17,1
yusril vs jaksa agung skor menarrik cermat omong soal hukum indonesia tarung panjang pendekar hukum ranah subtantifnhya cuat tanya besar kalang masyarakat luas pakar yg sunggu erti benar celah hukum yg main kata sayap timbul tanya sungguh pakar sungguh yg tarik cermat persetersuan hukum yusril vs jaksa agung punggawa hukum pandang hukum yg beda bawa dua masuk erti hukum yg hakiki putus mk sungguh kandung makna hakiki sasar fakta hukum yg suda kuat hukum tetap menang yusril jaksa agung adalh bukti kecil ttg indikasi hukum yg kurang baik yusril tunjuk lemah dlam hukum nota bene cela lemah acapkali guna lingkar kuasa introduksi putus hukum yg telh eksekusi cara pandang produk hukum dua punggawa kena benar hukum hakiki formal material benar hukum material orientasi adil penting umum benar hukum formal tulis undang cara pandang formal saksi lihat dengar cara pandang material saksi lihat dengar tahu substansi beda cara pandang hukum material hukum formal tidak muara titik temu peran hakim dominasi ruang putus taat jadi putus mk patuh fakta yg tonton yusril vs jaksa agung,1,15,5,10
cinta parpol syarat cagub pdip rasa sakit hati pdip ahok belum sembuh lihat sikap pdip buka pintu lebar lebar potensial menang pilgub dki calon daerah monggo calon partai silahken penting si calon peluang besar kalah ahok si tahana cermat kembang belakang lihat sakit hati pdip ahok benar benar akibat langkah deparpolisasi ahok resah pdip partai besar partai kuasa baik dki nasional tidak heran yusril ihza mahendra jadi orang pertama ambil formulir bacalon usung pdip pilgub dki tidak signal pdip yusril repot repot suruh tim antri duluan daftar buka yess kata tim yusril dukung pdip tidak salah yusril daftar pdip nyagub dki pdip lupa tumbang ahok tahu yusril diri partai bulan bintang tahun yusril salah dalang amien rais balik jegal megawati tum partai menang milu jadi presiden ri pbb sidang mpr usaha keras ubah pasal uud sila pertama pancasila gagal partai nasionalis dicitacitakan partai yusril tentang hati nurani pdip rumah besar golong nkri penting krusial pdip pilih usung yusril lawan kubur upaya deparpolisasi pelopor ahok cara henti yusril yusril ketua umum partai bulan bintang ambisi jadi gubernur dki anggap lewat jalan peluang jadi ri capai partai mustahil dpr dprd dki partai tidak mampu dapat kursi pdip usung pimpin partai gagal urain atas musuh utama pdip upaya deparpolisasi pdip tekad tumbang bapak deparpolisasi ahok sang reklamator yusril perang lawan deparpolisasi hasil asumsi pdip yusril ketua umum parpol bakal calon cinta parpol tidak parpol tidak datang yusril demokrat gerindra ppp ahmad dhani belum punya partai datang tidak tinggal pdip satu parpol usung calon pilgub dki tanpa koalisi cinta yusril parpol bukan tanpa bukti serius ambil formulir nyagub gerindra pdip partai buka duluan akam ambil saking cinta parpol ragu cinta yusril parpol ban yusril benar benar cinta parpol head to head ahok bapak deparpolisasi benar benar cinta parpol sejati yusril tarik pilgub dki tahun momen bukan pilih gubernur dki wakil semata jauh dashyat pilgub kali tarung seru parpol vs rawan opportunis vs juang sejati anti ubah vs restorasi agam vs nasionalis tukang mimpi vs beri bukti mickey vs cheng ho sejati keluar menang jawab gambar,0,19,12,7
awas yusril orang kecil ngambek cukup lari saung tengah sawah rebah sebentar jadi tidur bangun tidur lupa ngambek jabat kelas walikota jakarata utara cara buat surat undur status mengaharukan fesbuknya aku marah pimpin cambuk semangat kerja baik pimpin meyindirnya komplot yusril bukan anggap cambuk tendang telak dada sakit tuh sang pimpin aku canda pak wali anggap canda lucu sadar urus sang pimpin arti musuh puja sang pimpin kontan hujan bully guyur kuyup anggap calon koruptor gagal tidak menghangatkkanya puji walikota yangmememgang teguh prinsip kerja kemarahaan pimpin anggap cambuk semangat becandaan anggap bencana yusril soal yusril jadi hantu baru kalang jabat dki anggap komplot yusril anggap bawa bencana yusril sebut maju jadi cagub dki arti jabat dki cagub dki pasti lawan pimpin kredo pimpin konon kata dapat pin demokrasi jabat takut tuduh pki jabat takut tuduh meyusrilkan pengunduruan walikota jakarta utara jadi jadi trauma baru jabat dki mislanya jabat dki kumpul tempat buka yusril betul lewat salah bertriak awas yusriiiiil kabuuuur trauma manfaat istri jabat dki suami suka keluyur malam istri cukup takut kata awas pulang malam ketemu yusril baru tahu rasa,0,7,11,-4
yusril lihat lusuh kusam kumuh pilgub dki tahu jadi jabat negara belum dengar yusril turun masyarakat tempat kumuh tempat sifat hubung masyarakat tidak jumpa waktu habis aktivitas rumah kantor naik mobil stelan jas pakai rapi umum jabat waktu segar bugar ganteng gagah perkasa ha ha hajat pilkada dki jakarta datang yusril habis waktu turun masyarakat blusukan masalah kait bijak gubernur dki jakarta ahok sang profesor tidak segan terjun langsung kritik ahok benar salah yusril satu ketua umum partai masuk partai besar masuk electoral threshold et sibuk dunia banding ketua umum partai ketua umum partai sibuk luang waktu sosial konsolidasi jaring partai beda yusril ketua umum partai bulan bintang pbb tidak waktu sibuk urus calon sosok multi talenta sangkut apa laku main film tekun peran laksamana cheng ho soal hukum tanya ahli waktu belum terjun dunia politik ilmu hukum lugu terjun dunia politik ilmu hukum muncul irama belagu nyagub yusril tangan bagai kasus kasus pilah pilah milih milih jadi tidak kasus garap contoh kasus pelindo libat rj lino tidak tangan beda calon gubernur dki kait masalah hukum lingkup dki garap contoh kasus relokasi rela turun panas panas tempat kumuh citra laku aksi pasti tidak usung partai politik pilgub dki henti bela warga dki yusril tidak cocok jadi gubernur cocok bidang hukum acara bela warga kecil bela partai sengketa bakat bidang bela bayar tidak biasa turun masyarakat jadi lihat baru bulan turun keliling tempat tempat masalah tampil mulai acak acak kulit hitam wajah mulai kusam pakai ala kadar mirip warga relokasi bukan gusur yusril perlu relokasi orang tidak biasa blusukan tampil ubah drastis utama warna kulit tubuh wajah gampang lelah yusril ubah bukan yusril tampil parlente gagah ganteng necis mending pulang rumah istri urus ingat tampil tidak peduli nasib jombloan tulis bukan ahli nilai wajah orang awam nilai tampil foto foto ikut foto pikir keras kalah ahok foto tampil pakai ala kadar kurang rapi lihat mata kurang tidur foto lihat wajah kusam hitam kerut penuh beban pikir tambah beban jomblo laku yusril sia sia tidak bakal partai electoral threshold et usung partai et usung yusril partai masuk kategori tidak cerdas culun lucu amit amit mustahil partai electoral threshold usung yusril ihza mahendra calon dki hubung jomblo baik sang profesor luang waktu cari jodoh salam jombloooo,0,14,16,-2
intip catat yusril tv one maju pilgub dki malam ndilalahnya nonton catat yusril kena juang palestina tv one tampak acara kemas ilcnya karni ilyas yusril pandu host narasumber bagai latar belakang tampil acara catat yusril tampak panggung yusril tunjuk cerdas tonton suami langsung ganti channel eh ntar bilang lihat gimana sih mandu acara hehe gimana gak ganti tonton tidur kata suami cengengesan haa serius loh hahaa terus suami balikin channel tv one pas balik lihat yusril bicara panjang lebar nada monoton kisah interaksi tokoh tokoh palestina benar benar lama bicara bilang pantesan tidur tunjuk bukan ramenya diskusi soal palestina gimana nya ma suami emang suka identifikasi orang laku suka bicara arti ego tinggi jadi fokus nya bukan masalah selesai parah acara yusril soal sara bukan sarah sechan bawa bawa hehee bilang jokowi kurang gereget acara ktt luar oki orang jawa menlunya jawa jiahh bawa bawa suku nih ye untung dirjen kemenlu lurus bilang beda resolusi deklarasi deklarasi soft resolusi keras ktt luar oki hasil deklarasi jakarta resolusi tindak lanjut tidak salah doha ucap jabat kemenlu kutip pidato jokowi ktt bilang merdeka indonesia darah darah jadi satu palestina samping beda jokowi kurang keras seru boikot produk israel yusril sampai kata akhir kait pilgub dki tampak acara bakal henti eh lihat tonton tidur hehe soal rada lama lambat bicara jelas lihat acara ngebatin maju jadi cagub dki jadi inget yusril pimpin parpol tidak mampu dulang suara parpolnya lempar tidak capai threshold level dongkrak gimanapun pake mesin partai kek tetap suseh deh didonkrak pake isu suku nulis difb suku arah milih yusril yaelah suku dijakarta cuman itu belum arah kek gitu emang manusia jakarta mesin arah sepele mampu pilih warga dki jakarta heheee gitu aja salam kompasiana,0,11,13,-2
yusril ihza mahendra temu ahmad dhani pasang nyanyi duo gerangan sang profesor yusril ihza mahendra temu ahmad dhani ad rumah pondok indah dar putar musik jajal nyanyi minta bikin lagu ajak duet rilis lagu baru minta ijin nyanyi lagu cipta ad wajar main film salah film peran tokoh populer laksamana cheng ho tidak puas rasa film yusril epak sayap dunia tarik suara temu ad tuju yusril musik so dukung perlu tahu yusril orang cerdas milik bagai mampu urus ilmu tata negara hukum film tampil oke soal musik campur mampu beri kejut alir musik beda runut temu sby hoby musik cipta lagu mungkin sang profesor bahas masalah musik sby pasti kait temu ad yusril kombinasi alir musik sby ad tarik tulis jadi penasaran alir musik tampil yusril sabar tunggu sisi konfirmasi yusril temu ad bahas masalah politik putar calon pilgub dki jakarta etika politik laku yusril temu ad kocak kocak kutip kata bimbim slank lucu lucu tuju ad kocak campur lucu jadi acak acak hhhh bisa profesor punya ilmu perintah ilmu politik tinggi jadi menteri ketua umum partai temu tamat sma tidak punya partai tidak erti ilmu politik ngomong asal asal contoh muncul video mulan curhat deddi corbuzier somasi tidak tahu muncul video ikut curhat dedi jadi hilang somasi populer musik model hebat soal musik bosssss hhh tulis iri yusril temu ad rasa geli lucu jadi politik acak acak titel s kapabilitas mana temu ad bukan level baik tunggu temu ad harga temu masyarakat susah butuh bantu temu orang tidak jelas arah tuju politik level lobi dululah partai partai pasti usung temu prabowo megawati tum usung otomatis si ad temu ngemis ngemis minta jadi wakil hhhh temu sang profesor ad mungkin besar irama iya kata mantap pasang yusril ahmad dhani dukung partai bulan bintang tidak usung partai partai kebun sirih daftar label musik pasang nyanyi duo saing duo maia,0,19,4,15
ahok enjoy jalur independen yusril tidak lirik parpol ahok mantap enjoy jadi cagub tahana jalur independen heru pasti jadi damping cawagub teman ahok kerja keras kumpul formulir dukung ktp putus ulang awal proses kumpul formulir dukung copy kpt kali pasang cagub cawagub ahok heru ahok waspada anggota dpr partai politik niat jegal ahok revisi uu pilkada kena pasal pasal sangkut calon jalur independen sulit syarat naik jumlah dukung ktp jadi jumlah duduk daftar pilih jadi tantang ahok pilgub dki belum jelas bacagub koar yakin mampu kalah ahok tanpa ukur ppp versi djan farids nyata usung h lulung ketua wilayah ppp dki jakarta komandan preman tanah abang pdip belum laku jaring bacagub partai golkar belum tetap calon yusril adhyaksa dault dsebut sebut calon lawan tangguh ahok heran belum parpol lirik track record masa tokoh loyalitas rendah jadi tidak lirik jadi menteri punya agenda partai kadangkala berangan presiden angkat minat jadi gubernur dki jakarta jadi presiden ri yusril rangkak bawah yusril bentuk rawan kumpul dukung ktp relasi parpol islam ormas islam guna bentuk rawan tidak parpol islam pkb ppp pks tidak minat dukung cari tokoh percaya milik loyalitas tinggi bagi anggota ormas parmusi muhammadiyah kalang generasi tua ajak dukung yusril yusril sadar tidak minat usung guna jalur independen ahok salah atur mesti larang guna masjid mesjid basis kumpul dukung ktp masjid jauh urus politik tetap netral jemaah masjid dipolitisir jemaah tidak selisih paham tingkat akar rumput jemaah dukung ahok dukung bacagub yusril tokoh intelektual modern cara pikir tinggal zaman nostalgia partai masyumi tidak hidup zaman masyumi eks tahun an klaim partai pbb representasi partai masyumi masa pbb tidak laku bukti periode tidak punya kursi dpr lagak tokoh hebat bacagub tantang ahok tantang ahok head to head nyata rendah bacagub orang cerdas level ahmad dhani kagum sanjung yusril tokoh hebat jadi ahok termehek mehek debat yusril pikir baik yusril fokus acara hebat toreh sejarah acara mampu jungkal jaksa agung kursi akhir acara hasil kalah jaksa agung adil hukum jaksa baik menang perkara belum bukti politikus hebat partai tidak laku yusril punya lemah dasar pribadi arogan pandang rendah orang sekian salam m jaya nasti,0,16,14,2
yakin kalah ahok yusril tahu lemah ridwal kamil wali kota bandung tri rismaharini wali kota surabaya kabar tidak ikut pilgub dki nama bakal cagub dki anggap alam perintah popular yusril ihza mahendra orang tahu hebat yusril ahli hukum tata negara acara sukses menang perkara lawan jabat tinggi negara yusril mampu diri partai pbb sampa partai golong partai gurem karir politik yusril exist zaman orde baru zaman reformasi mampu duduk kursi menteri kali ibarat tinju kelas berat yusril turun kelas jadi tinju kelas berat ringan mantan menteri incar jabat kursi gubernur yusril rasa yakin kalah ahok pilgub dki hadap head to head lawan ahok ikut pilpres yusril kata percaya besar kena hasil survey tempat ahok posisi atas banding bakal cagub yusril kata wajar survei incumbent ada posisi atas yusril milik alas rasa percaya maju cagub dki alas tsb sbb partai politik dukung maju calon gubernur pilkada dki jakarta kata yusri hotel bidakara hari sabtu sbb statemen bukan sikap resmi pkb ppp pan golkar gerindra belum dengar partai demokrat pks yusril pilih kepala daerah pilkada dki datang jadi tarik tarung dua anggap bak ulang tarung jokowi prabowo pilpres kondisi yusril optimistis keluar menang jadi gubernur dki jakarta rasa dukung cukup kalah ahok rasa alam karir politik jadi modal tarik yusril kata tidak maju pilkada dki jakarta maju capres calon presiden pilpres pilih presiden tahun maju pilpres dahulu pilih gubernur dki tidak kata yusril waktu tempat sebut atas liput com ahok hadap pilgub dki siap laku ahok cagub tahana incumbent hadap pilgub hadap yusril beda yusril gubernur dki jakarta basuki tjahaja purnama ahok belum pusing strategi kampanye sambut pilgub dki ahok kerja baik selesai masa jabat kenang warga jakarta kerja keras pas masa jabat selesai orang jakarta kenang kerja penting kata ahok balai kota jakarta senin liput com perhati nyata ahok atas lihat semangat abdi duduk jabat gubernur dki tinggi semangat abdi tsb orang bincang soal pilgub dki pikir kerja keras sejahtera warga jakarta perlu ingat ahok hidup usaha banting setir terjun dua politik alas tolong orang miskin latar belakang sebab ahok tidak jadi orang gila jabat bagi jabat amanah ahok bukan muslim paham amanah jalan amanah tsb tahu lemah yusril salah putra baik bangsa seorag acara papan atas kali sukses menang perkara besar lawan jabat tinggi negara popularitas yusril tidak perlu ragu kata yusril jauh popular banding ahok orang kurang perhati popularitas yusril latar belakang sepak terjang ahli hukum tata negara acara kerja perintah menteri kait bidang hukum yusril politikus ulung politikus ulung tidak gagal besar partai nyata tahu orang pbb patai pimpin jauh masuk katagori partai gurem tahun yusril nyata siap maju capres nyata tidak dapat dukung dunia politik popularitas belum cukup politikus perlu popularitas nilai plus nilai plus tsb simpati rakyat sebab politikus dapat simpati orang jadi idola salah contoh sby cukup sukses besar partai demokrat sukses jadi presiden ri periode gaya bicara yusril tonjol acara banding politikus akibat kali gaya bicara kurang dapat simpati orang kes angkuh remeh jokowi remeh kata kelola negara warung gatra com blusukan senyum senyum selesai masalah detik com kata maju capres dahulu pilgub dki tidak yusril tidak sadar nyata tsb beri kesan kejar jabat gubernur dki batu loncat ikut pilpres warga dki pilih cagub niat niat tsb nyata terang terang yusril perlu ajar jokowi jabat gubernur dki wartawan ama ramai tanya niat ikut pilpres jokowi jawab gak mikir diam diam jokowi ken jadi presiden sih gak jadi presiden sempat tsb jadi menteri turun kelas jadi gubernur niat ini tampak yusril kejar jabat beda ahok tanya soal kesiap hadap pligub ahok nyata belum pusing strategi kampanye sambut pilgub dki ahok kerja baik selesai masa jabat kenang warga jakarta tanpa maksud puji ahok lebih jelas nyata ahok tsb cermin penting abdi dar kejar jabat sempat ahok nyata siap kalah pilgub dki lemah lemah tampak yusril sulit kalah ahok tahu hasil survey tunjuk ahok tempat posisi atas banding bakal cagub dki juru bicara partai demokrat ruhut sitompul nyata ahok sulit tanding viva co id yusril rasa yakin kalah ahok anda pilgub dki langsung head to head prabowo vs jokowi pilpres keok prabowo moga manfaat abdi dharma thursan hakim,0,28,28,0
surat buka gerindra wowo yusril momentnya lewat mohon culun suka gemes lihat berita komp s bikin heboh yusril ahok doang kesan naik elektabilitas yusril partai gabung gerindra pks cs usung yusril sandiaga uno syukur syukur pasang cagub ahok heru usung independent nasdem hanura cs vs yusril uno usung gerindra pks cs jeblos gerindra cs ahok menang mutlak putar akhir akhir kompas sengaja mem blow up yusril wowo jadi bimbang galau anggap yusril elektabilitasnya tinggi populer iya soal peluang untung hati hati tuh wowo dikibulin melulu cerdas realistis logika yusril suka masyarakat jakarta partai bulan bintang moncer dki nyata gak dengar gaung alias gulung tikar tokoh gak laku usung gelo nama yusril ambisi kuasa gede sowan petinggi partai emang milih cagub dki partai rakyat dki coba yusril suruh blusukan masyarakat akar rumput dki gak sambut orang ngomong sih maaf gak kenal jika kenal tanggap yusril yusril senang sowan tau pake nama usaha masalah mampu ilmu ketatanegaraan pimpin rakyat beda menghapal uu ketatanegaraan ngurus rakyat seni buat rakyat tidak sungkan sang pimpin lihat contoh pimpin cinta warga risma kang kamil wowo jokowi ganjar sby ahok eh ahok coret deh he he dekat rakyat warga tanpa sungkan pengin muka uneg unegnya yusril maaf tampang aje jutek gitu gimana rakyat ngomong aje sungkan sandiaga uno mungkin bahasa halus beri sempat beliau muda yusril maaf rasa moment nya lewat djarot rajin media elektabilitasnya naik pasang sandiaga uno boy sadikin biem benyamin gak tau cakap orang akhir nama demokrasi pilgub langsung bumi lihat huni warga dki mayoritas warga etnis tiga besar jawa betawi sunda suka tidak suka wakil abai gerindra masang yusril kena jebak betmen media usung dukung ahok komp s group cs hati hati wowo gerindra salah strategic bagus pasang djarot uno djarot boy sadikin soal pdip mengijinkan tidak mungkin djarot pasang cagub bukan wagug mungkin besar lepas pdip wagub mungkin pdip usung tiba tiba belot cari aman dukung ahok bisik bu tum kuat serpih kecil jatah kue kecil konglomerat dukung ahok rumit gerindra cs kader kurang akar rumput spekulasi usung sandiaga uno coba pasang tepat nyomot bupati batang yoyo rustriningsih wagub jatim gus ipul djarot tidak lepas pdip usung uno yusril baik usung uno ahmad dhani popularitas tinggi mungkin menang deh djarot baca profil didik bagus jadi dosen pulak jadi gak mudah dikibulin yusril ikut pilgub bangka belitung sumsel mungkin besar menang akar rumput sana dki maaf ahok kalah mudah wassallamah,0,25,5,20
