nama_media,jenis_media,penanggung_jawab,pemimpin_redaksi,badan_hukum,provinsi,alamat,telp,email,website,status,tanggal
,"Cetak
Radio
Televisi
Siber",,,,,,,,,,
Jabungtoday.com,Siber,Hendry Nursal,Hendry Nursal,Media Putra Jabung,Jambi,"Jl.Ternate, Lrg.Puspon, RT 03 No 49 Simpang Surya, Kel. Kebun Handil, Kec. Jelutung",081313024411,jabungtoday@gmail.com,https://jabungtoday.com/,Terverifikasi Administratif dan Faktual,2026-04-23
Akurat.co,Siber,Aldi Gultom,Aldi Gultom,Akurat Sentra Media,DKI Jakarta,Jl. Tentara Pelajar Rukan Permata Senayan Blok A 15,02157941110,akuratco@gmail.com,https://akurat.co/,Terverifikasi Administratif dan Faktual,2026-04-23
bentengsumbar.com,Siber,Zamri Yahya,Zamri Yahya,Benteng Sumbar Persada,Sumatera Barat,Jalan Piai Tangah RT.001/RW.001 Kelurahan Piai Tangah Kecamatan Pauh Kota Padang Sumatera Barat Kode Pos 25162 Indonesia.,0751779490,bentengsumbar@gmail.com,https://www.bentengsumbar.com/,Terverifikasi Administratif dan Faktual,2026-04-23
Tribun Pekanbaru,Cetak,Erwin Ardian,Erwin Ardian,Riau Media Grafika,Riau,"Jl. H Imam Munandar No.383 RT01 RW04 Tangkerang Labuai, Kec.Bukit Raya. Pekanbaru",076136345,hrtribunpekanbaru@gmail.com,www.tribunpekanbaru.com,Terverifikasi Administratif dan Faktual,2026-04-23
niaga.asia,Siber,Intoniswan,Intoniswan,Kaltim prima multi media,Kalimantan Timur,"Jl Siradj Salman Komplek Ruko Grand Mahakam Blok B-02, RT 29 Kelurahan Teluk Lerong Ilir, Kecamatan Samarinda Ulu",05412082956,niagaredaksi@gmail.com,https://www.niaga.asia/,Terverifikasi Administratif dan Faktual,2026-04-23
mediaindonesia.com,Siber,Abdul Kohar,Abdul Kohar,Citra Medianusa Purnama,DKI Jakarta,"Jl. Pilar Mas Raya Kav A-D Kedoya Selatan, Kebon Jeruk Jakarta Barat, DKI Jakarta 11520, Indonesia",0215821303,redaksi.micom@mediaindonesia.com,www.mediaindonesia.com,Terverifikasi Administratif dan Faktual,2026-04-23
tribun-medan.com,Siber,T. Agus Khaidir,T. Agus Khaidir,Harian Tribun Medan,Sumatera Utara,"Jalan Kiai Haji Wahid Hasyim Nomor 37, Babura, Medan Baru, Kota Medan, Sumatera Utara 20154",0614574222,medan.tribunnews@gmail.com,https://medan.tribunnews.com/,Terverifikasi Administratif dan Faktual,2026-04-23
Garuda TV,Televisi,Elly Husin,Elly Husin,Bama Berita Sarana Televisi,DKI Jakarta,"Gedung Ratu Prabu 1, Jalan Letnan Jenderal TB. Simatupang Kavling 20,Desa/Kelurahan	Cilandak	Timur,	Kec.	Pasar Minggu,	Kota	Adm.	Jakarta	Selatan,	Provinsi	DKI	Jakarta",02178342446,legal.office@garuda.tv,https://garuda.tv/,Terverifikasi Administratif dan Faktual,2026-04-23
Pos Belitung,Cetak,Teddy Malaka,Teddy Malaka,Bangka Media Grafika,Kepulauan Bangka Belitung,Jl. Gaparman No.7  RT/RW 14 Kelurahan Lesung Batang Tanjungpandan,071921033,posbelitung.redaksi@gmail.com,posbelitung.co,Terverifikasi Administratif,2026-04-23
lintaspena.com,Siber,Toroziduhu Laia,Toroziduhu Laia,Pena Yoga Pers,Riau,"Jl. Pari I No. 358 RT 02 RW 12, Kelurahan Limbungan Baru, Kecamatan Rumbai, Kota Pekanbaru, Prpvinsi Riau",081263111154,lintaspena21@gmail.com,www.lintaspena.com,Terverifikasi Administratif,2026-04-23
,"Cetak
Radio
Televisi
Siber",,,,,,,,,,
padek.jawapos.com,Siber,Hendra Efison,Hendra Efison,Padang Multimedia Korporindo,Sumatera Barat,"Jalan Adinegoro 17-A, RT 002/RW 005, Kel. Lubuk Buaya, Kec. koto Tangah",0751481267,padekjawaposcom@gmail.com,padek.jawapos.com,Terverifikasi Administratif,2026-04-23
posbelitung.co,Siber,Teddy Malaka,Teddy Malaka,Bangka Media Grafika,Kepulauan Bangka Belitung,Jl. Gaparman No 7 RT/RW 14 Kelurahan Lesung Batang Tanjungpandan,071921033,posbelitungig@gmail.com,posbelitung.co,Terverifikasi Administratif,2026-04-23
tribunpekanbaru.com,Siber,Erwin Ardian,Erwin Ardian,Riau Media Grafika,Riau,"Jalan. H Imam Munandar No.383 RT 01 RW 04 Kel.Tangkerang Labuai, Kec.Bukit Raya, Pekanbaru 28281",076136345,keuangan.tribunpekanbaru@gmail.com,www.tribunpekanbaru.com,Terverifikasi Administratif dan Faktual,2026-04-14
Kabarrakyat.id,Siber,Hariyadi,Hariyadi,Kabar Rakyat Sentosa,Jawa Timur,"Cluster Diponegoro Land No.8 RT 014, RW 004, Dusun Krajan, Desa Glagahwero, Kecamatan Kalisat",082118745758,redkabarrakyat@gmail.com,https://kabarrakyat.id/,Terverifikasi Administratif dan Faktual,2026-04-14
tribunnews.com,Siber,Domuara Ambarita,Domuara Ambarita,Tribun Digital Online,DKI Jakarta,"Gedung Group of Regional Newspaper Kompas Gramedia, Jl Palmerah Selatan No 3, Jakarta PusatTelp. 021-5359525-23",0215483008,redaksi@tribunnews.com,www.tribunnews.com,Terverifikasi Administratif dan Faktual,2026-04-14
Majalah Tempo,Cetak,Setri Yasra,Setri Yasra,Tempo Inti Media Harian,DKI Jakarta,"Gedung Tempo Media  Jl. Palmerah Barat No.8, Grogol Utara, Kec. Kby. Lama, Kota Jakarta Selatan, 12210",0217255025,red@tempo.co.id,www.tempo.co,Terverifikasi Administratif dan Faktual,2026-04-14
TATV,Televisi,Widiyanto,Widiyanto,Televisi Terang Abadi,Jawa Tengah,"Jl. Brigjen Katamso No. 173, RT 001 RW 032, Kelurahan Mojosongo, Kecamatan Jebres, Surakarta",857678,newstatv@gmaiil.com,www.tatv.co.id,Terverifikasi Administratif dan Faktual,2026-04-14
Palembang Ekspres,Cetak,Muhammad Iqbal,Muhammad Iqbal,Citra Media Palembang Ekspres,Sumatera Selatan,"Jl Kol H Barlian No 773, Rt 01, Rw 01, Km 6,5, Kel. Karya Baru, Kec. Sukarami, Palembang",08127364937,redaksipalpres.bacakoran@gmail.com,koranpalpres.com,Terverifikasi Administratif dan Faktual,2026-04-14
Radar Banjarmasin,Cetak,M. Ramli Arisno,M. Ramli Arisno,Duta Banua Banjar,Kalimantan Selatan,"Jln A Yani Km 29,9 Rt. 006 Rw. 009 Landasan Ulin",05114706151,redaksi@radarbanjarmasin.co.id,https://radarbanjarmasin.jawapos.com/,Terverifikasi Administratif dan Faktual,2026-04-14
Spektroom.co.id,Siber,Subiyantoro,Subiyantoro,Spektroom Media Indonesia,DKI Jakarta,JLN. ANTENA VII NO.6  Kebayoran Baru,081385003330,admin@spektroom.co.id,http://www.spektroom.co.id,Terverifikasi Administratif dan Faktual,2026-03-31
,"Cetak
Radio
Televisi
Siber",,,,,,,,,,
Suara Media Nasional,Cetak,Agus Imam Santoso,Agus Imam Santoso,Media Tren Nasional,Jawa Timur,"Perumahan Kwadungan Permai, Blok E, No. 25, Desa Sambirejo, Kecamatan Gampengrejo, Kabupaten Kediri",082331999509,mediatrennasional@gmail.com,suaramedianasional.com,Terverifikasi Administratif dan Faktual,2026-04-14
suaramedianasional.com,Siber,Agus Imam Santoso,Agus Imam Santoso,Media Tren Nasional,Jawa Timur,"Perumahan Kwadungan Permai, Blok E, No. 25, Desa Sambirejo, Kecamatan Gampengrejo, Kabupaten Kediri",082331999509,wahyulugianto257@gmail.com,suaramedianasional.com,Terverifikasi Administratif dan Faktual,2026-04-14
Radar Lambar,Cetak,Haris Tiawan,Haris Tiawan,Wahana Semesta Lambar Media,Lampung,Jalan Raden Intan Kelurahan Way Mengaku Kecamatan Balikbukit Kabupaten Lampung Barat,072821649,radarlampungbarat@gmail.com,radarlambar.bacakoran.co,Terverifikasi Administratif,2026-04-14
faktacepat.id,Siber,Suswadi Ali Kosomo,Suswadi Ali Kosomo,Fakta Cepat Nusantara,Riau,"JL. JAMBU GG PUTRI RT/RW 002/008 Kel. Pangkalan Kerinci Timur, Kec. Pangkalan Kerinci, Kab. Pelalawan, Prov Riau",0895428286732,ptfaktacepatnusantara@gmail.com,faktacepat.id,Terverifikasi Administratif,2026-04-14
Mci News,Cetak,M. Aminun Jabir,M. Aminun Jabir,Cipta Pesona Media Sejahtera,Jawa Timur,"Gedung Pers Balai Wartawan A. Aziz. PWI Jawa Timur Jl. Taman Apsari No. 15- 17 , Lantai-2 Kelurahan Embong Kaliasin, Kecamatan Genteng, Kota Surabaya",081259006491,manajemen@mcinews.id,mcinews.id,Terverifikasi Administratif,2026-04-14
Koran Harian Marwah Riau,Cetak,Raja Isyam Azwar,Raja Isyam Azwar,Marwah Riau Intimedia,Riau,"Jl. Rambutan No.17, RT.1/RW.15, Sidomulyo Timur., Kec. Marpoyan Damai, Kota Pekanbaru, Riau 28125",08527863836,koranmarwahriau@gmail.com,,Terverifikasi Administratif,2026-04-14
SMTV,Televisi,Nana Sutisna Amdan,Nana Sutisna Amdan,Sumedang Televisi Utama,Jawa Barat,JL.Bandung-Cirebon No.335 RT 001/001,08112112309,sumedangtv@gmail.com,smtv.digital,Terverifikasi Administratif,2026-04-14
Sriwijaya TV,Televisi,Maulana Muhamad,Maulana Muhamad,Sriwijaya Palembang Televisi,Sumatera Selatan,Jl. Angkatan 45 Ruko no. 11-12 RT 14 RW 4 Demang Lebar Daun Ilir Barat 1,0711364344,keuangan.sriwijayatvplg@gmail.com,https://sriwijayatv.tv/,Terverifikasi Administratif,2026-04-14
TribunBanten.com,Siber,Yuli Sulistyawan,Yuli Sulistyawan,Tribun Digital Banten,Banten,"Jl. Raya Serang - Pandelang KM. 3 Karundang, BLKI, Tembong, Cipocok Jaya, Kota Serang, Banten",0215359525,tribunbanten@gmail.com,https://banten.tribunnews.com/,Terverifikasi Administratif dan Faktual,2026-03-31
Sinata.id,Siber,Leonardus Sihotang,Leonardus Sihotang,Sinar Keadilan Utama,Sumatera Utara,Jl. Pdt. Justin Sihombing Nomor 162 RT 008/RW 002 Lingkungan 1 Kelurahan Siopat Suhu Kecamatan Siantar Timur,08126482648,redaksisinata@gmail.com,www.sinata.id,Terverifikasi Administratif dan Faktual,2026-03-31
,"Cetak
Radio
Televisi
Siber",,,,,,,,,,
kepridays.co.id,Siber,Mhd. Munirul Ikhwan,Mhd. Munirul Ikhwan,Media Pratama Perkasa,Kepulauan Riau,"Jalan Ganet Perum Dutama Paragon Residence Blok E Nomor 3, RT/RW 002/004 Kelurahan Pinang Kencana Kecamatan Tanjungpinang Timur, Kota Tanjungpinang, Provinsi Kepulauan Riau, Negara Indonesia.",085363839722,kepri.days@gmail.com,Kepridays.co.id,Terverifikasi Administratif dan Faktual,2026-03-31
Gerbang Nusantara,Cetak,Meydia Hendra Yani,Meydia Hendra Yani,Sri Gerbang Adi Jaya,Kepulauan Riau,Jl. Batu 13 Arah Uban Perum Villa Vista Blok E No. 11 Kelurahan Pinang Kencana Kecamatan Tanjungpinang Timur,081364707001,gerbang.nusantara@ymail.com,-,Terverifikasi Administratif dan Faktual,2026-03-31
Radar Jember,Cetak,MS Rasyid,MS Rasyid,Jember Intermedia Pers,Jawa Timur,JL A Yani 99 RT 001 RW 010 Lingk Temba'an Kelurahan Kepatihan Kecamatan Kaliwates Kabupaten Jember,0331483545,cho@jawapos.co.id,jawapos.radarjember.com,Terverifikasi Administratif dan Faktual,2026-03-31
Suara NTB,Cetak,Marham,Marham,Suara Ntb Pers,Nusa Tenggara Barat,"Jl. Bangau No. 15 Cakranegara, Mataram Lombok - NTB",081805211818,adm.sntb@gmail.com,www.suarantb.com,Terverifikasi Administratif dan Faktual,2026-03-31
suarantb.com,Siber,Marham,Marham,Suara Ntb Pers,Nusa Tenggara Barat,Jl. Bangau No.15 Cakranegara,081805211818,suarantbcom@gmail.com,www.suarantb.com,Terverifikasi Administratif dan Faktual,2026-03-31
TVMu,Televisi,Arina Nurrohmah,Arina Nurrohmah,Tvmu Surya Utama,DKI Jakarta,"Jl. Menteng Raya No.62, RT.3/RW.9, Kebon Sirih, Kec. Menteng, Kota Jakarta Pusat, Daerah Khusus Ibukota Jakarta 10340",02131928016,lensatvmu@gmail.com,www.tvmu.tv,Terverifikasi Administratif dan Faktual,2026-03-31
Madu TV Nusantara,Televisi,Kanti Wiyoto,Kanti Wiyoto,Madinul Ulum Media Televisi Ummat,Jawa Timur,"Jln. Raya Sukomakmur no. 73 Campurdarat Rt. 01 Rw 01 Kel. Campurdarat, Kec. Campurdarat, Kab. Tulungagung",85200209998,madutvoffice@gmail.com,www.madu.tv,Terverifikasi Administratif dan Faktual,2026-03-11
radarmalang.jawapos.com,Siber,Bayu Mulya Putra,Bayu Mulya Putra,Malang Intermedia Pers,Jawa Timur,"Jl Sunandar Priyo Utomo No. 26, Purwantoro, Blimbing, Kota Malang",03414390099,online@radarmalang.id,https://radarmalang.jawapos.com,Terverifikasi Administratif dan Faktual,2026-03-11
Viva.co.id,Siber,Ecep Suwardani Yasa,Ecep Suwardani Yasa,Viva Media Baru,DKI Jakarta,"The Convergance Indonesia Building, 28th Floor Kawasan Rasuna Epicentrum, JL. H. R. Rasuna Said, Jakarta Selatan.",0214601326,redaksi@viva.co.id,Viva.co.id,Terverifikasi Administratif dan Faktual,2026-03-11
Lampung Post,Cetak,Abdul Gafur,Abdul Gafur,Masa Kini Mandiri,Lampung,"Jl. Soekarno-Hatta No. 108 RT 002 RW 001 Hajimena, Natar",0721783693,masakinimandiri.pt@gmail.com,www.lampost.co,Terverifikasi Administratif dan Faktual,2026-03-11
,"Cetak
Radio
Televisi
Siber",,,,,,,,,,
Tribun Medan,Cetak,T. Agus Khaidir,T. Agus Khaidir,Harian Tribun Medan,Sumatera Utara,"Jalan Kiai Haji Wahid Hasyim Nomor 37, Babura, Medan Baru, Kota Medan, Sumatera Utara 20154",0614574222,medan.tribunnews@gmail.com,https://medan.tribunnews.com/,Terverifikasi Administratif dan Faktual,2026-03-11
beritajatim.com,Siber,Dwi Eko Lokononto,Dwi Eko Lokononto,Beritajatim Cyber Media,Jawa Timur,Jl. Kutisari IX No 2A RT 008 RW 005 Kelurahan Siwalankerto Kecamatan Wonocolo,03199856100,beritajatim@gmail.com,www.beritajatim.com,Terverifikasi Administratif dan Faktual,2026-03-11
Majalah MIX,Cetak,Lis Hendriani,Lis Hendriani,Penerbit Swamedia Internasional,DKI Jakarta,Jl Taman Tanah Abang III No. 23 Petojo Selatan Gambir,3523839,mix@swamail.com,https://mix.co.id,Terverifikasi Administratif dan Faktual,2026-03-11
Majalah SWA,Cetak,Kusnan MD,Kusnan MD,Penerbit Swasembada Media,DKI Jakarta,Jl Taman Tanah Abang III No. 23 Petojo Selatan Gambir,0213523839,secretary.swa@swamail.com,https://swa.co.id,Terverifikasi Administratif dan Faktual,2026-03-11
tabengan.co.id,Siber,Dody Khairi,Dody khairi,Alna Bersama Media,Kalimantan Tengah,"Jl. Adonis Samad Km. 3, No. 90, RT 003/RW 010, Kec. Pahandut, Kel. Panarung.",05364200258,tabenganinfo@gmail.com,https://www.tabengan.co.id,Terverifikasi Administratif,2026-03-11
Kandidat,Cetak,Abung mamasa,Abung mamasa,Resonansi Media Lampung,Lampung,"Perum BKP Blok M No 187A, Kelurahan Kemiling Permai,Kecamatan Kemiling, Kota Bandar Lampung",089616825446,redaksikandidat44@gmail.com,,Terverifikasi Administratif,2026-03-11
wartalentera.com,Siber,Tumpak Sidabutar,Tumpak Sidabutar,Lentera Indonesia Press,Banten,Madison Grande K/83 Gading Serpong,08128167249,wartalentera.info@gmail.com,www.wartalentera.com,Terverifikasi Administratif,2026-03-11
KomparasiNews.id,Siber,Hasan,Hasan,Komparasi Media Indonesia,Kalimantan Timur,"Jalan Danau Jempang Nomor 35, RT 23, Kelurahan Melayu, Kecamatan Tenggarong",081258754206,redaksikomparasinews@gmail.com,Komparasinews.id,Terverifikasi Administratif,2026-03-11
kabarpublik.id,Siber,Achmad Rizal,Achmad Rizal,Mediaku Kabar Publik,DKI Jakarta,"Jalan Cipinang Jaya Raya No 17, Jatinegara, Jakarta Timur",085285537879,info.kabarpublik.id@gmail.com,kabarpublik.id,Terverifikasi Administratif,2026-03-11
waspadaaceh.com,Siber,Muhammad Hamzah,H. Prabudi Said,Waspada Aceh Indonesia,Aceh,"Jl. Sri Ratu Safiatuddin No. 55, Peunayong, Kuta Ala",081360260710,maskurabdullah@gmail.com,www.waspadaaceh.com,Terverifikasi Administratif dan Faktual,2026-02-27
,"Cetak
Radio
Televisi
Siber",,,,,,,,,,
Top Metro,Cetak,Raja Pardomuan Simbolon,Raja Pardomuan Simbolon,Top Metro Media,Sumatera Utara,Jl. Denai / Rawa NO. 221 B-C Tegal Sari Mandala II 20226,081370206042,korantopmetro109@gmail.com,www.topmetro.news,Terverifikasi Administratif dan Faktual,2026-02-27
topmetro.news,Siber,Raja Pardomuan Simbolon,Raja Pardomuan Simbolon,Persada Lintas Media Medan,Sumatera Utara,"JL. Denai/Rawa NO.221 B-C Tegal Sari Mandala II, Medan Denai, Medan",082166376011,persadalintasmediamedan@gmail.com,topmetro.news,Terverifikasi Administratif dan Faktual,2026-02-27
Bengkuluekspress.com,Siber,Rajman Azhar,Rajman Azhar,Media Online Bengkulu,Bengkulu,"Graha pena bengkulu ekspress lt.iii, jl. Jati No.129, padang jati, bengkulu",082374475577,bengkuluekspressdotcom@gmail.com,bekspress@gmail.com,Terverifikasi Administratif dan Faktual,2026-02-27
iNews,Televisi,Aiman Adi Witjaksono,Aiman Adi Witjaksono,Visi Citra Mitra Mulia,DKI Jakarta,"MNC Center, Jalan Kebon Sirih Raya No. 17-19, Kebon Sirih, Jakarta Pusat",082123567600,corsec.inewstv@mncgroup.com,www.inews.id,Terverifikasi Administratif dan Faktual,2026-03-06
Posmetro Rohil,Cetak,Arif Rahman,Arif Rahman,Rohil Intergrafika Pers,Riau,"Jalan KH Ahmad Dahlan No 14 C RT 05 RW 04 Kel. Sukajadi, Kec. Sukajadi, Kota Pekanbaru",08126805703,rohilposmetro22@gmail.com,posmetrorohil.com,Terverifikasi Administratif dan Faktual,2026-02-27
Panji Kepri,Cetak,Muhammad Natsid Tahar,Muhammad Natsid Tahar,Trinanda Bayo Media,Kepulauan Riau,"Ruko Glory View II Blok C Nomor 10, RT 008 RW 004, Kelurahan Baloi Permai, Kecamatan Batam Kota",07784806376,panjikepri3@gmail.com,-,Terverifikasi Administratif dan Faktual,2026-02-27
Jambi Independent,Cetak,Surya Elviza,Surya Elviza,Jambi Independent Press,Jambi,"Gedung Graha Pena Jambi Independent, Jln Jenderal Sudirman, RT 32, Kelurahan Tambak Sari, Kecamatan Jambi Selatan, Kota Jambi.",074135272,indejambi@gmail.com,,Terverifikasi Administratif dan Faktual,2026-02-27
Bandung TV,Televisi,H. Us Tiarsa R.,H. Us Tiarsa R.,Bandung Media Televisi Indonesia,Jawa Barat,Jl. Pacuan Kuda No 63 Arcamanik,0227213862,redaksi@bandungtv.tv,Bandungtv.tv,Terverifikasi Administratif dan Faktual,2026-02-27
Inews.id,Siber,Aiman Adi Witjaksono,Aiman Adi Witjaksono,Inews Digital Indonesia,DKI Jakarta,Jl. Kebon Sirih No. 17-19 Jakarta Pusat 10340 Indonesia.,0213924706,portalinewsdotid@gmail.com,https://www.inews.id/,Terverifikasi Administratif dan Faktual,2026-02-27
Jambi TV,Televisi,Mukhtadi P,Mukhtadi P,Jambi Televisi,Jambi,Jl. Pattimura No 35 D Km 8 RT 16 RW 00 Kelurahan Kenali Besar Kecamatan Alam Barajo Kota Jambi,07415910911,redaksijambitv@gmail.com,,Terverifikasi Administratif,2026-02-27
,"Cetak
Radio
Televisi
Siber",,,,,,,,,,
ManadoPost.id,Siber,Tommy Thomas Waworundeng,Anita Angel Rumeen,Manado Multi Media,Sulawesi Utara,"Gedung Graha Pena Manado Jl, Babe Palar No 62 Manado , Lingkungan II Kel. Wanea , Kec Wanea",0431855558,redaksimanadopost@gmail.com,https://manadopost.jawapos.com,Terverifikasi Administratif,2026-02-27
taktiknews.com,Siber,Davit Segara,Davit Segara,Taktik Media Kolaborasi,Riau,"Jl. Sentosa Perum Alifa, Blok R No. 08, Sudimuliyo Barat, Tuah Madani",085265736501,pt.taktikmediakolaborasi@gmail.com,taktiknews.com,Terverifikasi Administratif,2026-02-27
Batam Televisi,Televisi,Sofyan Hendra Fatkhurohman,Sofyan Hendra Fatkhurohman,Batam Multimedia Televisi,Kepulauan Riau,"Gedung Graha Pena Batam Lantai 9, Jl. Raya Batam Centre, Batam, Kepulauan Riau",0778465666,redaksibatamtelevisi@gmail.com,,Terverifikasi Administratif,2026-02-27
Enewsindo.co.id,Siber,H. Abdul Muis Masduki,H. Abdul Muis Masduki,Eve Media Indonesia,Jawa Timur,"Jl. Parang Tritis, Mahkota Raya Rengganis, D3 - 29 Jember, Jawa Timur",081336448999,enewsindo.official@gmail.com,https://enewsindo.co.id/,Terverifikasi Administratif,2026-02-27
argoterkini.com,Siber,Indra Maulid,Indra Maulid,Argo Putra Negeri,Riau,Jl. Dahlia No. 53 RT 001 RW 004 Kel. Sukajadi Kec. Sukajadi,081211434366,official.argoterkini@gmail.com,https://www.argoterkini.com/,Terverifikasi Administratif,2026-02-27
harianupdate.com,Siber,Bowonaso Laia,Bowonaso Laia,Siaran Harian Pers,Riau,"Jl. Sentosa Perum Alifa Blok R Nomor. 08 Rt. 001. Rw. 021, Sindomulyo Barat, Tuahmadani",085176992395,Harianupdate25@gmail.com,www.harianupdate.com,Terverifikasi Administratif,2026-02-27
serayunusantara.com,Siber,Hamzah Abdillah,Hamzah Abdillah,Serayu Media Group,Jawa Timur,"Perumahan Kenari Asri blok O / 40, Kelurahan Karang Tengah, Kecamatan Sananwetan",081229071572,serayunusantara2@gmail.com,serayunusantara.com,Terverifikasi Administratif dan Faktual,2026-02-18
Pojoksatu.id,Siber,Muhammad Ridwan,Muhammad Ridwan,Pojok Satu Indonesia,Jawa Barat,"Jl KHR Abdullah bin M Nuh No 30 Rt/Rw 002/003 Kel. Curug Mekar Kec.Bogor Kota Bogor, Jawa Barat",02517544006,redaksi@pojoksatu.id,pojoksatu.id,Terverifikasi Administratif dan Faktual,2026-01-27
CentralNews.id,Siber,Zabur Anjasfianto,Zabur Anjasfianto,Sentral Media Batam,Kepulauan Riau,"Tiban Palem blok A-1 No. 8, RT02 RW08 Kelurahan Tiban Baru, Kecamatan Sekupang, Kota Batam",081266066880,anjasfianto@gmail.com,https://centralnews.id/,Terverifikasi Administratif dan Faktual,2026-01-27
imcnews.id,Siber,Ari Widodo,Ari Widodo,Tamarona Media Sarana,Jambi,"Jl. Pangeran Hidayat, Perumahan Taman Adipura Indah, RT.17 Kel. Suka Karya, Kec. Kota Baru, Kota Jambi, 36127",085367428910,red.imcnews@gmail.com,https://www.imcnews.id,Terverifikasi Administratif dan Faktual,2026-01-27
,"Cetak
Radio
Televisi
Siber",,,,,,,,,,
iniriau.com,Siber,Luna Agustin,Luna Agustin,Ini Riau Mediatama,Riau,"Jl. Putri Indah Perumahan Sudirman Indah Blok A/3, Pekanbaru",082181934100,redaksiiniriau@gmail.com,http://www.iniriau.com/,Terverifikasi Administratif dan Faktual,2026-01-27
riauonline.co.id,Siber,Ilham Muhammad Yasir,Ilham Muhammad Yasir,Riau Sinergi Multimedia,Riau,"Jalan Semangka No 51 Rt 05 Rw 02 Kelurahan Kampung Tengah Kecamatan Sukajadi, Pekanbaru, Riau.",081371153088,riauonline.info@gmail.com,http://www.riauonline.co.id/,Terverifikasi Administratif dan Faktual,2026-01-27
Tribun Manado,Cetak,Jumadi Mappanganro,Jumadi Mappanganro,Manado Media Grafika,Sulawesi Utara,Gedung Tribun Manado. Jalan Mr. A.A Maramis Kelurahan Kairagi Dua Kecamatan Mapanget Kota Manado 95254,08114306010,tribunmanado@tribunnews.com,manado.tribunnews.com atau tribunmanado.co.id,Terverifikasi Administratif dan Faktual,2026-01-27
tribunmanado.co.id,Siber,Jumadi Mappanganro,Jumadi Mappanganro,Manado Media Grafika,Sulawesi Utara,Gedung Tribun Manado Jalan A.A. Maramis Kelurahan Kairagi Dua Kecamatan Mapanget Kota Manado 95254,08114306010,tribunmanadoonline@gmail.com,manado.tribunnews.com atau tribunmanado.co.id atau tribunmanado.com,Terverifikasi Administratif dan Faktual,2026-01-27
linggaupos.co.id,Siber,Endang Kusmadi,Endang Kusmadi,Wahana Linggau Media,Sumatera Selatan,Lantai Dasar Graha Pena Linggau Jalan Yos Sudarso No.4 RT.1 Kelurahan Watervang,085368822218,online.linggaupos@gmail.com,linggaupos.disway.id,Terverifikasi Administratif dan Faktual,2026-01-27
radartegal.com,Siber,Zuhlifar Arrisandy,Zuhlifar Arrisandy,Wahana Semesta Multimedia Tegal,Jawa Tengah,"Jl. Perintis Kemerdekaan No. 32  RT 10 RW 06 Panggung, Tegal Timur Kota Tegal",0283340900,radartegalnews@gmail.com,https://radartegal.com/,Terverifikasi Administratif dan Faktual,2026-01-27
timesindonesia.co.id,Siber,Yatimul Ainun,Yatimul Ainun,Dawai Citra Semesta,Jawa Timur,"Jl. Ijen No. 90-92, RT. 006, RW.005, Kelurahan Oro-oro Dowo, Kecamatan Klojen, Kota Malang, Jawa Timur",0341563566,redaksi@timesindonesia.co.id,www.timesindonesia.co.id,Terverifikasi Administratif dan Faktual,2026-01-27
jakartanews.id,Siber,Naek Pangaribuan,Naek Pangaribuan,Jakarta News Pers,DKI Jakarta,"Jl. Tanjung Barat Selatan No. 119 RT 02 RW 02, Jakarta Selatan, 12630",08159378588,jakartanewspers@gmail.com,https://jakartanews.id/,Terverifikasi Administratif dan Faktual,2026-01-27
Sumut Pos,Cetak,Asih Astuti,Asih Astuti,Media Medan Pers,Sumatera Utara,"Jalan Sisingamangaraja km 8,5 no. 134, rt/rw 000/000, medan timbang deli, medan amplas",7877012,debbyfebriany9@gmail.com,sumutpos.jawapos.com,Terverifikasi Administratif dan Faktual,2026-01-27
Posmetro,Cetak,Edy Sabara,Edy Sabara,Batam Bintana Pers,Kepulauan Riau,"Komplek Mega Lagenda Blok A1 No 26 RT/05 RT 06 Kel. Baloi Permai, Kec. Batam Kota, Kota Batam, Kepulauan Riau",07784807464,redaksiposmetrobatam@gmail.com,posmetrobatam.co,Terverifikasi Administratif dan Faktual,2026-01-27
,"Cetak
Radio
Televisi
Siber",,,,,,,,,,
Majalah Arung,Cetak,Nasrullah,Nasrullah,Arung Media Fazar Utama,Sumatera Selatan,"Jalan Letkol Iskandar No. 16.A Lt. 3 Rt.08 Rw.02, Kelurahan 24 Ilir, Kecamatan Bukit Kecil Kota Palembang . Sumatera Selatan. Kode Pos. 30134",08117101399,arungnews@gmail.com,www.arungmedia.com,Terverifikasi Administratif dan Faktual,2026-01-27
Tabengan,Cetak,Dody Khairi,Dody Khairi,Media Bersama,Kalimantan Tengah,"Jl. Adonis Samad, Km. 3, No. 90, RT 003/ RW 010, Kelurahan Panarung, Kecamatan Pahandut",05364200258,hariantabengan@gmail.com,,Terverifikasi Administratif dan Faktual,2026-01-27
Posmetro.co,Siber,Rinaldy,Rinaldy,Batam Metro Media,Kepulauan Riau,"Komplek Mega Lagenda Blok A1 No 26 RT/05 RT 06 Kel. Baloi Permai, Kec. Batam Kota, Kota Batam, Kepulauan Riau",07784807464,posmetroco@gmail.com,www.posmetro.co,Terverifikasi Administratif dan Faktual,2026-01-27
wartabanjar.com,Siber,Ernawati,Ernawati,Trimedia Makmur Jaya,Kalimantan Selatan,Jl. A. Yani Km 5.5 No.458 RT 021 RW 002 Kel. Pemurus Luar Kec. Banjarmasin Timur,081293237600,wartabanjarcom@gmail.com,wartabanjar.com,Terverifikasi Administratif,2026-01-27
Radarbontang.com,Siber,Agus Susanto,Agus Susanto,Radar Media Megatama,Kalimantan Timur,"Kantor Media Bersama Jalan Gunung Kawi Perum BSD Nomor 3 Rt 39 RW 00 Kelurahan Gunung Elai Kecamatan Bontang Utara, Kota Bontang",082352365484,ptradarmediamegatama@gmail.com,https://radarbontang.com/,Terverifikasi Administratif,2026-01-27
beritakota.id,Siber,Hadits Abdillah,Hadits Abdillah,Beritakota Media Siber,DKI Jakarta,"JL. Kramat Raya No 32-34, RT 5/RW 7, Kwitang, Senen",085888428870,redaksi@beritakota.id,beritakota.id,Terverifikasi Administratif,2026-01-27
Tagarjatim.id,Siber,Hari Istiawan,Hari Istiawan,Tagar Media Bersatu,Jawa Timur,"Jalan Panglima Sudirman No. 01 RT 05 RW 04, Desa Dilem, Kepanjen, Kabupaten Malang, Jawa Timur",081362499001,tagarjatimjpm@gmail.com,www.tagarjatim.id,Terverifikasi Administratif,2026-01-27
Dhoho Tv,Televisi,Budi Sutrisno,Budi Sutrisno,Dhoho Media Televisi,Jawa Timur,"Jl. Mayjend Panjaitan No.1, RT.04/RW.03, Kelurahan Bangsal, Kecamatan Pesantren",0354693999,dhohotvkediri36@gmail.com,www.dhohotv.com,Terverifikasi Administratif,2026-01-27
jurnalpatrolinews.co.id,Siber,Achmad Rizal,Achmad Rizal,Jurnal Duta Global,Banten,"Jalan Wortel 3 Blok E4 No.13 ,Sektor 1-6 BSD Kel. Rawa Butu Kec. Serpong Kota. Tangsel",082122366636,jurnalpatroli2016@gmail.com,https://jurnalpatrolinews.co.id/,Terverifikasi Administratif dan Faktual,2025-12-23
jambi-independent.co.id,Siber,RIsza Saputra Bassar,RIsza Saputra Bassar,Pers Media Independen,Jambi,"Graha Pena Jambi Independent, Lantai 2 Jln. Jenderal Sudirman No. 100, Thehok, Kota Jambi",08224252655,independentonline01@gmail.com,https://jambiindependent.disway.id/,Terverifikasi Administratif dan Faktual,2025-12-19
,"Cetak
Radio
Televisi
Siber",,,,,,,,,,
Memorandum.co.id,Siber,Eko Yudiono,Eko Yudiono,Memorandum Multimedia Sejahtera,Jawa Timur,Jl. Ketintang Baru III/91 Surabaya,0318275390,memorandumcoid@gmail.com,memorandum.co.id,Terverifikasi Administratif dan Faktual,2025-12-29
Metro Riau,Cetak,Fajar Windiarto,Fajar Windiarto,Metro Riau,Riau,"JL. Soekarno Hatta No 20-28, Kel. Labuh Baru Timur, Kec. Payung Sekaki",7865001,metroriau.redaksi@gmail.com,www.metroriau.com,Terverifikasi Administratif dan Faktual,2025-12-29
ayojakarta.com,Siber,Asep Dadan,Andres Fatubun,Ayo Media Jakarta,DKI Jakarta,"Jl. Tebet Barat Dalam I No.37B, RT.14/RW.1, Tebet Bar., Kec. Tebet, Kota Jakarta Selatan, Daerah Khusus Ibukota Jakarta 12810",08112223690,jakarta@ayomedia.com,https://www.ayojakarta.com,Terverifikasi Administratif dan Faktual,2025-12-23
Surat Kabar Dialog,Cetak,James Tobing,James Tobing,Arah Medialog Pembangunan,DKI Jakarta,"Jalan Binawarga No.4 Rt 05 Rw 07 Kel. Rawajati, Kec. Pancoran Jakarta Selatan",02179193461,hariandialog@gmail.com,hariandialog.co.id,Terverifikasi Administratif dan Faktual,2025-12-23
inversi.id,Siber,Yayat Ruhiat Cipasang,Yayat Ruhiat Cipasang,Sondre Digital Indonesia,DKI Jakarta,"Jl. Pejaten Elok A1. Pejaten Barat, Ps. Minggu, Kota Jakarta Selatan, Daerah Khusus Ibukota Jakarta 12510",02122760303,redaksi@inversi.id,https://inversi.id/,Terverifikasi Administratif dan Faktual,2025-12-23
Kawanua TV,Televisi,Johnny Hardjojo,Johnny Hardjojo,Suluh Mega Visi,Sulawesi Utara,"Gedung Graha Pena - Manado Post lt. 7 (rooftop), Jl. Babe Palar no 62, Wanea",082131312012,kawanuatv.mdc@gmail.com,https://www.kawanua.tv/,Terverifikasi Administratif dan Faktual,2025-12-23
hariandialog.co.id,Siber,James Tobing,James Tobing,Arah Medialog Pembangunan,DKI Jakarta,"Jalan Binawarga No.4 Rt 05 Rw 07 Kel. Rawajati, Kec. Pancoran Jakarta Selatan",02179193461,hariandialogonline@gmail.com,hariandialog.co.id,Terverifikasi Administratif dan Faktual,2025-12-23
Majalahfakta.id,Siber,Yousri Nur Raja Agam,Yousri Nur Raja Agam,Fakta Kaloka Jaya,Jawa Timur,"Ruko Wisma Gemini Blok B-12 A , Jl Gembong 2-16 Rt 06 Rw 05 Kel Kapasan Kec simokerto Surabaya, Jawa Timur 60141",081330774400,majalahfaktaonline@gmail.com,majalahfakta.id,Terverifikasi Administratif,2025-12-23
sumutpos.jawapos.com,Siber,Asih Astuti,Asih Astuti,Medan Multimedia Korporindo,Sumatera Utara,"Jalan Sisingamangaraja km 8,5 no. 134, rt/rw 000/000, medan timbang deli, medan amplas",7877012,chairunnisasiregar12@gmail.com,sumutpos.jawapos.com,Terverifikasi Administratif,2025-12-23
fajarsumbar.com,Siber,Arizal,Arizal,Fajar Sumbar Mandiri,Sumatera Barat,"Perum Geriya Elok Blok C.1/5, Kelurahan Batuang Taba Nan XX, RT 003 RW 007, Kecamatan Lubuk Begalung, Kota Padang - Sumbar",085363374156,fajarsumbar@gmail.com,www.fajarsumbar.com,Terverifikasi Administratif dan Faktual,2025-12-19
,"Cetak
Radio
Televisi
Siber",,,,,,,,,,
halloriau.com,Siber,Budy Satria,Budy Satria,Metro Media Cemerlang,Riau,"Jl. Soekarno Hatta No. 20–28, RT.006/RW.009, Labuhbaru Timur, Payung Sekaki, Pekanbaru",081371760777,redaksi@halloriau.com,www.halloriau.com,Terverifikasi Administratif dan Faktual,2025-12-19
Suaraindonesia.co.id,Siber,Shodiq Syarif,Shodiq Syarif,Multimedia Suara Indonesia,Jawa Timur,"Perum Boemi Lembengan Permai Ruko 7-8 Kecamatan Ledokombo, Kabupaten Jember, Provinsi Jawa Timur",085330248758,suaraindonesia5758@gmail.com,www.suaraindonesia.co.id,Terverifikasi Administratif dan Faktual,2025-12-19
Koran Suara Nusantara,Cetak,M Anasrul Dwi Novriyansah,M Anasrul Dwi Novriyansah,Agung Harta Nusantara,Sumatera Selatan,Jalan Cut Nyak Dien No. 2190 B RT. 39 RW. 13 Kelurahan 30 Ilir Kecamatan Ilir Barat II,081274615532,suaranusantara2009@gmail.com,www.koransn.com,Terverifikasi Administratif dan Faktual,2025-12-19
habari.id,Siber,Moh. Syakir Alting,Andi Jamaluddin A.M. Pannyame,Elda Newsera Gorontalo,Gorontalo,"Jl. Manado No. 32A, RT 001, RW 002, Kelurahan Liluwo, Kecamatan Kota Tengah, Kota Gorontalo, Provinsi Gorontalo",082293389336,fadli.poli@gmail.com,https://habari.id/,Terverifikasi Administratif dan Faktual,2025-12-19
indopolitika.com,Siber,Samsudin,Samsudin,Indopolitika Media Independen,Banten,"Ruko Golden Road ITC BSD, Jl. Pahlawan Seribu Blok C28/35, Lengkong Gudang, Kec. Serpong, Kota Tangerang Selatan, Prov. Banten",02153152699,redaksi@indopolitika.com,www.indopolitika.com,Terverifikasi Administratif dan Faktual,2025-12-19
realitasonline.id,Siber,Agus Saparudin Lubis,Agus Saparudin Lubis,Media Realitas Siber,Sumatera Utara,Jl. Teratai No. 26 Medan,081269864467,realitasmailbox@gmail.com,https://realitasonline.id/,Terverifikasi Administratif dan Faktual,2025-12-19
Harian Pagi Linggau Pos,Cetak,Sulis,Sulis,Wahana Semesta Linggau,Sumatera Selatan,"Jl Yos Sudarso, No. 04, RT 01, Kelurahan Watervang, Kecamatan Lubuklinggau Timur I",081279403666,redaksilipos@gmail.com,https://linggaupos.bacakoran.co/,Terverifikasi Administratif dan Faktual,2025-12-19
radarmojokerto.jawapos.com,Siber,Anggi Fridianto,Anggi Fridianto,Mojokerto Intermedia Pers,Jawa Timur,Jl. R A Basuni No 96 RT 001 RW 002 Desa Jampirogo Kecamatan Sooko Kabupaten Mojokerto 61361,0321322444,radar_mojokerto@yahoo.com,https://radarmojokerto.jawapos.com/,Terverifikasi Administratif dan Faktual,2025-12-19
hantaran.co,Siber,Rakhmatul Akbar,Rakhmatul Akbar,Hantaran Media Kreatif,Sumatera Barat,"Komplek Lanud Sutan Sjahrir (ex Bandara Tabing, Parupuk Tabing, Kec. Koto Tangah, Kota Padang, Sumatera Barat",081276877440,hantarandotco@gmail.com,www.hantaran.co,Terverifikasi Administratif,2025-12-19
nusantara1.id,Siber,Fadli Poli,Fadli Poli,Artsas Indonesia Dyini Negry,Gorontalo,"Jalan Ahmad Arbie, RT 002, RW 004, Kelurahan Molosipat U, Kecamatan Sipatana, Kota Gorontalo",081356067278,nusantara1.official@gmail.com,https://nusantara1.id/,Terverifikasi Administratif dan Faktual,2025-12-19
,"Cetak
Radio
Televisi
Siber",,,,,,,,,,
radarbogor.jawapos.com,Siber,Lucky Lukman Nul Hakim,Lucky Lukman Nul Hakim,Bogor Ekspres Media,Jawa Barat,"Jl. KHR Abdullah Bin Nuh No. 30, Rt002/03, Taman Yasmin, Curug Mekar, Bogor Barat",7544001,bogorekspresmedia@gmail.com,https://radarbogor.jawapos.com/,Terverifikasi Administratif dan Faktual,2025-12-19
garda45.com,Siber,Emos Gea,Emos Gea,Garda Empat Lima Pers,Riau,"Jl. Sentosa Perumahan Alifa, Blok R. No.08, RT 001, RW 021, Kel. Sudimulyo Barat, Kec. Tuah Madani",082283579773,pt.gardaempatlimapers@gmail.com,https://garda45.com/,Terverifikasi Administratif,2025-12-19
infobenua.com,Siber,Muhammad Khaidir,Muhammad Khaidir,Eka Mandiri Group Sejahtera,Kalimantan Timur,"Jl Emboen Suryana, Perum Lestari Indah 1. No 65, Rt 029, Sambutan",081347859878,infobenua22@gmail.com,infobenua.com,Terverifikasi Administratif,2025-12-19
koranmandala.com,Siber,Fahmi Hidayat,Fahmi Hidayat,Mandala Digital Media,Jawa Barat,"Jalan Waluh No 12 RT.002 / RW.009, Kelurahan Malabar, Kecamatan Lengkong",0227300172,bisniskoranmandala@gmail.com,koranmandala.com,Terverifikasi Administratif dan Faktual,2025-12-19
Harian Umum Karawang Bekasi Ekspres,Cetak,Suhlan Pribadi,Dian Suryana,Wahana Semesta Karawang Bekasi,Jawa Barat,Jl. Tampomas 5D Desa/Kelurahan Karangpawitan Kecamatan Karawang Barat Kabupaten Karawang,02684421032,redaksikarawangbekasi@gmail.com,https://kbeonline.id/,Terverifikasi Administratif dan Faktual,2025-12-19
dimensinews.id,Siber,Endro S. Effendy,Endro S. Effendy,Royal Media Utama,Kalimantan Timur,"Jalan Gunung Panjang Gang Mulia Rt 04 no 18 A Kelurahn Gunung Panjang, Kecamatan Tanjung Redeb",085230991972,mediautamaroyal@gmail.com,https://dimensinews.id/,Terverifikasi Administratif,2025-12-19
Padang Ekspres,Cetak,Rommi Delfiano,Rommi Delfiano,Padang Intermedia Pers,Sumatera Barat,Jl. Adinegoro No. 17 A RT. 002 RW. 005 Kel. Lubuk Buaya Kec. Koto Tangah Kota Padang,081245604466,opinipadek@gmail.com,,Terverifikasi Administratif dan Faktual,2025-12-19
Batamnews.co.id,Siber,Nurjali,Nurjali,Batam Media Siber,Kepulauan Riau,"Komplek Ruko Nusantara Golden Blok A No 1, Jalan Engku Putri, RT 02 / RW 08, Kelurahan Teluk Tering, Kecamatan Batam Kota",081364687901,ceo@batamnews.co.id,www.batamnews.co.id,Terverifikasi Administratif dan Faktual,2025-12-19
aktualita.co.id,Siber,Billy Adhiyaksa,Billy Adhiyaksa,Aktualita Maju Bersama,Jawa Barat,"Perumahan Puri Nirwana 3, Jalan Anggur 3, No.6 -7 RT.003/RW.016 Kelurahan Karadenan, Kecamatan Cibinong, Kabupaten Bogor",082213381657,redaksi@aktualita.com,https://aktualita.co.id/,Terverifikasi Administratif dan Faktual,2025-12-19
tvOnenews.com,Siber,Lalu Mara Satriawangsa,Ecep Suwardani Yasa,One Media Digital,DKI Jakarta,Jl Rawa Terate II No 2 Kawasan Industri Pulogadung,02214613545,sekred.tvonenewscom@gmail.com,,Terverifikasi Administratif dan Faktual,2025-10-23
,"Cetak
Radio
Televisi
Siber",,,,,,,,,,
PanturaPost.com,Siber,Muhammad Abduh,Muhammad Abduh,Pantura Siber Media,Jawa Tengah,"Jalan Raya Talang No. 375, RT 10 RW 02, Desa Talang, Kecamatan Talang",085226777699,redaksipanturapost@gmail.com,www.panturapost.com,Terverifikasi Administratif dan Faktual,2025-12-02
Mediadayak.id,Siber,Sun Rise Sinulingga,Sun Rise Sinulingga,Media Dayak Bersama,Kalimantan Tengah,"Jl. Paus Raya No. 13 RT.006 RW.009 Kel. Bukit Tunggal, Kec. Jekan Raya",05363225156,mediadayak.online2020@gmail.com,mediadayak.id,Terverifikasi Administratif dan Faktual,2025-12-02
pojok6.id,Siber,A. Muhammad Yusuf A. Arifuddin,A. Muhammad Yusuf A. Arifuddin,Cipta Netmedia Sejahtera,Gorontalo,Jl.Farid Liputo No.27 Kel.Bugis Kec.Dumbo RayaKota Gorontalo,085240246679,pojok6gorontalo@gmail.com,pojok6.id,Terverifikasi Administratif dan Faktual,2025-12-02
Radar Tulungagung,Cetak,Didin Cahya Firmansyah,Didin Cahya Firmansyah,Tulungagung Intermedia Pers,Jawa Timur,"Jalan Panglima Sudirman 50A, RT 02, RW 03, Kelurahan Kenayan, Kecamatan Tulungagung",0355335360,radartulungagung@gmail.com,radartulungagung.jawapos.com,Terverifikasi Administratif dan Faktual,2025-12-02
Metropolitan,Cetak,M Imam SA,M Imam SA,Bogor Mediapolitan,Jawa Barat,"Jalan Raya Pajajaran, Rt002/05 No. 256 G Kelurahan Bantarjati, Kecamatan  Bogor Utara",089614501819,harianmetropiltan.redaksi@gmail.com,https://www.metropolitan.id/,Terverifikasi Administratif dan Faktual,2025-12-02
kliksumut.com,Siber,Puji Santoso,Puji Santoso,Klik Media Komunikasi,Sumatera Utara,"Jalan K.L Yos Sudarso No.65 B Glugur Kota, Medan Barat",08116561555,www.kliksumut@gmail.com,www.kliksumut.com,Terverifikasi Administratif dan Faktual,2025-12-02
kalamanthana.id,Siber,Limson Dedy,Limson Dedy,Kalamanthana Media Utama,Kalimantan Tengah,Jln. Wortel I No. 3A RT 004 RW XIV Kelurahan Panarung Kecamatan Pahandut,081349554456,redaksikalamanthana@gmail.com,www.kalamanthana.id,Terverifikasi Administratif dan Faktual,2025-12-02
goriau.com,Siber,Hermanto Ansam,Hermanto Ansam,Gema Informasi Riau Digital,Riau,"Surya Kartama Agung 4A, Jl. Kartama, Kelurahan Maharatu, Kecamatan Marpoyan Damai, Kota Pekanbaru",081275949990,goriau2012@gmail.com,GoRiau.com,Terverifikasi Administratif dan Faktual,2025-12-02
IDNTimes.com,Siber,Zulfiani Lubis,Zulfiani Lubis,Media Putra Nusantara,DKI Jakarta,"IDN HQ Lantai 3 Jl. Jenderal Gatot Subroto Kav. 27, Kuningan, Jakarta Selatan",02139713888,redaksi@idntimes.com,idntimes.com,Terverifikasi Administratif dan Faktual,2025-12-02
Durasi.co.id,Siber,Aliman Oemar,Aliman Oemar,Kuantan Media Massa,Kepulauan Riau,"Jl. Kangkung, Blok 3, No 42 RT.002 RW.011, Kelurahan Lubuk Baja Kota, Kecamatan Lubuk Baja, Kota Batam, Kepulauan Riau, Indonesia",081379098170,durasi.co.id@gmail.com,www.durasi.co.id,Terverifikasi Administratif dan Faktual,2025-12-02
,"Cetak
Radio
Televisi
Siber",,,,,,,,,,
Enewskalteng.com,Siber,Andi Kadarusman,Andi Kadarusman,Semesta Jasa Multimedia,Kalimantan Tengah,Jl. Pinus Permai No.20,081322784455,enewskalteng18@gmail.com,enewskalteng.com,Terverifikasi Administratif,2025-12-02
lamanesia.com,Siber,Arwani,Arwani,Syafir Media Sejahtera,Jambi,"Jalan Kana III, No 16, RT 09, Kelurahan Cempaka Putih, Kecamatan Jelutung, Kota Jambi. Provinsi Jambi.",085208006563,redaksilamanesia@gmail.com,,Terverifikasi Administratif,2025-12-02
Rujakpolitik.com,Siber,Dede Ariwibowo,Dede Ariwibowo,Kio Sembilan Lima,DKI Jakarta,"Jl. Tebet Timur III No.11 2, RT.2/RW.7, Tebet Tim., Kec. Tebet, Kota Jakarta Selatan, Daerah Khusus Ibukota Jakarta 12820",088213515945,redaksi@rujakpolitik.com,www.rujakpolitik.com,Terverifikasi Administratif dan Faktual,2025-11-13
metro-online.co,Siber,David Swayana,David Swayana,Metro Darma Raharja,Sumatera Utara,"Jalan KL Yos Sudraso KM 7,2 No 35-E/Lantai 2, Kel Tanjung Mulia Hilir, Kec Medan Deli",08116559111,redaksimol@gmail.com,www.metro-online.co,Terverifikasi Administratif dan Faktual,2025-11-20
JPNN.com,Siber,Antoni,Antoni,Jaringan Pemberitaan Nusantara Negeriku,DKI Jakarta,"Gedung Graha Pena Jawa Pos Lt 11, Jl. Raya Kebayoran Lama No.12, Kel. Grogol Utara, Kecamatan Kebayoran Lama",02153699607,online@jpnn.com,www.jpnn.com,Terverifikasi Administratif dan Faktual,2025-11-20
Persada Ekspres,Cetak,Icuk M Sakir,Icuk M Sakir,Graha Imarah Persada,Sumatera Selatan,"Jalan Cempaka Dalam No. 1649 Rt. 012 Rw. 004 Kelurahan /Desa 26 Ilir Kecamatan Bukit Kecil Kota Palembang (30135), Prov. Sumatera Selatan",082282390571,persadaekspres@gmail.com,www.persadaekspres.com,Terverifikasi Administratif dan Faktual,2025-11-20
rakyatterkini.com,Siber,Amril Jambak,Amril Jambak,Rakyatterkini Media Perdana,Sumatera Barat,"Perum Palam Raya Blok C/1 Kampung Lalang, RT.003-RW.006, Kelurahan Pasang Ambacang, Kecamatan Kuranji, Kota Padang, Sumatera Barat",081275870558,rakyaterkini@gmail.com,www.rakyatterkini.com,Terverifikasi Administratif dan Faktual,2025-11-20
Probatam.co,Siber,Jhony Prasetya,Jhony Prasetya,Batam Media Kreatif,Kepulauan Riau,"Ruko Greenland Blok L No 12A RT/RW 005/002 KelurahanTeluk Tering, Kecamatan Batam Kota, Provinsi Kepulauan Riau",081288800688,probatam.co@gmail.com,www.probatam.co,Terverifikasi Administratif dan Faktual,2025-11-20
ayosemarang.com,Siber,Arri Widiarto,Adib Auliawan Herlambang,Ayo Media Semarang,Jawa Tengah,"Jalan Erlangga Tengah VII No. 17, Pleburan, Kecamatan Semarang Selatan, Kota Semarang, Jawa Tengah 50241",02476585185,semarang@ayomedia.com,https://www.ayosemarang.com/,Terverifikasi Administratif dan Faktual,2025-11-20
tempo.co,Siber,Setri Yasra,Setri Yasra,Info Media Digital,DKI Jakarta,Jl. Palmerah Barat No 8,0215360409,redaksi@tempo.co.id,tempo.co,Terverifikasi Administratif dan Faktual,2025-11-20
,"Cetak
Radio
Televisi
Siber",,,,,,,,,,
Palangka post,Cetak,M. Haris Sadikin,M. Haris Sadikin,Media palangka pambelum,Kalimantan Tengah,"Jl. G. Obos No. 30 Kav 1-2, Kel. Menteng, Kec. Jekan Raya, Kota Palangka Raya, Provinsi Kalimantan Tengah",05363224460,redaksippost@yahoo.com,-,Terverifikasi Administratif dan Faktual,2025-11-20
borneonews.co.id,Siber,Pariyanto Marman,Pariyanto Marman,Media kalimantan mandiri,Kalimantan Tengah,"Jl. Pangeran Antasari No. 40, RT. 013, RW. 005, Kelurahan Mendawai, Kecamatan Arut Selatan, Kabupaten Kotawaringin Barat, Kota Pangkalan Bun, Provinsi Kalimantan Tengah",053228817,redaksi@borneonews.co.id,https://www.borneonews.co.id/,Terverifikasi Administratif dan Faktual,2025-11-20
bgnnews.co.id,Siber,Junaidi,Junaidi,Bertuah garda pers,Riau,"Jalan Singgalang Nomor 42 C, RT 02 RW 03 Kel. Tangkerang Timur, Kecamatan Tenayan Raya, Kota Pekanbaru, Riau",081213339037,bertuahgardapers25@gmail.com,,Terverifikasi Administratif,2025-11-20
smnnews.co.id,Siber,Kundari Pri Susanti,Kundari Pri Susanti,Media Digital Nasional Jaya,Jawa Timur,"Perumahan Kwadungan Permai, Blok E, No. 25, Desa Sambirejo, Kecamatan Gampengrejo, Kabupaten Kediri",085855622753,smnnews19@gmail.com,smnnews.co.id,Terverifikasi Administratif dan Faktual,2025-11-20
Bogorupdate.com,Siber,Syarif Hidayatullah,Syarif Hidayatullah,Zona Mediatama Faktual,Jawa Barat,"Ruko sabar ganda, blok A1 no 3, Tengah, Kecamatan Cibinong",08111133086,bogorupdate999@gmail.com,bogorupdate.com,Terverifikasi Administratif dan Faktual,2025-11-13
Gebraknews.co.id,Siber,Ramayulis Piliang,Ramayulis Piliang,Gebrak Media Indonesia,Kepulauan Riau,"Bengkong Abadi 2, Jalan Rajawali, Gang Mawar 1, Blok B no 17, Bengkong, Batam, Kepulauan Riau",081270240663,mediagebrak@gmail.com,Gebraknews.co.id,Terverifikasi Administratif dan Faktual,2025-11-13
popularitas.com,Siber,Daspriani,Daspriani,Popularitas Indo Media,Aceh,"Jl Sultan Alaidin Johansyah No.36, Neusu Aceh, Kec. Baiturrahman",081269296357,redaksi.popularitas@gmail.com,www.popularitas.com,Terverifikasi Administratif dan Faktual,2025-11-13
dialeksis.com,Siber,Bahtiar Gayo,Bahtiar Gayo,Dialeksis Media Jaya,Aceh,Jalan Tgk Dihaji Lorong Ujong Blang No 36 Desa Lamdingin Kecamatan Kuta Alam Banda Aceh Provinsi Aceh,06516303146,media.dialeksis@gmail.com,http://dialeksis.com,Terverifikasi Administratif dan Faktual,2025-11-13
kupasonline.com,Siber,Sri Agustini,Sri Agustini,Cahaya Ikhwan Multimedia,Sumatera Barat,"Jln. Bukit Napa No. 3 RT 01, RW 02, Kelurahan Kuranji, Kecamatan Kuranji, Kota Padang, Sumatera Barat (Sumbar)",085256316001,kupasonline1@gmail.com,www.kupasonline.com,Terverifikasi Administratif dan Faktual,2025-11-13
infojambi.com,Siber,Izwan Sholimin,Izwan Sholimin,Info Jambi Media,Jambi,"Jl. Ir. H. Djuanda No.24 Kelurahan Simpang Tiga Sipin, Kecamatan Kota Baru, Kota Jambi",085266677431,infojambimedia@gmail.com,INFOJAMBI.COM,Terverifikasi Administratif dan Faktual,2025-11-13
,"Cetak
Radio
Televisi
Siber",,,,,,,,,,
GPriority,Cetak,Yudi Sinaga,Yudi Sinaga,Gemilang Larasati Nusantara,DKI Jakarta,"Jalan Howitzer Raya no.46 RT.10/02 Sumur Batu, kemayoran, Jakarta Pusat 10640",02121476868,info@gpriority.co.id,www.gpriority.co.id,Terverifikasi Administratif dan Faktual,2025-11-13
Media Satya Negeri Laskar Pelangi,Cetak,Respisius Leba,Respisius Leba,Cakrawala Babel Media,Kepulauan Bangka Belitung,Jl. Rasakunda No.25 Kelurahan. Bukit Besar Kec. Girimaya . RT 003 dan RW 001,0717423777,negerilaskarpelangimedia@gmail.com,www.negerilaskarpelangi.com,Terverifikasi Administratif dan Faktual,2025-11-13
Ewarta.co,Siber,Alwin Feraro,Alwin Feraro,Media Akurasi Ewarta Jaya,Bengkulu,"Jalan Merawan 7 Blok A No. 19 A, RT. 027/RW. 006, Kelurahan Sawah Lebar, Kecamatan Ratu Agung",085366947777,ewarta2020@gmail.com,www.ewarta.co,Terverifikasi Administratif dan Faktual,2025-11-13
liputankini.com,Siber,Gusnaldi Saman,Gusnaldi Saman,Liputan Kini Mediatama,Sumatera Barat,"Jalan Situjuh II No. 8, RT 003/ RW OO4, Jati Baru, Padang Timur",08126731984,liputankinimediatama@gmail.com,https://www.liputankini.com/,Terverifikasi Administratif dan Faktual,2023-03-30
swarapendidikan.co.id,Siber,Indra Wahyu Saputro,Indra Wahyu Saputro,Media Swara Pendidikan,Jawa Barat,Jalan Gelatik 11 No. 110 RT 004 RW 12 Kelurahan Depok Jaya Kecamatan Pancoran Mas,02189080947,redaksiswarapendidikan@gmail.com,swarapendidikan.co.id,Terverifikasi Administratif dan Faktual,2025-11-13
riau24.com,Siber,Chairul Hadi,Chairul Hadi,Citra Media Esa,Riau,"Perkantoran Grand Sudirman Blok D 18, Jl. Datuk Setia Maharaja, Kel. Tangkerang Selatan, Kec. Bukit Raya",081266280882,redaksi.riau24@gmail.com,https://www.riau24.com/,Terverifikasi Administratif dan Faktual,2025-11-13
Jamberita.com,Siber,Ahmad Riki Sufrian,Ahmad Riki Sufrian,Insan Media Bersaudara,Jambi,"Jln. Kali Batas, RT 13 Desa Pematang Gajah Perumahan Metro Jambi Recidence Blok C1",085380038273,jamberita17@gmail.com,,Terverifikasi Administratif dan Faktual,2025-11-13
Batamclick.com,Siber,Dedy Suwadha,Dedy Suwadha,Batam Click One,Kepulauan Riau,"Komplek Ruko Nasa Sentosa  Blok D Nomor 2, RT 02, RW 19, Kelurahan Belian, Kecamatan Batam Kota",081363649304,batamclick@gmail.com,batamclick.com,Terverifikasi Administratif dan Faktual,2025-11-13
wartakepri.co.id,Cetak,Novianto,Novianto,Warta Kepri Media,Kepulauan Riau,"Cendana Blok F12 No.1 RT 02 RW 036, Batam Kota",085264400989,wartakeprionline@gmail.com,www.wartakepri.co.id,Terverifikasi Administratif dan Faktual,2025-11-13
Kalteng Pos,Cetak,Husrin A Latif,Husrin A Latif,Kalteng Pos Press,Kalimantan Tengah,"Jl. Tjilik Riwut KM. 2,5 RT/RW 003/019 Kel. Palangka Kec. Jekan Raya",085117683535,kaltengpos@gmail.com,kaltengpos.jawapos.com,Terverifikasi Administratif dan Faktual,2025-11-13
,"Cetak
Radio
Televisi
Siber",,,,,,,,,,
Beritamerdekaonline.com,Siber,Rudi Syahwani,Rudi Syahwani,Berita Merdeka Mandiri,Bengkulu,"Jalan Remaja No.38, RT. 02, RW. 01, Kelurahan Pasar Ujung, Kecamatan Kepahiang,",085758562451,b.merdekamandiri@gmail.com,https://www.beritamerdekaonline.com/,Terverifikasi Administratif dan Faktual,2025-11-13
Keprionline.co.id,Siber,A Husien Wijaya,A Husien Wijaya,Emwil Seribu Lintas Media,Kepulauan Riau,"Jln Raja Oesman No 4 RT 002/RW 002, Kelurahan  Harjosari,Kecamatan Tebing ,Kab Karimun - Prov Kepri",085276874766,jhon_raya@yahoo.co.id,www.keprionline.co.id,Terverifikasi Administratif,2025-11-14
kontenkalteng.com,Siber,L. R. Baskoro,L. R. Baskoro,Rizky  Kusuma Media Perkasa,Kalimantan Tengah,"JL. Gagak No.247,  RT.003/RW. 021, Kelurahan Palangka, Kecamatan Jekan Raya, Palangka Raya, Kalimantan tengah",081250848668,kontenkalteng@gmail.com,www.kontenkalteng.com,Terverifikasi Administratif,2025-11-14
cimutnews.co.id,Siber,Mat Bodok,Mat Bodok,Cipta Multimedia Utama,Sumatera Selatan,Jln. H.M. Yusuf Singedekane Perum Griya Barokah  2 Blok A No.12 Kelurahan Jua-Jua Kecamatan Kayuagung,081368965537,asaepuloh157@gmail.com,cimutnews.co.id.,Terverifikasi Administratif,2025-11-14
AcehGlobalNews.id,Siber,Hendra Handyan,Hendra Handyan,Aceh Global News,Aceh,"Jl. Malahayati, Jurong Kebun Merica, Gampong Kuta Barat, Kecamatan Sukakarya Kota Sabang, Aceh",081370139181,redaksi.agn@gmail.com,www.acehglobalnews.id,Terverifikasi Administratif,2025-11-14
Tintaborneo.com,Siber,Akhiruddin,Akhiruddin,Multimedia Jagad Perkasa,Kalimantan Tengah,"Perum. Bukit Permai No.22 RT.017/RW.003, Kelurahan Baamang Hulu, Kecamatan Baamang",085339226640,ptmultimediajagadperkasa@gmail.com,www.tintaborneo.com,Terverifikasi Administratif,2025-11-14
expresi.co,Siber,Bambang,Bambang,Elang Aksamala Arka,Kalimantan Timur,"Jl. P Suryanata Ex. Sendawar Rt.11, No.01, Kecamatan Bontang Utara",085387441030,expresionlinemedia@gmail.com,www.expresi.co,Terverifikasi Administratif,2025-11-14
Bekesah.co,Siber,Faisal Rahman,Faisal Rahman,Bekesah Media Infotama,Kalimantan Timur,"Jl. AIP KS Tubun II Langlang, Gg Breksi RT 008/RW.No. 66, Bontang Kuala, Kecamatan Bontang Utara, Kota Bontang, Kalimantan Timur, Indonesia,",082154369981,Bekesahco@gmail.com,Bekesah.co,Terverifikasi Administratif,2025-11-14
Manado Post,Cetak,Filip Timets Kapantow,Filip Timets Kapantow,Wenangcemerlang Press,Sulawesi Utara,Gedung Graha Pena Jl. Babe Palar No. 62,81340595986,redaksi@manadopostgrup.com,Manadopost.jawapos.com,Terverifikasi Administratif dan Faktual,2025-10-30
Nusantarainfo.com,Siber,Syaiful W. Harahap,Syaiful W. Harahap,Nusa Info Gemilang,DKI Jakarta,"Tulipa Office  Lantai 5  Jalan Kayu Putih Raya Kav 55  RT 09 RW 08, Pulo Gadung, Jakarta Timur",082111094644,official@nusantarainfo.com,https://nusantarainfo.com/,Terverifikasi Administratif dan Faktual,2025-11-13
,"Cetak
Radio
Televisi
Siber",,,,,,,,,,
Reportaseinvestigasi.com,Siber,Ikhlas Darma Murya,Ikhlas Darma Murya,Media Jaya Investigasi,Sumatera Barat,"Jalan Siti Manggopoh, Desa Naras I, Kecamatan Pariaman Utara, Kota Pariaman, Propinsi Sumatera Barat",082184015000,repinvescom.siber@gmail.com,https://reportaseinvestigasi.com/,Terverifikasi Administratif dan Faktual,2025-10-23
Priangan.com,Siber,Mohammad Zezen Zainal Muttaqin,Mohammad Zezen Zainal Muttaqin,Priangan Media Partners,Jawa Barat,Jl. Permata Regency No. 25 Permata Regency HZ. Mustofa RT.02 RW.05 Kel. Kahuripan Kec. Tawang,082127217777,redaksi@priangan.com,www.priangan.com,Terverifikasi Administratif dan Faktual,2025-10-23
mcinews.id,Siber,M. Aminun Jabir,M. Aminun Jabir,Cipta Pesona Media Sejahtera,Jawa Timur,"Gedung Pers Balai Wartawan A. Aziz. PWI Jawa Timur Jl. Taman Apsari No. 15- 17 , Lantai-2 Kelurahan Embong Kaliasin, Kecamatan Genteng, Surabaya",081259006491,redaksi@mcinews.id,mcinews.id,Terverifikasi Administratif dan Faktual,2025-10-30
bogorone.co.id,Siber,Rahmawati Nasri,Rahmawati Nasri,Bogor One Net Media,Jawa Barat,"Taman Yasmin, Sektor 1 Jl. Seruni III No.4, RT.05/RW.14, Cilendek Bar., Kec. Bogor Barat, Kota Bogor, Jawa Barat 16112",081295424914,redaksibogorone@gmail.com,https://bogorone.co.id/,Terverifikasi Administratif dan Faktual,2025-10-23
kabartrenggalek.com,Siber,Danu Sukendro,Danu Sukendro,Maha Karya Migunani,Jawa Timur,"Jl. Imam Bonjol No.20, RT 09 RW 03, Dusun Klampisan, Kelurahan Surodakan, Kecamatan. Trenggalek, Kabupaten Trenggalek, Jawa Timur 66316",081358999660,redaksi@kabartrenggalek.com,https://kabartrenggalek.com/,Terverifikasi Administratif dan Faktual,2025-10-28
Suara 'Aisyiyah,Cetak,Hajar Nur Setyowati,Hajar Nur Setyowati,Penerbit Pers 'Aisyiyah,DI Yogyakarta,Kauman Gm I/17 A Yogyakarta 55122,0817270787,suaraaisyiyah@aisyiyah.or.id,www.suaraaisyiyah.id,Terverifikasi Administratif dan Faktual,2025-10-23
Radio Radar CBS,Radio,Khikmah Wati,Khikmah Wati,Radio Cahaya Bintang Snada,Jawa Tengah,Jl. Perintis Kemerdekaan No. 32 RT 10 RW 06 Kel. Panggung Kec. Tegal Timur,081542000100,radio.cahayabintangsnada@gmail.com,radarcbs.com,Terverifikasi Administratif dan Faktual,2025-10-23
GOnews.id,Siber,Hari Istiawan,Hari Istiawan,Global Optima Media,Jawa Timur,Jalan Cukir Mojowarno No 5 Dusun Tanjung Anom RT 01/RW 07 Desa Bulurejo Kecamatan Diwek Kabupaten Jombang,085706222097,Redaksi@gonews.id,www.gonews.id,Terverifikasi Administratif dan Faktual,2025-10-23
Jatengpos.co.id,Siber,Sigit Hermawan,Sigit Hermawan,Meteorberlian Multimedia,Jawa Tengah,"Jl Bukit Sari Raya Blok M RT 03 RW 010 Ngesrep, Banyumanik",081325141890,editorjatengpos1@gmail.com,JATENGPOS.CO.ID,Terverifikasi Administratif dan Faktual,2025-10-23
maklumat.id,Siber,Edi Purwanto,Edi Purwanto,Surya Media Jatim,Jawa Timur,"Jalan Kertomenanggal IV No.1 RT.002 RW.009, Kelurahan Dukuh Menanggal, Kecamatan Gayungan, Kota Surabaya",0318437191,maklumatdotid@gmail.com,maklumat.id,Terverifikasi Administratif dan Faktual,2025-10-23
,"Cetak
Radio
Televisi
Siber",,,,,,,,,,
harianbangsa.net,Siber,Nur Syaifudin,Nur Syaifudin,Dutabangsa Intermedia Pers,Jawa Timur,"JL. Cipta Menanggal I No. 35  RT.011 RW.05 Kecamatan Gayungan, Kelurahan Menanggal , Kota Surabaya",0318270967,yuni.bangsa2000@gmail.com,https://harianbangsa.net,Terverifikasi Administratif dan Faktual,2025-10-23
Memanggil.co,Siber,Harun Mahbub Billah,Harun Mahbub Billah,Media Memanggil Network,Jawa Tengah,"Jl. Blora - Cepu KM. 08, Lorong 01, RT 02 RW 01 Desa Tempellemahbang, Kecamatan Jepon, Kabupaten Blora, Jawa Tengah",089670125667,mediamemanggil@gmail.com,https://memanggil.co,Terverifikasi Administratif dan Faktual,2025-10-23
Radar Tarakan,Cetak,Aswar,Aswar,Duta Borneo Utara,Kalimantan Utara,Jl. Mulawarman Gedung Silver RT. 054,085233577123,redaksiradartarakan@gmail.com,http://radartarakan.jawapos.com,Terverifikasi Administratif dan Faktual,2025-10-23
joglojateng.com,Siber,Reren Indranila,Reren Indranila,Joglo Nusantara Mediatama,Jawa Tengah,"Jl. Trunojoyo X Nomor 23A Padangsari, Banyumanik, Semarang",081225032876,joglojatengonline@gmail.com,joglojateng.com,Terverifikasi Administratif dan Faktual,2025-10-23
sudutkota.id,Siber,Santoso,Santoso,Sudut Kota Media Karya,Jawa Timur,"JL.Candi Telagawangi No. 48, RT 03, RW 01, Kelurahan Mojolangu, Kecamatan Lowokwaru, Kota Malang",082223377756,redaksi.sudutkota.id@gmail.com,www.sudutkota.id,Terverifikasi Administratif dan Faktual,2025-10-23
jateng.tribunnews.com,Siber,Ibnu Taufik Juwariyanto,Ibnu Taufik Juwariyanto,Warta Media Nusantara,Jawa Tengah,"Jalan Menteri Supeno No. 30, RT 09, RW 05,  Kelurahan Mugassari, Kecamatan Semarang Selatan",0248455959,redaksi.tribunjateng@gmail.com,https://jateng.tribunnews.com/,Terverifikasi Administratif dan Faktual,2025-10-23
Rakyat45.com,Siber,Hadirku Zega,Hadirku Zega,Rakyat Empat Lima Pers,Riau,"Jl. Sentosa Perumahan Alifa, Blok R. No.08, RT 001, RW 021, Kel. Sudimulyo Barat, Kec. Tuah Madani",082367196233,pt.rakyat45pers@gmail.com,rakyat45.com,Terverifikasi Administratif,2025-10-27
Media 24 Jam,Cetak,Idrus Djunaidi,Idrus Djunaidi,Artha Uli Jaya,Sumatera Utara,Jl. Perguruan Tinggi Swadaya No .7 Kel. Binjai Kec. Medan DenaiENAI,06173360124,redaksimedia24jam@gmail.com,www.media24jam.com,Terverifikasi Administratif dan Faktual,2025-10-23
Hukumonline.com,Siber,Fathan Qorib,Fathan Qorib,Justika Siar Media,DKI Jakarta,"AD Premier 9th floor Jl. TB Simatupang No. 5 Ragunan, Pasar Minggu, Jakarta Selatan 12550",08561442305,redaksi@hukumonline.com,www.hukumonline.com,Terverifikasi Administratif dan Faktual,2025-10-23
klikwarta.com,Siber,Like Jansen Supanser,Like Jansen Supanser,Wahana Bintang Media,Bengkulu,"Jl. Sepakat Rt 20 Rw 5 No. 83 Kelurahan Sawah Lebar Baru, Kecamatan Ratu Agung",085377688284,klikwarta9@gmail.com,Klikwarta.com,Terverifikasi Administratif dan Faktual,2025-10-23
,"Cetak
Radio
Televisi
Siber",,,,,,,,,,
cakaplah.com,Siber,Dian Alhadi,Dian Alhadi,Cakaplah Media Sinergi,Riau,"Komplek Dagang Residence Jalan Dagang No. 17 Kelurahan Kampung Tengah, Kecamatan Sukajadi",082385729955,redaksi@cakaplah.com,www.cakaplah.com,Terverifikasi Administratif dan Faktual,2025-10-23
genpi.co,Siber,Auri Jaya,Auri Jaya,Pesona Digital Com,DKI Jakarta,"Gedung Graha Pena Jawa Pos Lt. 9 NO. 908, Jl. Kebayoran Lama No.12 Grogol Utara, Kebayoran Lama, Jakarta Selatan, DKI Jakarta",02122537409,ptpesonadigitalcom@gmail.com,www.genpi.co,Terverifikasi Administratif dan Faktual,2025-10-23
radarjombang.jawapos.com,Siber,Moh. Nasikhuddin,Moh. Nasikhuddin,Jombang Intermedia Pers,Jawa Timur,"JL. DR. Setiabudi No. 23 Jombatan, Jombang",081336610001,radar.jombang@jawapos.com,www.radarjombang.jawapos.com,Terverifikasi Administratif dan Faktual,2025-10-23
Katakata.co.id,Siber,Sadagori Henoch Binti,Sadagori Henoch Binti,Global Media Bersaudara,Kalimantan Tengah,"Jalan Pangeran Samudera III Gg. Sarerangan No.01, Menteng, Jekan Raya",08125080006,redaksikatakata@gmail.com,www.katakata.co.id,Terverifikasi Administratif,2025-10-27
Arusbawah.co,Siber,Anjas Pratma,Anjas Pratama,Suara Arus Bawah,Kalimantan Timur,"Graha Hema, Ruang Mandala. Jalan Perjuangan 4 No.69 Kelurahan Sempaja Selatan Kecamatan Samarinda Utara",082138052587,manajemen.arusbawah@gmail.com,Arusbawah.co,Terverifikasi Administratif,2025-10-27
rahasiaumum.com,Siber,Irmansyah,Irmansyah,Media Rahasia Umum,Aceh,"Jln. Poeteumeureuhom No. 47, Desa Lambhuk, Kec. Ulee Kareng",08126918304,media@rahasiaumum.com,https://rahasiaumum.com/,Terverifikasi Administratif,2025-10-27
ayobandung.com,Siber,Adi Ginanjar Maulana,Adi Ginanjar Maulana,Ayo Media Network,Jawa Barat,"Jl. Terusan Halimun No.50, Lkr. Sel., Kec. Lengkong, Kota Bandung, Jawa Barat 40264",02273517371,redaksi@ayomedia.com,https://www.ayobandung.com/,Terverifikasi Administratif dan Faktual,2025-10-23
Bangka Pos,Cetak,Ade Mayasanto,Ade Mayasanto,Bangka Media Grafika,Kepulauan Bangka Belitung,Jl. KH. Abdurachman Siddik No. 1 B (Eks Jl. Sriwijya) Kecamatan Tamansari,437084,redaksi.bangkapos@gmail.com,bangkapos.com,Terverifikasi Administratif dan Faktual,2025-10-23
Acehnow.com,Siber,Azhari,Azhari,Media Acehnow Perdana,Aceh,"JL. Banda Aceh - Medan Km. 8 gampong Lubok Batee, Kecamatan Ingin Jaya",081388555548,redaksiacehnow@gmail.com,https://www.acehnow.com/,Terverifikasi Administratif,2025-10-27
SKU WartaSumselBabel,Cetak,Rachmatul Akbar,Rachmatul Akbar,Asia Warta Indomedia,Sumatera Selatan,Jl. Letkol Iskandar No. 450,082177314556,asiawartaindomedia@gmail.com,wartasumselbabel.com,Terverifikasi Administratif,2025-10-27
,"Cetak
Radio
Televisi
Siber",,,,,,,,,,
indoraya.news,Siber,Sigit Hermawan,Sigit Hermawan,Indo Raya Network,Jawa Tengah,"Perum Bukit Cendana 2, Jl. Cendana Raya No.15 Block A, RT 05 / RW 09, Sambiroto, Kec. Tembalang, Kota Semarang",089637024902,redaksiindoraya.news@gmail.com,www.indoraya.news,Terverifikasi Administratif,2025-10-08
Bungo TV,Televisi,Mukhtadi P.,Mukhtadi P.,Bungo Media Televisi,Jambi,"Jalan Diponegoro No. 09 Pasir Putih, Rimbo Tengah, Kabupaten Bungo, Jambi",0747321522,redakturbungotv@gmail.com,www.bungotv.com,Terverifikasi Administratif dan Faktual,2025-06-26
Bitvonline.com,Siber,Abyadi Siregar,Abyadi Siregar,Buana Media Independen,Sumatera Utara,"Jalan Haji Anif No.10 Desa Sampali, Kecamatan Percut Sei-Tuan, Kabupaten Deli Serdang, Sumatera Utara",06144031037,bitvindonesia@gmail.com,www.bitvonline.com,Terverifikasi Administratif dan Faktual,2025-09-23
Harian Umum Rakyat Sumbar,Cetak,Revdi Iwan Syaputra,Revdi Iwan Syaputra,Sumbar Intermedia Pers,Sumatera Barat,"Jl. Kamang Nomor 19 RT.002/ RW 001 Kelurahan Jati, Kecamatan Padang Timur, Kota Padang",0751481222,rakyatsumbar@gmail.com,rakyatsumbar.id,Terverifikasi Administratif,2025-09-29
detailnews.id,Siber,Rosita Karim,Rosita Karim,Sahabat Nukila Multimedia,Sulawesi Utara,"Jl. Labot Dugian, Desa Kopandakan 1, Kec. Kotamobagu Selatan, Kota Kotamobagu",082188821949,nukilamultimedia@gmail.com,detailnews.id,Terverifikasi Administratif,2025-09-29
wartalive.co.id,Siber,Yanto,Yanto,Warta Live Today,Sumatera Utara,"Jalan Arif Rahman Hakim No. 18 Lingkungan II, RT. 000, RW 000, Kelurahan Bincar, Kecamatan Padang Sidempuan Utara",081225000318,wartalive01@gmail.com,wartalive.co.id,Terverifikasi Administratif dan Faktual,2025-09-23
hariansib.com,Siber,Bantors Sihombing,Bantors Sihombing,Sinar Indonesia Baru,Sumatera Utara,"Jalan Brigjen Katamso No 66 AB, RT 00/RW 00, Kelurahan Aur, Kecamatan Medan Maimun",0614512530,hariansib.com@gmail.com,"www,hariansib.com",Terverifikasi Administratif dan Faktual,2025-09-23
Konten Aktual,Cetak,Helmi Hass,Helmi Hass,Konten Aktual Media,Aceh,Jl. T iskandar Lr. T H.Usman No 18 RT 000 RW 000 Desa/Kelurahan Doy Kecamatan Ulee Kareng,085295454339,kontenaktual01@gmail.com,https://kontenaktual.net/,Terverifikasi Administratif,2025-09-29
kabaronline.co.id,Siber,Billy Adhiyaksa,Billy Adhiyaksa,Abyudaya Media Pratama,Jawa Barat,Perum Onix Blok A1 No32 Pabuaran Pamoyanan,08128670092,mailkabaronline@gmail.com,www.kabaronline.co.id,Terverifikasi Administratif dan Faktual,2025-09-10
lampungtelevisi.com,Siber,Syamsul Bahri Nasution,Syamsul Bahri Nasution,Lampung Tele Visi,Lampung,"Jalan Perwira No. 3, Kelurahan Rajabasa, Kecamatan Rajabasa, Kota Bandarlampung",08117822626,adm.lampungtv@gmail.com,www.lampungtelevisi.com,Terverifikasi Administratif dan Faktual,2025-09-10
,"Cetak
Radio
Televisi
Siber",,,,,,,,,,
dutametro.com,Siber,Suci Martia,Suci Martia,Duta Metro Com,Sumatera Barat,Jl. Wisma Indah VI Gn Sarik Kota Padang,081374776158,mduta344@gmail.com,dutametro.com,Terverifikasi Administratif dan Faktual,2025-09-10
terusterang.id,Siber,Junaidi Ibnurrahman,Junaidi Ibnurrahman,Terus Terang Media,DKI Jakarta,"Jalan Kramat 6 Dalam, No. 3, Kelurahan Kenari, Senen, Jakarta Pusat 10430",08111757618,ptterusterangmedia@gmail.com,https://terusterang.id/,Terverifikasi Administratif dan Faktual,2025-09-10
unhas.tv,Siber,A. Fauziah Astrid Abidin,A. Fauziah Astrid Abidin,Hadin Media Nusantara,Sulawesi Selatan,"Jl. Perintis Kemerdekaan KM. 10 Kampus Unhas Tamalanrea, Gedung Science Techno Park Lt.2 - Makassar",085237777541,financeunhastv@gmail.com,https://unhas.tv,Terverifikasi Administratif,2025-09-11
PKTV,Televisi,Rudy M,Rudy M,Khatulistiwa Media,Kalimantan Timur,GOR PUPUK KALTIM JL. Alamanda PC VI RT 01 Kelurahan Belimbing Kecamatan Bontang Barat,08115805151,pktvbontang@gmail.com,pktvkaltim.com,Terverifikasi Administratif dan Faktual,2025-09-09
repoeblik.com,Siber,Heryandi,Heryandi,Rakyat Independen Media,Bengkulu,Perumahan Tebat Rapak Blok G No 22 Desa Taba Jambu Kecamatan Pondok Kubang,081272099276,repoeblik.com@gmail.com,https://repoeblik.com,Terverifikasi Administratif,2025-09-01
Sinpo.id,Siber,Edi Faisol,Edi Faisol,Karya Media Samasta,DKI Jakarta,"Graha SIN PO, Jl. Kramat Kwitang No.8 Lt. 3, Kwitang, Kec. Senen",081188827170,timredsinpo@gmail.com,www.sinpo.id,Terverifikasi Administratif dan Faktual,2025-08-13
Klikinfoberita.com,Siber,Leonardo Ferdian,Leonardo Ferdian,Klik Infoberita Indonesia,Bengkulu,Jln. Raya Air Sebakul Perumahan Grand Vaganza Estate Blok A Nomor 31 RT.026 RW.004,082361731070,Klikinfoberita24@gmail.com,klikinfoberita.com,Terverifikasi Administratif,2025-08-27
TribunnewsBogor.com,Siber,Soewidia Henaldi,Yuli Sulistyawan,Tribun Berita Online,Jawa Barat,"Jl. Pemuda No.46, RT.02/RW.06, Tanah Sareal, Kec. Tanah Sereal, Kota Bogor, Jawa Barat 16161",02518203333,redaksitribunbogor@gmail.com,https://bogor.tribunnews.com/,Terverifikasi Administratif dan Faktual,2025-07-29
Pasundan Ekspres,Cetak,Andy Rusnandy,Andy Rusnandy,Wahana Semesta Pasundan,Jawa Barat,"Jalan Ahmad Yani No 110 A, RT 06/RW 02, Kel. Pasirkareumbi.",081312217164,red.pasundanekspres@gmail.com,,Terverifikasi Administratif dan Faktual,2025-08-13
kuninganmass.com,Siber,Deden Rijalul Umam,Deden Rijalul Umam,Semangat Terus Melangkah,Jawa Barat,Jl Moch Yamin No. 51 Kuningan,081320126272,kuninganmass@gmail.com,https://kuninganmass.com/,Terverifikasi Administratif dan Faktual,2025-08-13
,"Cetak
Radio
Televisi
Siber",,,,,,,,,,
radarcirebon.disway.id,Siber,Yuda Sanjaya,Rusdi Polpoke,Wahana Multimedia Cirebon,Jawa Barat,"Jl Perjuangan No. 09, Kelurahan Sunyaragi, Kecamatan Kesambi",0231483531,radarcireboncom@gmail.com,https://radarcirebon.disway.id/,Terverifikasi Administratif dan Faktual,2025-08-13
ntbsatu.com,Siber,Haris Mahtul,Haris Mahtul,Media NTB Satu,Nusa Tenggara Barat,"Jl. Pelita No. 9G, Mataram Barat, Kec. Selaparang, Kota Mataram, Nusa Tenggara Barat, 83126",081239701684,ntbsatudotcom@gmail.com,www.ntbsatu.com,Terverifikasi Administratif dan Faktual,2025-06-26
bantenraya.com,Siber,Muhaemin,Muhaemin,Wahana Semesta Cilegon Raya,Banten,"Komp.Rukan Cilegon Business Sqaure Blok A No.18, Jalan Pondok Cilegon Indah (PCI)",0254378169,barayapromedia@gmail.com,,Terverifikasi Administratif dan Faktual,2025-08-13
Pasundanekspres.id,Siber,Andy Rusnandy,Andy Rusnandy,Wahana semesta pasundan,Jawa Barat,Jalan Ahamd Yani lantai No. 110 pairkareumbi kecamatan subang kab subang,087828323905,pasundan.co2018@gmail.com,https://pasundanekspres.id/,Terverifikasi Administratif dan Faktual,2025-08-13
Alankanews.com,Siber,Sumaryono,Sumaryono,Azka Alanka Cerdas,Bengkulu,"Jalan DP Negara Nomor 013, Kelurahan Sukarami, Kecamatan Selebar",082393939317,azkaalankacerdas@gmail.com,https://alankanews.com/,Terverifikasi Administratif dan Faktual,2025-06-26
kabariku.com,Siber,Sony MS,Sony MS,Mega Nusantara Group,Jawa Barat,"Jalan Otista Komplek Intan Regency Blok B1 RT 01 RW 08 Desa Tarogong, Kecamatan Tarogong Kidul",082129283220,redaksi.kabariku@gmail.com,www.kabariku.com,Terverifikasi Administratif dan Faktual,2025-08-13
Ayobandung.id,Siber,Adi Ginanjar Maulana,Adi Ginanjar Maulana,Ayo Media Network,Jawa Barat,"Jl. Terusan Halimun No.50, Lkr. Sel., Kec. Lengkong, Kota Bandung, Jawa Barat 40264",02273517371,redaksi@ayobandung.id,https://www.ayobandung.id/,Terverifikasi Administratif dan Faktual,2025-08-13
Jabarekspres.com,Siber,Eriek Taopik,Eriek Taopik,Jabar Ekspres Media,Jawa Barat,Jalan Soekarno Hatta Rt 01 Rw 10 Nomor 627 Kelurahan Sukapura Kecamatan Kiaracondong Kota Bandung,0227302838,mediajabarekspres@gmail.com,jabarekspres.com,Terverifikasi Administratif dan Faktual,2025-08-13
Harian Realitas,Cetak,Ayu Kusuma Ningtyas,Ayu Kusuma Ningtyas,Realitas Media Perkasa,Sumatera Utara,Jl. Brigjend Katamso No. 43 Medan - Sumut,081312640721,harian_realitas@yahoo.com,,Terverifikasi Administratif dan Faktual,2025-08-13
orbitdigitaldaily.com,Siber,Gusliadi Ritonga,Gusliadi Ritonga,Bumi Jurnalis Orbit,Sumatera Utara,"Jalan Asrama, Gedung Bumi Jurnalis Orbit, Komplek Bumi Asri Blok C No. 61-62 Medan",082160918921,redaksiorbitmedan@gmail.com,orbitdigitaldaily.com,Terverifikasi Administratif dan Faktual,2025-08-13
,"Cetak
Radio
Televisi
Siber",,,,,,,,,,
Orbit,Cetak,Gusliadi Ritonga,Gusliadi Ritonga,Suara Barisan Hijau,Sumatera Utara,Jl. Asmara Gedung Bumi Jurnalis Komplek Bumi Asri Blok C No. 61 - 62 Medan,085175115970,ptsuarabarisanhijauharianorbit@gmail.com,,Terverifikasi Administratif dan Faktual,2025-08-13
gpriority.co.id,Siber,Yudi Sinaga,Yudi Sinaga,Gemilang Larasati Nusantara,DKI Jakarta,"Jalan Howitzer Raya No,46, Sumur Batu,Kemayoran, Jakarta Pusat",02121476868,info@gpriority.co.id,www.gpriority.co.id,Terverifikasi Administratif dan Faktual,2025-08-13
Kutairaya.com,Siber,Widha Riduan,Widha Riduan,Kutai Raya Media,Kalimantan Timur,Jalan Mangkuraja RT 43 Kelurahan Loa Ipuh Tenggarong,081347107932,mediaraya89@yahoo.com,www.kutairaya.com,Terverifikasi Administratif,2025-08-19
Batam Pos,Cetak,Raden Yusuf Hidayat,Raden Yusuf Hidayat,Sijori Interbintana Pers,Kepulauan Riau,"Komplek Orchard Walk Blok H No. 1, Batam Center",0778460000,redaksi@batampos.co.id,www.batampos.co.id,Terverifikasi Administratif dan Faktual,2025-08-13
Realita.co,Siber,Ariel Dahrullah,Ariel Dahrullah,Realita Aktual Terpercaya,Jawa Timur,"Jl.Kesatrian Perum The Taman Dhika Cluster Bromo Blok A9, Desa, Sono, Sidokerto, Buduran, Kabupaten Sidoarjo, Jawa Timur, 61252",081331948406,redaksi@realita.co,www.realita.co,Terverifikasi Administratif dan Faktual,2025-07-29
beritanasional.com,Siber,Kadirah,Kadirah,Sinar Harapan Baru Indonesia,DKI Jakarta,"Jl. Danau Poso No.160  RT 12 RW 04 Bendungan Hilir, Jakarta Pusat",0212527986,hi.beritanasional@gmail.com,https://beritanasional.com/,Terverifikasi Administratif dan Faktual,2025-07-24
bogor-today.com,Siber,Herman Indrabudi,Herman Indrabudi,Bogor Raya Media Sejahtera,Jawa Barat,"Perumahan Graha Kartika Pratama, Blok CC-4, Nomor 9, Bojong Baru, Bojong Gede",02187929724,bgrtoday@gmail.com,https://bogor-today.com/,Terverifikasi Administratif dan Faktual,2025-07-29
Bogor Today,Cetak,Herman Indrabudi,Herman Indrabudi,Bogor Raya Media Sejahtera,Jawa Barat,"Perumahan Graha Kartika Pratama, Blok CC-4, Nomor 9, Bojong Baru, Bojong Gede",02187929724,bgrtoday@gmail.com,,Terverifikasi Administratif dan Faktual,2025-07-29
BorneoFlash.com,Siber,Maturidi,Maturidi,Generasi Media Utama,Kalimantan Timur,Jl. Jendral Sudirman RT 22 No 69,081545451890,Kotakubalikpapan19@gmail.com,BorneoFlash.com,Terverifikasi Administratif dan Faktual,2025-07-29
coverpublik.com,Siber,Syafrindani Yamadasi,Syafrindani Yamadasi,Media Vinqron Perkasa,Bengkulu,"Jalan Kamboja, Komplek Residence 2 No. 457, RT. 019 RW. 003, Kelurahan Bumi Ayu, Kecamatan Selebar",0831739554637,coverpublik@gmail.com,https://www.coverpublik.com/,Terverifikasi Administratif dan Faktual,2025-07-29
,"Cetak
Radio
Televisi
Siber",,,,,,,,,,
Timika eXpress,Cetak,Mauretsius M.L Sadipun,Mauretsius M.L Sadipun,Timika Grafika Express,Papua,"Jl. Bougenville No. 10 Timika Kel. Koperapoka, Distrik Mimika Baru, Kab. Mimika",81354033694,timikaexpress@yahoo.co.id,timikaexpress.id,Terverifikasi Administratif dan Faktual,2025-07-24
ABTV,Televisi,Rony Agustiyar Tulas,Rony Agustiyar Tulas,Astro Blitar Televisi,Jawa Timur,JL. A. Yani 25 - 27 Bendosewu,081217981119,abtv.blitar@gmail.com,www.abtelevisi.com,Terverifikasi Administratif dan Faktual,2025-06-26
aktualitas.id,Siber,Rizky Ramadhan,Rizky Ramadhan,Enali Kreatif Digitalindo,DKI Jakarta,"Gedung Graha Bersama (dh.Graha Buana) Jalan Doktor Saharjo No. 210 A, Tebet, RT.9/RW.5, Menteng Dalam, Kec. Tebet, Kota Jakarta Selatan, Daerah Khusus Ibukota Jakarta 12870",081282828799,redaksi.aktualitas@gmail.com,www.aktualitas.id,Terverifikasi Administratif dan Faktual,2025-07-24
panennews.com,Siber,Sujud Dwi Pratisto,Sujud Dwi Pratisto,Tangguh Media Nusantara,DKI Jakarta,Gedung ILP Pancoran Lt. 3-02 Jl. Raya Pasar Minggu No. 39A,02125038584,panennews@gmail.com,panennews.com,Terverifikasi Administratif dan Faktual,2025-07-24
Hibata.id,Siber,Harun Mahbub Billah,Harun Mahbub Billah,Alfatih Nurandi Media,Gorontalo,"Jl. Utsman Bin Affan, Desa Ulanta, Kecamatan Suwawa, Kabupaten Bone Bolango,  Gorontalo, Indonesia.",085176843983,redaksihibata@gmail.com,https://hibata.id,Terverifikasi Administratif dan Faktual,2025-07-24
Trust News,Cetak,Moch. Ridwan,Moch. Ridwan,Marsa Media Nusantara,DKI Jakarta,"Grand Panglima Polim Kav.39 No.2, Jl. Panglima Polim Raya",6281318481833,infotrustnews.magz@gmail.com,www.trustnews.id,Terverifikasi Administratif dan Faktual,2025-07-24
Suara Indonesia,Cetak,Moch. Ridhwan,Moch. Ridhwan,Ika Media Bangsa,DKI Jakarta,"Grand Panglima Polim Kav. 30 No.2, Jl. Raya Panglima Polim",08811071829,infosuaraindonesianews@gmail.com,www.suaraindonesia.org,Terverifikasi Administratif dan Faktual,2025-07-24
kalteng.tribunnews.com,Siber,Anjar Wulandari,Anjar Wulandari,Palangkaraya Media Grafika,Kalimantan Tengah,"Jalan RTA Milono Km 2,5 No 126 RT 03  Kel.  Menteng, Kecamatan. Jekan Raya, Kota Palangkaraya",05364256575,kaltengtribun@gmail.com,kalteng.tribunnews.com,Terverifikasi Administratif,2025-07-29
Suara Rakyat,Cetak,Hendra Handyan,Hendra Handyan,Diadara Citra Media,Aceh,Jl. T iskandar Lr. Gajah No 13 RT 000 RW 000 Desa/Kelurahan Doy Kecamatan Ulee Kareng,082316861983,koransuararakyat01@gmail.com,https://rakyatnews.net/,Terverifikasi Administratif,2025-07-29
kitakini.news,Siber,M. Harizal,M. Harizal,Kitakini Media Perkasa,Sumatera Utara,"Jalan Perhubungan No 4N, Desa Bandar Klippa, Kecamatan Percut Sei Tuan, Kabupaten Deli Serdang- Sumatera Utara",082166954854,red.kitakini@gmail.com,https://kitakini.news/,Terverifikasi Administratif dan Faktual,2025-07-17
,"Cetak
Radio
Televisi
Siber",,,,,,,,,,
seputarpapua.com,Siber,Irsul Panca Aditra,Irsul Panca Aditra,Pala Grafika Nusantara,Papua,"Jalan Sam Ratulangi, Kelurahan Inauga, Distrik Wania, Kab. Mimika, Prov. Papua Tengah",082130080286,redaksiseputarpapua@gmail.com,seputarpapua.com,Terverifikasi Administratif dan Faktual,2025-07-17
Radar Bogor,Cetak,Ricky Noor Rachman,Ricky Noor Rahman,Bogor Ekspres Media,Jawa Barat,Jalan KHR Abdullah Bin Nuh No. 30Taman Yasmin Curug Mekar Bogor Barat,7544001,redaksi@radar-bogor.com,http://radarbogor.jawapos.com/,Terverifikasi Administratif dan Faktual,2025-07-17
Radar Madiun,Cetak,Firzan Syahroni,Firzan Syahroni,Madiun Intermedia Pers,Jawa Timur,"Jl. DI Panjaitan No 12 Madiun, Kel. Pandean, Kecamatan Taman, Kota Madiun.",0351468801,radarmadiunweb@gmail.com,www.radarmadiun.co.id dan https://radarmadiun.jawapos.com/,Terverifikasi Administratif dan Faktual,2025-07-17
beritasampit.com,Siber,Nako,Nako,Sampit Digital Media,Kalimantan Tengah,"Jl. Wengga Agung Raya No 21, Baamang Barat, Kecamatan Baamang",05312068832,beritasampit2020@gmail.com/beritasampit.com@gmail.com,https://beritasampit.com/,Terverifikasi Administratif dan Faktual,2025-07-17
RiauPos.co,Siber,Fiman agus,Firman agus,Riau  multimedia  corporindo,Riau,Gedung graha pena riau jalan hr subrantas km 10.5 rt 02 rw 012 kelurahan sidomulyo barat kecamatan tuah madani pekanbaru,,pipinx25@gmail.com,www.riaupos.co,Terverifikasi Administratif dan Faktual,2025-07-17
Jabar Ekspres,Cetak,Eriek Taopik,Eriek Taopik,Jabar Ekspres Media,Jawa Barat,Jalan Soekarno Hatta Rt 01 Rw 10 Nomor 627 Kelurahan Sukapura Kecamatan Kiaracondong Kota Bandung,0227302838,redaksikoranjabarekspres@gmail.com,jabarekspres.com,Terverifikasi Administratif dan Faktual,2025-07-17
riaumandiri.co,Siber,Doni Rahim,Doni Rahim,Media Riau Mandiri,Riau,Jalan Tuanku Tambusai Nomor 7 RT 001 RW 001 Kelurahan Tangkerang Barat Kecamatan Marpoyan Damai,081275111121,redaksiriaumandiri@gmail.com,www.riaumandiri.co,Terverifikasi Administratif dan Faktual,2025-07-17
sigapnews.co.id,Siber,Muradi,Muradi,Media Sigap Indonesia,Riau,"Jalan Palapa No.03 RT 03, RW 05  Labuh Baru Timur, Pekanbaru",081282584524,tabloid_sigap@yahoo.com,www.sigapnews.co.id,Terverifikasi Administratif,2025-07-18
topikalimantan.com,Siber,Wiwid Marhaendra Wijaya,Wiwid Marhaendra Wijaya,Topik Kaltim Siber,Kalimantan Timur,"Jalan Singgasana, Perumahan Graha Bukit Biru Blok A, No 58, RT 10, Kelurahan Timbau, Kecamatan Tenggarong",085390982738,topikaltim@gmail.com,topikalimantan.com,Terverifikasi Administratif,2025-07-18
ayosumbar.id,Siber,Warman,Warman,Datiak Intelek Media,Sumatera Barat,"Korong Toboh Apar, Nagari Toboh Gadang, Kecamatan Sintuak Toboh Gadang, Kabupaten Padang Pariaman, Provinsi Sumatera Barat, 25582",081261006441,dim.ayosumbar@gmail.com,https://www.ayosumbar.id/,Terverifikasi Administratif,2025-07-18
,"Cetak
Radio
Televisi
Siber",,,,,,,,,,
erakini.id,Siber,Fajar Wahyu Hermawan,A.M. Heri Saktiyanto,Erakini Media Komunika,DKI Jakarta,"Jl. Tebet Utara II A No.15, RW.1, Tebet Timur, Tebet",08118110276,redaksi@erakini.id,https://erakini.id/,Terverifikasi Administratif dan Faktual,2025-06-30
sumeks.co,Siber,Dwitri Kartini,Dwitri Kartini,Radar Citra Media,Sumatera Selatan,"Jl Kol H Burlian No 773 KM 6, 5 Gedung Graha Pena Palembang",411768,official.sumeksco@gmail.com,www.sumeks.co,Terverifikasi Administratif dan Faktual,2025-06-30
hulondalo.id,Siber,Maman Rio Uloli,Maman Rio Uloli,Nusa Digital Mediaverse,Gorontalo,"Mega Zanur Mall - Lantai 2 Jln. Prof. Dr. H.B. Jassin, Limba U Dua, Kec. Kota Selatan, Kota Gorontalo, Gorontalo",08114327519,redaksihulondaloid@gmail.com,https://www.hulondalo.id/,Terverifikasi Administratif dan Faktual,2025-06-30
Berita Kota Kendari,Cetak,Mahdar,Mahdar,Berita Kota Kendari Intermedia,Sulawesi Tenggara,"Jl. Mayjen Katamso No. 3 Baruga, Kota Kendari 93116",082189909601,beritakotakendari@gmail.com,beritakotakendari.fajar.co.id,Terverifikasi Administratif dan Faktual,2025-06-30
Pojok Kiri Media,Cetak,Mochamad Makruf,Mochamad Makruf,Pojok Kiri Media,Jawa Timur,"Jl. Gayungsari Timur No. 35, Kecamatan Gayungan, Kelurahan Menanggal, RT 3/RW 3, Kota Surabaya",081332007127,redaksipojokkiri@gmail.com,www.pojokkiri.com,Terverifikasi Administratif dan Faktual,2025-06-30
Bali Express,Cetak,I Ketut Ari Teja,I Ketut Ari Teja,Bali Ekspres Intermedia,Bali,"JL. Cok Agung Tresna No.63 Sumerta Klod, Denpasar Timur, Denpasa",03614754165,redaksi.baliexpress@gmail.com,baliexpress.jawapos.com,Terverifikasi Administratif dan Faktual,2025-06-30
baliexpress.jawapos.com,Siber,I Ketut Ari Teja,I Ketut Ari Teja,Bali Ekspres Intermedia,Bali,"Jalan Cok Agung Tresna No.63 Sumerta Kelod, Denpasar Timur - Denpasar Bali 80239",03614754165,baliexpress@jawapos.com,baliexpress.jawapos.com,Terverifikasi Administratif dan Faktual,2025-06-30
KSTV,Televisi,Yacob Bastian Elbash,Yacob Bastian Elbash,Kediri Global Mediatama,Jawa Timur,Ruko Hayam Wuruk Blok F4-5 Kota Kediri,0354682888,yacobbastian10@gmail.com / kstvkediri@gmail.com,www.kstv.co.id,Terverifikasi Administratif dan Faktual,2025-06-30
Radar Sampit,Cetak,Agus Jaka Purnama,Agus Jaka Purnama,Putra Sampit Perdana,Kalimantan Tengah,"Jl. MT. Haryono No. 88, Sampit",053132050,redaksi@radarsampit.com,radarsampit.jawapos.com,Terverifikasi Administratif dan Faktual,2025-06-30
Rmolaceh.id,Siber,Asrul,Asrul,Republik Media Utama,Aceh,"Jl. T.Hasan Dek, Lr D, RT/RW 000/000, Kelurahan Beurawe, Kecamatan. Kuta Alam, Kota Banda  Aceh, Provinsi Aceh",081326527240,redaksi.rmolaceh@gmail.com,www.rmolaceh.id,Terverifikasi Administratif dan Faktual,2025-06-30
,"Cetak
Radio
Televisi
Siber",,,,,,,,,,
selalu.id,Siber,Teguh Lulus Rahmadi,Teguh Lulus Rahmadi,Media Selalu Cemerlang,Jawa Timur,Jl. Padegiling No 194 RT 09 RW 07 kelurahan Tegalsari Kecamatan Tegalsari,0811340840,redaksiselalu@gmail.com,selalu.id,Terverifikasi Administratif dan Faktual,2025-06-30
minakonews.com,Siber,Fitri Adona,Fitri Adona,Putra Merapi Jaya,Sumatera Barat,"Parak Juar Batusangkar, Nomor 102 Jorong Parak Juar, Nagari Baringin, Kecamatan Lima Kaum",085274918625,syukurmuhammad909@gmail.com,https://minakonews.com,Terverifikasi Administratif,2025-07-01
beritaalternatif.com,Siber,Lukman A Salendra,Lukman A Salendra,Alternatif Media Indonesia,Kalimantan Timur,Jl AM Sangaji No.04 RT.01 Kelurahan Baru Kecamatan Tenggarong,085173458430,alternatifberita@gmail.com,www.beritaalternatif.com,Terverifikasi Administratif,2025-07-01
Kabar Nanggroe Sejahtera,Cetak,Sudirman,Sudirman,Kabar Nanggroe Sejahtera,Aceh,"Jalan Kuta Madat No 1, RT 000, RW 000, Kelurahan Gampong Ie Masen Kayee Adang, Kecamatan Syiah Kuala, Kota Banda Aceh",08126932399,redaksi.kabarnanggroe@gmail.com,www.kabarnanggroe.com,Terverifikasi Administratif,2025-07-01
Ulasfakta.co,Siber,Iskandar Syah,Iskandar Syah,Suara Media Internasional,Kepulauan Riau,"Jl. Hutan Lindung 2 No.3 RT.02 RW. 05, Kelurahan Tanjungpinang Timur, Kecamatan Bukit Bestari, Kota Tanjungpinang, Kepulauan Riau",082283686869,Ulasfakta.co@gmail.com,ulasfakta.co,Terverifikasi Administratif,2025-07-01
teropongnews.com,Siber,Imam Mucholik,Imam Mucholik,Teropong Media Group,DKI Jakarta,"Jl. Talang Betutu No. 7, Kelurahan Kebon Melati, Kecamatan Tanah Abang",08128100566,redaksi@teropongnews.com,teropongnews.com,Terverifikasi Administratif dan Faktual,2025-05-13
Narasiberita.co.id,Siber,Wiliatno,Wiliatno,Bintang Kurnia Media,Bengkulu,"Merapi Ujung No. 06A, RT.25 Rw.09 Kec. Singgaran Pati, Kel. Panorama, Kota Bengkulu",081279011177,narasiberita01@gmail.com,https://narasiberita.co.id/,Terverifikasi Administratif dan Faktual,2025-05-13
radardepok.com,Siber,Fahmi Akbar,Fahmi Akbar,Depok Ekspres Media,Jawa Barat,Ruko Verbena Grand Depok City,0217702570,redaksidepok@gmail.com,www.radardepok.com,Terverifikasi Administratif dan Faktual,2025-03-27
Olenka.id,Siber,Cahyo Prayogo,Cahyo Prayogo,Olenka Mahakarya Bersama,DKI Jakarta,"DAvenue Office Space, Ruko Perumahan Tanjung Barat Indah, Jalan Teratai Raya Blok F Nomor 4, RT 03 RW 02, Kelurahan Tanjung Barat, Kecamatan Jagakarsa, Jakarta Selatan, Jakarta",0217828870,redaksi@olenka.id,https://olenka.id/,Terverifikasi Administratif dan Faktual,2025-03-27
mpnindonesia.com,Siber,Andry Hariana,Andry Hariana,Media Pemersatu Nusantara,Banten,"Jl. Raya Cirendeu No. 5b, Cireundeu, Kecamatan Ciputat Timur, Kota Tangerang Selatan, Banten 15419",081911667676,mediapemersatunusantara@gmail.com,https://mpnindonesia.com/,Terverifikasi Administratif dan Faktual,2025-05-13
,"Cetak
Radio
Televisi
Siber",,,,,,,,,,
afu.id,Siber,Rasid,Rasid,Jejaring Media Arus Utama,DKI Jakarta,"Jl. Dukuh Patra III No. 57, RT.10/RW.1, Menteng Dalam, Kec. Tebet",081217986800,legal.afu@gmail.com,,Terverifikasi Administratif dan Faktual,2025-05-13
beritaprioritas.com,Siber,Armin Madika,Armin Madika,Media Nusa Bangsa,DKI Jakarta,"BLOK M SQUARE, LT 6 (BMS OFFICE) JLN MELAWAI 5, RT003/RW001,MELAWAI,KECAMATAN",622138250322,dipanusa.riung68@gmail.com,www.beritaprioritas.com,Terverifikasi Administratif dan Faktual,2025-05-13
OrbitIndonesia.com,Siber,Satrio Arismunandar,Satrio Arismunandar,Dua Rajawali Acitya Darma,DKI Jakarta,"Rooftop 24 Coworking Space Jalan Genteng Ijo Nomor 80, RT 011 RW 07, Kelurahan Karet Kuningan, Kecamatan Setiabudi, Kota Jakarta Selatan, Daerah Khusus Ibukota Jakarta 12940",081386279797,orbitindonesiaredaksi@gmail.com,https://orbitindonesia.com/,Terverifikasi Administratif dan Faktual,2025-05-14
banjarbaruklik.com,Siber,Rosnindar Prio Eko Rahardjo,Rosnindar Prio Eko Rahardjo,Borneo Digital Media,Kalimantan Selatan,Jl Galaxy Komplek Pondok Idaman No 06 RT 27 RW 04 Kelurahan Guntung Manggis Banjarbaru Kecamatan Landasan Ulin,082154057655,digitalmediaborneo@gmail.com,https://www.banjarbaruklik.com/,Terverifikasi Administratif dan Faktual,2025-04-28
NusaBali,Cetak,I Ketut Suardana,I Ketut Suardana,Sinar Nusrapress Utama,Bali,Jl. Jepun Pipil No 1 Kesiman Kertalangu Denpasar,081927007000,hariannusabali@gmail.com,www.nusabali.com,Terverifikasi Administratif dan Faktual,2025-04-28
suaramedianasional.co.id,Siber,Slamet Wiyoto,Slamet Wiyoto,Suara Media Nasional Bersinar,Jawa Timur,"Jl. Brigjen Pol. Imam Bachri, No. 143, RT 14/RW 02, Kelurahan Pesantren, Kecamatan Pesantren, Kota Kediri",082331999509,suaramedianasionalcoid@gmail.com,suaramedianasional.co.id,Terverifikasi Administratif dan Faktual,2025-04-28
diskursusnetwork.com,Siber,Kabul Indrawan,Kabul Indrawan,Mata Dunia Digital Intelegensia,DKI Jakarta,"Jl. Pejaten Raya No.Kav. 7, RT.7/RW.5, Pejaten Barat, Pasar Minggu, Kota Adm. Jakarta Selatan, Daerah Khusus Ibukota Jakarta 12510",081295370992,diskursusnetwork@gmail.com,https://diskursusnetwork.com/,Terverifikasi Administratif dan Faktual,2025-04-28
smol.id,Siber,Sri Mulyadi,Sri Mulyadi,Suluh Media Network,Jawa Tengah,Jl. Badak III No. 66 Pandean Lamper Kota Semarang.,85155137741,suluhmediaonline@gmail.com,smol.id,Terverifikasi Administratif dan Faktual,2025-04-28
lenteraesai.id,Siber,P.K. Yanes Setat,P.K. Yanes Setat,Cahaya Lentera Khatulistiwa,Bali,Jalan Pudak No. 1 Denpasar,085243402056,lenteraesai@gmail.com,www.lenteraesai.id,Terverifikasi Administratif dan Faktual,2025-03-27
Radar Jombang,Cetak,Moh. Nasikhuddin,Moh. Nasikhuddin,Jombang Intermedia Pers,Jawa Timur,"JL. DR. Setiabudi No. 23 Jombatan, Jombang",081336610001,radar_jombang@yahoo.com,www.radarjombang.jawapos.com,Terverifikasi Administratif dan Faktual,2025-03-27
,"Cetak
Radio
Televisi
Siber",,,,,,,,,,
sumselupdate.com,Siber,Henny Primasari,Henny Primasari,Berdikari Sukses Multimedia,Sumatera Selatan,"Jl. Sukabangun 2, Lorong Kaur, RT 63 RW 09, Kelurahan Sukajaya, Kecamatan Sukarami, Kota Palembang",082179043708,redaksi@sumselupdate.com,www.sumselupdate.com,Terverifikasi Administratif dan Faktual,2025-03-27
radarjember.jawapos.com,Siber,MS Rasyid,MS Rasyid,Jember Intermedia Pers,Jawa Timur,Jl Ahmad Yani 99 Kelurahan Kepatihan Kecamatan Kaliwates,0331483545,msras123@gmail.com,radarjember.jawapos.com,Terverifikasi Administratif dan Faktual,2025-03-27
KabarTamiang.com,Siber,Muhammad Hendra Vramenia,Muhammad Hendra Vramenia,Media Timur Jaya,Aceh,Jalan Sekerak Dusun Bahagia Kampung Bundar Kecamatan Karang Baru Kabupaten Aceh Tamiang.,08116872811,kabartamiang@gmail.com,www.kabartamiang.com,Terverifikasi Administratif dan Faktual,2025-03-27
jurnalkalimantan.com,Siber,Arif Rahman Hakim,Achmad Magfur,Panca Kalimantan Media,Kalimantan Selatan,"Jl. Sungai Andai, Komp. Andai Jaya Persada – Banjarmasin",082256053234,jurnal.kalimantanmedia@gmail.com,jurnalkalimantan.com,Terverifikasi Administratif dan Faktual,2025-03-27
Suaragong.com,Siber,Januar Tri Wahyudi,Januar Tri Wahyudi,Asa Media Suara Gong,Jawa Timur,"Jl. Raya Tlogomas Kav. 8, Komplek Ruko Tlogomas Square RT 001 RW 005, Kelurahan Tlogomas, Kecamatan Lowokwaru",0341570797,suaragong.com@gmail.com,www.suaragong.com,Terverifikasi Administratif dan Faktual,2025-03-27
Nusantaraterkini.co,Siber,Teguh Santosa,Teguh Santosa,Nusantara Aqro Terkini,Sumatera Utara,"Jalan Biduk No 3, Kelurahan Petisah Tengah, Kecamatan Medan Petisah, Kota Medan, Provinsi Sumatera Utara",0818478400,officialnusantaraterkini@gmail.com,Nusantaraterkini.co,Terverifikasi Administratif dan Faktual,2025-03-27
Harian Disway Kaltim,Cetak,Arie Pramana Putra,Arie Pramana Putra,Dinamika Indonesia Sentosa,Kalimantan Timur,"Jalan Gatot Subroto Gang 14, No 17",081770082436,Dinamikaindonesiasentosa@gmail.com,,Terverifikasi Administratif dan Faktual,2025-03-27
DAAITV Medan,Televisi,Khairiah Lubis,Khairiah Lubis,Daya Angkasa Andalas Indah,Sumatera Utara,"Kompleks Jati Junction Blok P-I No.1, Jl.Perintis Kemerdekaan, Kel. Perintis, Kec. Medan Timur",06180501846,hrd2@daaitv.co.id,www.daaitv.co.id,Terverifikasi Administratif dan Faktual,2025-03-27
Ayokaltim.com,Siber,Saud Rosadi,Saud Rosadi,Media Kaltim Berkah,Kalimantan Timur,Jalan Basuki Rahmat Gang III No 71 Samarinda Kota,081280644690,redaksi@ayokaltim.com,https://ayokaltim.com/,Terverifikasi Administratif dan Faktual,2025-03-27
Sidakpost.id,Siber,Ari Widodo,Ari Widodo,Kiki Media Pratama,Jambi,"Jalan umar achmad Rt 21 Rw 07, Kel. Pasir Putih, Kec. Rimbo Tengah",085382080456,redaksi.sidakpost@gmail.com,sidakpost.id,Terverifikasi Administratif dan Faktual,2025-02-26
,"Cetak
Radio
Televisi
Siber",,,,,,,,,,
Hayat TV Sampit,Televisi,Ruslan Abdul Gani,Ruslan Abdul Gani,Hayat Televisi Entertaiment,Kalimantan Tengah,Jl. HM. Arsyad No 05 - 06 RT 022A RW 009 Kecamatan Mentawa Baru Ketapang Kelurahan Mentawa Baru Hulu Kabupaten Kotawaringin Timur Kalimanta Tengah,(0531) 24200,hayattv_entertainment@yahoo.com,www.hayattvsampit.com,Terverifikasi Administratif dan Faktual,2025-02-26
Jawapos TV,Televisi,Sofyan Hendra Fatkhurohman,Sofyan Hendra Fatkhurohman,Wahana Televisi Banten,Banten,"Jl Polda No 88 Mayabon, Banjarsari, Cipocok Jaya, Serang, Banten",087871977853,radartvjkt@gmail.com,,Terverifikasi Administratif dan Faktual,2025-02-26
seputarborneo.com,Siber,Heriyanto,Heriyanto,Media Graha Bersama,Kalimantan Tengah,Jalan Temanggung Surajaya Pati No. 99 RT. 004 RW. 014 Kelurahan Langkai Kecamatan Pahandut Kota Palangkar Raya,082251865090,seputarborneo.news@gmail.com,seputarborneo.com,Terverifikasi Administratif dan Faktual,2025-02-26
Radar Utara,Cetak,Ependi Harian,Evan Lexsuan,Wahana Semesta Radar Utara,Bengkulu,"Jln. M Hatta No.007B RT 10 Rama Agung, Arga Makmur Bengkulu Utara.",07375241332,radut@ymail.com,-,Terverifikasi Administratif dan Faktual,2025-02-26
Ibukotakini.com,Siber,Yoyok Setiyono,Yoyok Setiyono,Ibukotakini Media Berjejaring,Kalimantan Timur,Jl. Letkol Pol. H.M. Asnawi Arbain No.98 A RT 41 Kelurahan Sepinggan Raya Kecamatan Balikpapan Selatan,08119928600,ibukotakini@gmail.com,https://ibukotakini.com,Terverifikasi Administratif dan Faktual,2025-02-26
Korankatakaltim,Cetak,Muhammad Hilmansyah,Muhammad Hilmansyah,Media Kaltim Grup,Kalimantan Timur,"Jl. Ahmad Yani, Perum Halal Square, Blok H No. 04, RT.05, RW. 00, Kelurahan Api-api, Kecamatan Bontang Utara",082332081733,katakaltimredaksi@gmail.com,www.koran.katakaltim.com,Terverifikasi Administratif dan Faktual,2025-02-26
sagoetv.com,Siber,Mukhtaruddin Yacob,Mukhtaruddin Yacob,Sagoe Media Kreasi,Aceh,"Jl. Teungku Lamgugob. Desa Lamgugob.  Kec. Syiah Kuala, Kota Banda Aceh, Aceh.",085179736071,sagoeid@gmail.com,https://sagoetv.com/,Terverifikasi Administratif dan Faktual,2025-02-26
rakyatdaerah.com,Siber,Riki Susanto,Riki Susanto,Gemilang Utama Media,Bengkulu,"Jl. Dharmawanita RT 18/05, Kel. Bentiring Permai, Kec. Muara Bangkahulu, Kota Bengkulu",082280512074,rakyatdaerah229@gmail.com,rakyatdaerah.com,Terverifikasi Administratif,2025-02-28
Lampungpro.co,Siber,Amiruddin Sormin,Amiruddin Sormin,Pro Porsi Media,Lampung,"Jl. Kavling Raya 2, Kelurahan Rajabasa Pemuka, Kecamatan Rajabasa, Bandar Lampung, 35144",085267797198,lampungproredaksi@gmail.com,https://lampungpro.co/,Terverifikasi Administratif dan Faktual,2025-02-14
Media Indonesia,Cetak,Abdul Kohar,Abdul Khohar,Citra Media Nusa Purnama,DKI Jakarta,"Kompleks Delta Kedoya, Jl. Pilar Raya Kav. A-D Kedoya Selatan, Kebon Jeruk, Jakarta Barat 11520",0215812088,redaksi@mediaindonesia.com,www.mediaindonesia.com,Terverifikasi Administratif dan Faktual,2025-02-14
,"Cetak
Radio
Televisi
Siber",,,,,,,,,,
seputarkita.co,Siber,Alamsyah,Alamsyah,Kata Kita Pers,Kepulauan Riau,Ruko Pinangmas Residance Blok A No 3A Lantai 3 JL RH Fisabilillah Batu 8 Atas RT 002/RW 001 Kel. Batu IX Kec. Tanjungpinang Timur,081275643974,seputarkitaco@gmail.com,seputarkita.co,Terverifikasi Administratif,2025-02-14
Radar Tegal,Cetak,M. Sekhun,Muhammad Fatkhurohman,Wahana Semesta Tegal,Jawa Tengah,"Graha Pena  Radar Tegal, Jl. Perintis Kemerdekaan No. 32 Kota Tegal",0283340900,rateg2000@gmail.com | rateg2000@yahoo.com,www.radartegal.com,Terverifikasi Administratif dan Faktual,2025-02-07
sekilasmedia.com,Siber,Nyoto Wibowo,Nyoto Wibowo,Sekilas Mojokerto Media,Jawa Timur,Perum Indraprasta Village A5-27 Desa Mlaten Kecamatan Puri Kabupaten Mojokerto Provinsi Jawatimur,081330779272,sekilasmedia3@gmail.com,sekilasmedia.com,Terverifikasi Administratif dan Faktual,2025-02-07
Moeslim choice,Cetak,Gunawan Effendi,Gunawan Effendi,Inter Media Digital,DKI Jakarta,"Jl. Raya Kalibata No. 8 , Jakarta Selatan",02179196781,moeslimchoice@gmail.com,www.moeslimchoice.com,Terverifikasi Administratif dan Faktual,2025-02-07
radarbali.id,Siber,Muhammad Ridwan,Muhammad Ridwan,Bali Intermedia Digital,Bali,"Jalan Hayam Wuruk No. 294, Ds Sumerta Kelod, Denpasar Timur, Denpasar, Bali",0361417156,onlineradarbali@gmail.com,radarbali.jawapos.com,Terverifikasi Administratif dan Faktual,2025-02-07
sulutnews.com,Siber,Merson Simbolon,Merson Simbolon,SULUT CYBER MEDIA,Sulawesi Utara,Jl.Camar IV No.92,0431-8801324/0813 4021 8585,redaksi@sulutnews.com,www.sulutnews.com,Terverifikasi Administratif dan Faktual,2025-02-07
kumparan.com,Siber,Arifin Asydhad,Arifin Asydhad,Dynamo Media Network,DKI Jakarta,"Jl. Jati Murni No .1A, Jati Padang, Pasar Minggu",02122784571,redaksi@kumparan.com,www.kumparan.com,Terverifikasi Administratif dan Faktual,2025-02-07
Radar Cianjur,Cetak,Alpin,Alpin,Cianjur Media Perdana,Jawa Barat,Jl. KH. Abdullah Bin Nuh (Depan DPRD) No. 4 Nagrak Cianjur,081931103967,radarcianjur2022@gmail.com,www.radarcianjur.com,Terverifikasi Administratif dan Faktual,2025-02-07
radarcianjur.com,Siber,Alpin,Alpin,Cianjur Media Perdana,Jawa Barat,"Jl. KH Abdullah Bin Nuh No.3 (Depan Gedung DPRD) Kabupaten Cianjur, Jawa Barat",081931103967,radarcianjuronline@gmail.com,www.radarcianjur.com,Terverifikasi Administratif dan Faktual,2025-02-07
radarkarawang.id,Siber,Ahmad Syahid,Ahmad Syahid,Pos Metro Media Karawang,Jawa Barat,"Perum Buana Tamansari Ruko Blok B1-B2 RT. 29 RW. 03 Jalan Baru Margasari Kec. Karawang Timur. Karawang, Jawa Barat",02678636405,radarkarawangnews@gmail.com,radarkarawang.id,Terverifikasi Administratif dan Faktual,2025-02-07
,"Cetak
Radio
Televisi
Siber",,,,,,,,,,
koran kaltim,Cetak,Supiansyah,Supiansyah,Media Bangun Bersama,Kalimantan Timur,"Jl. Jelawat Rt 18 Kelurahan Timbau, Kecamatan Tenggarong",0541661811,korankaltim@yahoo.co.id,www.korankaltim.com,Terverifikasi Administratif dan Faktual,2025-01-31
Bidik Indonesia,Cetak,Asrul,Asrul,Media Bidik Indonesia Group,Aceh,"Jalan T Imum Lueng Bata Nomor 4, Lamseupeng, Kecamatan Lueng Bata, Banda Aceh",082274544948,tkhairolrazimt@gmail.com,www.bidikindonesia.com,Terverifikasi Administratif dan Faktual,2025-01-31
Koran Kaltara,Cetak,A. Syaeful Aditya Nasruddin,A. Syaeful Aditya Nasruddin,Media Lintas Cakrawala,Kalimantan Utara,Jalan Langsat RT 28 RW 005 Tanjung Selor,085345584447,redaksi.korankaltara@gmail.com,www.korankaltara.com,Terverifikasi Administratif dan Faktual,2025-01-31
Radar Bali,Cetak,Djoko Heru Setiyawan,Djoko Heru Setiyawan,Bali Intermedia Pers,Bali,Jl. Hayam Wuruk No. 294 Denpasar,0361417156,newradarbali01@gmail.com,radarbali.jawapos.com,Terverifikasi Administratif dan Faktual,2025-01-31
Bengkulu Ekspres,Cetak,Suherdi Marabillie,Dendi Supriadi,Media Bengkulu Ekspress,Bengkulu,Graha Bengkulu Ekspress Jl. Jati No. 129 Simpang Skip Kota Bengkulu,20409,bebarometer@gmail.com; bengkuluekspres1@yahoo.co.i,www.bengkuluekspress.com,Terverifikasi Administratif dan Faktual,2025-01-31
SKH Cenderawasih Pos,Cetak,Lucky Ireeuw,Lucky Ireeuw,Cendrawasih Arena Intim Press,Papua,"Jl. Balai Kota No. 7, Entrop Jayapura, Kotak Pos 1377",08124803531,mediacepos@gmail.com,www.ceposonline.com,Terverifikasi Administratif dan Faktual,2025-01-31
RB TV,Televisi,Purnama Sakti,Purnama Sakti,Wahana Semesta Bengkulu Televisi,Bengkulu,Jl. P. Natadirja No. 69 Km 7 Kelurahan Jalan Gedang Kota Bengkulu,0736346771,rbtvdaerah@gmail.com,https://rbtv.disway.id/,Terverifikasi Administratif dan Faktual,2025-01-31
antaranews.com,Siber,Irfan Junaidi,Irfan Junaidi,Perum LKBN Antara,DKI Jakarta,"Jl. Antara Kav 53-61, Pasar Baru",0213842591,"corsec@antara.id, seketariatredaksi@antara.id","antaranews.com, korporat.antaranews.com",Terverifikasi Administratif dan Faktual,2025-01-31
mili.id,Siber,Aris Setyoadji,Aris Setyoadji,Mili Media Nusantara,Jawa Timur,"Jalan Pucang Adi 71, Kelurahan Kertajaya, Kecamatan Gubeng",03158283230,redaksi@mili.id,mili.id,Terverifikasi Administratif dan Faktual,2025-01-31
Rakyat Bengkulu,Cetak,Patris Muwardi,Riky Dwi Putra,Semarak Bengkulu Permai,Bengkulu,"Jl. P. Natadirja No 69 KM 6,5 Kelurahan Jalan Gedang, Kecamatan Gading Cempaka",08117324499,yohcimanuk@gmail.com,koranrb.id,Terverifikasi Administratif dan Faktual,2025-01-31
,"Cetak
Radio
Televisi
Siber",,,,,,,,,,
datakepri.com,Siber,Agustinus M.,Agustinus M.,Media Data Kepri,Kepulauan Riau,"Jalan Hutan Lindung No. 03, RT 2 RW 5, Kelurahan Tanjungpinang Timur, Kecamatan Bukit Bestari, Kota Tanjungpinang, Provinsi Kepulauan Riau.Email : datakepri2017@gmail.com",081277300400,datakepri2017@gmail.com,datakepri.com,Terverifikasi Administratif dan Faktual,2025-01-31
merahputih.com,Siber,Thomas Aquanio Kukuh Agung Minanta,Thomas Aquanio Kukuh Agung Minanta,Merah Putih Media,Banten,"PARAMOUNT HILL GOLF jln. Gading Golf Timur blok GGT no.112 Gading Serpong , Cihuni, Pagedangan, Tangerang",02122227290,admin@merahputih.com,www.merahputih.com,Terverifikasi Administratif dan Faktual,2025-01-31
Populinews.com,Siber,Dahri Maulana,Dahri Maulana,Populi Media Perkasa,Sumatera Selatan,"Jln Pangkalan Benteng, Perumahan Griya Handayani, Blok i-4 No.11 Kelurahan Sukajadi Timur Kecamatan Talang Kelapa Bayuasin",081379653337,webpopulinews@gmail.com,https://populinews.com,Terverifikasi Administratif dan Faktual,2025-01-31
Indonesiaraja.com,Siber,Yasrizal,Yasrizal,Indonesia Raja Media,Bengkulu,"Jalan Kalimas I No. 22  RT. 09 RW. 03 Kelurahan Padang Harapan, Kecamatan Gading Cempaka",08117100017,indonesiarajamedia@gmail.com,www.indonesiaraja.com,Terverifikasi Administratif dan Faktual,2025-01-31
Beritajateng.id,Siber,Hana Ratri Septyaning Widya,Hana Ratri Septyaning Widya,Mediatama Anugrah Pers,Jawa Tengah,"Jl. Ahmad Yani No.2, Blora, Tempelan, Kec. Blora",,redaksiberitajatengid@gmail.com,beritajateng.id,Terverifikasi Administratif dan Faktual,2025-01-31
harian.news,Siber,Iga Kumarimurti Diwia,Iga Kumarimurti Diwia,Harianews Nusantara Group,Sulawesi Selatan,"Jl Anggrek VI, Blok H/3, No 5, Lt 2, Kecamatan Panakkukang",085255940943,redaksi@harian.news,https://harian.news/,Terverifikasi Administratif,2025-01-24
siberbengkulu.co,Siber,Rudi Syahwani,Rudi Syahwani,Media Pribumi Indonesia Sukses,Bengkulu,"Jalan Serayu No.08, RT.009/RW.003 Kelurahan Padang Harapan, Kecamatan Gading Cempaka, Kota Bengkulu, Provinsi Bengkulu, 38225",081211110017,siberbengkuluco@gmail.com,https://siberbengkulu.co/,Terverifikasi Administratif dan Faktual,2024-12-27
Medcom.id,Siber,Prihadi,Prihadi,Citra Multimedia Indonesia,DKI Jakarta,"Jl. Pilar Mas Raya Kav. A-D, Kedoya, Kebon Jeruk, Jakarta barat 11520",02158300077,corcomm@medcom.id,https://www.medcom.id,Terverifikasi Administratif dan Faktual,2024-12-27
riauin.com,Siber,Eka Putra,Eka Putra,Riau Inti Anugrah Media,Riau,"Jalan Hidayah Sari No 8, Kel. Tangkerang Selatan, Kec.Bukit Raya, Pekanbaru Riau",081275630884,riauin31@gmail.com,www.riauin.com,Terverifikasi Administratif dan Faktual,2024-12-27
CTV,Televisi,Hendra Napitupulu,Hendra Napitupulu,Cahaya televisi indonesia,Banten,"Jl. Wana Mulya No.7 Rt 003 Rw 007 Kel  Karang Mulya, Kec  Karang Tengah, Kota Tangerang, Prov Banten",02173457252,cahayatv12@gmail.com,,Terverifikasi Administratif dan Faktual,2024-12-27
,"Cetak
Radio
Televisi
Siber",,,,,,,,,,
katadata.co.id,Siber,Yura Syahrul,Yura Syahrul,Media Data Indonesia,DKI Jakarta,"Blok M Plaza Suite Lantai 8, Jl Bulungan No 76,  Kelurahan Kramat Pela, Kecamatan Kebayoran Baru, Kota Adm. Jakarta Selatan, Provinsi DKI Jakarta",0217209195,redaksi@katadata.co.id,www.katadata.co.id,Terverifikasi Administratif dan Faktual,2024-12-27
halopos.id,Siber,Gusti M. Ali,Gusti M. Ali,Multimedia Jegas Bersaudara,Sumatera Selatan,Jalan Tegal Binangun RT. 20 Ruko No. 3. Kelurahan Plaju Darat,089627774593,haloposid85@gmail.com,https://halopos.id/,Terverifikasi Administratif dan Faktual,2024-12-27
Koran Gala,Cetak,Ati Suprihatin,Ati Suprihatin,Motekar Atra Media,Jawa Barat,"Jalan Sinom No. 5, RT. 06 RW. 09 Kel. Turangga Kec. Lengkong Kota Bandung 40264",082219941433,redaksi@korangala.co,koran-gala.id,Terverifikasi Administratif dan Faktual,2024-12-27
rmollampung.id,Siber,Adi Pranoto,Adi Pranoto,Paramartha Inti Media,Lampung,"Jalan Kedelai No 1 RT 001 Kelurahan Gedongmeneng, Kecamatan Rajabasa",081369525525,redaksi.rmollampung@gmail.com,rmollampung.id,Terverifikasi Administratif dan Faktual,2024-12-27
Radarsatu.com,Siber,Oktarian,Oktarian,Inspirasi Informasi Rakyat,Kepulauan Riau,"Jalan Raja Haji Fisabilillah, RT 6/RW 9 No.8, Kelurahan Sei Jang, Kecamatan Bukit Bestari Kilometer 8 atas Kota Tanjungpinang, Provinsi Kepri Depan Hotel CK Tanjungpinang",081261477553,radarsatucom@gmail.com,www.radarsatu.com,Terverifikasi Administratif dan Faktual,2024-12-13
siberzone.id,Siber,Evi Endri,Evi Endri,Siber Zone Indonesia Online,Bengkulu,"Jalan Musi No. 79  RT. 007 RW. 002 Kelurahan Padang Harapan, Kecamatan Gading Cempaka",0811730017,siberzoneid@gmail.com,www.siberzone.id,Terverifikasi Administratif dan Faktual,2024-12-13
Majalah Lintas,Cetak,Rochimawati,Rochimawati,Lintas Media Infrastruktur,Banten,"Kompleks Bina Marga Blok B No.6, RT 007/02 Kelurahan Cikokol, Kecamatan Tangerang, Kota Tangerang, Banten 15117",0215326527,lintasmajalah@gmail.com,www.majalahlintas.com,Terverifikasi Administratif dan Faktual,2024-12-12
Jatim Pos,Cetak,Syaiful Anam,Syaiful Anam,Media Utama Jatim,Jawa Timur,Graha PWI Jatim Jalan Taman Apsari No 15-17 RT 4 RW2 Kel Embong Kailasin Kec. Genteng Kota Surabaya,0811349194,jatim_pos@yahoo.com,https://jatimpos.co/,Terverifikasi Administratif dan Faktual,2024-12-12
Jatimpos.co,Siber,Syaiful Anam,Syaiful Anam,Media Utama Jatim,Jawa Timur,Graha Wartawan PWI  Jatim Jl. Taman Apsari Nomor 15-17 RT 4 RW 2 Kel Lembong Kaliasin Kec Genteng Kota Surabaya,0811349194,jatimpos_online@yahoo.com,http://jatimpos.co,Terverifikasi Administratif dan Faktual,2024-12-12
nadariau.com,Siber,Budi Suseno,Budi Suseno,Batang Sangki Media,Riau,"Komplek Perkantoran Grand Sudirman, B-10, Jl. Datuk Setia Maharaja, Tengkerang Selatan, Bukit Raya, Pekanbaru, Riau 28125",082388199668,nadariau.com@gmail.com,WWW.NADARIAU.COM,Terverifikasi Administratif dan Faktual,2024-12-12
,"Cetak
Radio
Televisi
Siber",,,,,,,,,,
Siger TV,Televisi,M. Agung Dharmajaya,Rahmat Sudirman,Siger Media Lampung,Lampung,"Jl. KH Agus Salim gg Cempaka no 03 Sukadana Ham, Tanjung Karang Barat",,adm.sigertv@yahoo.com,www.siger.tv,Terverifikasi Administratif dan Faktual,2024-12-12
Riauaktual.com,Siber,Junaidi,Junaidi,Riau Aktual Mandiri,Riau,"Jalan Abadi Gg. Surya, Tangkerang Tengah, Marpoyan Damai, Pekanbaru",085364444788,aktualriau@gmail.com,Riauaktual.com,Terverifikasi Administratif dan Faktual,2024-12-12
Radio Elshinta,Radio,Haryo Ristamaji,Haryo Ristamaji,Radio Elshinta,DKI Jakarta,"Jl. Raya Joglo No. 70, Jakarta 11640",0215869000,redaksi@elshinta.com,www.elshinta.com,Terverifikasi Administratif dan Faktual,2024-12-12
KabarMedan.com,Siber,Agus Salim,Agus Salim,Kabar Medan Global,Sumatera Utara,"Jl. Sunggal, Komplek Sunggal Mas Blok B No. 16",0819613506,redaksi@kabarmedan.com,www.kabarmedan.com,Terverifikasi Administratif dan Faktual,2024-12-12
curupekspress.disway.id,Siber,Nike Oktarina,Nike Oktarina,Curup Ekspres Online,Bengkulu,"Jalan Jendral Sudirman Nomor 14, Kelurahan Tempel Rejo Kecamatan Curup Selatan Kabupaten Rejang Lebong",0732 324903,curupekspres.online@gmail.com,https://curupekspress.disway.id/,Terverifikasi Administratif dan Faktual,2024-12-12
kilas.co.id,Siber,Hidi Christopher,Hidi Christopher,Rajwa Nusantara Media,Bengkulu,"Jalan Kenanga, Nomor 11 RT. 06 RW. 02 Kelurahan Kebun Kenanga, Kecamatan Ratu Agung,",082177623143,kilascoid@gmail.com,https://kilas.co.id,Terverifikasi Administratif dan Faktual,2024-12-12
nusantaratv.com,Siber,Ismoko Widjaya,Ismoko Widjaya,Nusantara Media Mandiri,DKI Jakarta,"JL. Pulomas Selatan Kav. 31, Kel. Kayu Putih, Kec. Pulogadung",0214240834,redaksiportalnusantaratv@gmail.com,www.nusantaratv.com,Terverifikasi Administratif dan Faktual,2024-12-12
kontras aceh,Cetak,Helmi Hass,Helmi Hass,Atra Agaisha Media Kontras,Aceh,Jl. T iskandar Lr. T H.Usman No 16 RT 000 RW 000 Desa/Kelurahan Doy Kecamatan Ulee Kareng,085358270813,kontrasredaksi@gmail.com,https://kontrasaceh.net/,Terverifikasi Administratif dan Faktual,2024-12-12
katakaltim.com,Siber,Herdi,Herdi,Media Kaltim Grup,Kalimantan Timur,"Jl. Ahmad Yani, No H4, RT.05 RW.05, Kelurahan Api-api, Kecamatan Bontang Utara",082332081733,katakaltimredaksi@gmail.com,www.katakaltim.com,Terverifikasi Administratif dan Faktual,2024-12-12
pikiran-rakyat.com,Siber,Irwan Natsir,Irwan Natsir,Kolaborasi Mediapreneur Nusantara,Jawa Barat,"Jl. Asia Afrika No. 75 Bandung - Jawa Barat, 40111",0224241600,prmnnewsroom@pikiran-rakyat.com,pikiran-rakyat.com,Terverifikasi Administratif dan Faktual,2022-05-10
,"Cetak
Radio
Televisi
Siber",,,,,,,,,,
Radar Bangsa,Cetak,Ahmad Zainal Mushlih,Ahmad Zainal Mushlih,Media Radar Bangsa,Jawa Timur,"Perum Griya Permata Insani Blok D-1 No 35. Kecamatan Tikung, Kab Lamongan",081217614828 - 085236063838,radarbangsa89@yahoo.com,RadarBangsa.co.id,Terverifikasi Administratif dan Faktual,2024-11-26
redaksi9.com,Siber,Ni Ketut Wirati Astiti,Ni Ketut Wirati Astiti,Krisna Redaksi Sembilan,Bali,Jalan Siulan Gang Nusa Indah IV Denpasar,082359146407,redaksi9com@gmail.com,www.redaksi9.com,Terverifikasi Administratif dan Faktual,2024-11-26
Newsikal.com,Siber,Kartono Hady,Kartono Hady,Media Online Newsikal,Bengkulu,"Jl. Sukajadi No 20 RT 007 RW 003, Kelurahan Penurunan, Kecamatan Ratu Samban",0895336539988,newsikal.com@gmail.com,newsikal.com,Terverifikasi Administratif dan Faktual,2024-11-26
Radar Mojokerto,Cetak,Anggi Fridianto,Anggi Fridianto,Mojokerto Intermedia Pers,Jawa Timur,JL R A BASUNI NO 96 JAMPIROGO SOOKO MOJOKERTO 61361,0321322444,radarmojokerto.id@gmail.com,www.radarmojokerto.jawapos.com,Terverifikasi Administratif dan Faktual,2024-11-26
RIAU TV,Televisi,Heru Rinaldo,Heru Rinaldo,Riau Media Televisi,Riau,"Jl.HR Soebrantas KM 10,5 Pekanbaru",,riau_televisi@yahoo.co.id,www.riautelevisi.com,Terverifikasi Administratif dan Faktual,2024-11-26
Kaltimkita.com,Siber,Sandi Kurniyawan,Sandi Kurniyawan,Kaltim Etam Mandiri,Kalimantan Timur,"Balikpapan Ocean Square (BOS) Lantai UG (lt 3), No 51-53 Jalan Jendral Sudirman, Pasar Baru Square Balikpapan 76113, Kaltim",082157186688,redaksi@kaltimkita.com,www.kaltimkita.com,Terverifikasi Administratif dan Faktual,2024-11-26
Harian Umum Pikiran Rakyat,Cetak,Irwan Natsir,Irwan Natsir,Pikiran Rakyat Bandung,Jawa Barat,Jalan Asia Afrika No. 77,0224220770,redaksi@pikiran-rakyat.com,https://koran.pikiran-rakyat.com/,Terverifikasi Administratif dan Faktual,2024-11-26
Kaltim Post,Cetak,Romdani,Romdani,Duta Manuntung,Kalimantan Timur,"Gedung Biru, Jl. Soekarno Hatta Km. 3,5 No. 64, Balikpapan 76126.",0542735359,redaksi@kaltimpos.net,www.kaltimpost.co.id,Terverifikasi Administratif dan Faktual,2024-11-26
Kapanlagi.com,Siber,Darojatun,Darojatun,Kapanlagi Dot Com Networks,Jawa Timur,Pondok Blimbing Indah A1-3 No 7 Rt 007/ Rw 05 Kel Polowijen Kec Blimbing Malang,(0341) 470314,redaksi.kapanlagi@kly.id,www.kapanlagi.com,Terverifikasi Administratif dan Faktual,2024-11-26
AJNN.net,Siber,Fauji Yudha Fahruddin,Fauji Yudha Fahruddin,Aceh Jurnal Nasional,Aceh,"Jln. T Hasan Dek, Lorong D, No. 000 RT 000 RW 000, Gampong Beurawe, Kecamatan Kuta Alam, Banda Aceh, 23124",06516300572,ajnn.net@gmail.com,www.ajnn.net,Terverifikasi Administratif dan Faktual,2024-11-26
,"Cetak
Radio
Televisi
Siber",,,,,,,,,,
headlinekaltim.co,Siber,Mohammad Abduh Kuddu,Mohammad Abduh Kuddu,Kaltim Tama Cakrawala,Kalimantan Timur,Jl. Pemuda 1 Ruko 3 Temindung Permai Kecamatan Sungai Pinang,081347348084,headlinekaltim@gmail.com,www.headlinekaltim.co,Terverifikasi Administratif dan Faktual,2024-11-26
perspectivesnews.com,Siber,Djoko Purnomo,Djoko Purnomo,Purnama Media Persada,Bali,"Jl. Merdeka 10 Green Kori Sading, Mengwi, Kabupaten Badung",082146535048,perspectivesnews1@gmail.com,http://perspectivesnews.com,Terverifikasi Administratif dan Faktual,2024-11-26
serambinews.com,Siber,Zainal Arifin,Zainal Arifin,Aceh Media Grafika,Aceh,"Jalan Raya Lambaro KM 4,5 Meunasah Manyang Pagar Air, Kecamatan Ingin Jaya Kabupaten Aceh Besar",0651635544,redaksi@serambinews.com,www.serambinews.com,Terverifikasi Administratif dan Faktual,2024-11-26
Komparatif.id,Siber,Muhajir,Muhajir,Media Komparatif Indonesia,Aceh,"Jalan Rawa Sakti, Lorong IV, Nomor 77B, Dusun Rawa Sakti, Desa Jeulingke, Kecamatan Syiah Kuala.",085260737262,komparatif.id@gmail.com,https://komparatif.id/,Terverifikasi Administratif dan Faktual,2024-11-26
Gresiksatu.com,Siber,Aries Wahyudianto,Aries Wahyudianto,Gresik Satu Media,Jawa Timur,"Jl. Raya Bunder Terminal Blok. B No. 50 Rt. 001 Rw.001 Kelurahan Banjarsari, kecamatan Cerme",082244421114,gresiksatu01@gmail.com,www.gresiksatu.com,Terverifikasi Administratif dan Faktual,2024-11-26
Bola.net,Siber,Erwin Fitriansyah,Erwin Fitriansyah,Kapan Lagi Dot Com Networks,Jawa Timur,"Kapanlagi Malang, Jl. Pondok Blimbing Indah A1-3 No 7, Komplek Araya, Kecamatan Blimbing, Kota Malang 65126",+6285736060870,redaksi.bolanet@kly.id,https://www.bola.net/,Terverifikasi Administratif dan Faktual,2024-11-26
Kbr.id,Siber,Citra Dyah Prastuti,Citra Dyah Prastuti,Media Lintas Inti Nusantara,DKI Jakarta,"Hayam Wuruk Tower, 10th floor, Jalan Hayam Wuruk No. 108, Tamansari, RT.4/RW.9, Maphar, RT.4/RW.9, Maphar, Kec. Taman Sari",,admin@kbr.id,https://kbr.id/,Terverifikasi Administratif dan Faktual,2024-11-26
RMOL.ID,Siber,Ade Mulyana,Ade Mulyana,Muara Multi Media,DKI Jakarta,"Jalan Sultan Hassanudin No. 45/115, RT. 6/RW. 2, Melawai, Kec. Kebayoran Baru, Kota Jakarta Selatan, Daerah Khusus Ibukota Jakarta 12160.",087883185686,contact@rmol.id,www.rmol.id,Terverifikasi Administratif dan Faktual,2024-11-26
Pintoe.co,Siber,Adi Warsidi,Adi Warsidi,Buka Pinto Media,Aceh,"Jalan Sisingamangaraja, No.181 , 0/0 RT, 0/0 RW, Desa Mulia, Kecamatan Kuta Alam",082178001295,bukapintomedia@gmail.com,https://pintoe.co/,Terverifikasi Administratif dan Faktual,2024-11-26
Koranrakyat,Cetak,Eko anang sutrisno,Eko anang sutrisno,Koran rakyat easmedia,Jawa Timur,Villa bukit tidar  Blok A4 no 302 RT.06 RW.011 Kota Malang,(0341) 2994289,koranrakyat09@gmail.com,koranrakyat .com,Terverifikasi Administratif dan Faktual,2024-11-26
,"Cetak
Radio
Televisi
Siber",,,,,,,,,,
Projectmultatuli.org,Siber,Fahri Salam,Fahri Salam,Mitra Konten Komunikasi,DKI Jakarta,"Jl. Raya Kebayoran Lama No.18CD, RT.4/RW.10, Grogol Sel., Kec. Kebayoran Lama, Kota Jakarta Selatan, Daerah Khusus Ibukota Jakarta",081216754812,team@projectmultatuli.org,projectmultatuli.org,Terverifikasi Administratif dan Faktual,2024-11-25
Serantaumedia.id,Siber,Satria Utama B,Satria Utama B,Serantau Media Raya,Riau,Graha Khalida Jalan Anggrek III No. 7-B RT/RW 002/002 Kel. Tobekgodang Kec. Binawidya,082132216088,redaksi@serantaumedia.id,www.serantaumedia.id,Terverifikasi Administratif,2024-11-25
Ntvnews.id,Siber,Ismoko Widjaya,Ismoko Widjaya,Nusantara Media Mandiri,DKI Jakarta,"Jl. Pulomas Selatan No.31, RT.7/RW.7, Kayu Putih, Kec. Pulo Gadung",0214240834,redaksi@ntvnews.id,ntvnews.id,Terverifikasi Administratif dan Faktual,2024-11-25
daulat.co,Siber,Yayat Ruhiyat,Yayat Ruhiyat,Daulat Bakti Nusantara,DKI Jakarta,"Jl. Rusli Hakim No.1D, RT.10/RW.02, Kelurahan Pejaten Barat, Kecamatan Pasar Minggu, Jakarta Selatan,",0881 0109 69490,dbndaulat@gmail.com,daulat.co,Terverifikasi Administratif dan Faktual,2024-11-25
Otosia.com,Siber,Sigit Tri Santoso,Sigit Tri Santoso,Kapan Lagi dot com networks,DKI Jakarta,"Gedung KLY Jl. RP Soeroso 18 Gondangdia, Menteng Jakarta Pusat 10330",,redaksi.otosia@kly.id,https://www.otosia.com,Terverifikasi Administratif dan Faktual,2024-11-25
BETV,Televisi,Dwi Aris Noprianto,Dwi Aris Noprianto,Media Sarana Televisi Bengkulu,Bengkulu,"Jalan Jati No. 129 A RT.08 RW.02 , Kelurahan Padang Jati, Kecamatan Ratu Samban, Kota Bengkulu",0736348611,bengkuluekspresstv@gmail.com,betvnews.com,Terverifikasi Administratif dan Faktual,2024-10-30
Curup Ekspress,Cetak,Abdul Gapur,Abdul Gapur,Media Rejang Ekspress,Bengkulu,"Jl. Jendral Sudirman no 14, Kelurahan Tempel Rejo Kecamatan Curup Selatan Kabupaten Rejang Lebong, Bengkulu 39125",(0732) 324903,curupekspress@gmail.com,www.curupekspress.com,Terverifikasi Administratif dan Faktual,2024-10-30
prokal.co,Siber,Indra Zakaria,Indra Zakaria,Duta Prokal Multimedia,Kalimantan Timur,"Jalan soekarno-hatta, km 3,5, Gedung Biru, Balikpapan Utara, Balikpapan, Kalimantan Timur",0542735359,farkafka@gmail.com,https://prokal.co/,Terverifikasi Administratif dan Faktual,2024-10-30
Jambiseru.com,Siber,Supardinata,Supardinata,Arash Jambi Seru,Jambi,"Lorong Patimura, RT 12, Kenali Besar, Alam Barajo, Kota Jambi",085267599009,jambiserucom@gmail.com,https://www.jambiseru.com/,Terverifikasi Administratif dan Faktual,2024-10-30
liputan6.com,Siber,Elin Yunita Kristanti,Elin Yunita Kristanti,Liputan enam dot com,DKI Jakarta,"Gedung Kapanlagi Youniverse (KLY) Jl. RP Soeroso No.18 Menteng, Gondangdia",021-3190 4555,redaksi.liputan6@kly.id,www.liputan6.com,Terverifikasi Administratif dan Faktual,2024-10-30
,"Cetak
Radio
Televisi
Siber",,,,,,,,,,
hargo.co.id,Siber,Jitro Paputungan,Jitro Paputungan,Gorontalo Media Cemerlang,Gorontalo,"Graha Pena Gorontalo, Jalan John Aryo Katili, Nomor 144, Kelurahan Paguyaman, Kec. Kota Tengah, Kota Gorontalo, Provinsi Gorontalo.",+6281340786299,hargo.co.id@gmail.com,hargo.co.id,Terverifikasi Administratif dan Faktual,2024-10-30
TribunSolo.com,Siber,Abduh Imanulhaq,Abduh Imanulhaq,Tribun Berita Online,Jawa Tengah,"Jl Adi Soemarmo No 335A, Klodran, Colomadu",02717462766,solo@tribunnetwork.com,solo.tribunnews.com,Terverifikasi Administratif dan Faktual,2024-10-30
Joglo Jateng,Cetak,Reren Indranila,Reren Indranila,Joglo Nusantara Mediatama,Jawa Tengah,"Jl. Trunojoyo X Nomor 23A RT 03 RW XVII Kelurahan Padangsari, Kecamatan Banyumanik.",0812-2503-2876,redaksijoglojateng@gmail.com,joglojateng.com,Terverifikasi Administratif dan Faktual,2024-10-30
bumntrack.co.id,Siber,Nurjaman Mochtar,Nurjaman Mochtar,Mediasuara Shakti Siber,DKI Jakarta,"Gedung Setiabudi 2, Suite 603-J. Jl. H.R Rasuna Said Kav.62. Jakarta Selatan 12920",(021) 52901019,bumntrack.sekred.co.id,www.bumntrack.co.id,Terverifikasi Administratif dan Faktual,2024-10-30
Beritarafflesia.com,Siber,Yasrizal,Yasrizal,Bintang Nusantara Group,Bengkulu,Jalan Merapi Ujung Nomor 06 RT. 08 RW. 03 Panorama Kecamatan Singaran Pati Kota Bengkulu.,081368754701,112233dika@gmail.com,beritarafflesia.com,Terverifikasi Administratif dan Faktual,2024-10-30
aktual.com,Siber,Rizal Maulana Malik,Rizal Maulana Malik,Caprof Media Negeri,DKI Jakarta,Jl. Prof DR Soepomo No 73B Menteng Dalam Tebet Jakarta Selatan,081216174010,aktualbox@gmail.com,www.aktual.com,Terverifikasi Administratif dan Faktual,2024-10-30
Harian Rakyat Kaltara,Cetak,Yudhi Perdana,Yudhi Perdana,Duta Berau Lintasmedia,Kalimantan Utara,"Jl. Bhayangkara Jalur 3 Belakang Polresta Bulungan RT/RW. 039/005, Kelurahan Tanjung Selor Hilir, Kecamatan Tanjung Selor",081346284412,harian.rakyat.kaltara0109@gmail.com,www.rakyatkaltara.prokal.co,Terverifikasi Administratif dan Faktual,2024-10-30
zonakota.com,Siber,Nenie Maria,Nenie Maria,Media Maulana Santoso,Kalimantan Tengah,Jalan pipit V no 87 palangka raya,0895 3938 64033,redaksizonakota@gmail.com,www.zonakota.com,Terverifikasi Administratif dan Faktual,2024-10-30
Beritakaltim.co,Siber,Charles Siahaan,Charles Siahaan,Charle Media Grup,Kalimantan Timur,"Jalan Turi Putih 3, Blok E 139, Sempaja, Samarinda Utara",05412521559,beritakaltimdotco@gmail.com,http://www.beritakaltim.co,Terverifikasi Administratif dan Faktual,2024-10-30
Go-Pena.id,Siber,Idham Sy Munder,Idham Sy Munder,Alifasya Pena Kreatif,Gorontalo,"Jalan Tribrata,No 124, RT 001/002, Kelurahan Ipilo, Kecamatan Kota Timur, Kota Gorontalo",085256844896,wawangusasi@gmail.com,https://go-pena.id/,Terverifikasi Administratif dan Faktual,2024-10-30
,"Cetak
Radio
Televisi
Siber",,,,,,,,,,
Timurterkini.com,Siber,Yusdi Muliady,Yusdi Muliady,Aka Nusantara Satu,Sulawesi Tenggara,"Graha Nusa Asri Kelurahan Balandete, Kecamatan Kolaka, Kabupaten Kolaka",081 213 907 623,timurterkini@gmail.com,www.timurterkini.com,Terverifikasi Administratif dan Faktual,2024-10-30
Relung.id,Siber,Deby Arianto,Deby Arianto,Rafanda Citra Media,Sumatera Selatan,"Working Space Jalan Musi 6 U3, Siring Agung, Kecamatan Ilir Barat I",08117906262,redaksi.relung@gmail.com,www.relung.id,Terverifikasi Administratif dan Faktual,2024-10-30
Fimela.com,Siber,Elin Yunita Kristanti,Elin Yunita Kristanti,Kapanlagi Dot Com Networks,DKI Jakarta,"Jl. RP Soeroso No 18 RT9/5 , Kel. Gondangdia  Kec. Menteng Jakarta",021 7229690,fimela@kly.id,fimela.com,Terverifikasi Administratif dan Faktual,2024-10-30
holopis.com,Siber,Utami Widowati,Utami Widowati,Holopis Nusantara Media,DKI Jakarta,"Villa Noah Blok 1, Jl. Ampera Raya Nomor 847, RT.4/RW.4, Cilandak Timur, Pasar Minggu",08111207111,holopiscom@gmail.com,https://holopis.com,Terverifikasi Administratif dan Faktual,2024-10-30
berauterkini.co.id,Siber,Robittoh johan Palupi,Robittoh johan Palupi,Media Utama Berau,Kalimantan Timur,"Jalan Durian III, Komplek Ruko, Perumahan Berau Indah, Blok D6, No 3 Rt 08, Kelurahan Gunung Panjang, Kecamatan Tanjung Redeb",+62 851-6366-0045,berauterkini2023@gmail.com,https://berauterkini.co.id/,Terverifikasi Administratif dan Faktual,2024-10-30
Jatengnews.id,Siber,Rudal Afgani Dirgantara,Rudal Afgani Dirgantara,Biwara Media Group,Jawa Tengah,"Semarang Town Square (SETOS) 3rd Floor Jalan Inspeksi Gajah Mada No.6, Semarang Tengah",085741142394/08122510712,jatengnews9@gmail.com,https://www.jatengnews.id/,Terverifikasi Administratif dan Faktual,2024-10-30
keprinews.co,Siber,Irfan Antontrick,Irfan Antontrick,Kepri Cakrawala Pers,Kepulauan Riau,"Jl Adi Sucipto Km 14, RT 004 RW 001 Kelurahan Pinang Kencana, Kecamatan Tanjungpinang Timur, Kota Tanjungpinang, Kepulauan Riau",+62 852-6413-3334,mkeprinews@gmail.com,https://keprinews.co/,Terverifikasi Administratif dan Faktual,2024-10-30
Harian KinniID,Cetak,Taufik rohman,Taufik rohman,Artha Kini Media,Lampung,"JL. Pangeran Antasari No.48, Tanjung agung Rt. 02/Lk. I, Tanjung Karang Timur",(0721) 3526077,redaksikinniid@gmail.com,kinni.id,Terverifikasi Administratif dan Faktual,2024-10-30
editorialkaltim.com,Siber,Wiwid Marhaendra Wijaya,Wiwid Marhaendra Wijaya,Siber Media Kaltim,Kalimantan Timur,"Jalan Labu Hijau 1 Nomor B90 Blok B Kelurahan Sempaja Timur, Samarinda Utara",082216557666,redaksi.editorialkaltim@gmail.com,editorialkaltim.com,Terverifikasi Administratif dan Faktual,2024-10-30
Harianmuria.com,Siber,Hana Ratri Septyaning Widya,Hana Ratri Septyaning Widya,Mediatama Anugrah Pers,Jawa Tengah,"Jl. Ahmad Yani No.2, Blora, Tempelan, Kec. Blora",0813-2573-3364,redaksiharianmuria@gmail.com,harianmuria.com,Terverifikasi Administratif dan Faktual,2024-10-30
,"Cetak
Radio
Televisi
Siber",,,,,,,,,,
ikobengkulu.com,Siber,Iud Dwi Mursito,Iud Dwi Mursito,Iko Bengkulu Mediatama,Bengkulu,"Jalan Merawan Estate Perumahan Sakinah No 30 RT 33 RW 28 Sawah Lebar Baru, Ratu Agung, 38115",085268448019,ikobengkulu.redaksi@gmail.com,www.ikobengkulu.com,Terverifikasi Administratif dan Faktual,2024-10-30
Bola.com,Siber,Erwin Fitriansyah,Erwin Fitriansyah,Liputan Enam Dot Com,DKI Jakarta,"Jl. RP. Soeroso No. 18, Gondangdia, Menteng",02131904555,redaksi.bolacom@kly.id,https://www.bola.com/,Terverifikasi Administratif dan Faktual,2024-10-30
KabarBursa.com,Siber,Uslimin,Uslimin,Kabar Bursa Indonesia,DKI Jakarta,"Office Park OL3.12A, The Bellagio Mall Jl. Kawasan Mega Kuningan Kav.E.4.3, Mega Kuningan, Kelurahan Kuningan Timur, Kecamatan Setiabudi",081380314988,redaksi@kabarbursa.com,kabarbursa.com,Terverifikasi Administratif dan Faktual,2024-10-30
Radar Karawang,Cetak,Ahmad Syahid,Ahmad Syahid,Pos Metro Media Karawang,Jawa Barat,"Perum Buana Tamansari Ruko Blok B1-B2 RT. 29 RW. 03 Jalan Baru Margasari Kec. Karawang Timur. Karawang, Jawa Barat 41371",0267-8636405,radarkarawang7@gmail.com,radarkarawang.id,Terverifikasi Administratif dan Faktual,2024-10-30
Neracanews.com,Siber,Tania Depari,Tania Depari,Neraca Noktah Media,Sumatera Utara,"Jl Eka Rasmi Komp Taman Ekarasmi, Kel. Gedung Jihor, Kec. Medan Johor",081269709000,redaksineracanews@gmail.com,www.neracanews.com,Terverifikasi Administratif,2024-10-29
Kepri.info,Siber,Eki Darmawan,Eki Darmawan,Media Lensa Indonesia,Kepulauan Riau,"Jl. Raja Haji Fisabilillah No 6 RT 003/ RW 001, Kelurahan Batu IX, Kecamatan Tanjungpinang Timur, Kota Tanjungpinang, Kepulauan Riau",082391106793,kepriinfo19@gmail.com,Kepri.info,Terverifikasi Administratif,2024-10-08
Resonansi.co,Siber,Herdi Yulian,Herdi Yulian,Resonansi Karia Media,Riau,Jalan Teuku Bey Komplek Peputra Jaya Blok II Nomor 42,081371098345,Resonansi.media@gmail.com,www.resonansi.co,Terverifikasi Administratif,2024-10-08
Kepriraya.com,Siber,Mhd Munirul Ikhwan,Mhd Munirul Ikhwan,Haluan Kepri Raya,Kepulauan Riau,"Jalan DI Panjaitan KM. 9 Komplek Bintan Center Blok R No. 42 RT 04/RW 04,  Kelurahan Air Raja, Kecamatan Tanjungpinang Timur,",081261844353,Kepriraya1@gmail.com,kepriraya.com,Terverifikasi Administratif,2024-10-08
indozone.id,Siber,Fahmy Fotaleno,Fahmy Fotaleno,Indozone Media Indonesia,DKI Jakarta,"Jl. Kemang Selatan V No.4, Kemang Raya, Jakarta Selatan",085186889032,redaksi@indozone.id,www.indozone.id,Terverifikasi Administratif dan Faktual,2024-08-30
Harian Bangsa,Cetak,Em Mas'ud Adnan,Nur Syaifudin,Dutabangsa Intermedia Pers,Jawa Timur,"JL. Cipta Menanggal I No. 35 Rt. 11 Rw.05 kecamatan Gayungan, kelurahan Menanggal, Kota Surabaya",031-8270967,harianbangsa@gmail.com,https://harianbangsa.net,Terverifikasi Administratif dan Faktual,2024-08-30
,"Cetak
Radio
Televisi
Siber",,,,,,,,,,
Radar Surabaya,Cetak,Nofilawati Anisa,Nofilawati Anisa,Radar Media Surabaya,Jawa Timur,Jalan Kembang Jepun 167-169 Surabaya,031-3559494/08123267167,redaksiradarsurabaya@gmail.com,"radarsby.com, radarsurabaya.id",Terverifikasi Administratif dan Faktual,2024-08-30
Sumatera Ekspres,Cetak,Martha Hendratmo,Martha Hendratmo,Citra Bumi Sumatera,Sumatera Selatan,"Gedung Graha Pena Palembang, Jl. Kol. H. Burhan No.773, Palembang","(0711) 411768, 081367641990",redaksi_harian@sumeks.co.id,www.sumeks.co.id,Terverifikasi Administratif dan Faktual,2024-08-30
merdeka.com,Siber,Darojatun,Darojatun,Kapan Lagi Dot Com Networks,DKI Jakarta,"Jl. Tebet Barat IV Nomor. 3, RT 16 RW 4, Kelurahan Tebet Barat, Kecamatan Tebet, Kota Jakarta Selatan",(021) 8379 5245,redaksi.merdeka@kly.id,www.merdeka.com,Terverifikasi Administratif dan Faktual,2024-08-30
telusur.co.id,Siber,Fahri,Fahri,Telusur Info Media,DKI Jakarta,"Infiniti Office MTH Square Ground Floor, Jl. MT. Haryono Kav 10 Blok A4 No.A",08986290472,keranjang@telusur.co.id,www.telusur.co.id,Terverifikasi Administratif dan Faktual,2024-08-30
Radar Malang,Cetak,Fathoni Prakasa Nanda,Fathoni Prakasa Nanda,Malang Intermedia Pers,Jawa Timur,"Jl Sunandar Priyo Sudarmo No. 26, Purwantoro, Blimbing, Kota Malang",03414390099,hrd@radarmalang.id,radarmalang.jawapos.com,Terverifikasi Administratif dan Faktual,2024-08-30
ciremaitoday.com,Siber,Arif Rohidin,Arif Rohidin,Media Dua Putri Grup,Jawa Barat,Perumahan Bumi Dermayu Indah Jalan Tanjung Nomor Q 15 RT 08 RW O4 Desa Tambak Kecamatan Indramayu Kabupaten Indramayu Jawa Barat,081911317754,ciremaitoday@gmail.com,ciremaitoday.com,Terverifikasi Administratif dan Faktual,2024-08-29
Soerabaia Newsweek,Cetak,Wetly H. Ali,Wetly H. Ali,Media Perkasa Utama,Jawa Timur,Jl. Simo Hilir Utara Blok 6 G No. 12 Surabaya,082231401659,sbnewsweek@yahoo.com,www.surabayanewsweek.com,Terverifikasi Administratif dan Faktual,2024-08-29
Harian Bhirawa,Cetak,Mokhamad Taufik,Mokhamad Taufik,Harian Bhirawa,Jawa Timur,Jalan Indragiri 73 Surabaya,031-5615454,harian_bhirawa@yahoo.com,www.harianbhirawa.co.id,Terverifikasi Administratif dan Faktual,2024-08-29
detail.id,Siber,Muhamad Usman,Muhamad Usman,Moksha Multi Media,Jambi,"Lorong Patimura RT 12 Kelurahan Kenali Besar Kecamatan Alam Barajo, Kota Jambi 36129",0812-7443001,mediadetail@gmail.com,detail.id,Terverifikasi Administratif dan Faktual,2024-08-29
DAAI TV,Televisi,Ronny Rusdiyanto,Ronny Rusdiyanto,Duta Anugerah Indah,DKI Jakarta,"Tzu Chi Center, Tower 2, Lantai 3, Jl. Boulevard Pantai Indah KapukJakarta Utara 14470, Indonesia",021-5055 8889,secretariat@daaitv.co.id,www.daaitv.co.id,Terverifikasi Administratif dan Faktual,2024-08-29
,"Cetak
Radio
Televisi
Siber",,,,,,,,,,
radarsurabaya.jawapos.com,Siber,Wijayanto,Wijayanto,Radar Media Surabaya,Jawa Timur,Jalan Kembang Jepun No. 167 Surabaya,031-3559494,"radarsurabayaonline@gmail.com, jay wijayanto73@gmail.com",radarsurabaya.jawapos.com,Terverifikasi Administratif dan Faktual,2024-08-29
radarmukomuko.disway.id,Siber,Amris Tanjung,Ibnu Rusdi,Harian Radar Mukomuko Digital,Bengkulu,"Jl. Soekarno Hatta, Kel. Bandar Ratu, Kec. Kota Mukomuko Kab. Mukomuko",(0737) 71709,harianradarmukomuko@gmail.com,radarmukomuko.com,Terverifikasi Administratif dan Faktual,2024-08-29
Prolkn.id,Siber,Amran Chan,Amran Chan,Lancang Kuning Namanya,Kepulauan Riau,"Lytech Home Center Jl.Bengkong Kolam Sadai Kec, Bengkong Ota Batam Kepulauan Riau 29444, Indonesia",0812 6780 4041,redaksiprolkn@gmail.com,prolkn.id,Terverifikasi Administratif,2024-08-29
Selimburcaya.com,Siber,Dedi Hardiansyah Putra,Dedi Hardiansyah Putra,Sumber Cahaya Medika,Bengkulu,"Jalan Natadirja No.310 RT/RW. 02/01 Kelurahan Jalan Gedang, Kecamatan Gading Cempaka, Kota Bengkulu",082186218197,selimburcaya007@gmail.com,https://selimburcaya.com,Terverifikasi Administratif dan Faktual,2024-08-29
pewartapos.com,Siber,D.Wahjoe Harjanto,D.Wahjoe Harjanto,Media Utama Jatim,Jawa Timur,"Jl. Taman Apsari No. 15-17  RT 04 RW II Kelurahan Embong Kaliasin, Kec. Genteng",(031) 87860448 - 0811349494,ptberkahmedia@gmail.com,https://www.pewartapos.com/,Terverifikasi Administratif dan Faktual,2024-08-29
Kepri.co.id,Siber,Anwar Saleh,Anwar Saleh,Suara Online Indonesia,Kepulauan Riau,"Gedung Golden City Lantai 3 Jl. Golden Prawn Nomor 1 Depan Masjid Cheng Hoo Samping Polsek Bengkong, Kota Batam, Kepulauan Riau, Indonesia",081268316400,suaraonlineindonesia@gmail.com,https://Kepri.co.id,Terverifikasi Administratif dan Faktual,2024-08-29
sewaktu.com,Siber,Faturohman S Kanday,Faturohman S Kanday,Sewaktu Media Nusantara,Jawa Barat,Gd Graha Pena Lt 3 Jl KHR Abdullah Bin Nuh No 30 Taman Yasmin Kota Bogor,0251-7544006,sewaktu.media@gmail.com,sewaktu.com,Terverifikasi Administratif dan Faktual,2024-08-29
ceposonline.com,Siber,Lucky Ireeuw,Lucky Ireeuw,Cendrawasih Arena Intim Press,Papua,"Graha Pena Papua, Jalan Balai Kota No. 7, RT 0, RW 0, Entrop, Jayapura Selatan",0811480270,ceposonline.com@gmail.com,"www,ceposonline.com",Terverifikasi Administratif dan Faktual,2024-08-29
harianmemokepri.com,Siber,Niaga Fardomuan Harianja,Niaga Fardomuan Harianja,Media Memo Indonesia,Kepulauan Riau,"Perum Griya Hang Tuah Permai Blok J1 No. 12  RT 006 RW 005 Kel. Pinang Kencana, Kec. Tanjungpinang Timur",082386797008,verifikasiharianmemokepri@gmail.com,harianmemokepri.com,Terverifikasi Administratif dan Faktual,2024-08-12
Alreinamedia.com,Siber,Arizki Fil Bahri,Arizki Fil Bahri,Alreina Media Sukses,Kepulauan Riau,RUKO ALJABAR BLOK D NO.9 BENGKONG - BATAM,081270709960,alreinamedia.com@gmail.com,www.alreinamedia.com,Terverifikasi Administratif dan Faktual,2024-07-27
,"Cetak
Radio
Televisi
Siber",,,,,,,,,,
suarainvestor.com,Siber,Hery Lazuardi,Hery Lazuardi,Suarainvestor Siber Media,Banten,"Kawasan Ruko, Arcadia, Blok H.4 No 55 Jalan Daan Mogot, Kota Tangerang",(021) 55721285,cahyonoeko.eko1@gmail.com/ gsuarainvestor@gmail.com,www.suarainvestor.com,Terverifikasi Administratif dan Faktual,2024-07-27
Liputanesia.co.id,Siber,Dedi Muliyadi,Dedi Muliyadi,Media Liputanesia Group,Aceh,"Jalan Kota Lintang Atas, No. 30, RT/RW 000/000, Ds. Kota Lintang, Kec. Kota Kualasimpang, Aceh Tamiang, Aceh.",082217511665,medialiputanesiagroup@gmail.com,https://www.liputanesia.co.id,Terverifikasi Administratif dan Faktual,2024-07-27
jurnalterkini.id,Siber,Muhammad Sarih,Muhammad Sarih,Jurnal Media Terkini,Kepulauan Riau,"Kompleks Gladiola I, Blok H-2, Kampung Baru, Kelurahan Tebing, Kecamatan Tebing",0821-7025-1970,jurnalterkini@gmail.com,jurnalterkini.id,Terverifikasi Administratif dan Faktual,2024-07-25
`Lintaskepri.com,Siber,Panca Bramasto,Panca Bramasto,Kepri Lintas Media,Kepulauan Riau,"JL. PEMUDA BLOK C NO. 5 KECAMATAN BUKIT BESTARI, KELURAHAN SEIJANG",081266188558,redaksi@lintasmediakepri.com,Lintaskepri.com,Terverifikasi Administratif dan Faktual,2024-07-25
Kanalinspirasi.com,Siber,Dahlan TH,Dahlan TH,Media Kanal Inspirasi,Aceh,"Jln. H.Bintang No.05 Dusun Pepaya, Desa Gampong Baro, Kecamatan Meuraxa, Banda Aceh",085260143195,redaksi.kanalinspirasi@gmail.com,https://kanalinspirasi.com/,Terverifikasi Administratif dan Faktual,2024-07-25
SKH Memorandum,Cetak,Sujatmiko,Sujatmiko,Memorandum Sejahtera,Jawa Timur,Jl. Ketintang Baru III/91 Surabaya,(031) 8275390,memorandumredaksi@gmail.com,memorandum.co.id,Terverifikasi Administratif dan Faktual,2024-07-25
Harian Jogja,Cetak,ANTON WAHYU PRIHARTONO,ANTON WAHYU PRIHARTONO,AKSARA DINAMIKA JOGJA,DI Yogyakarta,"Jl. AM. Sangaji No. 41, Cokrodiningratan, Jetis, Yogyakarta 55233",(0274) 583183,redaksi@harianjogja.com,www.harianjogja.com,Terverifikasi Administratif dan Faktual,2024-07-25
Pedomanbengkulu.com,Siber,Muammar,Muammar,Media Citra Bengkulu,Bengkulu,"Jl RE Martadinata,Perumahan Puri Lestari 1,No 1 RT 15 RW 03 Kelurahan Kandang,Kecamatan Kampung Melayu ,Kota Bengkulu",0736 7326104,pedomanbengkulu@gmail.com,www.pedomanbengkulu.com,Terverifikasi Administratif dan Faktual,2024-07-25
historia.id,Siber,Budi Setiyono,Budi Setiyono,Media Digital Historia,DKI Jakarta,"Jl. Ks. Tubun No.85, RT.4/RW.7, Slipi, Kec. Palmerah",02122058411,redaksi@historia.id,https://historia.id/,Terverifikasi Administratif dan Faktual,2024-07-25
Mannanesia.com,Siber,Seno Agritinus Malvin,Seno Agritinus Malvin,Media Sekali Klik,Bengkulu,Jl Kalibrantas No 02 RT 09 RW 03 Kel Padang Harapan Kec Gading Cempaka,082382828273,mannanesiabkl@gmail.com,https://www.mannanesia.com/,Terverifikasi Administratif dan Faktual,2024-07-25
,"Cetak
Radio
Televisi
Siber",,,,,,,,,,
sabangmeraukenews.com,Siber,Krisman Hutagaol,Krisman Hutagaol,Pewarna Nawacita Media,Riau,"Jalan Arifin Ahmad/ Jalan Pelangi, No. 88. RT 02/ RW 05, Kelurahan Sidomulyo Timur, Kecamatan Marpoyan Damai, Pekanbaru, Riau.",081371458445,sabangmeraukenews@gmail.com,www.sabangmeraukenews.com,Terverifikasi Administratif,2024-07-25
Nusantara TV,Televisi,Adi Prasetya,Adi Prasetya,Nusantara Media Mandiri,DKI Jakarta,"NT TOWER JL Pulomas Selatan No.31, RT.7/RW.7, Kayu Putih, Kec. Pulo Gadung",-,redaksi@nusantaratv.com,https://www.nusantaratv.com/,Terverifikasi Administratif dan Faktual,2024-07-25
harianhaluankepri.com,Siber,M Reza Fahlepi Siregar,M Reza Fahlepi Siregar,Harian Haluan Kepri,Kepulauan Riau,"Jl. Yos Sudarso No.9 Simp. Bengkong Garama, Tanjung Buntung, Bengkong, Kota Batam 29432",082385434123,harianhaluank@gmail.com,www.harianhaluankepri.com,Terverifikasi Administratif dan Faktual,2024-07-25
Medianesia.id,Siber,Agus Santika,Agus Santika,Medianesia Maju Nugroho,Kepulauan Riau,"Taman Duta Mas Blok A13 No. 8, Kelurahan Baloi Permai, Kecamatan Batam Kota",081335353518,medianesiamaju@gmail.com,https://medianesia.id/,Terverifikasi Administratif dan Faktual,2024-07-25
NOA.co.id,Siber,HT.Anwar Ibrahim,HT.Anwar Ibrahim,Media Noa Indonesia,Aceh,"Jln. Banda Aceh – Medan Km 8, Kemukiman Pagar Air No. 23, Gampong Lubok Batee, Kecamatan Ingin Jaya",082304000049,redaksimedianoa@gmail.com,https://www.noa.co.id/,Terverifikasi Administratif dan Faktual,2024-07-25
Fakta.com,Siber,Rido God Viktor Lingga,Rido God Viktor Lingga,Media Fakta Global,DKI Jakarta,"Jl. Buncit Raya No. 3 RT 006/005, Kalibata, Pancoran, Jakarta Selatan 12740",02126966428,redaksi@fakta.com,https://fakta.com/,Terverifikasi Administratif dan Faktual,2024-07-25
Kilat.com,Siber,Sunardi Panjaitan,Sunardi Panjaitan,Kilat Dotcom Indonesia,DKI Jakarta,"Gedung Bali United, Lantai 3, Jl. Panjang No. 29, RT 8 RW 1, Kelurahan Kedoya Selatan, Kecamatan Kebon Jeruk",081211195599,kilatdotcomindonesia@gmail.com,www.kilat.com,Terverifikasi Administratif dan Faktual,2024-07-25
Heaptalk.com,Siber,Amigo Budi Hartono,Amigo Budi Hartono,Heaptalk Media Indonesia,DKI Jakarta,"Gedung KFC Bulungan, Lt. 2 JL. Bulungan No 64, RT1/RW 6 Kelurahan Kramat Pela, Kecamatan Kebayoran Baru",021-7293693,admin@heaptalk.com,heaptalk.com,Terverifikasi Administratif dan Faktual,2024-07-25
Elnews.id,Siber,Deby Arianto,Deby Arianto,Media Dua Bersaudara,Sumatera Selatan,"Jalan Pondok Teladan, Perumahan Pondok Sejahtera Blok C6, RT 028 RW 001, Kelurahan Karya Baru, Kecamatan Alang-alang Lebar",081271382885,redaksielnews@gmail.com,https://elnews.id,Terverifikasi Administratif dan Faktual,2024-07-25
SuaraBaru.id,Siber,Widiyartono R,Widiyartono R,Media Mandiri Pers,Jawa Tengah,"Jalan Sultan Agung 63 Kav 4  Kelurahan Gajahmungkur, Kecamatan Gajahmungkur Semarang 50252",0812 2514 1218,red.suarabaru@gmail.com,SuaraBaru.id,Terverifikasi Administratif dan Faktual,2024-06-27
,"Cetak
Radio
Televisi
Siber",,,,,,,,,,
Haluan Riau,Cetak,Doni Rahim,Doni Rahim,Media Haluan Mandiri,Riau,Gedung Riau Pers  Jl. Tuanku Tambusai No. 7 RT 001 RW 001 Kelurahan Tangkerang Barat Kecamatan Marpoyan Damai,(0761) 572168,haluanriaupress@gmail.com,,Terverifikasi Administratif dan Faktual,2024-06-25
Solopos,Cetak,Rini Yustiningsih,Rini Yustiningsih,Aksara Solopos,Jawa Tengah,"Griya Solopos, Jl. Adi Sucipto No. 90, Solo 57145",(0271) 724811,redaksi@solopos.co.id,www.solopos.com,Terverifikasi Administratif dan Faktual,2024-06-25
Tribun Timur,Cetak,Nur Thamsil Thahir,Nur Thamsil Thahir,Bosowa Media Grafika,Sulawesi Selatan,Jalan cendrawasih no 430,0811469370,redaksitribuntimur@gmail.com,www.tribun-timur.com,Terverifikasi Administratif dan Faktual,2024-06-25
Rilis.id,Siber,Segan Petrus Simanjuntak,Segan Petrus Simanjuntak,Rilis Multimedia Indonesia,Lampung,Jl. Sisingamangaraja LK II RT. 03 RW. 05 Kel Kelapa Tiga Permai Kec. Tanjungkarang Barat Kota Bandar Lampung,081379599699,redaksirilisid@gmail.com,https://rilis.id/,Terverifikasi Administratif dan Faktual,2024-06-25
MNCTV,Televisi,Risca Indah Handini,Risca Indah Handini,MNC Televisi Indonesia,DKI Jakarta,"iNews Tower, Lantai 11, MNC Center Complex",021-23567600,govrel.mnctv@mncgroup.com,mnctv.com,Terverifikasi Administratif dan Faktual,2024-06-25
RCTI,Televisi,Ariyo Ardi,Ariyo Ardi,Rajawali Citra Televisi Indonesia,DKI Jakarta,"iNews Tower, Lantai 11, MNC Center Complex",021-23567600,govrel.rcti@mncgroup.com,rcti.tv,Terverifikasi Administratif dan Faktual,2024-06-25
GTV,Televisi,Herik Kurniawan,Herik Kurniawan,Global Informasi Bermutu,DKI Jakarta,"iNews Tower, Lantai 11, MNC Center Complex",021-23567600,govrel.gtv@mncgroup.com,gtv.id,Terverifikasi Administratif dan Faktual,2024-06-25
indojayanews.com,Siber,Muhammad Zairin,Muhammad Zairin,Indo Jaya Media,Aceh,"Jl. Mesjid, Punge Ujung, Kecamatan Meuraxa, Kota Banda Aceh, Provinsi Aceh",0821-6735-4345,redaksiindojaya@gmail.com,www.indojayanews.com,Terverifikasi Administratif dan Faktual,2024-06-24
Banten Raya,Cetak,Muhaemin,Muhaemin,Wahana Semesta Cilegon Raya,Banten,"Komp. Rukan Cilegon Business Square Blok A No. 18  Jl. Raya Pcl Kel. Kedaleman Cibeber, Cilegon, Banten",(0254) 378169,barayapost@gmail.com,www.bantenraya.com,Terverifikasi Administratif dan Faktual,2024-06-24
Radar Banten,Cetak,Delfion Saputra,Delfion Saputra,Wahana Semesta Banten,Banten,"Graha Pena Radar Banten  Jl. Kolonel Tb. Suwandi, Lingkar Selatan, Kel. Serang, Kec. Serang",0254-214771,kang_haban2001@yahoo.com,www.radarbanten.co.id,Terverifikasi Administratif dan Faktual,2024-06-24
,"Cetak
Radio
Televisi
Siber",,,,,,,,,,
Banten TV,Televisi,Agung S. Pambudi,Agung S. Pambudi,Wahana Raya Televisi,Banten,"Graha Pena Radar Banten Jl. Kolonel TB. Suwandi, Lingkar Selatan, Serang Banten.Telp. 0254-220044",0254-220044,redaksi.barayatv123@gmail.com,www.bantentv.com,Terverifikasi Administratif dan Faktual,2024-06-24
Banten Pos,Cetak,Chandra Magga,Chandra Magga,Banten Berita Merdeka,Banten,Ruko RDM Blok D No. 3 Jl. Letkol TB. Suwandi Lingkar Selatan Ciracas Kec Serang Kota Serang Banten.,(0254) 4078285,redaksibanpos@gmail.com,Banpos.co,Terverifikasi Administratif dan Faktual,2024-06-24
Kediripedia.com,Siber,Dwidjo Utomo Maksum,Dwidjo Utomo Maksum,Kediripedia Media Utama,Jawa Timur,"Perumahan Griya Indah Permatasari (GIPs) Blok E-44 Jalan Penanggungan, Kelurahan Bandar Kidul, Kecamatan Mojoroto, Kota Kediri",08123293862,ensiklopediakediri@gmail.com,Kediripedia.com,Terverifikasi Administratif dan Faktual,2024-06-24
Inforadar.disway.id,Siber,Agung Susilo Pambudi,Agung Susilo Pambudi,Wahana Semesta Banten,Banten,"Graha Pena Radar Banten, Jalan Kolonel  H. Tb. Suwandi, Lingkar Selatan, Kelurahan Lontar Baru, Kecamatan Serang",0254-214771,radarbantencom@gmail.com,www.inforadar.disway.id,Terverifikasi Administratif dan Faktual,2024-06-24
sumselheadline.com,Siber,Ferly Marison,Ferly Marison,Sandes Sumsel Media,Sumatera Selatan,Jalan Balap Sepeda Lr Muhajirin No.1489 RT.22 RW.08 Lorok Pakjo Palembang 30137,08127105643,sandessumsel@gmail.com,"sumselheadline,com",Terverifikasi Administratif dan Faktual,2024-06-24
radarbanten.co.id,Siber,Delfion Saputra,Delfion Saputra,Wahana Semesta Banten,Banten,"Graha Pena Radar Banten Jl. Kolonel  H. Tb. Suwandi, Lingkar Selatan, Kel. Lontar Baru, Kec. Serang",0254-214771,radarbantencoid@gmail.com,www.radarbanten.co.id,Terverifikasi Administratif dan Faktual,2024-06-24
sejahtera.co,Siber,Sihono HT,Sihono HT,Memo Kediri Sejahtera,Jawa Timur,Jln. Tosaren II Nomor 145 Kota Kediri,0354-693855,sejahteradotco@gmail.com,sejahtera.co,Terverifikasi Administratif dan Faktual,2024-06-24
kabarbireuen.com,Siber,Suryadi,Suryadi,Media Kabar Bireuen,Aceh,"Jalan Sultan Iskandar Muda No. 11 Lt. II, Bireuen Mns Capa, Kecamatan Kota Juang, Bireuen",081360016149,kabar1bireuen@gmail.com,www.kabarbireuen.com,Terverifikasi Administratif dan Faktual,2024-06-24
jurnalborneo.com,Siber,Munanto,Munanto,Jurnal Borneo Media,Kalimantan Timur,"Jalan KH. Abdurrasyid Gang 3 No.71 RT. 014 Kel. Pasar Pagi, Kec. Samarinda Kota",08999876444,jurnalborneomedia@gmail.com,https://jurnalborneo.com/,Terverifikasi Administratif dan Faktual,2024-06-24
Kabar Terdepan,Cetak,Ririn Wedia Nafitasari,Ririn Wedia Nafitasari,Kabar Terdepan Indonesia,Jawa Timur,"Jalan PB. Sudirman 47E RT.002 / RW.001, Kelurahan Jagalan, Kecamatan Kranggan",03212905654,tabloidkabarterdepan@gmail.com,https://kabarterdepan.com/,Terverifikasi Administratif dan Faktual,2024-06-24
,"Cetak
Radio
Televisi
Siber",,,,,,,,,,
Radar Semarang,Cetak,Pratono,Pratono,Semarang Intermedia Pers,Jawa Tengah,"Jl. Veteran 55, Lempongsari, Gajahmungkur, Semarang",024-8414280,editor@radarsemarang.id,www.radarsemarang.com,Terverifikasi Administratif dan Faktual,2024-05-31
Sulawesitoday.com,Siber,Hamdi Anwar,Hamdi Anwar,Sulawesi Today Multimedia,Sulawesi Tengah,"Jalan Lida Gimba Kelurahan Kampal, Kecamatan Parigi, Parigi Moutong",085825361727,my.sulawesitoday@gmail.com,sulawesitoday.com,Terverifikasi Administratif dan Faktual,2024-05-31
Suara Media Nasional,Cetak,Kundari Pri Susanti,Kundari Pri Susanti,Suara Media Nasional Bersinar,Jawa Timur,"Jl. Brigjen Pol. Imam Bachri, No. 143, RT 14/RW 02, Kelurahan Pesantren, Kecamatan Pesantren, Kota Kediri",(0354) 2897707,suaramedianasional@gmail.com,www.suaramedianasional.co.id,Terverifikasi Administratif dan Faktual,2024-05-07
kabarmakassar.com,Siber,Uslimin,Uslimin,Kabar Grup Indonesia,Sulawesi Selatan,"Bikin Bikin Creative Hub, Nipah Park Lantai 1 Nomor 2, Jalan Urip Sumoharjo, RT. 001/RW. 001, Kelurahan Panaikang, Kecamatan Panakkukang",085256933678,kabarmakassarredkasi@gmail.com,www.kabarmakassar.com,Terverifikasi Administratif dan Faktual,2024-05-07
Indragirione.com,Siber,Wahyu Abdillah,Wahyu Abdillah,Indragiri one com,Riau,Jl. H Chalid Kelurahan Sungai Beringin Kecamatan Tembilahan,082285838931,redaksiindragirione@gmail.com,www.indragirione.com,Terverifikasi Administratif dan Faktual,2024-05-06
kalimantanlive.com,Siber,Umi Sriwahyuni,Umi Sriwahyuni,Kalimantan Media Bestari,Kalimantan Selatan,"Jalan Sintuk II No 163 RT 13 RW 02, Kompleks Banjar Indah Permai, Kelurahan Pemurus Dalam,  Kecamatan Banjarmasin Selatan, Banjarmasin, Kalimantan Selatan (702480}",0811 512522,redaksi.kalimantanlive@gmail.com,htpps://kalimantanlive.com,Terverifikasi Administratif dan Faktual,2024-05-06
ivoox.id,Siber,Rana akbari fitriawan,Rana akbari fitriawan,Media nusantara sakti,DKI Jakarta,"Jl. Batu ceper IV No.6C Rt.010 Rw.001, kelurahan kebon kelapa, kecamatan gambir",3513666,info@ivoox.id,ivoox.id,Terverifikasi Administratif dan Faktual,2024-05-06
Radarsemarang.id,Siber,Pratono,Pratono,Semarang Intermedia Digital,Jawa Tengah,"Jl. Veteran no.55, RT5, RW6, Kelurahan Lempongsari, Kecamatan Gajahmungkur, Kota Semarang",024-8414280,editor@radarsemarang.id,https://radarsemarang.jawapos.com/,Terverifikasi Administratif dan Faktual,2024-05-06
deduktif.id,Siber,Atmaji Sapto Anggoro,Atmaji Sapto Anggoro,Deduktif Warta Mardika,DKI Jakarta,"Jl. H. Nudin no.60 RT 005 RW 003 kel. lebak bulus, kec. cilandak jakarta selatan 12440",02129667297,redaksi@deduktif.id,deduktif.id,Terverifikasi Administratif dan Faktual,2024-05-06
Berkatnewstv.com,Siber,Rolf Korah,Rolf Korah,Berkat Karyapm Media,Kalimantan Barat,Jalan Sungai Raya Dalam Komplek Tanjungpura Permai Nomor D.18 Desa Sungai Raya Dalam Kecamatan Sungai Raya,085252102422,rob.berkat74@gmail.com,https://berkatnewstv.com,Terverifikasi Administratif dan Faktual,2024-05-06
,"Cetak
Radio
Televisi
Siber",,,,,,,,,,
parboaboa,Siber,P. Hasudungan Sirait,P. Hasudungan Sirait,Parboaboa Media Utama,DKI Jakarta,"Jalan Tebet Utara II No. 12 RT.7/RW.1, Tebet Timur, Kecamatan Tebet",0622-7556-035,redaksi@parboaboa.id,parboaboa.com,Terverifikasi Administratif dan Faktual,2024-05-06
Radarseluma.Disway.id,Siber,Marsal Abadi,Marsal Abadi,Wahana Radar Seluma,Bengkulu,Jl S Parman No 4 Talang Saling Seluma,0736-91678,redaksiradarseluma@gmail.com,radarselumaonline.com,Terverifikasi Administratif dan Faktual,2024-05-06
sketsanews.id,Siber,Sutana,Sutana,Sketsa Dua Pilar,Kepulauan Riau,Jl DI Panjaitan Komplek Bintan Centre Blok C No 56,+62 812-7060-240,redaksisketsanews@gmail.com,https://sketsanews.id/,Terverifikasi Administratif,2024-05-06
TribunPalu.com,Siber,Omdsmy Novemy Leo,Omdsmy Novemy Leo,Tribun Digital Sulteng,Sulawesi Tengah,"Jalan emmy saelan nomor 188 kelurahan tatura selatan, kecamatan palu selatan",081355577944,tribunpalunews@gmail.com,palu.tribunnews.com,Terverifikasi Administratif dan Faktual,2024-05-06
TribunGorontalo.com,Siber,Alfons Nedabang,Alfons Nedabang,Tribun Digital Gorontralo,Gorontalo,"jalan jaksa agung suprapto nomor 22, kelurahan limba U dua, kecamatan kota selatan",085398311730,tribungorontaloonline@gmail.com,https://gorontalo.tribunnews.com/,Terverifikasi Administratif dan Faktual,2024-05-06
TribunTernate.com,Siber,Alfons Nedabang,Alfons Nedabang,Tribun Digital Ternate,Maluku Utara,"jalan juma puasa kelurahan santiong, rt.001/rw.002 kecamatan ternate tengah",0821 93258748,Tribunternate22@gmail.com,TribunTernate.com,Terverifikasi Administratif dan Faktual,2024-05-06
Kaltimfaktual.co,Siber,Fariz Fadhillah,Fariz Fadhillah,Media Kaltim Faktual,Kalimantan Timur,"Jalan Merdeka 5 No.102, Lantai 3, RT 89, Kelurahan Sungai Pinang Dalam, Kecamatan Sungai Pinang.",081350778287,kontak@kaltimfaktual.co,www.kaltimfaktual.co,Terverifikasi Administratif dan Faktual,2024-05-06
prokalteng.co,Siber,Indar,Indar,Kalteng Cakrawala Media,Kalimantan Tengah,"Jalan Pramuka No 001 Kota Palangka Raya, Kelurahan Menteng, Kecamatan Jekan Raya",+62 852-5285-2006,prokaltengdotco2022@gmail.com,https://prokalteng.co,Terverifikasi Administratif dan Faktual,2024-05-06
kabarbaik.co,Siber,M.Sholahuddin,M.Sholahuddin,Kabar Anak Negeri,Jawa Timur,"Perum Graha Bunder Asri Jl.Emerald VI No.3,Desa Kembangan,Kecamatan Kebomas",0313959494,redaksikabarbaikdotco@gmail.com,https://kabarbaik.co,Terverifikasi Administratif dan Faktual,2024-05-06
wordpers.id,Siber,Firdaus Effendi,Firdaus Effendi,Indonesia Pers Intermedia,Bengkulu,"Jalan Sadang 1, Nomor 5, RT 006, RW 002, Kelurahan Lingkar Barat, Kecamatan Gading Cempaka, Kode Pos: 38211",081368291362,wordpers.id@gmail.com,https://wordpers.id/,Terverifikasi Administratif,2024-04-29
,"Cetak
Radio
Televisi
Siber",,,,,,,,,,
bentan.co.id,Siber,Donil Nasir,Donil Nasir,Bentan Media Jaya,Kepulauan Riau,"Jalan Wiratno No. 46 RT 05/ RW 06, Kelurahan Kampung Baru",0813-7481-8887,bentan.co.id@gmail.com,https://bentan.co.id/,Terverifikasi Administratif,2024-04-29
nukilan.id,Siber,Bahtiar Gayo,Bahtiar Gayo,Nukilan jaya mandiri,Aceh,"Jalan Bineh Blang No 109, RT 000 / RW 000 Kel. Lamdingin, Kec. Kuta Alam",0651-3618308,ptnukilanmandiri@gmail.com,https://nukilan.id/,Terverifikasi Administratif dan Faktual,2024-03-27
Minanews.net,Siber,Arif Ramdan,Arif Ramdan,Kantor Berita Mina,DKI Jakarta,"Jl. Kramat Lontar No. J-157, Jakarta 10440, Indonesia",81299259150,redaksi@minanews.net,minanews.net,Terverifikasi Administratif dan Faktual,2024-03-22
mediabengkulu.id,Siber,Romlan,Romlan,Media Bengkulu Online Sukses,Bengkulu,Jalan Raya Tugu Hiu - Pondok Kubang Dusun Baru 1 Perum Green Lavender 1 No. 44 Kab. Bengkulu Tengah,081262135129,mediabengkuluonline@gmail.com,www.mediabengkulu.id,Terverifikasi Administratif dan Faktual,2024-03-22
teropongpublik.co.id,Siber,Doni Aftarizal,Doni Aftarizal,Media Teropong Publik,Bengkulu,"Jalan Basuki Rahmad Nomor 89 RT.008 RW 02, Kelurahan Sukamerindu, Kecamatan Sungai Serut",085273488501,teropongpublik@gmail.com,http://www.teropongpublik.co.id,Terverifikasi Administratif dan Faktual,2024-03-22
Lintasterkini.com,Siber,Muhammad Yunus,Muhammad Yunus,Media Utama Terkini,Sulawesi Selatan,"Jl Mallengkeri 3 Blok J No 21, Kel Mangasa, Kec Tamalate, Kota Makassar, Sulawesi Selatan",0411-880713 / 085796516727,lintasterkini@gmail.com,lintasterkini.com,Terverifikasi Administratif dan Faktual,2024-03-22
Ekbisbanten.com,Siber,Rizal Fauzi,Rizal Fauzi,Media Digital Globalindo,Banten,"Jl. Raya Serang Jakarta, Perumahan Persada Banten Blok. G-4 No. 28, RT.013 RW. 005, Kel. Teritih, Kec. Walantaka",(0254) 47939805,ekbisbanten@gmail.com,Ekbisbanten.com,Terverifikasi Administratif dan Faktual,2024-03-22
Mojok.co,Siber,Agung Purwandono,Agung Purwandono,Narasi Akal Jenaka,DI Yogyakarta,"Perum Sukoharjo Indah A8 RT 09 RW 16 Dukuh Purworejo Desa Sukoharjo, Kecamatan Ngaglik 55581",082137185563,redaksi@mojok.co,mojok.co,Terverifikasi Administratif dan Faktual,2024-03-22
radarbengkulu.disway.id,Siber,Syariah Muhammadin,Syariah Muhammadin,Radar Bengkulu Online,Bengkulu,"Jalan P. Tendean No. 3 F, RT 4, Kelurahan Jembatan Kecil, Kecamatan Singaranpati",(0736) 22403,radarbengkuluonline2021@gmail.com,https://radarbengkulu.disway.id,Terverifikasi Administratif dan Faktual,2024-03-22
Pinusi.com,Siber,Norman Meoko,Norman Meoko,Portal Media Nusantara,DKI Jakarta,"Jl. Gandaria 1 No.37D, RT.1/RW.9, Kramat Pela, Kec. Kby. Baru",+62217269117 / 081386603343,pinusidotcom@gmail.com,pinusi.com,Terverifikasi Administratif dan Faktual,2024-03-22
,"Cetak
Radio
Televisi
Siber",,,,,,,,,,
mediasinardunia.com,Siber,Joni Iskandar,Joni Iskandar,Dunia Media Perkasa,Bengkulu,"Jalan Kebun Indah RT. 044, RW. 009 Kelurahan Sukarami Kecamatan Selebar",085311295965,mediasinardunia@gmail.com,https://mediasinardunia.com/,Terverifikasi Administratif dan Faktual,2024-03-22
Tribun-Sulbar.com,Siber,Edi sumardi,Edi sumardi,Tribun Digital Sulawesi Barat,Sulawesi Barat,"jalan martadinata ruko blok B no. 2 rt 000 rw 000, kelurahan simboro, kecamatan simboro",08114544500,tribunsulbardotcom@gmail.com,https://sulbar.tribunnews.com/,Terverifikasi Administratif dan Faktual,2024-03-22
salampapua.com,Siber,Sampe P. Sianturi,Sampe P. Sianturi,Papua Grafika Mandiri,Papua,"JL. Elang No. 72 Kel. Kwamki, Distrik Mimika Baru, Kabupaten Mimika","081248910837, 0901321321",redaksisalampapua@gmail.com,www.salampapua.com,Terverifikasi Administratif dan Faktual,2024-03-22
radarbandung.id,Siber,Untung Bachtiar,Untung Bachtiar,Radar Bandung Intermedia,Jawa Barat,"Jln Ibrahim Adjie No 95 RT O1 RW 11 Kelurahan Babakan Surabaya, Kecamatan Kiaracondong",022 7238058,official@radarbandung.id,https://radarbandung.id,Terverifikasi Administratif dan Faktual,2024-03-22
Bengkulunetwork.com,Siber,Iud Dwi Mursito,Iud Dwi Mursito,Bengkulu Network Mediatama,Bengkulu,"Jl. Merawan Estate Blok E No 30 Perumahan Sakinah RT 33 RW 28 Sawah Lebar Baru, Ratu Agung, Kota Bengkulu, Provinsi Bengkulu",085268448019,bengkulunetwork.com@gmail.com,www.bengkulunetwork.com,Terverifikasi Administratif dan Faktual,2024-03-22
investortrust.id,Siber,Komang Darmawan,Komang Darmawan,Investortrust Indonesia Sejahtera,DKI Jakarta,"The Convergence Indonesia, Kawasan Rasuna Epicentrum, Jl. HR. Rasuna Said, RT.1/RW.3, Karet Kuningan, Setiabudi",081280259477,investortrustindonesia@gmail.com,www.investortrust.id,Terverifikasi Administratif dan Faktual,2024-03-22
hariankepri.com,Siber,Taufik A Habu,Taufik A Habu,Kepri Mandiri Pers,Kepulauan Riau,Ruko Pinang Mas Residance Blok A No.3A Jl. RH Fisabilillah,085356991669,hariankepri@yahoo.com,www.hariankepri.com,Terverifikasi Administratif dan Faktual,2024-03-20
Benuanta,Cetak,Nicky Saputra Novianto,Nicky Saputra Novianto,Zarah Benuanta Utama,Kalimantan Utara,"Kantor Benuanta Lantai 2, Jalan gajah Mada, RT 31, Nomor 30D2, Kelurahan Karang Anyar Pantai, Kecamatan Tarakan Barat, Kota Tarakan, Provinsi Kaltara",08115408686,benuantakoran@gmail.com,https://benuanta.co.id,Terverifikasi Administratif dan Faktual,2024-03-05
SKM Suara Aceh,Cetak,T. Haris Fadhillah,T. Haris Fadhillah,Media Suara Aceh,Aceh,"Jln. Banda Aceh-Medan Km 19,5, Gampong Lam Ara Eungkit, Kecamatan Kuta Malaka, Kabupaten Aceh Besar 23365.",085260952270,suaraaceh2019@gmail.com,https://suaraaceh.net,Terverifikasi Administratif dan Faktual,2024-03-05
Tabloid Moral Riau,Cetak,Khairullah,Khairullah,Moral Riau Perkasa,Riau,"Jl. Palapa No. 03, Labuh Baru Timur, Kota Pekanbaru Provinsi Riau",0812 6879 9972,maswir42@gmail.com,Moralriau.com,Terverifikasi Administratif dan Faktual,2024-03-05
,"Cetak
Radio
Televisi
Siber",,,,,,,,,,
ampar.id,Siber,Yasmin Simamora,Yasmin Simamora,Media Ampar KJA,Jambi,"Jl. Nusa Indah II, RT32, Simpang IV Sipin, Kec. Telanaipura, Kota Jambi, Jambi",085219456475,newsampar2021@gmail.com,https://ampar.id/,Terverifikasi Administratif dan Faktual,2024-03-05
investigasi.news,Siber,Suci Martia,Suci Martia,Gema Media Kita,Sumatera Barat,Jalan Parak Jambu Gang 18 Kelurahan Tunggul Hitam Kecamatan Koto Tangah,081266775255,redaksiinvestig4si@gmail.com,investigasi.news,Terverifikasi Administratif dan Faktual,2024-03-05
radartasik.disway.id,Siber,Ruslan,Usep Saepulloh,Wahana Generasi Cemerlang,Jawa Barat,Jl. SL Tobing No. 99 Tugujaya,(0265) 348356 – 348357,radartasikmalayacom@gmail.com,radartasik.disway.id,Terverifikasi Administratif dan Faktual,2024-03-05
Media Koran Transparansi,Cetak,Samiadji Makin Rahmat,Samiadji Makin Rahmat,Media Koran Transparansi,Jawa Timur,"Gedung PWI Jatim, jalan Taman Apsari no. 15-17 surabaya",(031) 3285870,korantransparansi2022@gmail.com,https://www.wartatransparansi.com/,Terverifikasi Administratif dan Faktual,2024-03-05
hariandaerah.com,Siber,Erwan,Erwan,Media Harian Daerah,Aceh,"Jl. Tgk. Imum Nomor 11, Dusun Ujung Krueng, Gampong Pango Raya, Kecamatan Ulee Kareng",082360154695,red.hariandaerah@gmail.com,https://hariandaerah.com/,Terverifikasi Administratif dan Faktual,2024-03-05
Metaranews.co,Siber,Imam Mubarok,Imam Mubarok,Portal Digital Media Nusantara,Jawa Timur,Jl. Kediri - Pare No.30  Dsn. Ngrancangan Ds. Wonojoyo Kec. Gurah,+6285331777770,metaranews@gmail.com,metaranews.co,Terverifikasi Administratif dan Faktual,2024-03-05
metrodaily.jawapos.com,Siber,Leonardus Sihotang,Leonardus Sihotang,Metro Sejahtera Digital,Sumatera Utara,Jalan Sangnawaluh Komp. Megaland Blok A No 24,0622 7553511,metrodaily2000@gmail.com,https://metrodaily.jawapos.com/,Terverifikasi Administratif dan Faktual,2024-03-05
Jateng.disway.id,Siber,Wawan Setiawan,Wawan Setiawan,Disway Jateng Jogja,Jawa Tengah,Jl. Perintis Kemerdekaan No. 32 RT 10 RW 06 Kel. Panggung Kec. Tegal Timur,0283340900,managemen.disway@gmail.com,https://jateng.disway.id,Terverifikasi Administratif dan Faktual,2024-03-05
Lingkar.news,Siber,Joko Susanto,Joko Susanto,Lingkar Madani Pers,Jawa Tengah,Jl. Dr Wahidin No. 2 Pati Lor Kec. Kota Pati Kab. Pati Jawa Tengah Indonesia,(0295) 4105489,rdlingkarnews@gmail.com,https://lingkar.news,Terverifikasi Administratif dan Faktual,2024-03-05
Insertlive.com,Siber,Shanta Curanggana,Shanta Curanggana,Televisi Transformasi Indonesia,DKI Jakarta,"Gedung Transmedia, Jl. Kapten P. Tendean Kav. 12-14a, Mampang Prapatan",021 79177000 / 082308239532,legaltranstv02@gmail.com,https://www.insertlive.com/,Terverifikasi Administratif dan Faktual,2024-03-05
,"Cetak
Radio
Televisi
Siber",,,,,,,,,,
wartatransparansi.com,Siber,Samiadji Makin Rahmat,Samiadji Makin Rahmat,Media Koran Transparansi,Jawa Timur,"Gedung PWI Jatim, jalan Taman Apsari no. 15-17",(031) 3285870,korantransparansi2022@gmail.com,https://www.wartatransparansi.com/,Terverifikasi Administratif dan Faktual,2024-03-05
terasjakarta.id,Siber,Sutiyono,Sutiyono,Media Teras Jakarta,DKI Jakarta,"Kencana Tower Business Park D2-8, Jl. Meruya Ilir Raya No.88 RT 01/RW 05, Kelurahan Meruya Utara, Kecamatan Kembangan",02130067902,media@terasjakarta.id,https://terasjakarta.id/,Terverifikasi Administratif dan Faktual,2024-03-05
infonegeri.id,Siber,Prio Susanto,Prio Susanto,Rasya Karya Sentosa,Bengkulu,"Jl. Sadang 1, Nomor 5, RT.05, RW.02, Kelurahan Lingkar Barat, Kecamatan Gading Cempaka, Kota Bengkulu",081366322466,infonegeri21@gmail.com,https://infonegeri.id/,Terverifikasi Administratif,2024-02-19
bangkapos.com,Siber,Ade Mayasanto,Ade Mayasanto,Bangka Media Grafika,Kepulauan Bangka Belitung,Jalan KH. Abdurachman Siddik No. 1 B Kelurahan Genas Kecamatan Tamansari Kota Pangkalpinang Kepulauan Bangka Belitung,717437086,redaksi.bangkapos@gmail.com,bangkapos.com,Terverifikasi Administratif dan Faktual,2024-02-01
Metro Jambi,Cetak,Joni Rizal,Joni Rizal,JAMBI POSMETRO,Jambi,"Jl A Thalib No. 7-8 Pematang  Sulur, Telanaipura – Kota Jambi",0741-5913611,posmetro_jambi@yahoo.com,https;//www.metrojambi.com,Terverifikasi Administratif dan Faktual,2024-02-01
Redaksi8.com,Siber,Faturrahman,Fathurrahman,Delapan Vilandux Indonesia,Kalimantan Selatan,Jalan Karang Anyar III RW 01 RT 020  Nomor A22 Kelurahatan Loktabat Utara Kecamatan Banjarbaru Utara Kota Banjarbaru,+6282351655533,redaksidelapan@gmail.com,www.redaksi8.com,Terverifikasi Administratif dan Faktual,2024-02-01
HabarKalimantan.Com,Siber,Rasyidi,Rasyidi,Barakat Cipta Karya,Kalimantan Selatan,"komplek pangeran antasari No.F1/65, RT.02/RW.05, Sungai Sipai, Kec. Martapura, Kabupaten Banjar, Kalimantan Selatan 70614,",05115928055/ 082254778697,habarkalimantan23@gmail.com,https://habarkalimantan.com/,Terverifikasi Administratif dan Faktual,2024-02-01
Jurnalis.co.id,Siber,Gusti Yusri,Gusti Yusri,Jurnalis Media Online,Kalimantan Barat,"Jl Jambu Mente, Nomor 48 B, Kelurahan Sungai Jawi Luar, Kecamatan Pontianak Barat",085249984595,kamijurnalis@gmail.com,www.jurnalis.co.id,Terverifikasi Administratif dan Faktual,2024-02-01
Jateng Pos,Cetak,Rita Hidayati,Rita Hidayati,Meteorberlian Media Nusantara,Jawa Tengah,Ruko Bukitsari. JL Raya Bukitsari D 2 Banyumanik Semarang,024 7462266,editorjatengpos@gmail.com,WWW.Jatengpos.Co.Id,Terverifikasi Administratif dan Faktual,2024-02-01
Penarafflesia.com,Siber,Doni Aftarizal,Doni Aftarizal,Pena Rafflesia Bengkulu Online,Bengkulu,"Jalan Putri Gading Cempaka Nomor 18. Penurunan, Kota Bengkulu",085268416355,penarafflesiaonline@gmail.com,www.penarafflesia.com,Terverifikasi Administratif dan Faktual,2024-02-01
,"Cetak
Radio
Televisi
Siber",,,,,,,,,,
lenterakalimantan.com,Siber,M Ridha,M Ridha,Intan Banua Digital,Kalimantan Selatan,"Jl Cemara Raya IV No 46 Rt 28 Rw 01, Kelurahan Sungai Miai, Kecamatan Banjarmasin Utara",0811512079,redaksilenterakalimantan@gmail.com,www.lenterakalimantan.com,Terverifikasi Administratif dan Faktual,2024-02-01
pojokbanua.com,Siber,Rosnindar Prio Eko,Rosnindar Prio Eko,Pojok Digital Banua,Kalimantan Selatan,"Jl. Pondok Kelapa, No U14, Komp. Balittra Jaya Permai, Rt 01, Rw 08, Kel. Loktabat Utara, Kec. Banjarbaru Utara, Kota Banjarbaru",085248690190,redaksi@pojokbanua.com,pojokbanua.com,Terverifikasi Administratif dan Faktual,2024-02-01
Kuyou.id,Siber,Irish Riswoyo,Irish Riswoyo,Kreasi Nusa Youniversal,DKI Jakarta,Jl. Puri Sakti 1 no 39 Jakarta Selatan,081808244271,kuyoukuyouofficial@gmail.com,https://kuyou.id/,Terverifikasi Administratif dan Faktual,2024-02-01
pangannews.id,Siber,Nadia Yuliana,Nadia Yuliana,Kabar Pangan Indonesia,Jawa Barat,"Ruko Trans Cyber No. 5A, Jl. Raya Kalimulya, Kel. Kalimulya, Kec. Cilodong",021-77837706,kabarpanganindonesia@gmail.com,www.pangannews.id,Terverifikasi Administratif dan Faktual,2024-02-01
seputarfakta.com,Siber,Buniyamin,Buniyamin,Gerak Bersama Media,Kalimantan Timur,Jl. Pateh Kota no. 35 RT. 06 Kelurahan Mangkurawang Kecamatan Tenggarong,081253948200,seputarfaktacom@gmail.com,seputarfakta.com,Terverifikasi Administratif dan Faktual,2024-02-01
Amirariau.com,Siber,Alseptri Ady,Alseptri Ady,Media Jaya Indonesia,Riau,"Jalan. dr. Leimena (Karet) No.17, Kelurahan Sago, Kec. Senapelan, Kota Pekanbaru.",081270364999,amirariauonline@gmail.com,amirariau.com,Terverifikasi Administratif,2024-01-31
ceriatv.co.id,Siber,Billi Pranata,Billi Pranata,Centro Digital Riau Mediatama,Riau,"Jl. Srikandi no.24 Kelurahan Delima, Kec. Tampan",085271040888,ceriatv.pku@gmail.com,www.ceriatv.co.id,Terverifikasi Administratif dan Faktual,2024-01-19
Radio City Guide,Radio,Eka Nurcahyo,Sugeng Irawan,Radio Andhika Lugas Swara,Jawa Timur,"Jl. Baiduri Pandan No 16 Tlogomas, Lowokwaru",0341 575676 /  0811-3600-911,admcityguide911fm@gmail.com,cityguide911fm.com,Terverifikasi Administratif dan Faktual,2024-01-03
Tribun-Timur.com,Siber,Nur Thamsil Thahir,Nur Thamsil Thahir,Bosowa Media Grafika,Sulawesi Selatan,Jalan cendrawasih no 430 rt 3 rw 1 kelurahan sambung jawa kecamatan mamajang,0411-8115555,redaksitribuntimur@gmail.com,tribun-timur.com,Terverifikasi Administratif dan Faktual,2024-01-02
TribunnewsSultra.com,Siber,Edi sumardi,Edi sumardi,Tribun Digital Sultra,Sulawesi Tenggara,"kompleks ruko citraland cluster the imperium blok RKA01/001, jalan ali malaka, anduonohu, kecamatan kambu",081343854666,tribunnewssultra@gmail.com,https://sultra.tribunnews.com/,Terverifikasi Administratif dan Faktual,2024-01-02
,"Cetak
Radio
Televisi
Siber",,,,,,,,,,
rbtv.disway.id,Siber,Purnama Sakti,Purnama Sakti,Bengkulu Media Digital Semesta,Bengkulu,JL.Pangeran Natadirja No.69 Kec. Gading Cempaka Kel. Jalan Gedang Kota Bengkulu,(0736) - 346771,rbtvcamkoha69@gmail.com,rbtv.disway.id,Terverifikasi Administratif dan Faktual,2024-01-02
Teropongmedia.id,Siber,Dadi Haryadi,Dadi Haryadi,Teropong Media Nasional,Jawa Barat,"PT Teropong Media Nasional Jalan Terusan Buah Batu no 34, Batununggal, kota Bandung, Jawa Barat 40266",085721006003,redaksi@teropongmedia.id,www.teropongmedia.id,Terverifikasi Administratif dan Faktual,2024-01-02
Radar Tuban,Cetak,Dwi Setiyawan,Dwi Setiyawan,Tuban Intermedia Pers,Jawa Timur,"Jln Wahidin Sudiro Husodo 59 RT 01 RW 01, Kel. Latsari, Kec. Tuban",0356-332388,radartbn@gmail.com,radartuban.jawapos.com,Terverifikasi Administratif dan Faktual,2024-01-02
habaaceh.id,Siber,Juli Amin,Juli Amin,Media Haba Aceh,Aceh,"Jl. H. Keuchik Leumik, Lr. Tgk Meugat No.34, Dusun Mas Murni, Desa Lamseupeung, Kecamatan Lueng Bata, Kota Banda Aceh",081265006711,habaaceh.id@gmail.com,habaaceh.id,Terverifikasi Administratif dan Faktual,2024-01-02
Tajuk.news,Siber,H. Haris Zakaria,H. Haris Zakaria,Qalesya Informasi Aktual,Sulawesi Utara,Desa Kobo Kecil kecamatan Kotamobagu Timur,082344222244,redaksi@tajuk.news,www.tajuk.news,Terverifikasi Administratif dan Faktual,2023-12-19
Kabarterdepan.com,Siber,Ririn Wedia Nafitasari,Ririn Wedia Nafitasari,Kabar Terdepan Indonesia,Jawa Timur,"Jalan PB. Sudirman 47 E, RT 002 / RW 001, Kelurahan Jagalan, Kecamatan Kranggan",03212905654,redaksi@kabarterdepan.com,https://kabarterdepan.com/,Terverifikasi Administratif dan Faktual,2023-12-18
divianews.com,Siber,Agung Elisa Hermawan,Agung Elisa Hermawan,Adi Divia Perkasa,Sumatera Selatan,Alamat Redaksi/Usaha:Jl. A. Yani Lrg. Abadi No. 1375 RT. 040 RW.008 Kelurahan 9-10 Ulu Kec. SU.I - Palembang,081368506667,redaksi.divianews@gmail.com,http://divianews.com,Terverifikasi Administratif dan Faktual,2023-12-11
Banuatv.com,Siber,Rasyidi,Rasyidi,Batara Intermedia Gunadhya,Kalimantan Selatan,"Jalan Taruna Praja Raya Gang Vespa RT 19 Desa Sungai Sipai, Kecamatan Martapura, Kabupaten Banjar",08115188818,banuatvstreaming78@gmail.com,www.banuatv.com,Terverifikasi Administratif dan Faktual,2023-12-11
Paltv,Televisi,Nurseri Marwah,Nurseri Marwah,Sumek Tivi Palembang,Sumatera Selatan,JL. Angkatan 45 Rukan PS Mall Blok R6/R7 Kel. Lorok Pakjo Kec. Ilir Barat 1 Palembang,0711 380000,palembangpaltv@gmail.com,www.paltv.co.id,Terverifikasi Administratif dan Faktual,2023-12-11
siberspace.id,Siber,Syafrindani Yamadasi,Syafrindani Yamadasi,Siberspace Indonesia Cerdas,Bengkulu,"Jalan Kalimas I No. 22  RT. 09 RW. 03 Kelurahan Padang Harapan, Kecamatan Gading Cempaka",082119190017,siberspaceid@gmail.com,www.siberspace.id,Terverifikasi Administratif dan Faktual,2023-12-11
,"Cetak
Radio
Televisi
Siber",,,,,,,,,,
Riau Raya TV,Televisi,Ipung Sadewo Aryo Supono,Ipung Sadewo Aryo Supono,Riau Raya Televisi,Riau,"Jalan Rambutan nomor 17, Sidomulyo Timur, Markoyan Damai, Kota Pekanbaru",081371568153,yendriz@yahoo.com,riauraya.tv,Terverifikasi Administratif dan Faktual,2023-12-11
RJNews.id,Siber,Sri Rahayu Ningsih,Sri Rahayu Ningsih,Portal Media Digital,Jambi,Jl. Tidore N0 48 RT 24 Kel. Kebun Handil Kec. Jelutung,081178779977,redaksirjnews@gmail.com,https://rjnews.id/,Terverifikasi Administratif dan Faktual,2023-12-11
anambasnews.com,Siber,Erwin Prasetio,Erwin Prasetio,Media Kaatib Pratama,Kepulauan Riau,"Jl. Kartini RT02/ RW01, Kelurahan Tarempa, Kecamatan Siantan",081267359616,redaksi.anambasnews@gmail.com,anambasnews.com,Terverifikasi Administratif,2023-12-11
poroskalimantan.com,Siber,Fahriadi Nur,Fahriadi Nur,Media Poros Banuakita,Kalimantan Selatan,"Jl. Jafri Zam Zam, Perumahan Shafwah Al Jafri No 01 RT 13 RW 03",081351205145,mediaporosbanuakita@gmail.com,www.poroskalimantan.com,Terverifikasi Administratif,2023-11-27
TRANS7,Televisi,Manyus,Manyus,Duta Visual Nusantara Tivi Tujuh,DKI Jakarta,"Menara Bank Mega, Jl. Kapten P. Tendean Kav.12-14A, Kelurahan Mampang Prapatan, Kecamatan Mampang Prapatan",021-79177000,magz.trans7@gmail.com,www.trans7.co.id,Terverifikasi Administratif dan Faktual,2023-11-10
Titikkata.id,Siber,Muhammad Izzul Mutho,Muhammad Izzul Mutho,Titik Raharja Media,Banten,"Ruko The Savia Blok C1/9, Ciater, Serpong, Tangerang Selatan",082122116505 / 02155699942,redaksi@titikkata.co.id,https://titikkata.com/ https://titikkata.id/,Terverifikasi Administratif dan Faktual,2023-11-10
gemapos.id,Siber,Edy Asri,Edy Asri,Genta Media Alternatif,DKI Jakarta,Jalan Utan Kayu Raya No 68H,0811 1 931774,redaksi@gemapos.id,www.gemapos.id,Terverifikasi Administratif dan Faktual,2023-10-31
Kabar Aceh,Cetak,Arsadi Laksamana,Arsadi Laksamana,KABAR ACEH MANDIRI,Aceh,"Jl. Mujur No.43 Desa Lamlagang, Kecamatan Banda Raya, Kota Banda Aceh",081376133026,kabar_aceh@yahoo.com,-,Terverifikasi Administratif dan Faktual,2023-10-31
Riau Pos,Cetak,Firman agus,Firman agus,Riau Pos Intermedia,Riau,Gedung Graha Pena Riau Jl. HR Subrantas KM 10.5 KM 10.5 RT 002 RW 012 Kel Sidomulyo Barat Kec Tuah Madani,(0761) 64633,redaksi@riaupos.co,www.riaupos.co,Terverifikasi Administratif dan Faktual,2023-10-31
Tribun Kaltim,Cetak,Sumarsono,Sumarsono,Mahakam Media Grafika,Kalimantan Timur,"Jl. Indrakilla Straat III Dalam RT. 52 No. 1 Kampung Timur, Balikpapan 76125",0542441190,redaksi@tribunkaltim.co.id,www.tribunkaltim.co,Terverifikasi Administratif dan Faktual,2023-10-31
,"Cetak
Radio
Televisi
Siber",,,,,,,,,,
suarasurabaya.net,Siber,Eddy Prastyo,Eddy Prastyo,Radio Fiskaria Jaya Suara Surabaya,Jawa Timur,Jalan Raya Bukit Darmo No. 22-24 Surabaya,0315683040,gassfm.100@gmail.com,WWW.SUARASURABAYA.NET,Terverifikasi Administratif dan Faktual,2023-10-31
Metropolitan.id,Siber,Lucky Lukman Nul Hakim,Lucky Lukman Nul Hakim,Bogor Mediapolitan,Jawa Barat,JL.KHR ABDULLAH BIN M.NUH NO.30 LT.2,+622517539503,mediapolitanbogor@gmail.com,METROPOLITAN.ID,Terverifikasi Administratif dan Faktual,2023-10-31
Farah.id,Siber,Tuahta Arief G,Tuahta Arief G,Farah Media Utama,DKI Jakarta,"Priamanaya Building, Jl. Proklamasai no.53  Rt. 11/Rw. 02, Menteng Jakarta Pusat",021-2997177,redaksifarah@gmail.com,www.farah.id,Terverifikasi Administratif dan Faktual,2023-10-31
radarsuara.com,Siber,Nadia Yuliana,Nadia Yuliana,Radar Suara Indonesia,Jawa Barat,Ruko Transcyber No.5 Jl. Raya Kalimulya,021-77837706,radarsuaraindonesia@gmail.com,https://www.radarsuara.com/,Terverifikasi Administratif dan Faktual,2023-10-31
Lingkar,Cetak,Joko Susanto,Joko Susanto,Lingkar Madani Pers,Jawa Tengah,Jl. Dr Wahidin No. 2 Pati Lor Kec. Kota Pati Kab. Pati Jawa Tengah Indonesia,(0295) 4105489,lingkarmadani44@gmail.com,"www.lingkar,news",Terverifikasi Administratif dan Faktual,2023-10-31
indoposco.id,Siber,Ali Rachman,Ali Rachman,Indonesia Digital Pos,DKI Jakarta,"Jl. Raya Kby. Lama No.18, RT.3/RW.1, Grogol Utara, Kec. Kby. Lama, Kota Jakarta Selatan, Daerah Khusus Ibukota Jakarta",021-53666377 & HP 081319405881,uploader.indopos@gmail.com,www.indoposco.id,Terverifikasi Administratif dan Faktual,2023-10-31
idxchannel.com,Siber,Masirom,Masirom,Tivi Bursa Indonesia,DKI Jakarta,"Gedung Bursa Efek Indonesia Tower II Lt. 1, Jl. Jenderal. Sudirman kav. 52-53, rt.5/rw.3, Senayan, Kebayoran Baru, Jakarta Selatan, Daerah Khusus Ibukota Jakarta 12190",0215150515,officialidxchannel@gmail.com,https://www.idxchannel.com/,Terverifikasi Administratif dan Faktual,2023-10-31
Kalimantanpost.com,Siber,Sunarti,Sunarti,Kalpost Media Online,Kalimantan Selatan,"JL. DI Panjaitan No. 67 RT. 22 RW. 01 Kelurahan Pasar Lama, Kecamatan Banjarmasin Tengah",0511 4365853,kalpost.media@gmail.com,www.kalimantanpost.com,Terverifikasi Administratif dan Faktual,2023-10-31
sinarfakta.com,Siber,Yulianda Gustiarsyah,Yulianda Gustiarsyah,Media Loren Bersinar,Bengkulu,"Jalan Pepaya 1, RT 017, RW 004, Kelurahan Bumi Ayu, Kecamatan Selebar",081368594774,sunandarfitrah@gmail.com,sinarfakta.com,Terverifikasi Administratif,2023-10-24
flamboyannews.com,Siber,Ujang Martin Adi Putra,Ujang Martin Adi Putra,Flamboyan Jaya Abadi,Bengkulu,"Jalan Nakau Raya No 21 A RT 26 Rw 06 Surabaya Kecamatan. Sungai Serut Kota Bengkulu. 38119, Provinsi Bengkulu",085377777687,newsflamboyan22@gmail.com,"Jalan Nakau Raya No 21 A RT 26 Rw 06 Surabaya Kecamatan. Sungai Serut Kota Bengkulu. 38119, Provinsi Bengkulu",Terverifikasi Administratif,2023-10-16
,"Cetak
Radio
Televisi
Siber",,,,,,,,,,
insidepontianak.com,Siber,Wati Susilawati,Wati Susilawati,Pontianak Media Sejahtera,Kalimantan Barat,www.insidepontianak.com,081345017000,redaksiinside2@gmail.com,https://insidepontianak.com,Terverifikasi Administratif dan Faktual,2023-09-29
Media Asuransi Indonesia,Cetak,Achmad Aris,Achmad Aris,Media Asuransi Indonesia,DKI Jakarta,"Jl. KH Wahid Hasyim 12 G, Lantai 3",021-3910197,editor@mediaasuransinews.co.id,www.mediaasuransinews.co.id,Terverifikasi Administratif dan Faktual,2023-09-29
FA News,Cetak,Tarmilin Usman,Tarmilin Usman,Foredi Akzara Media,Aceh,"Jalan Tengku Meurandeh Gampong Lamcot Kecamatan Darul Imarah Kabupaten Aceh Besar, Provinsi Aceh.",085260115666,zulfanews03@gmail.com,fanews.id,Terverifikasi Administratif dan Faktual,2023-09-29
busam.id,Siber,Tri wahyuni,Tri wahyuni,Busam Media Digital,Kalimantan Timur,"Jl. Wahid Hasyim No. 17B Rt. 13 Kelurahan Sempaja Selatan, Kecamatan Samarinda Utara",05417805156,ptbusammediadigital@gmail.com,www.busam.id,Terverifikasi Administratif dan Faktual,2023-09-29
Kontan.co.id,Siber,Ardian Taufik Gesuri,Ardian Taufik Gesuri,Grahanusa Mediatama,DKI Jakarta,"Gedung Kompas Gramedia lantai 3 unit 2, Jalan Palmerah Selatan No. 20-28 Jakarta Pusat, DKI Jakarta 10270",02150899755,indradie@gmail.com,https://www.kontan.co.id,Terverifikasi Administratif dan Faktual,2023-09-06
Bithe.co,Siber,Muhammad Nazar Ahadi,Muhammad Nazar Ahadi,PT Bithei Media Bersama,Aceh,"Jalan Tgk Dihaji, No. 025, Gampong Lamdingin, Kecamatan Kuta Alam",085297936933,redaksibithe@gmail.com,www.bithe.co,Terverifikasi Administratif dan Faktual,2023-09-06
WahanaNews.co,Siber,Hendrik Isnaini Raseukiy,Hendrik Isnaini Raseukiy,Wahana Karunia Media,DKI Jakarta,"Jl. Warung Buncit Raya No. 10 B, Pejaten Barat, Pasar Minggu, Jakarta Selatan, Provinsi DKI Jakarta",08118302234,redaksi@wahananews.co,www.wahananews.co,Terverifikasi Administratif dan Faktual,2023-09-06
Beritajateng.tv,Siber,Ricky Fitriyanto,Ricky Fitriyanto,Jateng Siber Media,Jawa Tengah,"Ruko Peterongan Plaza, Blok B No.8 Lt.2, Jl. MT. Haryono, Kota Semarang 50242",082133480322,beritajatengtv.tv@gmail.com,https://beritajateng.tv/,Terverifikasi Administratif dan Faktual,2023-09-06
tribunsumsel.com,Siber,Yudie Thirzano,Yudie Thirzano,Tribun Digital Online,Sumatera Selatan,Jl. Alamsyah Ratu Prawira Negara No.120 RT.052 Rw.016 Ilir Barat I Palembang 30139,0711-444722,jili87_nangin@yahoo.com,www.tribunsumsel.com,Terverifikasi Administratif dan Faktual,2023-09-04
CNN Indonesia,Televisi,Titin Rosmasari,Titin Rosmasari,Trans News Corpora,DKI Jakarta,"Gedung Transmedia Lt.3, Jl. Kapten P. Tendean Kav.12 14A, RT.02/02, Mampang Prapatan, Jakarta",(021) 79177000,public.relations@cnn.id,http://cnnindonesia.com,Terverifikasi Administratif dan Faktual,2023-08-30
,"Cetak
Radio
Televisi
Siber",,,,,,,,,,
Batu TV,Televisi,Yacob Bastian Elbash,Yacob Bastian Elbash,Batu TV,Jawa Timur,Jl. Sumber Darmi RT.03 RW.10 Dresel Oro Oro Ombo  Kecamatan Batu Kota Batu,0341-512333,redaksi.batutv@gmail.com,batutelevisi.com,Terverifikasi Administratif dan Faktual,2023-08-30
Tribun Batam,Cetak,Harismanto,Harismanto,Tribun media grafika,Kepulauan Riau,"Komplek MCP Jl. Kerapu  kelurahan tanjung sengkuang kec.Batu Ampar, Batam Kepulauan Riau,",(0778) 414326,redaksi@tribunnewsbatam.com,tribunbatam.id,Terverifikasi Administratif,2023-08-30
nuansabengkulu.com,Siber,Sarman Sahuding,Sarman Sahuding,Media Ternama Jaya,Bengkulu,"Jalan Mayor Salim Batu Bara RT 03 RW 01 Kelurahan Kebun Roos Kecamatan Teluk Segara, Kota Bengkulu.",082279273253,nuansabengkulu@gmail.com,https://nuansabengkulu.com,Terverifikasi Administratif,2023-08-30
putraindonews.com,Siber,Sudin Antoro,Sudin Antoro,Putraindo Media Tama,DKI Jakarta,"Jl. Samudra No 21 RT 007 RW 001 Kelurahan Cipulir, Kecamatan Kebayoran Lama - Jakarta Selatan 12230",081291895757,putraindo.mt@gmail.com,www.putraindonews.com,Terverifikasi Administratif dan Faktual,2023-08-30
Majalah Keadilan,Cetak,Tubagus Adhi,Tubagus Adhi,Mahkamah Keadilan Indonesia,DKI Jakarta,"Komp. MGK Mall, Kanto Mal E-16, Jalan Angkasa Kav. B-6, Kota Baru Bandar Kemayoran",08111706969,redaksi@keadilan.id,keadilan.id & keadilan.co.id (e-magazines),Terverifikasi Administratif dan Faktual,2023-08-30
TRANS TV,Televisi,Shanta Curanggana,Shanta Curanggana,Televisi Transformasi Indonesia,DKI Jakarta,"Gedung Transmedia, Jalan Kapten P. Tendean Kav. 12-14a, Kelurahan Mampang Prapatan, Kecamatan Mampang Prapatan",021-79177000/ 082308239532,legaltranstv@gmail.com,www.transtv.co.id,Terverifikasi Administratif dan Faktual,2023-08-30
analisjurnal.com,Siber,Chandra Hadinata,Chandra Hadinata,Analis Jurnal Bengkulu,Bengkulu,"Jalan Lintas Barat Sumatera, Dusun II, Desa Air Padang, Kecamatan Lais",081278858888,analisjurnal7@gmail.com,https://analisjurnal.com/,Terverifikasi Administratif,2023-08-30
Ulasan.co,Siber,Mohammad Rakhmat,Mohammad Rakhmat,Inspirasi Rakyat Kepri,Kepulauan Riau,"Jl. D. I. Pandjaitan KM VII No 8A RT 001/ RW 005 Kel. Melayu Kota Piring, Kec. Tanjungpinang Timur",0822-8350-5594,ulasandotco@gmail.com,www.ulasan.co,Terverifikasi Administratif dan Faktual,2023-08-15
herald.id,Siber,Alief Sappewali,Alief Sappewali,Herald Indonesia Media,Sulawesi Selatan,"D&M Building, 4th Floor, Jln. Hertasning Raya, Makassar 90246, South Sulawesi",085825123465,heraldindonesia@gmail.com,herald.id,Terverifikasi Administratif dan Faktual,2023-08-15
Tatler Indonesia,Cetak,Ivan Syahruna Lubis,Ivan Syahruna Lubis,Mobiliari Stephindo,DKI Jakarta,"Komplek Majapahit Permai Blok C/21, Jl. Majapahit No.18, RT.14 / RW.08, Petojo Selatan, Gambir, Jakarta Pusat 10160",0213520342,info.mobiliari@mobiliarigroup.com,https://mobiliarigroup.com/,Terverifikasi Administratif,2023-08-08
,"Cetak
Radio
Televisi
Siber",,,,,,,,,,
Radar Kepahiang,Cetak,Candra Hadinata,Candra Hadinata,Wahana Semesta Radar Kepahiang,Bengkulu,"Jalan Lintas Kepahiang - Curup, Desa Karang Anyar Dusun I, Kecamatan Kepahiang, Kabupaten kepahiang, Provinsi Bengkulu",(0732) 391328,radakepahiang@yahoo.co.id,radarkepahiang.id,Terverifikasi Administratif dan Faktual,2023-08-02
diksimerdeka.com,Siber,I Gusti Ngurah Dibia,I Gusti Ngurah Dibia,Diksi Merdeka Nusantara,Bali,"Jl. Pudak, No. 1, Sumerta Kauh, Denpasar Timur",085720758181,diksimerdeka@gmail.com,www.diksimerdeka.com,Terverifikasi Administratif dan Faktual,2023-08-02
ISBCenter.com,Siber,Endrizal,Endrizal,Indarmen Syukur Bengkulu Media Group,Bengkulu,Jalan Perum. Green View Blok D No. 7 Rt.006 Rw.003 Kel. Betungan Kec. Selebar,081273360600,Isbcenter73@gmail.com,https://www.isbcenter.com/,Terverifikasi Administratif dan Faktual,2023-08-02
harapanrakyat.com,Siber,Rizal Maulana Malik,Rizal Maulana Malik,Harapan Rakyat Media,Jawa Barat,"Jl. Kapten Jamhur No. 2 Mekarsari Kota Banjar, Jawa Barat",081323544544,redaksi.hronline@gmail.com,https://www.harapanrakyat.com/,Terverifikasi Administratif dan Faktual,2023-08-02
Malang Posco Media,Cetak,Abdul Khalim,Abdul Khalim,Malang Pos Siber,Jawa Timur,Jl. Jembawan VII No. 8 Sawojajar II Blok 3F Malang,(0341)3029122,malangposcomedia@gmail.com,malangposcomedia.id,Terverifikasi Administratif dan Faktual,2023-08-01
Malangposcomedia.id,Siber,Abdul Khalim,Abdul Khalim,Malang Pos Siber,Jawa Timur,Jl. Jembawan VII No. 8 Sawojajar II Blok 3F Malang,(0341)3029122,admin@malangposcomedia.id,www.malangposcomedia.id,Terverifikasi Administratif dan Faktual,2023-08-01
Rilisid Lampung,Cetak,Ade Yunarso,Ade Yunarso,Sahabat Pena Media,Lampung,"Jl. Sisingamangaraja Kel. Kelapa Tiga Permai, Kec. Tanjungkarang Barat",081273369990,rilisidlampung@gmail.com,,Terverifikasi Administratif dan Faktual,2023-07-22
kaltara.tribunnews.com,Siber,Samir,Samir,Tribun Digital Nusantara,Kalimantan Utara,Jalan jelarai handal RT. 46 RW. 17 No. 1 kelurahan tanjung selor hilir kecamatan tanjung selor kabupaten bulungan,0552000000,redaksi.tribunkaltara@gmail.com,https://kaltara.tribunnews.com/redaksi,Terverifikasi Administratif dan Faktual,2023-07-22
Tribun Pontianak,Cetak,Febby Mahendra Putra,Febby Mahendra Putra,Kapuas Media Grafika,Kalimantan Barat,"Jl. Sungai Raya Dalam No. 24 A, RT.006/RW.001 Desa Sungai Raya, Kec. Sungai Raya",0561725599,redaksi.tribunpontianak08@gmail.com,https://pontianak.tribunnews.com/,Terverifikasi Administratif dan Faktual,2023-07-22
Kabarpas.com,Siber,Zainul Arifin,Zainul Arifin,Media Masyah Publika,Jawa Timur,Jalan Halmaherah XI Gadingrejo Kota Pasuruan,082229390001,redaksikabarpas@gmail.com,www.kabarpas.com,Terverifikasi Administratif dan Faktual,2023-07-10
,"Cetak
Radio
Televisi
Siber",,,,,,,,,,
mejaredaksi.co.id,Siber,Kurnia Syaifullah,Kurnia Syaifullah,Meja Bina Sejahtera,Kepulauan Riau,"Jl. D.I Panjaitan, Komplek Bintan Center KM 9 - Blok C, Lt 3 No 56",081364161208,redaksi.meja@gmail.com,https://mejaredaksi.co.id,Terverifikasi Administratif,2023-07-10
Bolasport.com,Siber,Taufik Batubara,Taufik Batubara,Prima Infosarana Media,DKI Jakarta,Jl. Gelora VII No. 2,(021) 5309696,redaksibolasport@gridnetwork.id,Bolasport.com,Terverifikasi Administratif dan Faktual,2023-07-10
mcwnews.com,Siber,Sevianto Pakiding,Sevianto Pakiding,Karangan Intermedia Nasional,Bali,"Jl. Hangtuah, Gg. Merdu Komala No. 1A, Sanur",081338670005,redaksimcw@gmail.com,www.mcwnews.com,Terverifikasi Administratif dan Faktual,2023-07-10
kompas.com,Siber,anton wisnu nugroho,Anton Wisnu Nugroho,Kompas Cyber Media,DKI Jakarta,Gedung Kompas Gramedia Unit 2 Lt.5 Jl. Palmerah Selatan no.22-28 Jakarta Pusat,021 53699200,redaksikcm@kompas.com,www.kompas.com,Terverifikasi Administratif dan Faktual,2023-07-10
blok-a.com,Siber,Sugeng Prayitno,Sugeng Prayitno,Berana Rajni Anta Sejahtera,Jawa Timur,Jl. MT Haryono 1A Ruko Istana Dinoyo Blok B6 Kota Malang,081357333325,beranarajniantasejahtera@gmail.com,blok-a.com,Terverifikasi Administratif dan Faktual,2023-06-06
TribunPadang.com,Siber,Emil Mahmud,Emil Mahmud,Padang Media Grafika,Sumatera Barat,"Jl. Dr. Sutomo No.53b, RT.03RW/RW.06 Kel, Simpang Haru, Kec. Padang Timur, Kota Padang, Sumatera Barat 25147",081272907747,redtribunpadang.com@gmail.com,padang.tribunnews.com,Terverifikasi Administratif dan Faktual,2023-05-26
TribunAmbon.com,Siber,Omdsmy Novemy Leo,Omdsmy Novemy Leo,Tribun Digital Maluku,Maluku,"Jl. Jend. Sudirman, RT002/RW005, Kel. Pandan Kasturi, Kec. Sirimau, Kota Ambon, Provinsi Maluku",082324651876,l2021tambon@gmail.com,https://ambon.tribunnews.com/,Terverifikasi Administratif dan Faktual,2023-05-26
radarbanjarmasin.jawapos.com,Siber,Muhammad Syarafuddin,Muhammad Syarafuddin,Duta Banua Banjar,Kalimantan Selatan,"Jalan  A Yani km 26,900 Landasan Ulin",0511-4706151,redaksi@radarbanjarmasin.co.id,radarbanjarmasin.jawapos.com,Terverifikasi Administratif dan Faktual,2023-05-16
realitapost.com,Siber,Dian Marfani,Dian Marfani,Realita Media Jaya,Bengkulu,Jalan M Hasan RT 4 RW 2 Kelurahan Pasar Baru Kecamatan Teluk Segara Kota Bengkulu Provinsi Bengkulu,082376262373,Realitapost@gmail.com,http://www.realitapost.com/,Terverifikasi Administratif dan Faktual,2023-05-11
Tribunbengkulu.com,Siber,Deddy Rachmawan,Deddy Rachmawan,Tribun Digital Bengkulu,Bengkulu,Oase Park Jalan Letkol. Santoso No.31 Kelurahan Pasar Melintang Kecamatan Teluk Segara,082371895838,tribunbengkulu31@gmail.com,https://bengkulu.tribunnews.com/,Terverifikasi Administratif dan Faktual,2023-05-11
,"Cetak
Radio
Televisi
Siber",,,,,,,,,,
Ketik.co.id,Siber,Sudirman,Sudirman,Ketik Media Siber,Jawa Timur,Ruko Jemursari Jl. Jemursari 76 Blok D No. 3 - 4 Surabaya,031-99848102,redaksi@ketik.co.id,https://ketik.co.id/,Terverifikasi Administratif dan Faktual,2023-05-11
ayopalembang.com,Siber,Rahim Asyik Fajar A,RM Solehin,Ayo Media Network,Sumatera Selatan,"Jl. Letkol Ardian, Perum. Nuansa Dago Blok D No.1",07115713277,redaksi.ayopalembang@gmail.com,https://www.ayopalembang.com/,Terverifikasi Administratif dan Faktual,2023-05-11
sinarperbatasan.com,Siber,Alfiana,Alfiana,Aufa Sinar Perbatasan Indonesia,Kepulauan Riau,"Jalan H. Adam Malik (Padang Tulung) RT 003/RW 004, Kelurahan Bandarsyah, Kecamatan Bunguran Timur",082389820222,aufa.sinarperbatasan@gmail.com,sinarperbatasan.com,Terverifikasi Administratif dan Faktual,2023-05-05
Kontan,Cetak,Ardian Taufik Gesuri,Ardian Taufik Gesuri,Grahanusa Mediatama,DKI Jakarta,"Gedung Kompas Gramedia, Lt.3 Unit 2, Jalan Palmerah Selatan No. 20-28, Jakarta, 10270",(021) 50899755,red@kontan.co.id,www.kontan.co.id,Terverifikasi Administratif dan Faktual,2023-05-05
j5newsroom.com,Siber,Saibansah Dardani,Saibansah Dardani,Jlima Newsroom Indonesia,Kepulauan Riau,Perum Nusa Jaya Blok J No. 5 Sungai Panas Batam,082171208791,jlimanewsroom@gmail.com,https://j5newsroom.com/,Terverifikasi Administratif dan Faktual,2023-05-05
Indonesiapost.net,Siber,Voucke Lontaan,Voucke Lontaan,Megatama Jaya Press,Sulawesi Utara,"Jln. TNI, RT/RW : 003/004, Kelurahan Kotamobagu, Kecamatan Kotamobagu Barat, Kota Kotamobagu.",085341880084,indonesiapost2021@gmail.com / kotamobaguonline@gmail.com,indonesiapost.net,Terverifikasi Administratif,2023-04-18
transkepri.com,Siber,Rinaldy Samjaya,Rinaldy Samjaya,Trans Kepri Media,Kepulauan Riau,"Ruko Cahaya Garden, Blok D 19, Kelurahan Sadai, Kecamatan Bengkong, Batam    Provinsi Kepulauan Riau",081378598243,transkepri@gmail.com,www.transkepri.com,Terverifikasi Administratif dan Faktual,2023-04-04
radarinformasinews.com,Siber,Syariah Muhammadin,Syariah Muhammadin,Radar Informasi News,Bengkulu,"Jalan Cimanuk, Gang Ujang, RT 02, RW 01 Kelurahan Jalan Gedang, Kecamatan Gading Cempaka",085273228848,rinews1221@gmail.com,https://radarinformasinews.com/,Terverifikasi Administratif dan Faktual,2023-04-03
ipol.id,Siber,Wilson B. Lumi,Wilson B. Lumi,Azelvi Media Digital,Banten,"Jalan Cirendeu Raya No 32 A RT 05/06, Ciputat Timur",02127813696,azelvimediadigital@gmail.com,https://ipol.id,Terverifikasi Administratif dan Faktual,2023-04-03
mimbaronline.com,Siber,Husni Lubis,Husni Lubis,Penerbitan Media Mimbar,Sumatera Utara,Jalan Tuba IV No. 50 Kecamatan Medan Denai,0811627812,redaksimimbaronline@gmail.com,mimbaronline.com,Terverifikasi Administratif dan Faktual,2023-03-31
,"Cetak
Radio
Televisi
Siber",,,,,,,,,,
Indo-news.id,Siber,Gunady Mondo,Gunady Mondo,Virzha Nusantara Informasi,Sulawesi Utara,"Jln. Ap. Mokoginta, Lingkungan III ,RT 05, Kelurahan Upai, Kecamatan Kotamobagu Utara, Kota Kotamobagu, Sulawesi Utara",081243980959,dadeputong13@yahoo.com,Indo-news.id,Terverifikasi Administratif,2023-03-30
diskursusnetwork.com,Siber,Kabul Indrawan,Kabul Indrawan,Basawi Genera Inkorpora,DKI Jakarta,"Jl. Pejaten Raya No.Kav. 7, RT.7/RW.5, Pejaten Barat, Pasar Minggu, Kota Adm. Jakarta Selatan, Daerah Khusus Ibukota Jakarta 12510",081295370992,diskursusnetwork@gmail.com,www.diskursusnetwork.com,Terverifikasi Administratif dan Faktual,2023-03-29
Beritakita1.click,Siber,Hery Gunawan,Hery Gunawan,Sekundang Media Siber,Bengkulu,"Jalan Kalibrantas No. 02, RT 009, RW 003 Kel. Padang Harapan, Kec. Gading Cempaka",082324242473,beritakita1click@gmail.com,https://beritakita1.click/,Terverifikasi Administratif dan Faktual,2023-03-29
Solusi-news.com,Siber,SY. Sopian Efendi,SY. Sopian Efendi,Media Solusi Berita,Bengkulu,Jl Kalibrantas No 02 RT 09 RW 03 Kel. Padang Harapan Kec. Gading Cempaka,085335353584,solusinewsclick@gmail.com,https://www.solusi-news.com/,Terverifikasi Administratif dan Faktual,2023-03-29
nu.or.id,Siber,Ivan Aulia Ahsan,Ivan Aulia Ahsan,Visi Berkah Bangsa,DKI Jakarta,"NU Online, Gedung PBNU lantai 5 Jalan Kramat Raya No. 164 Jakarta Pusat",021-3914013,info@vbb.co.id,https://www.nu.or.id/,Terverifikasi Administratif dan Faktual,2023-03-15
Metro TV,Televisi,Nunung Setiyani,Nunung Setiyani,Media Televisi Indonesia,DKI Jakarta,"Jl Pilar Mas Raya Kav. A-D, Kedoya -Kebon Jeruk Jakarta 11520",021-5830 0077,info.redaksi.@metrotvnews.com,www.mediagroupnetwork.com,Terverifikasi Administratif dan Faktual,2023-03-01
krjogja.com,Siber,Octo Lampito,Octo Lampito,Badan Penerbit  Kedaulatan Rakyat,DI Yogyakarta,Jalan Margo Utomo 40 - 42 Gowongan Jetis Yogyakarta 55232,0274-565685,krjogjadotcom@gmail.com,www.krjogja.com,Terverifikasi Administratif dan Faktual,2023-03-01
kuasa.net,Siber,Ramon D Wowor,Ramon D Wowor,Migi Media Utama,Sulawesi Utara,"Jl. Teuku Umar No.16 RW04, RT08, Kelurahan Motoboi Besar, Kota Kotamobagu, Sulut.",0434-2601775 / 081281080812,gilalomirgi@gmail.com,www.kuasa.net,Terverifikasi Administratif,2023-02-24
betv.disway.id,Siber,Edwin Syahputra,Edwin Syahputra,Bengkulu Ekspress Televisi Online,Bengkulu,Jl. Jati Nomor 129 Simpang Skip Kota Bengkulu,0736348611,betelevisi.online@gmail.com,http://betv.disway.id,Terverifikasi Administratif dan Faktual,2023-02-10
Radio Sonora,Radio,Suroto,Suroto,Radio Sonora,DKI Jakarta,"Gedung Perintis Lantai 5, JL. Kebahagiaan, No 4-14, RT.1/RW.1, Krukut, Kec. Taman Sari, Kota Jakarta Barat, Daerah Khusus Ibukota Jakarta 11830",(021) 6335450,lukas.pramudita@kgradionetwork.com,http://www.sonora.co.id/,Terverifikasi Administratif dan Faktual,2023-02-10
,"Cetak
Radio
Televisi
Siber",,,,,,,,,,
Matakalteng.com,Siber,H Sutransyah,H Sutransyah,RAJA DIGITAL MEDIA,Kalimantan Tengah,"Jl. Bumi Raya I, Perum. Zahrana, RT.01/RW.01, Kel. Baamang Barat, Kec. Baamang, Sampit",082154558632,beritamatakalteng@gmail.com,www.matakalteng.com,Terverifikasi Administratif dan Faktual,2023-01-31
kutipan.co,Siber,Kasmadi,Kasmadi,Tri Global Kutipan,Kepulauan Riau,"Kawasan Stasiun TVRI, Jalan Merak III, Desa Tanjung Harapan, Kecamatan Singkep – Kabupaten Lingga – Kepulauan Riau",081177766444,kutipan.co@gmail.com,kutipan.co,Terverifikasi Administratif dan Faktual,2023-01-31
lensanusantara.co.id,Siber,Megi Alfajrin,Megi Alfajrin,Lensa Nusantara Multimedia,Jawa Timur,Jalan Kawah Ijen NO. 26,082335423999,arikkurniawan663@gmail.com,https://lensanusantara.co.id/,Terverifikasi Administratif dan Faktual,2023-01-31
Majalah Aula,Cetak,M Subhan,M Subhan,Aula Media Nahdlatul Ulama,Jawa Timur,Jl. Masjid Al-Akbar Timur No.9 Surabaya,0318250091,redaksiaula@gmail.com,majalahaula.id,Terverifikasi Administratif dan Faktual,2023-01-31
Jernih.id,Siber,Wisman Wazir,Wisman Wazir,Jernih Indoenesia Multimedia,Jambi,"Jl. Gang Solo II, RT 37, No.29, Kel. Simpang IV Sipin, Kec. Telanaipura, Kota Jambi",081271328482,jernihindonesia1@gmail.com,https://www.jernih.id/,Terverifikasi Administratif dan Faktual,2023-01-31
dialogindonesia.com,Siber,Adhijaya Prasetyo,Adhijaya Prasetyo,Dialog Indonesia Media,Jawa Barat,"JL. Kalitanjung No 40, Kelurahan Harjamukti Kecamatan Harjamukti. Kota Cirebon",087822978585,dialogindonesiamedia@gmail.com,dialogindonesia.com,Terverifikasi Administratif dan Faktual,2023-01-31
Bolmong.news,Siber,Agustinus Hari,Agustinus Hari,Bolmong Utama Pers,Sulawesi Utara,"Jl. A .P. Mokoginta No. 100 Kelurahan Upai, Kec. Kotamobagu Utara- Kota Kotamobagu",0852-9973-1981,erwinmakalunsenge.kotamobagu@gmail.com,https://bolmong.news/,Terverifikasi Administratif,2023-01-26
vnews.click,Siber,Azli Rais Anduspil,Azli Rais Anduspil,Bintan Jaya Media,Kepulauan Riau,Jalan Sultan Sulaiman No.1 Kelurahan Kampung Bulang Kecamatan Tanjungpinang Timur Kota Tanjungpinang Provinsi Kepulauan Riau,082238219900,red.vnews@gmail.com,www.vnews.click,Terverifikasi Administratif dan Faktual,2023-01-13
mediasatunews.com,Siber,Muhammad Hamzah,Muhammad Hamzah,Aceh Karya Media,Aceh,Jln. Mujahidin II No. 3 Desa Lambaro Skep Kecamatan Kuta Alam Kota Banda Aceh,0811603538,mediasaturedaksi@gmail.com,mediasatunews.com,Terverifikasi Administratif dan Faktual,2023-01-13
DetikManado.com,Siber,Yoseph E Ikanubun,Yoseph E Ikanubun,Manado Global Media,Sulawesi Utara,"Puri Manado Permai, Blok CF-12, Kelurahan Bengkol, Kecamatan Mapanget, Kota Manado, Propinsi Sulawesi Utara",082195108686,detikmanado@gmail.com,www.detikmanado.com,Terverifikasi Administratif dan Faktual,2023-01-12
,"Cetak
Radio
Televisi
Siber",,,,,,,,,,
Tribun Jateng,Cetak,Ibnu Taufik Juwariyanto,Ibnu Taufik Juwariyanto,Warta Media Nusantara,Jawa Tengah,"JL Menteri Supeno No 30, Mugassari, Semarang Selatan",0248455959,redaksi.tribunjateng@gmail.com,www.tribunjateng.com,Terverifikasi Administratif dan Faktual,2023-01-12
Detiksumsel.com,Siber,Edi Triono,Edi Triono,Numa Global Media,Sumatera Selatan,Jl. Kapten A. Rivai No.263 Kel. 26 Ilir D1 Kec. Ilir Barat 1,07115716840,detiksumselku@gmail.com,https://www.detiksumsel.com/,Terverifikasi Administratif dan Faktual,2023-01-12
Bali TV,Televisi,I Made Sueca,I Made Sueca,Bali Ranadha Televisi,Bali,Jl Kebo Iwa no. 63a denpasar barat,427372,redaksi@balitv.tv,www.balitv.tv,Terverifikasi Administratif dan Faktual,2023-01-12
mycity.co.id,Siber,Idrus Fahmi Shahab,Idrus Fahmi Shahab,Yes Media Group,DKI Jakarta,"Jl. Jambore Blok V1 No.4 RT.6/RW.11, Cibubur, Ciracas, Jakarta Timur, Jakarta",0811111214,mycity.co.id@gmail.com,https://mycity.co.id/,Terverifikasi Administratif dan Faktual,2023-01-12
Beritakepri.id,Siber,Dedi,Dedi,Baginda Inti Media,Kepulauan Riau,"Perumahaan Taman Bukit Asri Blok C No.33 RT.002/ RW. 003 Kelurahan Batu IX,Kecamatan Tanjungpinang Timur, Kota Tanjungpinang, Kepulauan Riau.",081372094056,redaksiberitakepri@gmail.com,www.beritakepri.id,Terverifikasi Administratif,2023-01-09
tribunpontianak.co.id,Siber,Febby Mahendra Putra,Febby Mahendra Putra,Kapuas Media Grafika,Kalimantan Barat,"Jl. Sungai Raya Dalam No. 24A, Desa Sungai Raya, Kec. Sungai Raya",0561725588,redaksi.tribunpontianak@gmail.com,https://pontianak.tribunnews.com/,Terverifikasi Administratif dan Faktual,2023-01-04
BSTV,Televisi,Suratman,Suratman,Budi Seruyan Cable Vision,Kalimantan Tengah,Jl. Brigjend Katamso No. 1 Kuala Pembuang 1 RT.05 RW.02,082254994341,budiseruyan09@gmail.com,-,Terverifikasi Administratif dan Faktual,2023-01-02
Mjnews.Id,Siber,Musriadi Musanif,Musriadi Musanif,Milenial Jurnalis Mediatama,Sumatera Barat,"Jalan Lansano Nomor 1 Lolong Belanti, Kecamatan Padang Utara",+6285263195027,mjnews.id@gmail.com,https://www.mjnews.id,Terverifikasi Administratif dan Faktual,2023-01-02
bonepos.com,Siber,A Dedhy Sendhy,A Dedhy Sendhy,Cipta Indomedia Mandiri,Sulawesi Selatan,"Jl. Toddopuli Raya Blok L No.1-2, (Warkop 115 Lt 2) Kelurahan Paropo, Kec. Panakkukang, Kota Makassar, Sulawesi Selatan",088293704085,boneposnews@gmail.com,www.bonepos.com,Terverifikasi Administratif dan Faktual,2022-12-30
Kepriupdate.com,Siber,Parna Edison Simarmata,Parna Edison Simarmata,Kepri Media Nusantara,Kepulauan Riau,Jl.R Suprapto Komplek Pertokoan MKGR Blok Sugandi A No. 1-2 Kibing Batuaji,085364567267,kepriupdatecom@yahoo.com,www.kepriupdate.com,Terverifikasi Administratif,2022-12-30
,"Cetak
Radio
Televisi
Siber",,,,,,,,,,
Baubau post,Cetak,Rahman Ismail,Rahman Ismail,Faren Grafika,Sulawesi Tenggara,"Jl. Raya Palagimata, BTN Palagimata, Blok K-L Nomor 01",081243148182; WA: 085243183606,baubaupostt2019@gmail.com,www.baubaupost.com,Terverifikasi Administratif dan Faktual,2022-12-30
Radar Bandung,Cetak,Fahmi Akbar,Fahmi Akbar,Radar Bandung Intermedia,Jawa Barat,Jl. Ibrahim Adjie No. 95,022-7238058,rdrbdg122020@gmail.com,https://www.radarbandung.id/,Terverifikasi Administratif dan Faktual,2022-12-30
radarbanyumas.disway.id,Siber,Yudhis Fajar Kurniawan,Yudhis Fajar Kurniawan,Wahana Semesta Banyumas,Jawa Tengah,Jl. Soepardjo Rustam No 88 Sokaraja - Banyumas,(0281) 6441267,radarbanyumasnetwork@gmail.com,radarbanyumas.co.id,Terverifikasi Administratif dan Faktual,2022-12-30
jawapos.com,Siber,Dhimas Ginanjar Satria Perdana,Dhimas Ginanjar Satria Perdana,Jawa Pos Group Multimedia,DKI Jakarta,Lantai 10 Graha Pena Jawa Pos,021-53699659,info@jawapos.com,https://jawapos.com,Terverifikasi Administratif dan Faktual,2022-12-30
republika.co.id,Siber,Irfan Junaidi,Irfan Junaidi,Republika Media Mandiri,DKI Jakarta,"Jl. Buncit Raya No. 37 Pejaten Barat, Pasar Minggu, Jakarta Selatan",+6221 7803747,arul@republika.co.id,https://www.republika.co.id/,Terverifikasi Administratif dan Faktual,2022-12-30
kaltengekspres.com,Siber,Hairil Supriadi,Hairil Supriadi,Kalteng Ekspres Prima Mandiri,Kalimantan Tengah,"Jl. Malijo, Pangkalan Bun, Kabupaten Kotawaringin Barat, Provinsi Kalimantan Tengah",081250997986 - (0532) 6611407,redaksike@gmail.com,https://kaltengekspres.com,Terverifikasi Administratif dan Faktual,2022-12-29
inilah.com,Siber,Ghiok Riswoto,Sukarya Wiguna,Indonesia News Center,DKI Jakarta,"Jl. Rimba No.42, RT.7/RW.4, Cipete Utara, Kec. Kby. Baru",(021) 27095509,redaksi@inilah.com,inilah.com,Terverifikasi Administratif dan Faktual,2022-12-29
serayunews.com,Siber,A. Nurkholis,A. Nurkholis,Serayu Digital Media,Jawa Tengah,JL Kinibalu No 44 Cilacap,02825393808,newsserayu@gmail.com,Serayunews.com,Terverifikasi Administratif dan Faktual,2022-12-23
Infokini.news,Siber,Margareth Feybe Lumanauw,Margareth Feybe Lumanauw,Biovio Media Indonesia,Sulawesi Utara,Jln. TG Manoppo RT/RW 003/006. Kelurahan Motoboi Besar. Kecamatan Kotamobagu Timur.,082189209459,newsinfokini@gmail.com,https://infokini.news,Terverifikasi Administratif,2022-12-23
jatim.tribunnews.com,Siber,Mujib Anwar,Tri Mulyono,Tribun Digital Jatim,Jawa Timur,Jl Rungkut Industri III No 68-70 Surabaya,031-8419000,tribunjatimdotcom@gmail.com,https://jatim.tribunnews.com,Terverifikasi Administratif dan Faktual,2022-12-20
,"Cetak
Radio
Televisi
Siber",,,,,,,,,,
Magelang Ekspres,Cetak,Nur Imron Rosadi,Nur Imron Rosadi,Wahana Semesta Magelang,Jawa Tengah,Jl. A. Yani No. 348 Magelang,0293 310846,magelangekspres@gmail.com,www.magelangekspres.com,Terverifikasi Administratif dan Faktual,2022-12-17
oku timur pos,Cetak,Usman,Usman,Citra Ogan Komering Ulu Media,Sumatera Selatan,Jl. Merdeka Rt/Rw 01/01 Kel. Sungai Tuha Jaya,0735482300,okutimurpos@gmail.com,www.okutimurpos.com,Terverifikasi Administratif dan Faktual,2022-12-16
gotvnews.co.id,Siber,Suherlan,Suherlan,Gonet media berkah,Kepulauan Riau,"Jl. Gatot Subroto No. 20, Km. 5 Bawah",085264665599,gonetmedia11@gmail.com,www.gotvnews.co.id,Terverifikasi Administratif dan Faktual,2022-12-16
Radio Azam,Radio,Khairul Amri,Khairul Amri,Radio Azam Mitra Umat,Kepulauan Riau,Jalan Angkasa Bukit Sidomulyo Kecamatan Karimun Kabupaten Karimun,0777324667,radioazamfm@yahoo.com,radioazam.id,Terverifikasi Administratif dan Faktual,2022-12-15
Suara Cirebon,Cetak,Agus Arifin,Agus Arifin,Suara Cirebon Inti Media,Jawa Barat,"Jalan Phyruz I Nomor 4, Perum Taman Kemantren, Kelurahan Kemantren, Kecamatan Sumber",(0231) 8824397 - 085223944430 (WA),suaracirebon01@gmail.com,suaracirebon.com,Terverifikasi Administratif dan Faktual,2022-12-15
gemasulawesi.com,Siber,Ishak Arif Badrun,Ishak Arif Badrun,Gema Sulawesi Media Parigi,Sulawesi Tengah,"Jl Kampali, Kelurahan Kampal, Kecamatan Parigi Kabupaten Parigi Moutong Provinsi Sulawesi Tengah Kode Pos 94471 Contact Office : (0450) 2325678",081342196266/04502325678,gemasulawesionline@gmail.com,gemasulawesi.com,Terverifikasi Administratif dan Faktual,2022-12-15
banjarmasinpost.co.id,Siber,Rachmat Hidayat,Rachmat Hidayat,Grafika Wangi Kalimantan,Kalimantan Selatan,"Gedung Hj Djok Mentaya, Jl AS Musyaffa No16 Banjarmasin, Kalimantan Selatan, 70111",05113354370,redaksi@banjarmasinpost.co.id,www.banjarmasinpost.co.id,Terverifikasi Administratif dan Faktual,2022-12-15
HabaNusantara.net,Siber,Sudirman Mansyur,Sudirman Mansyur,Haba Nusantara Iffatmedia,Aceh,"Jl. Tgk Adee Utama No., Gampong Doy - Kecamatan Ulee Kareng - Banda Aceh",085277956750,redaksihabanusantara@gmail.com,habanusantara.net,Terverifikasi Administratif dan Faktual,2022-12-15
1tulah.com,Siber,Melkianus HE,Melkianus HE,Itulah Media Bersama,Kalimantan Tengah,"Jln. Belakang Stadion No 19 Rt 11 Kelurahan lanjas, Muara Teweh",083143525464,1tulah.website@gmail.com,https://www.1tulah.com,Terverifikasi Administratif dan Faktual,2022-12-15
SSTV,Televisi,Vinsensius,Vinsensius,Media Sampit Televisi,Kalimantan Tengah,Jl. Tidar I No.1 Sampit,0531-32262,sstv43@yahoo.com,sstv.co.id,Terverifikasi Administratif dan Faktual,2022-12-13
,"Cetak
Radio
Televisi
Siber",,,,,,,,,,
sinarpidie.co,Siber,Firdaus,Firdaus,Sinar Media Aksara,Aceh,"Jalan Prof. A. Majid Ibrahim Nomor 13 Sigli-Pidie, Kel. Lampeudeu Baroh",085370136430,sinarpidie@gmail.com,sinarpidie.co,Terverifikasi Administratif dan Faktual,2022-12-12
Koranbanjar.net,Siber,Sandy Firly,Sandy Firly,Media Banjar Grup,Kalimantan Selatan,"Jalan Guntung Manggis No. 106 RT. 13/ RW. 02 Kelurahan Guntung Manggis, Kecamatan Landasan Ulin, Kota Banjarbaru, Provinsi Kalimantan Selatan",081292561237,koranbanjar2@gmail.com,www.koranbanjar.net,Terverifikasi Administratif dan Faktual,2022-12-13
Radar Banyumas,Cetak,Yudhis Fajar Kurniawan,Yudhis Fajar Kurniawan,Wahana Semesta Banyumas,Jawa Tengah,Jl Soepardjo Roestam No 88 Sokaraja Kulon,0281 6441267,radarbanyumas2003@yahoo.com,radarbanyumas.co.id,Terverifikasi Administratif dan Faktual,2022-12-13
Metro Siantar,Cetak,Dame Ambarita,Eva Wahyuni,Siantar Media Pers,Sumatera Utara,Jalan Sangnawaluh Komp. Megaland Blok A No 24,0622-7553511,metrosiantar@yahoo.com,faseberita.id,Terverifikasi Administratif dan Faktual,2022-12-13
kliktimes.com,Siber,Bagus Ary Wicaksono,Bagus Ary Wicaksono,Kaiya Media Legacy,Jawa Timur,Perumahan Griya Shanta Eksekutif Blok M 352,0341 4386812,redaksi@kliktimes.com,www.kliktimes.com,Terverifikasi Administratif dan Faktual,2022-12-13
Matakepri.co.id,Siber,Agus Bagjana,Agus Bagjana,Cakrawala Mata Kepri Media,Kepulauan Riau,"Komplek Pasar Angkasa Blok CC Nomor 3, RT 003, RW 008, Kelurahan Batu Selicin, Kecamatan Lubuk Baja, Kota Batam, Provinsi Kepulauan Riau, Kode Pos 29444",081365383832,redaksimatakepri@gmail.com,www.matakepri.co.id,Terverifikasi Administratif,2022-12-01
Surabaya Pagi,Cetak,"H. Raditya Mohammer Khadaffi, SH.","H. Raditya Mohammer Khadaffi, SH.",Surabaya Sore,Jawa Timur,"Kupang Baru 1 No. 16-18, Sonokwijenan, Sukomanunggal",0317328808,hsurabayapagi@gmail.com,www.surabayapagi.com,Terverifikasi Administratif,2022-12-01
faktakalteng.com,Siber,Bayu Kharisma Nugraha,Bayu Kharisma Nugraha,Jagad Media Perkasa,Kalimantan Tengah,Piere Tendean Kelurahan Kuala Pembuang I Kecamatan Seruyan Hilir,0896-8751-2442/082354675777,hendri.sampit@yahoo.com,https://faktakalteng.com/,Terverifikasi Administratif,2022-12-01
AcehEkspres.com,Siber,T. Haris Fadhillah,T. Haris Fadhillah,Aceh Multimedia Pers,Aceh,"Jalan Nasional Meulaboh-Tapaktuan, Gampong (Desa) Ujong Patihah, Kecamatan Kuala, Kabupaten Nagan Raya",08116818468,redaksiacehekspres@gmail.com,https://acehekspres.com,Terverifikasi Administratif dan Faktual,2022-09-17
beritabersatu.com,Siber,Asdar Palewai,Asdar Palewai,Alim Pratama Intermedia,Sulawesi Selatan,Jl. Persatuan Raya No. 11 Kelurahan Biringere Kecamatan Sinjai Utara,082347776839,redaksiberitabersatu.com@gmail.com,www.beritabersatu.com,Terverifikasi Administratif dan Faktual,2022-09-17
,"Cetak
Radio
Televisi
Siber",,,,,,,,,,
Akurasi.id,Siber,Rachman Wahid,Rachman Wahid,Karya Grafika Kaltim,Kalimantan Timur,Lantai 2 Jalan HM.Ardans No 6 RT 23 Kelurahaan Satimpo Kecamatan Bontang Selatan Kode Pos 75324,081346593393,akurasi2019@gmail.com,www.akurasi.id,Terverifikasi Administratif dan Faktual,2022-09-17
Derap Kalimantan,Cetak,Irwansyah,Irwansyah,Adiva Putri Kalimantan,Kalimantan Selatan,Jl Mesjid Jami RT.04 No.09 Kelurahan Surgi Mufti Banjarmasin Utara 70121,0511 3367763,rusdiroyan@gmail.com,www.derapkalimantan.com,Terverifikasi Administratif dan Faktual,2022-09-17
Harian Radar Selatan,Cetak,Sunarti Sain,Sunarti Sain,Radar Bulukumba,Sulawesi Selatan,"Jl. Kusuma Bangsa, Kelurahan caile, Kecamatan Ujung Bulu, Bulukumba",0413 (84311),radarblk@gmail.com,radarselatan.fajar.co.id,Terverifikasi Administratif dan Faktual,2022-09-17
Bolmongraya.co,Siber,Asrar Jusuf,Asrar Jusuf,Media Bolmong Raya,Sulawesi Utara,"Jl AP Mokoginta, Desa Pontodon, Kota Kotamobagu, Provinsi Sulawesi Utara",08114317460,Bolmongraya99@gmail.com,https://bolmongraya.co,Terverifikasi Administratif dan Faktual,2022-06-23
Bolmongpost.com,Siber,Satrin Lasama`,Satrin Lasama`,Bolmong Post Cipta Parasana,Sulawesi Utara,"Jalan Diponegoro, Kelurahan Biga, Kecamatan Kotamobagu Utara",0811434886 -085299938086,redaksibolmongpost@gmail.com,www.bolmongpost.com,Terverifikasi Administratif dan Faktual,2022-06-23
Totabuan.news,Siber,Fernandus Yusi Adam,Fernandus Yusi Adam,Totabuan Pers Indonesia,Sulawesi Utara,"Jln. TG Manoppo RT/RW 003/006. Kelurahan Motoboi Besar. Kecamatan Kotamobagu Timur. Kota Kotamobagu – Sulawesi Utara, Kode Pos 95719",085360500666,totabuanews@gmail.com,https://totabuan.news,Terverifikasi Administratif dan Faktual,2022-06-23
sulawesion.com,Siber,Supardi Bado,Supardi Bado,Sahabat Sulawesi Online,Sulawesi Utara,"Jalan Losik Lobud, Kopandakan 1, Kecamatan Kotamobagu Selatan, Kota Kotamobagu",085240535881,redaksisulawesion01@gmail.com,www.sulawesion.com,Terverifikasi Administratif dan Faktual,2022-06-23
infototabuan.com,Siber,Junius Dilapanga,Junius Dilapanga,Info Totabuan Safa Eyato,Sulawesi Utara,"Jl. Amal, Kelurahan Mogolaing, Kecamatan Kotamobagu Barat, Kotamobagu, Sulut",082394946262,friyaneyato@gmail.com,www.infototabuan.com,Terverifikasi Administratif dan Faktual,2022-06-23
Liputanbmr.com,Siber,Voucke Lontaan,Voucke Lontaan,Surya Pers Indonesiaku,Sulawesi Utara,"Kel. Gogagoman, Kec. Kotamobagu Barat Kota Kotamobagu, Sulawesi Utara - 95715",081340514969,windiartoentebone12@gmail.com,liputanbmr.com,Terverifikasi Administratif dan Faktual,2022-06-23
Detotabuan.com,Siber,Faruk Langaru,Faruk Langaru,Detotabuan Cipta Media,Sulawesi Utara,"Jl. 19 Desember 1945, Kelurahan Motoboi Kecil, Kecamatan Kotamobagu Selatan",085256950808,detotabuan@gmail.com,https://detotabuan.com/,Terverifikasi Administratif dan Faktual,2022-06-23
,"Cetak
Radio
Televisi
Siber",,,,,,,,,,
Mediatotabuan.co,Siber,Wenseslaus Leriando Kambey,Wenseslaus Leriando Kambey,Media Totabuan Indonesia,Sulawesi Utara,"Jl Cempaka, Kelurahan Mogolaing, Kecamatan Kotamobagu Barat, Kota Kotamobagu",082223696801,fahmiggobel@gmail.com,www.mediatotabuan.co,Terverifikasi Administratif dan Faktual,2022-06-23
Harian Bolmong Raya,Cetak,Jitro Paputungan,Jitro Paputungan,Totabuan Cemerlang Press,Sulawesi Utara,"Gedung Graha Pena, JL. Karel Sasuit Tubun No. 143 Kelurahan Sinindian, Kecamatan Kotamobagu Timur",(0434) 26210605,harianbmrredakasi@gmail.com,-,Terverifikasi Administratif dan Faktual,2022-06-23
informasiterpercaya.com,Siber,Adi Siswoyo Wasgo,Adi Siswoyo Wasgo,Mia Adia Ramahdini,Sumatera Utara,Jalan Pertiwi Gang Kesuma No. 4,0812-7791-5770,rafra1357@gmail.com / onlineredaksi3@gmail.com,www.informasiterpercaya.com,Terverifikasi Administratif dan Faktual,2022-06-22
indonesiainteraktif.com,Siber,Evi Endri,Evi Endri,Eradigital Indonesia Cerdas,Bengkulu,"Jalan Serayu No. 41 RT. 09 RW. 03, Kelurahan Padang Harapan Kecamatan Gading Cempaka",0811730001,creatorbengkulu@gmail.com,indonesiainteraktif.com,Terverifikasi Administratif dan Faktual,2022-05-13
halosumsel.co.id,Siber,Ujang Idrus,Ujang Idrus,Aras Media Press,Sumatera Selatan,Jl. Dhannie Effendi 24 Ilir Rusun Blok 45 ilir Barat I Palembang,082269821928 dan 082281012250,redaksihalosumsel@gmail.com,Halosumsel. Co. Id,Terverifikasi Administratif dan Faktual,2022-05-13
Beritatotabuan.com,Siber,Ferdinand L Putong,Ferdinand L Putong,Hikmah Media Nusantara,Sulawesi Utara,"Kelurahan Genggulang Rt. 004, Rw. 002 Kecamatan Kotamobagu Utara, Kotamobagu",085240822227,junaidiamra99@gmail.com,www.beritatotabuan.com,Terverifikasi Administratif dan Faktual,2022-05-13
Fixsnews.co.id,Siber,Sahatma Refindo,Sahatma Refindo,Inti Siber Media,Banten,"Jalan Perintis Kemerdekaan II no 9, Komp. Perkantoran Cikokol",087771156008/081212887432,redaksi.fixsnews@gmail.com,Fixsnews.co.id,Terverifikasi Administratif dan Faktual,2022-05-13
Viral24.co.id,Siber,Ahmad Rizal,Ahmad Rizal,Rotama Viral Media,Sumatera Utara,"Jl. Al Wasliyah No.10 LK.XI, Kelurahan Tanjung Sari, Kecamatan Medan Selayang",061 - 82821717,redaksi.viral24@gmail.com,www.viral24.co.id,Terverifikasi Administratif dan Faktual,2022-05-13
sakanews.com,Siber,Triadi Pramono,Triadi Pramono,Saka News Brilliant,Lampung,"Jl. Pajajaran Jagabaya 2 No. 60, Kecamatan Way halim",0853-7813-4567,redaksisakanews@gmail.com || mediaaji.n.rd@gmail.com,www.sakanews.com,Terverifikasi Administratif dan Faktual,2022-05-13
kroniktotabuan.com,Siber,Junius dilapanga,Junius dilapanga,Media Moroton Morigon,Sulawesi Utara,"Jalan Diponegoro, Kelurahan Biga, Kecamatan Kotamobagu Utara, Kota Kotamobagu",085256609670,kroniktotabuan@gmail.com,https://kroniktotabuan.com/,Terverifikasi Administratif dan Faktual,2022-05-13
,"Cetak
Radio
Televisi
Siber",,,,,,,,,,
Radar Riau,Cetak,David Leo Lase,David Leo Lase,Radar Riau,Riau,"Jl. Arifin Ahmad, No. 148, Kel. Sidomulyo Timur, Kec. Marpoyan Damai, Kota Pekanbaru-Riau",07617432066,radarriauredaksional@gmail.com,https://www.radarriaunet.com,Terverifikasi Administratif dan Faktual,2022-05-13
kaltengonline.com,Siber,Heronika,Heronika,Sarana Berita Nusantara,Kalimantan Tengah,"Jalan Tjilik Riwut Km 2,5 Kota Palangka Raya",0536-3229256,kaltengonline.com@gmail.com,kaltengonline.com,Terverifikasi Administratif dan Faktual,2022-05-13
Beritabatam.com,Siber,Eddy Supriatna,Eddy Supriatna,Berita Batam Media,Kepulauan Riau,"Komp Ruko Bukit Golp Blok B2 No. 08, Sungai Panas, Batam Kota,  Batam - Kepulauan Riau (29444). Telp : +62 812-7737-189, Email : Beritabatamdotcom@gmail.com.","Telp : +62 812-7737-189,",beritabatamdotcom@gmail.com,https://www.beritabatam.com/,Terverifikasi Administratif dan Faktual,2022-05-13
Headline Lampung,Cetak,Ruslan Fikri,Ruslan Fikri,Headline Multimedia Lampung,Lampung,"Perumahan Bumi Puspa Kencana Pramuka Blok M No. 2 Jl. Pramuka, Raja Basa Bandar Lampung",0721 8051-792,redaksiheadlinelampung@gmail.com,www.headlinelampung.com,Terverifikasi Administratif dan Faktual,2022-05-13
Bintangpost.com,Siber,Triadi Pramono,Triadi Pramono,Bintang Lampung Persada,Lampung,Jl. Suhada Bagelen Kecamatan Gedongtataan Kabupaten Pesawaran,08127947646,triadipramono61@gmail.com,Bintangpost.com,Terverifikasi Administratif dan Faktual,2022-05-13
eranasional.com,Siber,Hadits Abdillah,Hadits Abdillah,Eranasional Multimedia Perdana,Jawa Barat,"Ruko Arcopolis, Perumahan Bojong Depok Baru, Blok LB No. 8, Kel. Karadenan, Kec. Cibinong",+622183731637,redaksi@eranasional.com,Eranasional.com,Terverifikasi Administratif dan Faktual,2022-05-31
akselnews.com,Siber,Erik Okta Subadra,Erik Okta Subadra,Riyuwan Penesak Multimedia,Sumatera Selatan,"Jalan Sematang Borang Perumahan Griya Cipta Persada Blok K, Nomor 6, Kelurahan Sako, Kecamatan Sako, Palembang",085268518499/082284055021,redaksiakselnews@gmail.com,www.akselnews.com,Terverifikasi Administratif dan Faktual,2022-05-13
sulselekspres.com,Siber,M. Yusdin,M. Yusdin,Megarezky Digital Publika,Sulawesi Selatan,"Jl. Inspeksi Waduk Bitoa, No.31, Antang, Kec. Manggala, Kota Makassar, Sulawesi Selatan 90234",085394173300,sulselekspres@gmail.com,https://sulselekspres.com/,Terverifikasi Administratif dan Faktual,2022-05-13
bacapesan.com,Siber,Akbar,Akbar,Mahamu Utama Intermedia,Sulawesi Selatan,"Jalan Sultan Alauddin, Kompleks Ruko Permatasari, No 25, Makassar",04118980929,bacapesandotcom@gmail.com,www.bacapesan.com,Terverifikasi Administratif dan Faktual,2022-05-13
ujungjari.com,Siber,Fachruddin Palapa,Fachruddin Palapa,Ujung Jari Com,Sulawesi Selatan,"Gedung Graha Pena Lantai 3, Jalan Urip Sumoharjo No 20 Makassar.","081241496705, 082187089920",ujungjari.media@gmail.com,www.ujungjari.com,Terverifikasi Administratif dan Faktual,2022-05-13
,"Cetak
Radio
Televisi
Siber",,,,,,,,,,
abatanews.com,Siber,Dewi Yuliani,Dewi Yuliani,Abata Media Nusantara,Sulawesi Selatan,"Jl. Tamangapa Raya, Kompleks Grand Aroepala Blok K 8",08114447479,redaksi@abatanews.com,https://abatanews.com/,Terverifikasi Administratif dan Faktual,2022-05-13
jejakkeadilan.com,Siber,Ismail Yogo Trianto,Ismail Yogo Trianto,Media Jejak Keadilan,Bengkulu,"Jalan Perum Bumi Nusa Sejahtera 1 Nomor 000, RT 032, RW 005, Kelurahan Sukarami, Kecamatan Selebar",082353153098,redaksijejakkeadilan@gmail.com,https://jejakkeadilan.com/,Terverifikasi Administratif,2022-05-24
tintabangsa,Siber,Ismail Yogo Trianto,Ismail Yogo Trianto,Rizki Arya Media,Bengkulu,Jalan Jaya Makmur 1 Rt.018 Rw.006 Kelurahan Betungan Kecamatan Selebar Kota Bengkulu 38214,082384389083,redaksitintabangsa@gmail.com,tintabangsa.com,Terverifikasi Administratif,2022-05-19
Fajar Pendidikan,Cetak,Sriyanto Al Wina H.,Nurhayana Kamar,Fajar Media Pendidikan,Sulawesi Selatan,Jalan Urip Sumoharjo Nomor 20 Gedung Graha Pena Makassar Lantai 4,04113661926,fponlinemedia@gmail.com,www.fajarpendidikan.co.id,Terverifikasi Administratif dan Faktual,2022-05-13
bogor-kita.com,Siber,Djony Edward,Djony Edward,Bogorkita Mediatama Indonesia,Jawa Barat,"Perumahan Bogor Raya Permai Blok FE 1 No 3, Bogor Barat, Kota Bogor",087889910793,bogorkita@yahoo.com,bogor-kita.com,Terverifikasi Administratif dan Faktual,2022-05-10
suaradewata.com,Siber,Dewa Ayu Dewi Martika,Dewa Ayu Dewi Martika,Suara Dewata Media,Bali,"Jalan Anyelir Gg. I Nomor 4A, Desa Dauh Peken, Kecamatan Tabanan, Kabupaten Tabanan",03617991865,suaradewata01@gmail.com,www.suaradewata.com,Terverifikasi Administratif dan Faktual,2022-05-10
kilasbali.com,Siber,Djoko Moeljono,Djoko Moeljono,Kirana Bali Media,Bali,"Kamasan River View Blok E No 24, Dajan Peken, Tabanan","0853-3856-5624, 085792238207",kilasbalicom@gmail.com,www.kilasbali.com,Terverifikasi Administratif dan Faktual,2022-05-10
beritabuana.co,Siber,Dadang Sugandi,Dadang Sugandi,Bangkit Anugerah Prakasa,DKI Jakarta,"Simprug Gallery Unit D, Jl. Teuku Nyak Arief No.10, RT.5/RW.2, South Grogol, Simprug",021-72787479,redaksi.beritabuana@gmail.com,https://www.beritabuana.co,Terverifikasi Administratif dan Faktual,2022-05-10
rmolsumut.id,Siber,Tuahta Arief Gunawan,Tuahta Arief Gunawan,Swarga Indo Media Solusi,Sumatera Utara,Jl. Tempua. Taman Tempua Residence,082370001123,swargaindomediasolusi@gmail.com,rmolsumut.id,Terverifikasi Administratif dan Faktual,2022-05-10
inilahmedan.com,Siber,Yoko Soesilo Chou,Yoko Soesilo Chou,Berkah Inilah Medan,Sumatera Utara,Jalan Ngalengko Gg Keluarga No. 13 Medan,08126490168,srikurniawanbambang@gmail.com,inilahmedan.com,Terverifikasi Administratif dan Faktual,2022-05-10
,"Cetak
Radio
Televisi
Siber",,,,,,,,,,
fajarsumatera.co.id,Siber,Riko Firmansyah,Riski Abung,Fajar Intermedia Utama,Lampung,"Jl Perintis Kemerdekaan, No 154, Kelurahan Tanjung Gading, Kecamatan Kedamaian, Kota Bandar Lampung","082306532169, 082180466222",fajarsumatera.redaksi@gmail.com,fajarsumatera.co.id,Terverifikasi Administratif dan Faktual,2022-05-10
PancarPOS.com,Siber,Ida Bagus Alit Sumertha,Ida Bagus Alit Sumertha,Mulya Adita Pancarpos,Bali,"Jl. Patih Nambi, Griya Nambi Permai Blok III No.9, Desa Ubung Kaja, Denpasar Utara",08895412545,redaksipancarpos@gmail.com,www.pancarpos.com,Terverifikasi Administratif dan Faktual,2022-05-10
narasinews.id,Siber,Isma Hakim Rahmat,Isma Hakim Rahmat,Narasi News Group,Jawa Timur,"Jalan Raya Banyuwangi Kilometer 5, Panji Lor, Kecamatan Panji",082229270572,narasinewsid@gmail.com,www.narasinews.id,Terverifikasi Administratif dan Faktual,2022-05-10
balitopnews.com,Siber,Dewa Ayu Dewi,Dewa Ayu Dewi,Bali Top Media Jaya,Bali,"Banjar Bongan Gede, Desa Bongan, Kecamatan Tabanan",088977952703,balitopnews9@gmail.com,,Terverifikasi Administratif dan Faktual,2022-05-10
Updatebali.com,Siber,I Wayan Supartha,I Wayan Supartha,Sinar Media Updatebali,Bali,"Banjar Kebayan Tangeb Gang Tigaron VII No.7 Kel. Abianbase, Kec. Mengwi",081239167010,Updatebali21@gmail.com,https://updatebali.com,Terverifikasi Administratif dan Faktual,2022-05-10
Penasultra.id,Siber,Umar Marhum,Umar Marhum,Pena Sultra Grup,Sulawesi Tenggara,"BTN Griya Zarinda 2 Blok F Nomor 11, Kendari, Sulawesi Tenggara; Email: penasultraid@gmail.com",085242194947,penasultraid@gmail.com,www.penasultra.id,Terverifikasi Administratif dan Faktual,2022-04-23
pantau.com,Siber,Nuruddin Lazuardi,Nuruddin Lazuardi,Pantau Sumber Berita,DKI Jakarta,"Jl. Raya Bangka Nomor 18 G RT 4/ RW 1 Pela Mampang, Kec, Mampang Prapatan, Kota Jakarta Selatan, DKI Jakarta (12720)",02122718939,info@pantau.com,www.pantau.com,Terverifikasi Administratif dan Faktual,2022-04-23
podiumnews.com,Siber,Edy Asri,Edy Asri,Media Podium Utama,Bali,"Jalan Bhineka Nusa Kauh V, Dalung Permai Blok P No 58, Kuta Utara, Kabupaten Badung, Provinsi Bali","0361-9093073, 0821 4594 6900",redaksipodium@gmail.com,https://podiumnews.com/,Terverifikasi Administratif dan Faktual,2022-04-23
jurnas.com,Siber,Rusman,Rusman,Media Bangsa Bersatu,DKI Jakarta,"Jalan Tebet Barat Dalam 2F Nomor, 16A, Tebet Barat,",(021) 22902633 / 081384472435,redaksi@jurnas.com,www.jurnas.com,Terverifikasi Administratif dan Faktual,2022-04-23
jambiprima.com,Siber,Zulhery Farmansyah,Zulhery Farmansyah,Jambi Prima Jasa,Jambi,Jalan Muaro Danau No. 10 RT. 07 RW. 03 Kel. Sungai Bengkal Kec. Tebo Ilir Kab. Tebo Provinsi Jambi,081271585100,jasaprima727@gmail.com,jambiprima.com,Terverifikasi Administratif,2022-04-22
,"Cetak
Radio
Televisi
Siber",,,,,,,,,,
katakini.com,Siber,Rusman,Rusman,Media Multi Caka,DKI Jakarta,"Jalan Tebet Barat Dalam IIF No.16A, Tebet",(021) 22902633 / 081384472435,redaksi@katakini.com,www.katakini.com,Terverifikasi Administratif dan Faktual,2022-04-09
poskota.co.id,Siber,Joko Lestari,Joko Lestari,Media Antarkota Jaya,DKI Jakarta,"Jl. Raya Kebayoran Lama No. 22, Kebon Jeruk",02122129129,redaksi@poskota.co.id,www.poskota.co.id,Terverifikasi Administratif dan Faktual,2022-04-09
Musinews.id,Siber,Arif Ardiansyah,Arif Ardiansyah,Hyro Musi Media,Sumatera Selatan,Perumahan Revari/Perum PNS Blok C7 No. 12 Kel. Talang Kelapa Kec. Alang-Alang Lebar,0813-6762-6812,musinews.id@gmail.com,https://www.musinews.id/,Terverifikasi Administratif dan Faktual,2022-04-09
ariranews.com,Siber,Qori ' Ul Fitra,Qori ' Ul Fitra,Arira Bintang Media,Kepulauan Riau,"Perum Arira Garden Blok L No 05 , Nongsa",081266352531,redaksi@ariranews.com,www.ariranews.com,Terverifikasi Administratif dan Faktual,2022-04-09
RiauBISA.com,Siber,Roy Juli Manurung,Roy Juli Manurung,Riau Bisa Media,Riau,"Jalan Utama (via Jalan Selamat) No. 17 RT 002 RW 006, Kelurahan Rejosari, Kecamatan Tenayan Raya",0811666042/085265707172,redaksi@riaubisa.com,https://www.riaubisa.com/,Terverifikasi Administratif dan Faktual,2022-04-09
Beritariau.com,Siber,Roy Juli Manurung,Roy Juli Manurung,Riau Media Pers,Riau,Jalan Jenderal Sudirman Gg Karya No 04 Kelurahan Sumahilang Kecamatan Pekanbaru Kota,08117577440,beritariaucom@gmail.com,https://www.beritariau.com/,Terverifikasi Administratif dan Faktual,2022-04-09
alurnews.com,Siber,Hadli,Hadli,Alurmedia Fachri Sukses,Kepulauan Riau,"Mega Legenda 2, Blok D-2 Nomor 01, Batam Centre, Kota Batam,",081375016588,redaksi@alurnews.com,alurnews.com,Terverifikasi Administratif dan Faktual,2022-04-09
ftnews.co.id,Siber,Bambang Dwiwarno,Bambang Dwiwarno,Forum Terkini Media,DKI Jakarta,"Jl. Dukuh Patra IV No.66B RT.13/RW.2, Menteng Dalam, Kec. Tebet",081282281822,ptforumterkinimedia@gmail.com,www.ftnews.co.id,Terverifikasi Administratif dan Faktual,2022-04-09
LamanRiau.com,Siber,Fahrul Rozi,Fahrul Rozi,Bantayan Raja Media,Riau,"Jalan Jenderal Sudirman No. 121 C, Lantai III, Wonorejo, Marpoyan Damai",081378006551,rajabantayan@gmail.com,https://www.lamanriau.com/,Terverifikasi Administratif,2022-04-09
infoindonesia.id,Siber,Aldi Gultom,Aldi Gultom,Dua Satu Pro,DKI Jakarta,"Jl. M.P.R III No.5B, Cilandak Bar., Kec. Cilandak, Kota Jakarta Selatan, Daerah Khusus Ibukota Jakarta 12430",02127812397,redaksi@infoindonesia.id,infoindonesia.id,Terverifikasi Administratif dan Faktual,2022-04-09
,"Cetak
Radio
Televisi
Siber",,,,,,,,,,
dumaiposnews.com,Siber,Bambang Hendriyanto,Bambang Hendriyanto,Dumai Multimedia Korporindo,Riau,JL. MH. Thramrin (Dockyard) RT 015 Kelurahan Pangkalan Sesai Kecamatan Dumai Barat,(0765) 34172,dumaiposnews123@gmail.com,dumaiposnews.com,Terverifikasi Administratif dan Faktual,2022-03-23
sinpo.id,Siber,Dede Zaki Mubarok,Dede Zaki Mubarok,Catra Media Nusantara,DKI Jakarta,"Gedung Graha Senatama Lt. 5 Jl. Kwitang Raya No.8 RT.007 RW.001    Kwitang, Senen, Jakarta Pusat",081313333129,sinporedaksi@gmail.com,www.sinpo.id,Terverifikasi Administratif dan Faktual,2022-03-18
Nonstopnews.id,Siber,Hari Wibowo,Hari Wibowo,Ata Faleya Media,Banten,"Ruko The Savia Blok C1/9, Ciater, Serpong, Tangerang Selatan",081333558159,redaksinonstopnews.id@gmail.com,https://nonstopnews.id/,Terverifikasi Administratif,2022-03-17
Indepthnews.id,Siber,Agustinus.m,Agustinus.m,Basnil Maximi Putra,Kepulauan Riau,Jalan Raya Simpang Dompak  Rt.03/Rw.03 Kelurahan Dompak  Kecamatan Bukit  Bestari,081261249175,semiaquaticman@gmail.com,www.indepthnews.id,Terverifikasi Administratif,2022-03-17
Kabartiga.id,Siber,Habibi,Habibi,Kabar Tiga Info Kepri,Kepulauan Riau,"Jl.Arif Rahman Hakim,No 6, Sei Jang, Bukit Bestari",082287131256,redaksikabartiga.33@gmail.com,www.kabartiga.id,Terverifikasi Administratif,2022-03-17
hariancentral.com,Siber,Januari Simbolon,Januari Simbolon,Sentral Internet Media,Sumatera Utara,Jalan Brigjend Katamso No 355 Medan,082166209900,cintapatriciapanjaitan@gmail.com,hariancentral.com,Terverifikasi Administratif,2022-03-17
Harian Central,Cetak,Januari Simbolon,Januari Simbolon,Harian Central Media,Sumatera Utara,Jalan Brigjend Katamso No 355 Medan,082165695552,williampratamasimanjutak@gmail.com,hariancentral.com,Terverifikasi Administratif,2022-03-17
Media Riau Pesisir,Cetak,Faisal,Faisal,Media Riau Pesisir,Riau,Jalan datuk laksamana nomor 292 kel. Dumai Kota Kec. Dumai Kota,085278044461,news.riaupesisir@gmail.com,pesisirnasional.com,Terverifikasi Administratif,2022-03-17
ceklissatu.com,Siber,Arihta Utama Surbakti,Arihta Utama Surbakti,Alfa Media Satu,Jawa Barat,"Jln.Pramuka, Kp. Babakan Tarikolot No.86",02517507117,ceklissatu.com@gmail.com,www.ceklissatu.com,Terverifikasi Administratif dan Faktual,2022-03-16
valoranews.com,Siber,Al Imran,Al Imran,Sandi Tujuh Media,Sumatera Barat,"Jl. Mangopoh No 12, Kel. Jati Baru, Kecamatan Padang Timur",0811664268,valoraredaksi@gmail.com,https://valoranews.com,Terverifikasi Administratif dan Faktual,2022-03-16
,"Cetak
Radio
Televisi
Siber",,,,,,,,,,
sumateranews.co.id,Siber,Donni,Donni,Husnul Sumatera News,Sumatera Selatan,"Jalan Angkatan 45, Gang Semeru, RT. 003, RW. 003, NO. 117, Kel. Gunung Ibul Barat, Kec. Prabumulih Timur",081373351115,mediasumateranews@gmail.com,https://sumateranews.co.id,Terverifikasi Administratif dan Faktual,2022-03-11
Info Indonesia,Cetak,Aldi Gultom,Aldi Gultom,Dua Satu Pro,DKI Jakarta,"Jalan MPR III Nomor 5B Kelurahan Cilandak Barat, Kec Cilandak",021-27812397,koraninfoindonesia@gmail.com,www.infoindonesia.id,Terverifikasi Administratif dan Faktual,2022-03-11
masapnews.com,Siber,Muhamad Zainal,Muhamad Zainal,Tambun Bungai Perkasa,Kalimantan Tengah,Jalan Brigjend Katamso XIV Kel. Tumbang Anjir Kec. Kurun Kuala Kurun,082353324652,masap.news@gmail.com,masapnews.com,Terverifikasi Administratif dan Faktual,2022-03-10
Beritakajang.com,Siber,Iwan Humaini,Iwan Humaini,Media Kajang Perkasa,Sumatera Selatan,Perumahan Griya Nayarah Indah Blok F No.7 RT 10 RW 03 Lingkungan 2 Kelurahan Tanjung Rancing,085210036638,redaksiberitakajang@gmail.com,www.beritakajang.com,Terverifikasi Administratif,2022-03-10
beritasebelas.id,Siber,Bagus Mihargo,Bagus Mihargo,Sebelas Tunggal Media,Sumatera Selatan,Jalan Brigjen Deni Effendi Rusun Blok 36 Lt 2 No. 10,081278571768,beritasebelasnews@gmail.com,https://beritasebelas.id,Terverifikasi Administratif,2022-03-10
Metrobatam.com,Siber,Budi Arifin,Budi Arifin,Catur Metro Media,Kepulauan Riau,"Komp. Ruko Grand California Blok F No. 1, Batam Center, Kota Batam.",+62 812-7099-9596,redaksi.metrobatam@yahoo.com,Metrobatam.com,Terverifikasi Administratif dan Faktual,2022-03-09
Medium,Cetak,Fahlepi Senopati,Fahlepi Senopati,Aufa Media Dzakira,Sumatera Selatan,Jl. Kelapa Gading Blok Lantana 22 Perumnas Talang Kelapa Kec.. Alang-alang Lebar Palembang,081273180025,medium1717@gmail.com,https://www.jitoe.com,Terverifikasi Administratif dan Faktual,2022-03-09
Suara Kalteng,Cetak,H Sutransyah,H Sutransyah,Suara Kalteng Press,Kalimantan Tengah,"Jl. G. Obos VIII, No. 179 Palangka Raya - Kalimantan Tengah",081349187878,redaksisuka@yahoo.com / skmsuarakalteng@gmail.com,,Terverifikasi Administratif dan Faktual,2022-03-09
Portalsatu.com,Siber,Juli Amin,Juli Amin,Portal Media Utama,Aceh,"Jalan Prof. Ali Hasjmy, No. 6, Desa Lamteh, Ulee Kareng, Kota Banda Aceh, Kode Pos: 23118.",0812 1462 7781,portalsaturedaksi@gmail.com,http://portalsatu.com,Terverifikasi Administratif dan Faktual,2022-03-09
Intimnews.com,Siber,Nako,Nako,Intim Media Perkasa,Kalimantan Tengah,"Jl Yos Sudarso IX, Kelurahan Menteng, Kec Jekan Raya, Kota Palangka Raya",082251359509,Newsintim2020@gmail.com,www.intimnews.com,Terverifikasi Administratif dan Faktual,2022-03-09
,"Cetak
Radio
Televisi
Siber",,,,,,,,,,
Kaltengterkini.co.id,Siber,Heryanto Prabowo,Heryanto Prabowo,Huma Media Perkasa,Kalimantan Tengah,Jl.  Pangeran Samudera no.  39,085393237892,Kaltengterkini5@gmail.com,https://kaltengterkini.co.id,Terverifikasi Administratif dan Faktual,2022-03-09
mediaprospek.com,Siber,Marliyana,Marliyana,Banua Karya Mandiri,Kalimantan Selatan,"Jl. Pramuka/Jl. Melati Indah VII RT.10 No.47, Kel Sungai Lulut, Kec Banjarmasin Timur, Banjarmasin",085248455527,mediaprospek2020@gmail.com,http/www.mediaprospek.com,Terverifikasi Administratif dan Faktual,2022-03-09
Bitnews.id,Siber,Sri Rahayu Ningsih,Sri Rahayu Ningsih,Digital Media Informatif,Jambi,"Jalan AR Saleh RT 37 Kelurahan Paal Merah, Kecamatan Paal Merah",081178767272,redaksibitnewsid@gmail.com,www.bitnews.id,Terverifikasi Administratif dan Faktual,2022-03-09
disway.id,Siber,Tomy C. Gutomo,Tomy C. Gutomo,Disway Rumah Berita,Jawa Timur,Jl Walikota Mustajab 76,031 5466611,contact@disway.id,disway.id,Terverifikasi Administratif dan Faktual,2022-02-26
Kendarinews.com,Siber,Sawaluddin Lakawa,Sawaluddin Lakawa,sultra media cyber,Sulawesi Tenggara,Jl.Malik Raya No. 50,0401-3126513,kendarinewsid@gmail.com,kendarinews.com,Terverifikasi Administratif dan Faktual,2022-02-21
Kupastuntas.co,Siber,Donald Harris Sihotang,Donald Harris Sihotang,Yobel Irene Media,Lampung,"Jl. Turi Raya, , No 101, Kec. Tanjung Senang, Bandarlampung",(0721)773331,Kupastuntas7@gmail.com,www.kupastuntas.co,Terverifikasi Administratif dan Faktual,2022-02-21
sentralberita.com,Siber,Husni Lubis,Husni Lubis,Sentral Media Kreasi Nusantara,Sumatera Utara,Jalan karya kasih gg. kasih dalam No.37 Medan Johor Pangkalan mansyhur,082164617324,redaksisentralberita@gmail.com,sentralberita.com,Terverifikasi Administratif dan Faktual,2022-02-21
dinamikasultra.com,Siber,Umar Marhum,Umar Marhum,Dinamika Sultra Intermedia,Sulawesi Tenggara,"Jl Manggis No 2B,Kel. Kambu, Kec, Kambu  Kota Kendari",082188805744,dinamikasultra@gmail.com,www.dinamikasultra.com,Terverifikasi Administratif,2022-02-18
lampuijo.id,Siber,Ismail Komar,Ismail Komar,Lampu Ijo Digital,Lampung,"Jalan Imam Bonjol, RT/RW 010/002, Kelurahan Hadimulyo Barat, Kecamatan Metro Pusat, Kota Metro",081369998888,lampuijo86@gmail.com,www.lampuijo.id,Terverifikasi Administratif,2022-02-04
Majalah Sudut Pandang,Cetak,Umi Sjarifah,Umi Sjarifah,Majalah Sudut Pandang,DKI Jakarta,Ruko Mega Grosir Cempaka Mas Blok D.1 No.11 Jl.Letjend Suprapto Jakarta Pusat,02122981854 - 0818700392,media.sudutpandang@gmail.com,www.sudutpandang.id,Terverifikasi Administratif dan Faktual,2022-01-31
,"Cetak
Radio
Televisi
Siber",,,,,,,,,,
bisanews.id,Siber,Khairul Muslim,Khairul Muslim,Batu Bara Utama,Sumatera Utara,"Dusun II No.27, Simpang Dolok, Kec Lima Puluh",0813-7027-2252,redaksibisanews@gmail.com,https://bisanews.id,Terverifikasi Administratif,2022-01-26
HARIAN PAGI SURYA,Cetak,Tri Mulyono,Tri Mulyono,Antar Surya Media,Jawa Timur,"Jl. Raya Kendangsari No.63, Kendangsari, Kec. Tenggilis Mejoyo, Surabaya, Jawa Timur",03135957666,redaksi.surya.co.id,surabaya.tribunnews.com,Terverifikasi Administratif dan Faktual,2022-01-21
ignnews.id,Siber,Suhardi,Suhardi,Media Cakrawala Anambas,Kepulauan Riau,"Jl. Tanjung Baruk, RT 003/RW 002. Dusun I Batu Balai, Kecamatan Siantan, Kabupaten Kepuluan Anambas – Kepulauan Riau",082177771981,ignnews0@gmail.com,https://ignnews.id/,Terverifikasi Administratif dan Faktual,2021-12-31
rm.id,Siber,Riki Handayani,Riki Handayani,Wahana Ekonomi Semesta,DKI Jakarta,"Gedung Graha Pena (Jawa Pos) Lt. 8, Jalan Raya Kebayoran Lama Nomor 12",53699507,idrakyatmerdeka2021@gmail.com,https://svr.rmco.id:2096,Terverifikasi Administratif dan Faktual,2021-12-31
metropublik.com,Siber,Fernando Sitohang,Fernando Sitohang,Metro Publik Mandiri,Sumatera Utara,"Jl.Sei Mencirim, No.204/142 Kelurahan Babura, Kecamatan Medan Sunggal, Kota Medan, Sumatera Utara – Telp. (061) 4257-0846 – Hp. 0812-6965-5444 – email : Redaksimetropublik@gmail.com – Kode Pos 20121.",081269655444,redaksimetropublik@gmail.com,metropublik.com,Terverifikasi Administratif dan Faktual,2021-12-30
sumut24.co,Siber,Amru Lubis,Amru Lubis,Media Britama Sukses,Sumatera Utara,Jalan Sei Brantas No. 34 Medan,061 88814650,sumutduaempatonline@gmail.com,www.sumut24.co,Terverifikasi Administratif dan Faktual,2021-12-30
gerbangrepublik.com,Siber,Mehdi M,"Mehdi M,",Cokros Win Sugeta,Lampung,"Jln. Gemini, No.01 Perum Rajabasa Indah, Bandar Lampung",085279346664,gerbangrepublik@gmail.com,gerbangrepublik.com,Terverifikasi Administratif,2021-12-29
lampost.co,Siber,Abdul Gafur,Abdul Gafur,Masa Kini Mandiri,Lampung,"Jl. Soekarno Hatta No. 108 RT/RW 002/001 Hajimena, Natar",0721783693,lampostmedia@gmail.com,Lampost.co,Terverifikasi Administratif,2021-12-29
Rakyat News,Cetak,Sonny Samatha,Sonny Samatha,Portal Media  Rakyat,Lampung,"Redaksi Metro, Jalan Poksai VI Hadimulyo Barat Kecamatan Metro Pusat, Kota Metro 34111 Sirkulasi Komplek pemuda jalam temanggung jaya, Rajabasa, Bandar Lampung",0811 799 0405,rakyatnewsredaksi@gmail.com,https://rakyatnews.co.id/,Terverifikasi Administratif dan Faktual,2021-12-28
penarakyat.com,Siber,Jumardi,Jumardi,Fuma Nusantara Media,Sulawesi Selatan,Jl. Dahlia Perumahan Graha Dahlia Blok A No.3 Sengkang Kab. Wajo Sulawesi Selatan,"0811443505, 082346511985",redaksi.penarakyat@gmail.com,www.penarakyat.com,Terverifikasi Administratif dan Faktual,2021-12-28
,"Cetak
Radio
Televisi
Siber",,,,,,,,,,
Dumai Pos,Cetak,Lismar Sumirat,Bambang Hendriyanto,Dumai Intergrafika Pers,Riau,Jl. MH Thamrin (dh Dockyard) RT 15 Kelurahan Pangkalan Sesai Kecamatan Dumai Barat Kota Dumai,(0765) 34172,dumaipos123@yahoo.com,dumaiposnews.com,Terverifikasi Administratif dan Faktual,2021-12-28
terdepan.co.id,Siber,Ikawati Ratna Dewi,Ikawati Ratna Dewi,Terdepan Media Sukses,Kepulauan Riau,Buana Vista Indah 2 No 16 A Belian Batam Kota Batam – Kepulauan Riau,081335946522,terdepantv@gmail.com,https://terdepan.co.id/,Terverifikasi Administratif dan Faktual,2021-12-28
ligo.id,Siber,Syahrir Soleman,Syahrir Soleman,Ans Media Gorontalo,Gorontalo,Jln. Jaksa Agung Suprapto. No. 40 B. Kelurahan Limba U2. Kecamatan Kota Selatan. Kota Gorontalo.,082260579357,ligodotcom@gmail.com,ligo.id,Terverifikasi Administratif dan Faktual,2021-12-28
harianjogja.com,Siber,Anton Wahyu Prihartono,Anton Wahyu Prihartono,Aksara Dinamika Jogja,DI Yogyakarta,"JL. AM. Sangaji No. 41, Cokrodiningratan, Jetis, Yogyakarta",0274-583183,online@harianjogja.com,www.harianjogja.com,Terverifikasi Administratif dan Faktual,2021-12-28
Murianews.com,Siber,Dani Agus,Dani Agus,Muria Indomedia,Jawa Tengah,"United Square 2nd Floor Ring Road Utara Singocandi, Kudus, Jawa Tengah, kode pos 59314",62-291-4248700,red.murianews@gmail.com,www.murianews.com,Terverifikasi Administratif dan Faktual,2021-12-28
Metro Sulawesi,Cetak,Udin Salim,Udin Salim,Pena Metro Sulteng,Sulawesi Tengah,"Kantor Harian Metro Sulawesi, Jln. Sisingamangaraja No 9A Kota Palu",0811454042,udinsalim2@gmail.com,www://http: metrosulawesi.id,Terverifikasi Administratif dan Faktual,2021-12-28
segmennews.com,Siber,Hasran Abadi,Hasran Abadi,Radja Segmen Media,Riau,"Jalan Kasah Gg.Mawar 1, No:7, Kelurahan Tangkerang Tengah, Kec, Marpoyan Damai.",081268561880,redaksisegmen@gmail.com,www.segmennews.com,Terverifikasi Administratif dan Faktual,2021-12-28
Monitorriau.com,Siber,Cipto Setyawan,Cipto Setyawan,Akbarie Monitor Media,Riau,Jalan Jaya Indah No 192-193 Jayamukti Dumai Timur Kota Dumai Provinsi Riau,08126686981,redaksimonitorriau@gmail.com,www.monitorriau.com,Terverifikasi Administratif dan Faktual,2021-12-28
Berau Post,Cetak,Yudhi Perdana,Yudhi Perdana,Duta Berau Lintasmedia,Kalimantan Timur,Jl. Bukit Ria RT. 10 No. 3 Tanjung Redeb,0554 - 2027252,beritabepe@gmail.com,www.berau.prokal.co,Terverifikasi Administratif dan Faktual,2021-12-28
Harian Pagi Memo X,Cetak,Endik Junaedi,Endik Junaedi,Memontum Tung Sejahtera,Jawa Timur,"Ruko Istana Dinoyo Blok B/6, JL. MT Haryono 1A Dinoyo, Kota Malang",0341 570797,harianmemox15@gmail.com,https://memox.co.id/,Terverifikasi Administratif dan Faktual,2021-12-28
,"Cetak
Radio
Televisi
Siber",,,,,,,,,,
enimekspres.co.id,Siber,Mukhlis Trijaya,Mukhlis Trijaya,Enim Ekspres Mandiri,Sumatera Selatan,"Lantai 2, Gedung Harian Umum Enim Ekspres. Jalan Lintas Palembang, RT.001 RW.008 Muara Enim, Kabupaten Muara Enim",+62 812-7890-6533,enimekspres.online@gmail.com,enimekspres.co.id,Terverifikasi Administratif dan Faktual,2021-12-28
Lahat Pos,Cetak,Diansyah Putra,Diansyah Putra,Citra Lahat Media,Sumatera Selatan,Jalan RE Martadinata Kelurahan Pasar Lama Kecamatan Lahat Kabupaten Lahat Provinsi Sumatera Selatan,(0731) 322414,lahatposredaksi@gmail.com,lahatpos.co,Terverifikasi Administratif dan Faktual,2021-12-28
era.id,Siber,M. Iqbal Irsyad,M. Iqbal Irsyad,Era Indonesia Digital,DKI Jakarta,"Jl. Tanah Abang III No.23A, RT.2/RW.3, Petojo Sel., Kecamatan Gambir",021-2128-2598 / 087 881 880 999,personalia@era.id,https://www.era.id/,Terverifikasi Administratif dan Faktual,2021-12-28
Dayak TV,Televisi,Hairil Supriadi,Hairil Supriadi,Dayak Media,Kalimantan Tengah,Jln. C. Bangas No.17 A Palangka RayaKalimantan Tengah,0820-2051-2353,koordadayaktv@gmail.com,www.dayaktv.co.id,Terverifikasi Administratif dan Faktual,2021-12-28
balanganews.com,Siber,H. Hamli Tulis,H. Hamli Tulis,Balanga Sejahtera Abadi,Kalimantan Tengah,Jalan Marina Permai IV No.15 Kelurahan Langkai Kecamatan Pahandut,08125156827,balanganews@gmail.com,https://balanganews.com,Terverifikasi Administratif dan Faktual,2021-12-28
Lensabangkabelitung.com,Siber,Mohammad Fathurrakhman,Mohammad Fathurrakhman,Ngelinyar Mediatama Pro,Kepulauan Bangka Belitung,"Jl. Datuk Bandarolelo No.114, Batin Tikal, Kec. Taman Sari, Kota Pangkal Pinang, Kepulauan Bangka Belitung",08117107017,lensabangkabelitung@gmail.com,www.lensabangkabelitung.com,Terverifikasi Administratif dan Faktual,2021-12-28
kanal9.id,Siber,Bambang Iswanto,Bambang Iswanto,Cyber Kanal Sembilan,Jawa Tengah,"Komplek UMKM Centre Lantai 2, Jalan Setiabudi No. 192 Srondol Wetan Banyumanik",087876080009,redaksi@kanal9.id,kanal9.id,Terverifikasi Administratif dan Faktual,2021-12-28
Enim Ekspres,Cetak,Al- Azhar,Al- Azhar,Citra Prabu Media,Sumatera Selatan,Jl. Lintas Palembang Rt.001 Rw.008 Kel. Muara Enim Kab. Muara Enim,0734424631,enimeks_mandiri@yahoo.com,www.enimekspres.co.id,Terverifikasi Administratif dan Faktual,2021-12-28
radarjogja.jawapos.com,Siber,Amin Surachmad,Reren Indranila,Yogyakarta Intermedia Pers,DI Yogyakarta,"Jl Ringroad Utara No.88, Depok",0274 4477780,online@radarjogja.co,radarjogja.jawapos.com,Terverifikasi Administratif dan Faktual,2021-12-28
Sariagri.id,Siber,Nurjaman Mochtar,Nurjaman Mochtar,Intisari Media Nusantara,DKI Jakarta,"Jalan Tebet Timur Dalam Raya No. 55A, Tebet Jakarta 12820",021 - 22083581,redaksi@sariagri.id,sariagri.id,Terverifikasi Administratif dan Faktual,2021-12-28
,"Cetak
Radio
Televisi
Siber",,,,,,,,,,
sigijateng.id,Siber,Aris Syaefudin Zuhri,Aris Syaefudin Zuhri,Sigi Media Utama,Jawa Tengah,Jl. Bima 2 No 1 Pendrikan Kidul,081228398422,sigijateng@gmail.com,,Terverifikasi Administratif dan Faktual,2021-12-28
Riau1.com,Siber,Almi Fitri,Almi Fitri,Media Pelangi Tunggal,Riau,"Perkantoran Grand Sudirman Blok D 19, Jl. Datuk Setia Maharaja, Kec. Tangkerang Selatan, Kel. Bukit Raya, Kota Pekanbaru-Riau, Indonesia",+62 81266280882,info@riau1.com,https://www.riau1.com,Terverifikasi Administratif dan Faktual,2021-12-28
PredikatNews.com,Siber,Lukman Hakim,Lukman Hakim,Predikat Joyo Niaga,Lampung,"Jl. Harapan 1A No. 30, Kota Sepang, Kecamatan Labuhan Ratu",082289649248,predikatnews@gmail.com,predikatnews.com,Terverifikasi Administratif dan Faktual,2021-12-28
sudutpandang.id,Siber,Umi Sjarifah,Umi Sjarifah,Majalah Sudut Pandang,DKI Jakarta,Ruko Mega Grosir Cempaka Mas Blok D.1 No.11 Jl.Letjend Suprapto Jakarta Pusat,021-229 818 54 - 0812 822 567 86 - 0818 700 392,redaksi.sudutpandang@gmail.com,www.sudutpandang.id,Terverifikasi Administratif dan Faktual,2021-12-28
monitorindonesia.com,Siber,Gatot Eko Cahyono,Gatot Eko Cahyono,Media Elenora Utama,DKI Jakarta,Jl Galur Sari I No. 44 Utan Kayu,"021 - 22813611, 08129478338, 081263582299","redaksimonitorindonesia@gmail.com, redaksi@monitorindonesia.com",www.monitorindonesia.com,Terverifikasi Administratif dan Faktual,2021-12-28
Koranseruya.com,Siber,Chaerul Baderu,Chaerul Baderu,Wisnu Aditya Intermedia Palopo,Sulawesi Selatan,Jalan Andi Djemma Nomor 127 Kelurahan Salekoe Kecamatan Wara Timur,082343554444,koran.seruya@gmail.com,www.koranseruya.com,Terverifikasi Administratif dan Faktual,2021-12-28
Star FM,Radio,Nugroho Nurcahyo,Nugroho Nurcahyo,Radio Suara Istana,DI Yogyakarta,"JL. AM Sangaji No.41 Cokrodiningratan, Jetis, Yogyakarta",0274544935,redaksi1013@gmail.com,www.starjogja.com,Terverifikasi Administratif dan Faktual,2021-12-28
suarapublik.id,Siber,Mayasari,Mayasari,Media Suara Publik,Sumatera Selatan,Jalan Tegal Binangun RT. 20 Ruko No. 3. Kelurahan Plaju Darat,0711 – 5543339,redaksi.spid@gmail.com,https://suarapublik.id/,Terverifikasi Administratif dan Faktual,2021-12-28
Ambon Ekspres,Cetak,Petrus Oratmangun,Petrus Oratmangun,Ambon Press Intermedia,Maluku,Jl. Yos Soedarso Kelurahan Honipopu Kecamatan Sirimau Ambon,0911 354449,ameks.koran@gmail.com,ambonekspres.com,Terverifikasi Administratif dan Faktual,2021-12-28
Mediatrias.com,Siber,Ilhamsah Purba,Ilhamsah Purba,Madormadini Trias Media,Kepulauan Riau,Graha MediaTrias Group Kaliban Trade Center Blok D No. 31 Kota Batam – Kepri Indonesia,081276992099,redaksi.mediatrias@gmail.com,http://mediatrias.com,Terverifikasi Administratif dan Faktual,2021-12-22
,"Cetak
Radio
Televisi
Siber",,,,,,,,,,
Beritaibukota.com,Siber,Abdul Hamid,Abdul Hamid,Bertiga Media Ibu Kota,Kepulauan Riau,Mahkota Alam Raya Blok Cemara 3 Nomor 34,081363007448,"aripsindo@gmail.com , beritaibukota2020@gmail.com",www.beritaibukota.com,Terverifikasi Administratif,2021-12-22
mitratoday.com,Siber,Kartono Hady,Kartono Hady,Media Mitra Cyber,Bengkulu,"Jl.Soekarno Hatta 12 No 02 Kelurahan Anggut Atas, Kecamatan Ratu Samban, Kota Bengkulu",081278307808,mitratoday.com@gmail.com,mitratoday.com,Terverifikasi Administratif dan Faktual,2021-12-20
detikglobalnews.com,Siber,Sorimunggu Sirait,Sorimunggu Sirait,Selci Enjelglobal Media,Kepulauan Riau,Kavling Mandiri Blok Q No 7 RT 004/RW 008 Tanjung Buntung - Bengkong - Batam - Provinsi Kepulauan Riau.,085365162233,redaksidetikglobalnews@yahoo.com,www.detikglobalnews.com,Terverifikasi Administratif dan Faktual,2021-12-20
gerbangindonesia.co.id,Siber,Lalu Habib Fadli,Lalu Habib Fadli,Gerbang Media Cemerlang,Nusa Tenggara Barat,"Jalan Pelikan No 07, Pajang Timur, Mataram",087865814646,mediagerbangindonesia@gmail.com,www.gerbangindonesia.co.id,Terverifikasi Administratif dan Faktual,2021-12-20
halosulsel.com,Siber,zaharuddin,Zaharuddin,PT Halo Media Grup,Sulawesi Selatan,Jl Bosowa Utara No 47 Palaguna,08114444169,halomediagrup@gmail.com,www.halosulsel.com,Terverifikasi Administratif dan Faktual,2021-12-18
beritanasional.id,Siber,Bakri Remmang,Bakri Remmang,Media Bakri Centre,Sulawesi Selatan,Jl. Bau Baharuddin Lantai II No. 2 Sengkang,(0485) 3210070 - 081326728283,ylbhbk@gmail.com,www.beritanasional.id,Terverifikasi Administratif dan Faktual,2021-12-18
Tekape.co,Siber,Indar Ismail Jamaluddin,Indar Ismail Jamaluddin,Tempat Kreatifitas Anak Muda Pore,Sulawesi Selatan,"Jl. Andi Tenriadjeng, No 05, RT/RW: 010/002, Kelurahan Ponjalae, Kecamatan Wara Timur, Kota Palopo",0853 9696 8189,redaksi@tekape.co | redaksitekape@gmail.com,https://tekape.co/,Terverifikasi Administratif dan Faktual,2021-12-18
rakyat.news,Siber,M Anwar Mahendra,M Anwar Mahendra,Mata Grup Nusantara,Sulawesi Selatan,"Jalan Andi Mappaodang, No. 81 B",0411 8914280,redaksi@rakyat.news,https://rakyat.news/,Terverifikasi Administratif dan Faktual,2021-12-18
NusaDaily.com,Siber,Yusron Aminulloh,Yusron Aminulloh,Nusa Daily Group,Jawa Timur,Jalan Jaksa Agung Suprapto II/52 Kota Malang,"03413016519, 082234951854",redaksi@nusadaily.com,nusadaily.com,Terverifikasi Administratif dan Faktual,2021-12-18
Kabardesa.co.id,Siber,Jumardi,Jumardi,Media Kabar Desa,Sulawesi Selatan,"Jl. Bau Baharuddin Lantai I No. 2 Sengkang, Kelurahan Bulu Pabbulu, Kecamatan Tempe",0485 3210070 - 081326728283,kabardesa.co.id@gmail.com,www.kabardesa.co.id,Terverifikasi Administratif dan Faktual,2021-12-18
,"Cetak
Radio
Televisi
Siber",,,,,,,,,,
infosulawesi.com,Siber,Yulhaidir Ibrahim H,Yulhaidir Ibrahim H,Solusindo Intermedia Sulawesi,Sulawesi Selatan,Jl. Andi Djemma No. 108 Kota Palopo - Sulawesi Selatan,0811426970,infosulawesidotcom@gmail.com,infosulawesi.com,Terverifikasi Administratif dan Faktual,2021-12-16
jatimsmart.id,Siber,Imam Subawi,Imam Subawi,Hamparan Rejeki Bersama,Jawa Timur,Ruko Hayam Wuruk Blok F4,0354682888,jatimsmart.id@gmail.com,jatimsmart.id,Terverifikasi Administratif dan Faktual,2021-12-16
bangsaonline.com,Siber,Abdurrahman Ubaidah,Abdurrahman Ubaidah,Bangsa Sejahtera Pers,Jawa Timur,Jalan Gayungsari IX/5 Gayungan Kota Surabaya,031-8270967,bangsaonline@gmail.com,www.bangsaonline.com,Terverifikasi Administratif dan Faktual,2021-12-16
faktabanten.co.id,Siber,A Fauzi Chan,A Fauzi Chan,Warta Mediatama Indonesia,Banten,"Jl. Piranha No. 40 Temu Putih, Kel. Taman Baru, Kecamatan Citangkil, Kota Cilegon - Banten",081808415251,faktabanten.redaksi@gmail.com,www.faktabanten.co.id,Terverifikasi Administratif dan Faktual,2021-12-16
Pesanku.co.id,Siber,Zaharuddin,zaharuddin,Media Kahir Grup,Sulawesi Selatan,Jl Kartika Candra Kirana,08114444169,mediakahirgrup@gmail.com,www.pesanku.co.id,Terverifikasi Administratif dan Faktual,2021-12-15
Klikjatim.com,Siber,Aries Wahyudianto,Aries Wahyudianto,Klik Media Jatim,Jawa Timur,Perumahan Pondok Permata Suci Jalan Opal II/31 Permata Village 6F Kecamatan Manyar,08123282281,redaksiklikjatim@gmail.com,https://klikjatim.com,Terverifikasi Administratif dan Faktual,2021-12-15
beritabangsa.id,Siber,Isma Hakim Rahmat,Isma Hakim Rahmat,Media Jaya Lestari,Jawa Timur,"Taman Irawati 7A, Kelurahan Sidotopo, Kecamatan Semampir.",083122354220,beritabangsa19@gmail.com,https://www.beritabangsa.id/,Terverifikasi Administratif dan Faktual,2021-12-15
megapolitanpos.com,Siber,Yohan,Yohan,Megapolitanpos Media Nusantara,DKI Jakarta,JL. Pasarminggu Raya NO 13 Lantai 3 RT 007/08 Kelurahan Kalibata Kecamatan Pancoran,021.79187482,redaksi@megapolitanpos.com,www.megapolitanpos.com,Terverifikasi Administratif dan Faktual,2021-12-15
Ritmee.co.id,Siber,Buyung Maksum,Buyung Maksum,Asa mandiri multimedia,Sulawesi Selatan,JL KHM Razak Nomor 40,085242421178,redaksiritmee@gmail.com,www.ritmee.co.id,Terverifikasi Administratif dan Faktual,2021-12-15
liputanoke.com,Siber,Elfi Alkhairi,Elfi Alkhairi,Mentari Kreasi Media,Riau,"Jl. Tengku Bey, Maya Graha  No 23, Simpangtiga, Pekanbaru, Riau",08127549754/082284277254,liputanoke@yahoo.com,www.liputanoke.com,Terverifikasi Administratif dan Faktual,2021-12-15
,"Cetak
Radio
Televisi
Siber",,,,,,,,,,
okesulsel.com,Siber,Firmansyah,Firmansyah,Media Oke Sulsel,Sulawesi Selatan,"Jl. Bau Baharuddin Lantai I No. 2 Sengkang, Kelurahan Bulu Pabbulu, Kecamatan Tempe",0485 3210070 - 081326728283,redaksiokesulsel@gmail.com,www.okesulsel.com,Terverifikasi Administratif dan Faktual,2021-12-15
Koran Seruya,Cetak,chaerul baderu,Chaerul Baderu,Wisnu Aditya Intermedia Palopo,Sulawesi Selatan,Jalan Kelapa No.73,082194675648,verifikasiseruya@gmail.com,www.koranseruya.com,Terverifikasi Administratif dan Faktual,2021-12-15
teraskata.com,Siber,Asdar,Asdar,Rania Press Mediatama,Sulawesi Selatan,"Jalan Yos Sudarso, Kelurahan Pontap, Kecamatan Wara Timur",085240865331,redaksi.teraskata@gmail.com,teraskata.com,Terverifikasi Administratif dan Faktual,2021-12-15
Mediabahana.com,Siber,Moh. Supriyadi Syarifuddin,Moh. Supriyadi Syarifuddin,Media Bahana Indonesia,Sulawesi Selatan,"Jl Andi Malingkaan Empagae , Kecamatan Tanasitolo",08124247209,mediabahana02@gmail.com,www.mediabahana.com,Terverifikasi Administratif dan Faktual,2021-12-15
lintascelebes.com,Siber,Moh. Supriyadi Syarifuddin,Moh. Supriyadi Syarifuddin,Media Lintas Celebes,Sulawesi Selatan,Jl. Ambo Ewang Empagae Desa Assorajang Kec. Tanasitolo,085241403347,medialintascelebes@gmail.com,www.lintascelebes.com,Terverifikasi Administratif dan Faktual,2021-12-15
palopopos.co.id,Siber,Muh. Akbar,Muh. Akbar,Palopo Pos Media Syber,Sulawesi Selatan,JL. Andi Djemma No. 94,0471-21057,palopoposcoid@gmail.com,,Terverifikasi Administratif dan Faktual,2021-12-15
Bataminfo.co.id,Siber,M Ansyarullah Kahfi Ansyari,M. Ansyarullah Kahfi Ansyari,Bataminfo Media Utama,Kepulauan Riau,Komplek Ruko Botania 1 blok F3 no 2B,081290597706,batam.info007@gmail.com,www.bataminfo.co.id,Terverifikasi Administratif dan Faktual,2021-12-14
Berita metro,Cetak,Lutfil hakim,Lutfil hakim,Harian berita metro,Jawa Timur,Jl Tunjungan Nomor 86 Surabaya,"031-5318686, WA: 081515111286",redaksi.beritametro86@gmail.com,www.beritametro.news,Terverifikasi Administratif dan Faktual,2021-12-14
wajoterkini.com,Siber,Bakri Remmang,Bakri Remmang,Media Wajo Terkini,Sulawesi Selatan,Jl. Bau Baharuddin No. 2  Lantai II Sengkang - Kabupaten Wajo,0485 3210070 - 081326728283,redaksi@wajoterkini.com,www.wajoterkini.com,Terverifikasi Administratif dan Faktual,2021-12-14
JATIMNOW.COM,Siber,Rois Jajeli,Rois Jajeli,Media Jatim Bersama,Jawa Timur,"Jalan Jimerto 17A, Surabaya",03199244691,jatimnow@gmail.com,www.jatimnow.com,Terverifikasi Administratif dan Faktual,2021-12-14
,"Cetak
Radio
Televisi
Siber",,,,,,,,,,
penapost.co.id,Siber,Muhammad Zairin,Muhammad Zairin,Pena Post Multi Media,Aceh,"Jalan Teungku Imum Lueng Bata, Nomor 4, Lamseupeung, Kecamatan Lueng Bata, Kota Banda Aceh, Provinsi Aceh",0811681450,penapost.mendaftar@gmail.com,https://penapost.net/,Terverifikasi Administratif dan Faktual,2021-12-14
blokbojonegoro.com,Siber,Parto Sasmito,Parto Sasmito,Blok Bojonegoro Media,Jawa Timur,"Jalan Ks Tubun Gg Srinayan No 3 Kelurahan Mojokampung, Kecamatan Bojonegoro, Kabupaten Bojonegoro, Jawa Timur",(0353) 3412093,blokBojonegoro@gmail.com,www.blokbojonegoro.com,Terverifikasi Administratif dan Faktual,2021-12-14
blokTuban.com,Siber,Sri Wiyono,Sri Wiyono,Blok Tuban Promosindo,Jawa Timur,"Jalan Sunan Muria No 28, Kelurahan Latsari, Kecamatan Tuban, Kabupaten Tuban.",0356 8832551,bloktuban@gmail.com,www.blokTuban.com,Terverifikasi Administratif dan Faktual,2021-12-14
matatelinga.com,Siber,Amrizal,Amrizal,Mata Telinga Telinga,Sumatera Utara,"Jalan Stasiun No.5 DEF, Kelurahan Kesawan, Kecamatan Medan Barat, Kota Medan- SUmatera Utara",(061) 4522203,matatelinga.tv@gmail.com,www.matatelinga.com,Terverifikasi Administratif dan Faktual,2021-12-14
Memontum.com,Siber,Januar Triwahyudi,Januar Triwahyudi,Memo Arema Sejahtera,Jawa Timur,"Ruko Istana Dinoyo Blok B/6, JL. MT Haryono 1A Dinoyo, Kota Malang",0341 570797,memontumdotcom@gmail.com,https://memontum.com/,Terverifikasi Administratif dan Faktual,2021-12-14
JTV Madiun,Televisi,Fariansyah,Fariansyah,Jati Magetan Televisi,Jawa Timur,"JL. Sari Mulya No. 47, Kelurahan Rejomulyo, Kecamatan Kartoharjo",0351.2810122 / 081330097007,jtvbiromadiun@gmail.com,jtvmadiun.com,Terverifikasi Administratif dan Faktual,2021-12-14
suarasiber.com,Siber,Nurali Mahmudi,Nurali Mahmudi,Sigma Intermedia Pers,Kepulauan Riau,"Komplek Ruko Bintan Centre Blok O Nomor 14, Kelurahan Batu IX, Kecamatan Tanjungpinang Timur, Kota Tanjungpinang, Provinsi Kepulauan Riau, Indonesia",+62 812-9039-8495,suarasiber@gmail.com,https://suarasiber.com/,Terverifikasi Administratif dan Faktual,2021-12-14
Selasar.co,Siber,Achmad Ridwan,Achmad Ridwan,Selasar Lingkar Media,Kalimantan Timur,Jl. Untung Suropati Komp.Mahakam Square Blok B no.5A Kec.Sungai Kunjang,081222985554,dotcomselasar@gmail.com,Https://selasar.co,Terverifikasi Administratif dan Faktual,2021-12-14
Jalurnews.com,Siber,Descrates Pasaribu,Descrates Pasaribu,Jalur Media Sejahtera,Kepulauan Riau,"Gedung Graha Mas Lantai 3 R 302, Jl. Imam Bonjol Nagoya, Kel. Sungai Jodoh, Kec. Batu Ampar",082288200501 - 085363632874,jalurnewsofficial@gmail.com,jalurnews.com,Terverifikasi Administratif dan Faktual,2021-12-14
mimbarpublik.com,Siber,Hendrata Yudha Wardana,Hendrata Yudha Wardana,Mimbar Media Sejahtera,Kepulauan Riau,"Gedung Graha Mas Lantai 3 R-WCL 401, Jl. Imam Bonjol Nagoya, Kel. Sungai Jodoh, Kec. Batu Ampar",0778 – 493003,mimbarpublikofficial@gmail.com,mimbarpublik.com,Terverifikasi Administratif dan Faktual,2021-12-14
,"Cetak
Radio
Televisi
Siber",,,,,,,,,,
bacaini.id,Siber,Afnan Subagio,Afnan Subagio,Baca Ini Media,Jawa Timur,Jalan Letjen Sutoyo 108 Kelurahan Bangsal Kota Kediri,081252487766,redaksi.bacaini@gmail.com,bacaini.id,Terverifikasi Administratif dan Faktual,2021-12-14
kepribetter.com,Siber,Hendrata Yudha Wardana,Hendrata Yudha Wardana,Jalur Media Sejahtera,Kepulauan Riau,"Gedung Graha Mas Lantai 3 R 302, Jl. Imam Bonjol Nagoya, Kel. Sungai Jodoh, Kec. Batu Ampar",0778 – 428080,kepribetterofficial@gmail.com,kepribetter.com,Terverifikasi Administratif dan Faktual,2021-12-14
Katasatu.co.id,Siber,Arisal,Arisal,Kata Satu Intermedia,Sulawesi Selatan,"Jl. Samiun No 4 Kel. Ammasangan, Kec. Wara Kota Palopo",082393041343 / 085 374 525 848,katasatu2017@gmail.com,https://katasatu.co.id/,Terverifikasi Administratif dan Faktual,2021-12-14
kabar6.com,Siber,Heryanto,Heryanto,Kabar6 Multi Media,Banten,"Amarapura Blok G3/13, Kademangan, Setu, Kota Tangerang Selatan",02122756598,kabarenam6@gmail.com,Kabar6.com,Terverifikasi Administratif dan Faktual,2021-12-14
Radarmandalika.id,Siber,Achmad Sukisman Azmy,Achmad Sukisman Azmy,Mandalika Media Pratama,Nusa Tenggara Barat,Jl. Sultan Hasanudin No. 27 Praya,0370653205,rmdiki36@gmail.com,radarmandalika.id,Terverifikasi Administratif dan Faktual,2021-12-14
bogordaily.net,Siber,Kentoz Reza Artoko,Kentoz Reza Artoko,Jaring Teguh Perkasa,Jawa Barat,Ruko Kemang Valley Residence No. R3 Jalan Raya Kemang Kabupaten Bogor,02517598843,pt.jaringteguhperkasa@gmail.com,https://bogordaily.net/,Terverifikasi Administratif dan Faktual,2021-12-14
klikmetro.com,Siber,Amrizal,Amrizal,Media Klik Metro,Sumatera Utara,"Jl. Marelan Raya Gang Manggis, Kelurahan Tanah Enam Ratus, Kecamatan Medan Marelan.",08126549534,klikmetro@gmail.com,www.klikmetro.com,Terverifikasi Administratif dan Faktual,2021-12-14
Berkabarnews.com,Siber,Rusdianto,Rusdianto,Berkabar Anam Putri,Riau,Komp. GCA Blok D/17 Jln Purwodadi Panam,081268334623,berkabaranamputi@gmail.com,www.berkabarnews.com,Terverifikasi Administratif dan Faktual,2021-12-14
suaraserumpun.com,Siber,Mario Abdillah Khair,Mario Abdillah Khair,Jong Lintas Media,Kepulauan Riau,"Komplek Perumahan Mahkota Alam Permai, Nomor 1 Blok A, Pinang Kencana, Kelurahan Batu Sembilan, Tanjungpinang Timur, Tanjungpinang, Kepulauan Riau.",+62 813-7228-3886,suaraserumpun1@gmail.com,https://suaraserumpun.com/,Terverifikasi Administratif dan Faktual,2021-12-14
suryapagi.com,Siber,M. Iqbal Saputra,Badar Subur,Media Surya Pagi,Banten,"Jalan Bonjol No. 37 Rt. 03/ Rw. 07, Pondok Karya, Pondok Aren, Tangerang Selatan 15425",021-73665668,redsuryapagi@gmail.com,suryapagi.com,Terverifikasi Administratif dan Faktual,2021-11-22
,"Cetak
Radio
Televisi
Siber",,,,,,,,,,
Palopo Pos,Cetak,Husain Rasyid,Husain Rasyid,Palopo Press Intermedia,Sulawesi Selatan,Jl. Andi Djemma No. 94 Kota Palopo,0471-21057 atau 0812 422 5181,palopopos@yahoo.co.id,www.palopopos.co.id,Terverifikasi Administratif dan Faktual,2021-11-22
Wartabromo.com,Siber,Mochammad Asad,Mochammad Asad,Warmo Media Waskito,Jawa Timur,"Jl. Panglima Sudirman Kav 115 No. 17, Kelurahan/ Kecamatan Purworejo",0821-9918-2494,wartabromo@gmail.com,www.wartabromo.com,Terverifikasi Administratif dan Faktual,2021-11-22
Pusaranupdate.com,Siber,SY. Sopian Efendi,SY. Sopian Efendi,Media Pusaran Mandiri,Bengkulu,Jl. Semangka 4 RT.12 RW.04 Kel.Panorama Kec.Singgaran Pati Kota Bengkulu,085266768935,pusaranupdate@gmail.com,pusaranupdate.com,Terverifikasi Administratif dan Faktual,2021-11-22
kaltimtoday.co,Siber,Ibrahim,Ibrahim,Media Mandiri Perkasa,Kalimantan Timur,"Kaltim Today Office, Ruangku Coworking Space Lt 3, Jl. Ahmad Yani No.15B, Sungai Pinang Dalam, Kec. Sungai Pinang, Kota Samarinda, Kalimantan Timur 75117",085332481995,kaltimtoday99@gmail.com,www.kaltimtoday.co,Terverifikasi Administratif dan Faktual,2021-11-22
Swakarya.com,Siber,Bardian,Bardian,Pinhastika Tunas Wartadunia,Kepulauan Bangka Belitung,"Jl Ra Kartini no 1A, Kel Batin Tikal, Kec Tamansari, Kota Pangkalpinang",081949012137,muhammadtahir2610@gmail.com,https://swakarya.com/,Terverifikasi Administratif dan Faktual,2021-11-22
Sumbar Post,Cetak,Almadi,Almadi,Media Sumbar Post,Sumatera Barat,Jalan Lansano No 1 Lolong Belanti Padang,075140652,redaksi_xpos@yahoo.co.id,www.sumbarpost.com,Terverifikasi Administratif dan Faktual,2021-11-22
nawacita.co,Siber,Riko Abdiono,Riko Abdiono,Nawacita Media Communication,Jawa Timur,JL.MARGOREJO 24-26 D SURABAYA,081235745533,nawacitamedia@gmail.com,nawacita.co,Terverifikasi Administratif dan Faktual,2021-11-22
Media Aceh,Cetak,Teuku Maimun Umar,Teuku Maimun Umar,Atjeh Media Group,Aceh,"Jalan Cendrawasih Nomor 2B Gampong Keuramat, Kuta Alam, Banda Aceh","(0651) 3613948, 081269000476",muktar_pang@yahoo.com,www.mediaaceh.co.id,Terverifikasi Administratif dan Faktual,2021-11-22
Harian Mistar,Cetak,Rika Suartiningsih,Rika Suartiningsih,Bintang Berita Abadi,Sumatera Utara,"Jalan H.Adam Malik Kelurahan Timbang Galung Kecamatan Siantar Barat, Kota Pematang Siantar, Sumatera Utara",0622-7438764,harianmistar@yahoo.com,www.mistar.id,Terverifikasi Administratif dan Faktual,2021-11-22
Seputar Aceh,Cetak,Bahrul Walidin,Bahrul Walidin,Pat Aceh Sarana Informasi,Aceh,"Jln. T, Iskandar Lr. Gajah, Nomor. 13, Gampong Doy, Kecamatan Ulee Kareng, Kota Banda Aceh",085299939423,seputaraceh1@gmail.com,www.seputaraceh.id,Terverifikasi Administratif dan Faktual,2021-11-22
,"Cetak
Radio
Televisi
Siber",,,,,,,,,,
Independennews.com,Siber,Gusmanedy Sibagariang,Gusmanedy Sibagariang,Sinar Sembilan Bintang,Kepulauan Riau,"Kompleks Ruko Rabayu Blok E No. 2 Tembesi, Sagulung, Kota Batam, Kepulauan Riau, Indonesia.",+6281213438826.,gusman_s@yahoo.com,www.independennews.com,Terverifikasi Administratif dan Faktual,2021-11-22
Rakyatpos,Cetak,Agus hendrayadi,Agus hendrayadi,Rakyatpos,Kepulauan Bangka Belitung,Jl. Sudirman No. 14 Lembawai Kec. Gabek Kota Pangkalpinang,(0717) 435055,rakyatpos@gmail.com,www.rakyatpos.com,Terverifikasi Administratif dan Faktual,2021-11-22
infokepri.com,Siber,Ismanto Panjaitan,Ismanto Panjaitan,Ayu Novlin Bersaudara,Kepulauan Riau,"Perumahan Parisa Indah Blok A 3 Nomor 20 A Kelurahan Sei Langkai, Kecamatan Sagulung, Batam, Kepri",081270197866,infokepri2019@gmail.com,www.infokepri.com,Terverifikasi Administratif dan Faktual,2021-11-22
teritorial24.com,Siber,Hartono Tugiman,Hartono Tugiman,Teritorial Dua Empat Nusantara,Sumatera Utara,"DESA PEMATANG SETRAK, KEC. TELUK MENGKUDU, KAB. SERDANG BEDAGAI, PROV. SUMUT",081260491391,teritorialduaempat.nusantara@gmail.com,teritorial24.com,Terverifikasi Administratif dan Faktual,2021-11-22
Habadaily.com,Cetak,Ariadi B Jangka,Ariadi B Jangka,Haba Inter Media,Aceh,"Jl. T. Panglima Nyak Makam, Lhambuk, Ulee Kareng - Banda Aceh, Aceh 23127",(0651) 3616576,habadaily@gmail.com,www.habadaily.com,Terverifikasi Administratif dan Faktual,2021-11-22
Kepripos.id,Siber,Abdilah,Abdilah,Jaya Kepri Pos,Kepulauan Riau,"Jl. Sihotang, Ranai, Kabupaten Natuna",081364769435,kepriposredaksi@gmail.com,kepripos.id,Terverifikasi Administratif dan Faktual,2021-11-22
Efarina Televisi,Televisi,Daniel Pekuwali,Daniel Pekuwali,Efarina Televisi,Sumatera Utara,Jl. Parahot No. 26 Kelurahan Nagori Pamatang Simalungun Kecamatan Siantar Kabupaten Simalungun 21151,082167967949,redaksiefarinatv@gmail.com,www.efarina.com,Terverifikasi Administratif dan Faktual,2021-11-22
beritanusa.com,Siber,Yanto,Yanto,Monitor Multi Media,Sumatera Utara,Jalan Umar Baki LK VII Kelurahan Sukaramai,0823 70000 999,beritanusa2020@gmail.com,www.beritanusa.com,Terverifikasi Administratif dan Faktual,2021-11-22
eksisnews.com,Siber,Amir Syarifuddin,Amir Syarifuddin,Putra Media Eksis,Sumatera Utara,Jl. Tuba II No. 63 C Kel. Tegal Sari Mandala III Kec. Medan Denai,08126374216,dataeksis@gmail.com,https://eksisnews.com,Terverifikasi Administratif dan Faktual,2021-11-22
suaraborneo.com,Siber,Khairiadi Asa,Khairiadi Asa,Suara Borneo Jaya,Kalimantan Selatan,Jl Trans Kalimantan Komplek Grand Purnama 2 Blok F Purnama 21 No.153,081250093931,suaraborneo009@gmail.com,www.suaraborneo.com,Terverifikasi Administratif dan Faktual,2021-11-22
,"Cetak
Radio
Televisi
Siber",,,,,,,,,,
satujuang.com,Siber,Wibowo Susilo,Wibowo Susilo,Satujuang Jaya Abadi,Bengkulu,Jl DP Negara 3 No.31 Rt.46 Rw.05 Kelurahan Pagar Dewa Kecamatan Selebar,085788176007,admsatujuang@gmail.com,satujuang.com,Terverifikasi Administratif dan Faktual,2021-11-22
kepripedia.com,Siber,Nurjali,Nurjali,Kepri Digital Media,Kepulauan Riau,"Ruko Costarica Niaga Blok B2 No 6, Jl Costarica Residance, Belian, Batam Kota",085117619442,redaksi@kepripedia.com,kepripedia.com,Terverifikasi Administratif dan Faktual,2021-11-22
kaltimkece.id,Siber,Felanans Gevrido Yosef Mustari,Felanans Gevrido Yosef Mustari,Kaltim keren cerdas,Kalimantan Timur,Jalan wahid hasyim 2 no. 16,082154391877,kaltimkece@gmail.com,kaltimkece.id,Terverifikasi Administratif dan Faktual,2021-11-22
liputankini.com,Siber,Gusnaldi Saman,Gusnaldi Saman,Rakyatterkini Media Perdana,Sumatera Barat,"Komplek Palm Raya, Blok C/1, Kampung Lalang, RT.003-RW.006, Kelurahan Pasar Ambacang,  Padang, Sumatera Barat",08126731984,kiniliputan@gmail.com,liputankini.com,Terverifikasi Administratif dan Faktual,2021-11-22
Jejak News,Cetak,Ismail Novendra,Ismail Novendra,Jejak Media Group,Sumatera Barat,"Jln. Bengkuang No.16, Kel. Ujung Gurun, Kec. Padang Barat",082385339876,jejakmediagroup@gmail.com,Jejak77.com,Terverifikasi Administratif dan Faktual,2021-11-22
pakuanraya.com,Siber,David Rizar Nugroho,David Rizar Nugroho,Pakar Inti Corpora,Jawa Barat,"Jl,Raya Pajajaran Ruko Warung Jambu No.1 B RT 001 RW.006 Kel .Bantarjati, Kec. Bogor Utara",0251-8394424,harianpakaronlne@gmail.com,www.pakuanraya.com,Terverifikasi Administratif dan Faktual,2021-11-22
seblang.com,Siber,Kundari Pri Susanti,Kundari Pri Susanti,Seblang Multi Media,Jawa Timur,"Jalan Wijaya Kusuma No.47 Kelurahan Boyolangu, Kecamatan Giri, Kabupaten Banyuwangi",082335338583,redaksi.seblangdotcom@gmail.com,www.seblang.com,Terverifikasi Administratif dan Faktual,2021-11-22
tangselpos.id,Siber,Ari Supriadi,Ari Supriadi,Tangsel Media Utama,Banten,Griya Pena Ruko Golden Road Blok C32/12,021 53150542,tangselpos.id@gmail.com,tangselpos.id,Terverifikasi Administratif dan Faktual,2021-11-22
acehvideo.tv,Siber,Dasrpiani,Dasrpiani,Aceh Video Multimedia,Aceh,"Jalan Ratu Syafiatuddin, Komplek Sri Ratu Syafiatuddin, No. 43D, Peunayong Kuta Alam, Banda Aceh",+62 811 68 25432,videoaceh@gmail.com,acehvideo.tv,Terverifikasi Administratif dan Faktual,2021-11-22
mistar.id,Siber,Rika Suartiningsih,Rika Suartiningsih,Bintang Berita Abadi,Sumatera Utara,"Jalan H. Adam Malik No.87F Kelurahan Timbang Galung ,Kecamatan Siantar Barat, Kota Pematang Siantar, Prov Sumatera Utara",06227438764,koranmistar@gmail.com,www.mistar.id,Terverifikasi Administratif dan Faktual,2021-11-22
,"Cetak
Radio
Televisi
Siber",,,,,,,,,,
cnnindonesia.com,Siber,Desi Anwar,Titin Rosmasari,Trans News Corpora,DKI Jakarta,"Gedung Transmedia, Jl. Kapten P. Tendean Kav. 12-14A, Jakarta Selatan, 12790, Indonesia",+6221-79177000,subscription@cnnindonesia.com,www.cnnindonesia.com,Terverifikasi Administratif dan Faktual,2021-11-22
upeks.co.id,Siber,Syamsuddin Yoko,Syamsuddin Yoko,Portal Upeks Indonesia,Sulawesi Selatan,Fajar Graha Pena Makassar Lt.III Jl. Urip Sumohardjo No.20 Telp. (0411) 457457 Fax. (0411) 456626 Makassar Email Redaksi: upeks.satu@gmail.com Email Iklan: upeks.satu@gmail.com,(0411) 457457,upeks.satu@gmail.com,upeks.co.id,Terverifikasi Administratif dan Faktual,2021-11-18
Bukamatanews.id,Siber,Dewi Yuliani,Dewi Yuliani,Mata Asia Intermedia,Sulawesi Selatan,Jl. Perintis Kemerdekaan VII No.3,082189586163,redaksi@bukamatanews.id,https://bukamatanews.id/,Terverifikasi Administratif dan Faktual,2021-11-08
metro7.co.id,Siber,Sabirin HA Syukran Nafis,Sabirin HA Syukran Nafis,Surya Alam Sakti Mandiri,Kalimantan Selatan,Jl. Simpang Tiga Tangki Hijau RT. 06 No. 21 Kelurahan Belimbing Raya Kecamatan Murung Pudak,(0526) 2025606,redaksi@metro7.co.id,www.metro7.co.id,Terverifikasi Administratif dan Faktual,2021-11-08
sulutreview.com,Siber,Hilda Margaretha,Hilda Margaretha,Media Citra Anugrah,Sulawesi Utara,"Jalan Piere Tendean, Marina Plaza Lantai II Blok B",082266114903,sulutreview@gmail.com,sulutreview.com,Terverifikasi Administratif dan Faktual,2021-11-08
Mediakaltim.com,Siber,Agus Susanto,Agus Susanto,Media Kaltim Promosindo,Kalimantan Timur,Jalan Gunung Kawi Nomor 3 BSD  Kelurahan Gunung Elai Kecamatan Bontang Utara Kota Bontang,0823-5236-5484/0811-580-2340,redaksi@mediakaltim.com,mediakaltim.com,Terverifikasi Administratif dan Faktual,2021-11-08
suarajatimpost.com,Siber,Prayudi Bahagia Rahmad Widi,Prayudi Bahagia Rahmad Widi,Suara Media Jatim,Jawa Timur,"Jl. Terusan Tegalgondo, Pendem, Junrejo, Kota Batu",081393000600,redaksi@suarajatimpost.com,suarajatimpost.com,Terverifikasi Administratif dan Faktual,2021-11-08
republiknews.co.id,Siber,Dahlan Abubakar,Dahlan Abubakar,Sinar Panorama Mandiri,Sulawesi Selatan,"Jl. Adiaksa IV No. 8-9, Kelurahan Pandang, Kecamatan Panakkukang, Kota Makassar",0852 9999 3998,sadambuton89@gmail.com,republiknews.co.id,Terverifikasi Administratif dan Faktual,2021-11-08
prosesnews.id,Siber,Hasanuddin Djadin,Hasanuddin Djadin,Proses Digital Media,Gorontalo,"Jln. Palma, Kel. Libu’o, Kec. Dungingi, Kota Gorontalo, Provinsi Gorontalo",085341775192,prosesnews@gmail.com,https://prosesnews.id,Terverifikasi Administratif dan Faktual,2021-11-08
Pakuan Raya (PAKAR),Cetak,David Rizar Nugroho,David Rizar Nugroho,Pakar Inti Corpora,Jawa Barat,"Jl. Raya Pajajaran No. 1 B, Bogor 16153",0251- 8394424,harianpakuanraya@yahoo.com,www.pakuanraya.com,Terverifikasi Administratif dan Faktual,2021-11-08
,"Cetak
Radio
Televisi
Siber",,,,,,,,,,
sulselsatu.com,Siber,Yulhaidir Ibrahim H,Yulhaidir Ibrahim H,Latama Media Satu,Sulawesi Selatan,"Jl.AP. Pettarani,Kompleks Ramayana Pettarani Ruko Diamond Lt.2 Dan Lt.3 Blok.D No.16 Makassar",+624114674249,sulselsatu1@gmail.com,https://www.sulselsatu.com,Terverifikasi Administratif dan Faktual,2021-11-08
analisaaceh.com,Siber,Misdarul Ihsan,Misdarul Ihsan,Analisa Trend Media,Aceh,"Meunasah Manyang, Krueng Barona Jaya, Kabupaten Aceh Besar, Aceh",0812 6462 8695,redaksi@analisaaceh.com,www.analisaaceh.com,Terverifikasi Administratif dan Faktual,2021-11-08
BaritaItah.co.id,Siber,Eko Widodo,Eko Widodo,Kekea Barita Itah,Kalimantan Tengah,Jl.Christopel Mihing No.37,085252789808,kekea.baritaitah@gmail.com,baritaitah.co.id,Terverifikasi Administratif dan Faktual,2021-11-08
satukanal.com,Siber,Danu Sukendro,Danu Sukendro,Satukanal Media Dwipa,Jawa Timur,"Jl. cengkeh no.1, tulusrejo, kec. lowokwaru, kota malang, jawa timur 65141",+623414382823,satukanalcom@gmail.com,satukanal.com,Terverifikasi Administratif dan Faktual,2021-11-08
jalurinfo.com,Siber,Muhammad Idris Hamid,Muhammad Idris Hamid,Jalur Info Nusantara,Sulawesi Selatan,"Gedung Graha Pena Mini Ruko Kav. 9-10 , Jl Urip Sumohardjo No 20 Makassar",081244916648,jinfo@jalurinfo.com,www.jalurinfo.com,Terverifikasi Administratif dan Faktual,2021-11-08
Prospek,Cetak,Marliyana,Marliyana,Banua Karya Mandiri,Kalimantan Selatan,"Jalan Pramuka/Jalan Melati Indah VII RT 10No 47, Kelurahan Sungai Lulut, Kecamatan Banjarmasin Timur,",085248455527,zakirprospek@gmail.com,www.mediaprospek.com,Terverifikasi Administratif dan Faktual,2021-11-08
Pagaralam Pos,Cetak,Diansyah Putra,Diansyah Putra,Citra Lahat Media,Sumatera Selatan,"JL. MAYJEN S.PARMAN NO.34 RT 15 RW 05, KOTA PAGARALAM",(0730) 621272,pagaralampos@yahoo.com,www.pagaralampos.com,Terverifikasi Administratif dan Faktual,2021-11-08
Kalselpos.com,Siber,Syamsul Arifin Lingga,Syamsul Arifin Lingga,Sinar Insan Media,Kalimantan Selatan,Jl Sultan Adam RT 14 RW 002 RUKO NOMOR 5 SUNGAI MIAI BANJARMASIN UTARA,081250000624,kalselposcom@gmail.com,www.kalselpos.com,Terverifikasi Administratif dan Faktual,2021-11-08
seru.co.id,Siber,Rahadi,Rahadi,Aguna Don Amertha,Jawa Timur,Jl. MT. Haryono 1A Blok B-6 Lantai 2 Komplek Ruko Istana Dinoyo,0341570797,redaksi.seru@gmail.com,https://seru.co.id,Terverifikasi Administratif dan Faktual,2021-11-08
Radar Makassar,Cetak,M. Alfiansyah Zugito,M. Alfiansyah Zugito,Radar Makassar Intermedia,Sulawesi Selatan,Jl. Batua Raya No. 184,(0411) 422202,Redaksi.radarmakassar@gmail.com,https://www.radarmakassar.com,Terverifikasi Administratif dan Faktual,2021-11-08
,"Cetak
Radio
Televisi
Siber",,,,,,,,,,
mediasinergi.co,Siber,Ismail Asnawi,Ismail Asnawi,Media Sinergi Cyber,Sulawesi Selatan,Jl Sawerigading Hunian HS Sawerigading Blok B No. 8 Sengkang Kabupaten Wajo Sulawesi selatan,0811428778,mediasinergicyber@gmail.com,mediasinergi.co,Terverifikasi Administratif dan Faktual,2021-11-05
Media Sinergi,Cetak,Abdul Manaf Rachman,Abdul Manaf Rachman,Media Sinergi,Sulawesi Selatan,Jl Sawerigading Hunian HS Sawerigading Blok B No. 8 Sengkang Kabupaten Wajo Sulawesi selatan,0811428778,mediasinergi@gmail.com,www.mediasinergi.co,Terverifikasi Administratif dan Faktual,2021-10-29
Berita Radar,Cetak,Pudiyaka,Pudiyaka,Fiskia Media Karya,Sumatera Selatan,"Jalan Rawasari , Purnama RT. 48 NO. 75 Bukit Sangkal Palembang",0815-32695137 - 0858-40332444,fiskiaradar@yahoo.com,,Terverifikasi Administratif,2021-10-23
Lintassumbar.co.id,Siber,Ikhlas Bakri,Ikhlas Bakri,Lintas Sumbar Media,Sumatera Barat,"Jalan Imam Bonjol, No.41, Cimparuh, Pariaman Tengah, Kota Pariaman, Sumbar",085263523271,lintassumbar82@gmail.com,lintassumbar.co.id,Terverifikasi Administratif,2021-10-23
masakini.co,Siber,Maimun Saleh,Maimun Saleh,Gelora Masa Kini,Aceh,"Jl. Iskandar Muda, No. 6, Desa Lambung, Kec. Meuraxa, Kota Banda Aceh",08116820040,red.masakini@gmail.com,https://masakini.co,Terverifikasi Administratif dan Faktual,2021-10-18
Borneotrend.com,Siber,Khairiadi Asa,Khairiadi Asa,Borneo trend media,Kalimantan Selatan,JL Belitung Darat GG Samadi Ilham RT 17 RW 02 NO 48,085251548476,borneotrendofficial@gmail.com,www.borneotrend.com,Terverifikasi Administratif dan Faktual,2021-10-18
komunikasulut.com,Siber,Wenseslaus Leriando Kambey,Wenseslaus Leriando Kambey,Komunika Sulut Media,Sulawesi Utara,"Lingkungan 1, Kelurahan Teling Atas, Kecamatan Wanea.","0431-8802226, 081340598118",komunikasulutmedia@gmail.com,www.komunikasulut.com,Terverifikasi Administratif dan Faktual,2021-10-18
jejakrekam.com,Siber,Didi Gunawan Sanusi,Didi Gunawan Sanusi,Jejak Rekam Bhanuwa,Kalimantan Selatan,"Jalan Bengkirai No 117 RT 13 RW 02, Kompleks Banjar Indah Permai, Kelurahan Pemurus Dalam, Kecamatan Banjarmasin Selatan",WA O85386441171/HP 08214840825,rekamjejak07@gmail.com,www.jejakrekam.com,Terverifikasi Administratif dan Faktual,2021-10-18
acehportal.com,Siber,Fauzi Yuda Fahruddin,Fauzi Yuda Fahruddin,Aceh Portal Multimedia,Aceh,"Alamat Redaksi | Alamat: Jl. Tandi, Ateuk Munjeng, Kec. Baiturrahman, Kota Banda Aceh–Indonesia",085260764294,redaksiacehportal@gmail.com,www.acehportal.com,Terverifikasi Administratif dan Faktual,2021-10-18
Riliskalimantan.com,Siber,Sandy Firly,Sandy Firly,Rilis kalimantan media,Kalimantan Selatan,"Komplek Andai Jaya Persada Block C NO 50, Kelurahan Sungai Andai, Kecamatan Banjarmasin Utara",083159770756,rilis.kalimantan@gmail.com,www.riliskalimantan.com,Terverifikasi Administratif dan Faktual,2021-10-18
,"Cetak
Radio
Televisi
Siber",,,,,,,,,,
Lentera Today,Cetak,Arifin Boedi Haryono,Arifin Boedi Haryono,Media Hebat Inspirasi Indonesia,Jawa Timur,Jl Rungkut asri utara VI no 26 Surabaya,031 87854491,mediahebatindonesia@gmail.com,lenteratoday.com,Terverifikasi Administratif dan Faktual,2021-10-18
Lenteratoday.com,Siber,Arifin Boedi Haryono,Arifin Boedi Haryono,Media Hebat Inspirasi Indonesia,Jawa Timur,Jl Rungkut asri utara VI no 26 Surabaya,031 - 87854491,lenteratoday@gmail.com,lenteratoday.com,Terverifikasi Administratif dan Faktual,2021-10-18
kanalkalimantan.com,Siber,Agus Suprapto,Agus Suprapto,Citra Kalimantan Media,Kalimantan Selatan,Panglima Batur Jl. Pinus II RT. 001 RW. 001 Kelurahan Mentaos Banjarbaru Utara Kota Banjarbaru 70714 Provinsi Kalimantan Selatan,(0511) 5913701 / 082156975597,desykanalkalimantan@gmail.com,www.kanalkalimantan.com,Terverifikasi Administratif dan Faktual,2021-10-18
Media Pos Aceh,Cetak,Asnawi Kumar,Asnawi Kumar,Media Pos Aceh,Aceh,"Jl. Tgk Adee Utama No. 11, Desa Doy, Kecamatan Ulee Kareng","08116803095, 081360352602",redaksi.mediaposaceh@gmail.com,http://posaceh.com/,Terverifikasi Administratif dan Faktual,2021-10-18
benuanta.co.id,Siber,Sultan,Sultan,Zarah Benuanta Utama,Kalimantan Utara,"Kantor Benuanta, Lantai 2, Jalan Gajah Mada, RT 31, Nomor 30D2, Kelurahan Karang Anyar Pantai, Kecamatan Tarakan Barat, Kota Tarakan, Provinsi Kalimantan Utara",08115408686,benuantaonline@gmail.com,https://benuanta.co.id,Terverifikasi Administratif dan Faktual,2021-10-18
theacehpost.com,Siber,M. Nasir Nurdin,M. Nasir Nurdin,Media Aceh Post,Aceh,"Jalan Teuku Chik Ditiro, Lorong Gelatik, No. 02A,Desa Ateuk Pahlawan, Kecamatan Baiturrahman",0811 689 0506,redaksi.tap@gmail.com,https://theacehpost.com/,Terverifikasi Administratif dan Faktual,2021-10-18
grapena.com,Siber,Milhan Rusli,Milhan Rusli,Graha Pena Mandira,Kalimantan Selatan,"Jalan Padat Karya, Komplek Perdana Mandiri, Blok G, Jalur 5, RT. 20, No. 76, Kelurahan Sungai Andai",085387261385,redaksigrapena@gmail.com,grapena.com,Terverifikasi Administratif dan Faktual,2021-10-18
fajarharapan.id,Siber,Andri Besman,Andri Besman,Fajar Sumbar Mandiri,Sumatera Barat,"Griya Elok Blok C / 15, Kelurahan Batuang Taba Nan XX, Kecamatan Lubuk Begalung",085363374156,fajarharapan1972@gmail.com,www.fajarharapan.id,Terverifikasi Administratif dan Faktual,2021-10-18
teras7.com,Siber,Didin Ariyadi,Didin Ariyadi,Teras Tujuh Indonesia,Kalimantan Selatan,"Jalan Karang Anyar 3, No A22, Kelurahan Loktabat Utara, Kecamatan Banjarbaru Utara, Kota Banjarbaru, Kalimantan Selatan",05115925967,teras7news@gmail.com,teras7.com,Terverifikasi Administratif dan Faktual,2021-10-18
suarasulut.com,Siber,Hendry Mangindudu,Hendry Mangindudu,Faradila Natasya Utama,Sulawesi Utara,Kelurahan Paniki Satu Perum Kilu Permai Blok A Nomor 675 Lingkungan III Kecamatan Mapanget,085298845550,harisandi2020@gmail.com,http://suarasulut.com,Terverifikasi Administratif dan Faktual,2021-10-18
,"Cetak
Radio
Televisi
Siber",,,,,,,,,,
SultengTerkini.ID,Siber,Agus Panca Saputra,Agus Panca Saputra,Media Sulawesi Terkini,Sulawesi Tengah,Jl. RE. Martadinata No. 03 Kelurahan Tondo,+628114567801,sultengterkini.com@gmail.com,http://sultengterkini.com,Terverifikasi Administratif dan Faktual,2021-10-18
media.alkhairaat.id,Siber,Khaeruddin saleh,Khaeruddin saleh,Media alkhairaat online,Sulawesi Tengah,"Jalan SIS Aljufri No 44, Lantai III Gedung PB Alkhairaat, Palu Barat",0451 421658,alkhairaatmedia.2020@gmail.com,media.alkhairaat.id,Terverifikasi Administratif dan Faktual,2021-10-18
wartakotalive.com,Siber,Yupratomo Dwi P,Domuara Ambarita,Metrogema Media Nusantara,DKI Jakarta,Kompas Gramedia. Gedung Tribun Redaksi. Jalan Palmerah Selatan No 14 Jakarta 10270,021-53677881/882,redaksi.warkotlive@gmail.com,wartakotalive.com,Terverifikasi Administratif dan Faktual,2021-10-18
Tabloid Narasi,Cetak,Elfis,Elfis,Media Lintas Negeri,Riau,Jalan Ronggowarsito no 67,082289893289,hataminews@gmail.com,,Terverifikasi Administratif,2021-10-16
Global News,Cetak,Erfandi Putra,Erfandi Putra,Global Media Prima,Jawa Timur,Jl. Cipta Menanggal VI / 7 Surabaya,0318281712,gnewsredaksi@gmail.com,global-news.co.id,Terverifikasi Administratif dan Faktual,2021-10-04
JatimTimes.com,Siber,Heryanto,Heryanto,Jatim Times Network,Jawa Timur,Jl. Raya Tlogomas Square Kav. 14 Malang,0341 5074961,redaksijatimtimes@gmail.com,www.jatimtimes.com,Terverifikasi Administratif dan Faktual,2021-10-04
Pedoman.Media,Siber,Zakarias Aris. B,Zakarias Aris. B,Media Rakyat Publik,Sulawesi Selatan,"Jl. A.P. Pettarani, Ruko New Zamrud Blok E/18, Rappocini, Makassar-Sulawesi Selatan",085299379841 / 081313804374,redaksi.pedomanmedia@gmail.com,https://pedoman.media/,Terverifikasi Administratif dan Faktual,2021-09-27
pijarnews.com,Siber,Dian Muhtadiah Hamna,Dian Muhtadiah Hamna,Pijar Media Global,Sulawesi Selatan,"Jl. Andi Sololipu, No 19, Kel. Ujung Sabbang, Kec. Ujung, Kota Parepare. Sulawesi Selatan",(0421) 2921139 / 0811 453 2016,redaksi@pijarnews.com,https://www.pijarnews.com,Terverifikasi Administratif dan Faktual,2021-09-27
Mitanews.co.id,Siber,Zulfikar Tanjung,Zulfikar Tanjung,Mimbar Informasi Kita News,Sumatera Utara,"Jln. Ki Hajar Dewantara, Kelurahan Pasar Sibuhuan, Kecamatan Barumun, Kabupaten Padang Lawas, Provinsi Sumatera Utara",081265461762,mitanews21@gmail.com,mitanews.co.id,Terverifikasi Administratif dan Faktual,2021-09-27
surabaya.tribunnews.com,Siber,Tri Mulyono,Tri Mulyono,Antar Surya Media,Jawa Timur,Jl Rungkut Industri III No 68 & 70 Surabaya 60293,(031) 8419000,hariansuryaonline@gmail.com,surya.co.id / surabaya.tribunnews.com,Terverifikasi Administratif dan Faktual,2021-09-27
,"Cetak
Radio
Televisi
Siber",,,,,,,,,,
Nomorsatukaltim.com,Siber,Devi Alamsjah,Devi Alamsyah,Kalimantan Media Nusantara,Kalimantan Timur,"Kompleks Mapple Blok A 6 Borneo Paradiso, Balikpapan Selatan",+62 852-2811-1150,diskaltim@gmail.com,https://nomorsatukaltim.com/,Terverifikasi Administratif dan Faktual,2021-09-27
bidiksumsel.com,Siber,Darwin Sarkowi,Darwin Sarkowi,Media Pena Nusantara,Sumatera Selatan,"Jl. Mayjen Yusuf Singedekane (Nilakandi, Lr. Semendo No.1, Karya Jaya, Kec. Kertapati, Kota Palembang, Sumatera Selatan 30259",082179888178/085789198142,bidiksumsel@gmail.com,bidiksumsel.com,Terverifikasi Administratif dan Faktual,2021-09-27
okemedan.com,Siber,Anang Anas Azhar,Anang Anas Azhar,Nanta Qelana Media,Sumatera Utara,jln Saudara No. 61A Medan,082160183099,akbaraldikautsar1@gmail.com,www.okemedan.com,Terverifikasi Administratif dan Faktual,2021-09-27
peristiwanusantara.com,Siber,Ismanto Panjaitan,Ismanto Panjaitan,Peristiwa Nusantara Sejahtera,Kepulauan Riau,"Perumahan Buana Point Blok A No. 5, Kel. Sungai Langkai,  Kec. Sagulung, Kota Batam, Kepulauan Riau",081369414076,peristiwanusantara2020@yahoo.com,www.peristiwanusantara.com,Terverifikasi Administratif,2021-09-27
Parepos.co.id,Siber,Ade Cahyadi,Ade Cahyadi,Ajatappareng Mega Media,Sulawesi Selatan,JL.Bau Massepe Nomor 2 Kel.Cappa Galung kec.Bacukiki Barat,(0421) 25217,onlineparepos721@gmail.com,Parepos.co.id,Terverifikasi Administratif dan Faktual,2021-09-27
tugujatim.id,Siber,Nurcholis MA B,Nurcholis MA Basyari,Tugu Sejahtera Nusantara,Jawa Timur,"Jalan Dirgantara A1-12 B, Lesanpuro, Kedungkandang, Kota Malang.",081333214901,redaksitugujatim@gmail.com,tugujatim.id,Terverifikasi Administratif dan Faktual,2021-09-27
tugumalang.id,Siber,Nurcholis MA B,Nurcholis MA B,Tugu Media Komunikasindo,Jawa Timur,"Jl Dirgantara A1/12B, Lesanpuro, Kec. Kedungkandang, Kota Malang, Jawa Timur",081333214901,redaksitugumalang@gmail.com,www.tugumalang.id,Terverifikasi Administratif dan Faktual,2021-09-27
Harian Banyuasin,Cetak,Dian Fauzen,Dian Fauzen,Wahana Semesta CItra Banyuasin,Sumatera Selatan,"Jl. Palembang-Jambi Komp. Ruko PTC NO. 15-16 Kayuara Kuning, Banyuasin III",08117132184,harianbanyuasin2020@gmail.com,,Terverifikasi Administratif dan Faktual,2021-09-17
infobanknews.com,Siber,Eko B. Supriyanto,Eko B. Supriyanto,Infobank Digital Inisiatif Asia,DKI Jakarta,Jalan Sultan Iskandar Muda No.123 Kebayoran Lama Utara,0217253127,idia@infobank.co.id,infobanknews.com,Terverifikasi Administratif dan Faktual,2021-08-31
Palembang.tribunnews.com,Siber,L. WENY R,L. WENY R,TRIBUN BERITA ONLINE,Sumatera Selatan,Jl. Alamsyah Ratu Prawira Negara No.120 RT.052 RW.016 Ilir Barat I Palembang,0711-440088,jili87nangin@gmail.com,www.palembang.tribunnews.com,Terverifikasi Administratif dan Faktual,2021-08-30
,"Cetak
Radio
Televisi
Siber",,,,,,,,,,
Portalmedia.id,Siber,Muhammad Yusuf,Muhammad Yusuf,Portal Makassar Media,Sulawesi Selatan,"Lamadukelleng, No.18",081395951236,redaksi@portalmedia.id,www.portalmedia.id,Terverifikasi Administratif dan Faktual,2021-08-30
Harian Timor Express,Cetak,Kristo Embu,Kristo Embu,Timor Ekspress Intermedia,Nusa Tenggara Timur,"Jalan Piet A Tallo, Oesapa Selatan, Kelapa Lima, Liliba, Kec. Oebobo, Kota Kupang, Nusa Tenggara Timur","0380 8989000, 8589001",timeks_jpnn@yahoo.co.id,www.timorexpress.fajar.co.id,Terverifikasi Administratif dan Faktual,2021-08-30
Pos Kupang,Cetak,Hilarius F Jahang,Hasim Ashari,Timor Media Grafika,Nusa Tenggara Timur,Jln. R.W Monginsidi II,0380-833820,kupang.poskupang@gmail.com,pos kupang.com,Terverifikasi Administratif dan Faktual,2021-08-30
Solopos FM,Radio,Suwarmin,Suwarmin,Radio Solo Audio Utama,Jawa Tengah,Jl Adisucipto No 190 Solo,0271739321,redaksi@soloposfm.com,http://www.soloposfm.com,Terverifikasi Administratif dan Faktual,2021-08-30
Solopos.com,Siber,Rini Yustiningsih,Rini Yustiningsih,Aksara Solopos,Jawa Tengah,Jalan Adisucipto no 190 Surakarta,0271724811,digital@solopos.com,https://www.solopos.com/,Terverifikasi Administratif dan Faktual,2021-08-30
koranperbatasan.com,Siber,Amran,Amran,Tuah Tinta Jaya Abadi,Kepulauan Riau,"Jl. Hangtuah, RT 003 RW 004 Kelurahan Ranai Kota Kecamatan Bunguran Timur",081266193739,koran.perbatasan@gmail.com,https://koranperbatasan.com/,Terverifikasi Administratif dan Faktual,2021-08-25
metroindonesia.co.id,Siber,Roy Parlin Sianipar,Roy Parlin Sianipar,Anggi Jaya Pers,Kepulauan Riau,"Jl. Sihotang, RT.001/RW002, Kel. Batu Hitam, Kec. Bunguran Timur",081363757013,pt.anggijayapers@gmail.com,metroindonesia.co.id,Terverifikasi Administratif dan Faktual,2021-08-25
mandalapos.co.id,Siber,Erwin Prasetio,Erwin Prasetio,Quinzia Cipta Mandala,Kepulauan Riau,"Jl. Adam Malik, RT 02/ RW 07, Kelurahan Bandarsyah, Kecamatan Bunguran Timur",081364913009,redaksimandalapos@gmail.com,mandalapos.co.id,Terverifikasi Administratif dan Faktual,2021-08-25
harianmetropolitan.co.id,Siber,Rianto H. Sianipar,Rianto H. Sianipar,Media Metro Jaya Frastika,Kepulauan Riau,"Jl. Sihotang, RT.002/RW.005, Kelurahan Ranai, Kecamatan Bunguran Timur- Natuna, Provinsi Kepulauan Riau",081378985497,harianmetropolitan76@gmail.com,harianmetropolitan.co.id,Terverifikasi Administratif dan Faktual,2021-08-25
ranaipos.com,Siber,Muhammad Rapi,Ramayulis Piliang,Ranai Pos Media Tama,Kepulauan Riau,JL. Hang Jebat RT.002/RW.001 Kel. Ranai Kec. Bunguran Timur     Kabupaten Natuna,08127104444,ranaipos@gmail.com,ranaipos.com,Terverifikasi Administratif dan Faktual,2021-08-25
,"Cetak
Radio
Televisi
Siber",,,,,,,,,,
kabarterkini.co.id,Siber,Muhammad Rapi,Muhammad Rapi,Kabar Natuna Indonesia,Kepulauan Riau,"Ruko Jalan Sihotang, Samping SPBU Ranai, Kecamatan Bunguran Timur",08126162442,redaksikabarterkini04@gmail.com,kabarterkini.co.id,Terverifikasi Administratif dan Faktual,2021-08-25
natindonews.com,Siber,Edi Suroso,Edi Suroso,Tuah Natuna Media Gemilang,Kepulauan Riau,"Ruko, Jl. Adam Malik, Batu Hitam, Bunguran Timur",081276607209,natindonewsoke@gmail.com,natindonews.com,Terverifikasi Administratif dan Faktual,2021-08-25
bursakota.co.id,Siber,Doni Papilius,Doni Papilius,Bursa Putra Mandiri,Kepulauan Riau,"Jl. Hang Jebat, Ranai",082285677557,bursakotamediantn@gmail.com,bursakota.co.id,Terverifikasi Administratif dan Faktual,2021-08-25
sumsel24.com,Siber,Raden Mohd Solehin,Raden Mohd Solehin,Tinta Emas Darussalam,Sumatera Selatan,Jl Pertiwi I Dwikora II Komp. PU Blok B-I No. 2838 RT 010 RW 004 Kelurahan Deman Lebar Daun Kecamatan Ilir Barat I,08127114311,redaksi.sumsel24@gmail.com,www.sumsel24.com,Terverifikasi Administratif dan Faktual,2021-07-28
wahanaindonews.com,Siber,Patar Simanjuntak,Patar Simanjuntak,Prado Ciber Mandiri,Kepulauan Riau,"Perum. Muka Kuning Indah II Blok A No. 1, Batu aji",+6281372079217,wahanaindonewsku@gmail.com,www.wahanaindonews.com,Terverifikasi Administratif dan Faktual,2021-07-28
KabarSelebes.id,Siber,Abdullah K. Mari,Abdullah K. Mari,Selebes Media Sejahtera,Sulawesi Tengah,Jln. Tavanjuka Mas No.4 Kelurahan Tavanjuka Kecamatan Tatanga,0451-8206447,redaksikabes@gmail.com,http://kabarselebes.id,Terverifikasi Administratif dan Faktual,2021-07-28
kliksumatera.com,Siber,Kurnaidi,Kurnaidi,Media Sriwijaya Ekspress,Sumatera Selatan,jl Pangeran Sido Ing Kenayan Kecamatan Gandus Palembang Rt 16 RW 06,0823-77933388,redaksikliksumatera@gmail.com,kliksumatera.com,Terverifikasi Administratif dan Faktual,2021-07-28
binews.id,Siber,Hidayat,Hidayat,Andalas Media Kreatif,Sumatera Barat,"Jl. Batang Naras no. 8, Alai Parak Kopi, Kec. Padang Utara, Kota Padang",081374887441,binews27@gmail.com,www.binews.id,Terverifikasi Administratif,2021-07-28
radarbanyuwangi.jawapos.com,Siber,Syaifuddin Mahmud,Syaifuddin Mahmud,Banyuwangi Intermedia Pers,Jawa Timur,Jalan Brawijaya Nomor 77 Banyuwangi,0333412224,aif.raba14@gmail.com,https://radarbanyuwangi.jawapos.com atau radarbanyuwangi.id,Terverifikasi Administratif dan Faktual,2021-07-28
BETV,Televisi,Dwi Aris Noprianto,Dwi Aris Noprianto,Media Sarana Televisi Bengkulu,Bengkulu,Jalan Jati No. 129,0736348611,bengkuluekspresstv@gmail.com,betvnews.com,Terverifikasi Administratif,2021-07-28
,"Cetak
Radio
Televisi
Siber",,,,,,,,,,
GoKepri.com,Siber,Feri Heriyanto,Feri Heriyanto,Media Kreasi Sifara,Kepulauan Riau,"Taman Sari Blok D No 14, Tiban, Batam",081992222266,redaksigokepri@gmail.com,https://gokepri.com/,Terverifikasi Administratif dan Faktual,2021-07-22
tabikpun.com,Siber,Abdul Wahab,Abdul Wahab,Lang Buas Multivision,Lampung,Redaksi: Jl. Patimura Kelurahan Banjarsari Metro Utara Kota Metro Lampung- Indonesia kode Pos 34117,08127960573,wahab_metro@yahoo.com,www.tabikpun.com,Terverifikasi Administratif dan Faktual,2021-07-21
wowbabel.com,Siber,Ibrahim Arsyad,Ibrahim Arsyad,Media Bangka Abadi,Kepulauan Bangka Belitung,"Jl. Depati Hamzah (Simpang THB), kelurahan Semabung Lama kecamatan Bukit Intan kota Pangkalpinang provinsi Kepulauan Bangka Belitung 33147",0812-9005-5151,wowbabelpkp@gmail.com,https://www.wowbabel.com,Terverifikasi Administratif dan Faktual,2021-07-21
Cakrawala.co,Siber,Syaefurrochman Achmad,Syaefurrochman Achmad,Cakrawala Informasi Nusantara,DKI Jakarta,"Jl. RS Fatmawati 72/12, Gandaria Utara, Kebayoran Baru, Jakarta Selatan","0811872356, 02122774445","syaefurrahmanoil@gmail.com, redaksicakrawalaindonesia@gmail.comkrawala.co",https://cakrawala.co/,Terverifikasi Administratif dan Faktual,2021-07-21
Warta9.com,Siber,Jamhari Ismanto,Jamhari Ismanto,Intermedia Dinamis Abadi,Lampung,"Redaksi : Jl. Teladan No.26 Kota Gapura, Kotabumi Lampung Utara, Lampung.  Email: redaksiwarta9@gmail.com – luk7man@gmail.com",081272011101-08117227633,redaksiwarta9@gmail.com,https://warta9.com,Terverifikasi Administratif dan Faktual,2021-07-21
Okeyboz.com,Siber,Dodi Hendriyanto,Dodi Hendriyanto,Okey Boz Babel Indonesia,Kepulauan Bangka Belitung,"JL. Balai/KH/ Hasan Basri Sulaiman No. 13 RT. 001 Kel. Gedung Nasional Kec. Tamansari, Kota Pangkalpinang",081382233634,official.okeyboz@gmail.com,okeyboz.com,Terverifikasi Administratif dan Faktual,2021-07-21
cnbcindonesia.com,Siber,Wahyu Daniel Panjaitan,Wahyu Daniel Panjaitan,Trans Berita Bisnis,DKI Jakarta,"Gedung Transmedia lt. 3A, Jalan Kapten P. Tendean Kav. 12-14A, Mampang Prapatan",(021) 7918 4557,redaksi@cnbcindonesia.com,cnbcindonesia.com,Terverifikasi Administratif dan Faktual,2021-07-21
Sorot.co,Siber,A Adi Prabowo,A Adi Prabowo,Sorot Media Nusantara,DI Yogyakarta,"Tegalmulyo 3/5, Kepek, Wonosari",0274 391114,sorotdotco@gmail.com,www.sorot.co,Terverifikasi Administratif dan Faktual,2021-07-21
jurnalisbengkulu.com,Siber,Ujang Martin Adi Putra,Ujang Martin Adi Putra,Media Jurnalis Jaya,Bengkulu,Jalan Telaga Dewa RT 18 RW 04 Kel. Pagar Dewa Kec. Selebar Kota Bengkulu,082377023260,jurnalisbengkulu@gmail.com,www.jurnalisbengkulu.com,Terverifikasi Administratif dan Faktual,2021-07-14
onlinekoe.com,Siber,Izhar Laili,Izhar Laili,Media Skala Onlinekoe,Lampung,"Jl. S.Parman No.6 Kel. Palapa, Kec. Tanjung Karang Pusat - Bandar Lampung",089631926507,onlinekoe64@gmail.com,www.onlinekoe.com,Terverifikasi Administratif dan Faktual,2021-07-14
,"Cetak
Radio
Televisi
Siber",,,,,,,,,,
buanapagi.com,Siber,Rifki Warisan,Rifki Warisan,Media Buana Pagi,Sumatera Utara,Blok 13 Lk. X SCINANG BELAWAN,081361174552,putrilibrianidamanik@gmail.com,www.buanapagi.com,Terverifikasi Administratif dan Faktual,2021-07-14
Surat Kabar Harian Pilar,Cetak,Mico Periyandho,Mico Periyandho,Ranau Pilar Media,Lampung,"Jl. RA. Kartini, Masuk ke jl. Raden Fattah Gg.Hi. Muhidin No 5 Kaliawi, Tanjung Karang Pusat-Bandar Lampung",08527946216,pilarharian123@gmail.com,,Terverifikasi Administratif dan Faktual,2021-07-14
katasiber.id,Siber,Martunas Situmeang,Martunas Situmeang,Kepri Senada Pers,Kepulauan Riau,Jalan DI Panjaitan Komplek Bintan Centre Blok O Nomor 14,08127781649,redaksikatasiber@gmail.com,https://katasiber.id/,Terverifikasi Administratif,2021-07-14
digtara.com,Siber,Irwansyah Putra Nasution,Irwansyah Putra Nasution,MEDIA IBE NUSANTARA,Sumatera Utara,Komplek Taman Setia Budi Indah Blok JJ 10,0821-6648-2003/0852-6109-5279,redaksidigtara@gmail.com,digtara.com,Terverifikasi Administratif dan Faktual,2021-06-30
CNBC Indonesia,Televisi,Wahyu Daniel Panjaitan,Wahyu Daniel Panjaitan,Trans Berita Bisnis,DKI Jakarta,"Gedung Transmedia Lantai 3A, Jl. Kapten P. Tendean Kav 12-14 A Kelurahan Mampang Prapatan, Kecamatan Mampang Prapatan, Jakarta Selatan, DKI Jakarta",021-79177000,legaltbb@gmail.com,www.cnbcindonesia.com,Terverifikasi Administratif dan Faktual,2021-06-30
Swara Kaltim,Cetak,Muhammad Syafranuddin,Mohammad Abdun Kuddu,Media Swara Kaltim,Kalimantan Timur,"JL. Gerilya Gg. Keluarga Rt. 102 No. 027 Kelurahan: Sungai Pinang Dalam, Kecamatan : Sungai Pinang, Kota: Samarinda",0541 731240,mediaswarakaltim@yahoo.com,https://swarakaltim.com,Terverifikasi Administratif dan Faktual,2021-06-30
viralsumsel.com,Siber,Darwin Syarkowi,Darwin Syarkowi,Musi Media Indonesia,Sumatera Selatan,Griya Nusa Pesona Blok I No 4 Kelurahan Talang Kelapa Kecamatan Alang-Alang Lebar,081373805533,viralsumsel@yahoo.com,http://www.viralsumsel.com/,Terverifikasi Administratif dan Faktual,2021-06-30
Wideazone.com,Siber,Oktap Riyadi,Oktap Riyadi,Intermedia Wahana Mandiri,Sumatera Selatan,Jalan Veteran No. 907 RT 14 RW. 04 Kel. 20 Ilir D.I Kec. Ilir Timur 1 Palembang,081212444644,redaksi.wideazone@gmail.com,https://wideazone.com/,Terverifikasi Administratif dan Faktual,2021-06-30
Pedoman Media,Cetak,Marselius Gusti Palumpun,Marselius Gusti Palumpun,Media Rakyat Publik,Sulawesi Selatan,"Jalan Perratani, Ruko New Zamrud C/18",085299379841,redaksi.pedomanmedia@gmail.com,https://pedoman.media/,Terverifikasi Administratif dan Faktual,2021-06-30
mediaadvokasi.com,Siber,Saidiono,Saidiono,Pahri Bersaudara Bersatu,Sumatera Selatan,Jl. Pipa Lebong Siareng No.3832,08117870039,anshor280190@gmail.com,https://www.mediaadvokasi.com/,Terverifikasi Administratif dan Faktual,2021-06-30
,"Cetak
Radio
Televisi
Siber",,,,,,,,,,
metrobali.com,Siber,I Wayan Suana,I Wayan Suarna,Metrobali.com,Bali,"Jl. Gunung Sari V No. 100X, Denpasar Barat",(0361) 482852,metrobali@ymail.com,metrobali.com,Terverifikasi Administratif dan Faktual,2021-06-30
koransn.com,Siber,Agus Harizal,Agus Harizal,Agung Harta Negeriku,Sumatera Selatan,Jalan Cut Nyak Dien No. 2190 B Rt. 39 Kelurahan 30 Ilir Kecamatan Ilir Barat II Palembang,0711-320108,suaranusantara@ymail.com,www.koransn.com,Terverifikasi Administratif dan Faktual,2021-06-30
Sumselindependen.com,Siber,Abdul Malik,Abdul Malik,Artha Media Sriwijaya,Sumatera Selatan,"Jl Angkatan 66 Lr Harapan XI No 1512 RT 20/06 Kelurahan Talang Aman, kecamatan Kemuning, kota Palembang, Sumatera Selatan",082179555574,maliksyafei@gmail.com,www.sumselindependen.com,Terverifikasi Administratif dan Faktual,2021-06-30
Pewarta.co,Siber,Chairum Lubis,Chairum Lubis,Zaki Angkasa Hamdani,Sumatera Utara,Jln Medan Area Selatan No. 282B / 37 Medan,(061) 73360699,pewartamedia@gmail.com,https://pewarta.co,Terverifikasi Administratif dan Faktual,2021-06-30
Telisik.id,Siber,Rudy Iskandar Ichlas,Rudy Iskandar Ichlas,Media Telisik Indonesia,Sulawesi Tenggara,"Kantor Pusat Telisik.ID : Jl Taridala No 29 B, Kendari - SultraTlp 081341740030, 082296888248E-Mail: mediatelisikindonesia@gmail.com",082296888248,mediatelisikindonesia@gmail.com,https://telisik.id/,Terverifikasi Administratif dan Faktual,2021-06-30
indomerdeka.com,Siber,Gusti M Ali,Gusti M Ali,Kita Media Berdikari,Sumatera Selatan,Jalan Angkatan 45 (Kembar Ayu) No 1078 RT 05 Pw 06 Kel. Lorok Pakjo Kec .Ilir Barat 1 Palembang  Mobile: 081373753973,081373753973,indomerdekanews@gmail.com,https://indomerdeka.com/,Terverifikasi Administratif dan Faktual,2021-06-30
tribunkaltim.co,Siber,Sumarsono,Sumarsono,Mahakam Media Grafika,Kalimantan Timur,"Jl. Indrakila/Strat III No. 1, Kampung Timur, Gunung Samarinda Baru",0542-735015,redaksi.tribunkaltim@gmail.com,TribunKaltim.co,Terverifikasi Administratif dan Faktual,2021-06-30
Poskita.id,Siber,Firwanto M Isa,Firwanto M Isa,Rayyan Media Mandiri,Sumatera Selatan,Jalan Wahitam Lr. Family I No 30 Rt 007 Rw 006 Kel. Siring Agung Kecamatan Ilir Barat I,083876860734  / 081373753973,poskita.id@gmail.com,https://www.poskita.id/,Terverifikasi Administratif dan Faktual,2021-06-30
Transformasinews.com,Siber,Amrizal Aroni,Amrizal Aroni,Transformasi Media Utama,Sumatera Selatan,Jalan Angkatan 45 (Kembar Ayu) No 1078 RT 05 Pw 06 Kel. Lorok Pakjo Kec .Ilir Barat 1 Palembang,082177559619,redaksi.transformasi2020@gmail.com,http://www.transformasinews.com/,Terverifikasi Administratif dan Faktual,2021-06-30
infosumsel.id,Siber,RM Solehin,RM Solehin,Global Satu Multimedia,Sumatera Selatan,"Jl. Puncak Sekuning, Lorong Sahabat, Kelurahan Lorok Pakjo, Kecamatan Ilir Barar (IB) I",0711 - 7442344,infosumsel.redaksi@gmail.com,https://www.infosumsel.id/,Terverifikasi Administratif dan Faktual,2021-06-30
,"Cetak
Radio
Televisi
Siber",,,,,,,,,,
suarasumsel.net,Siber,Ujang Idrus,Ujang Idrus,Suara Sumsel  Media,Sumatera Selatan,Perumahan bukit sejahtera blok AK 11 Kelurahan Bukit lama Kecamatan Ilir Barat 1 Palembang,085384574099,mediaonlinenews@yahoo.com,www.suarasumsel.net,Terverifikasi Administratif dan Faktual,2021-06-30
koranrakyat.co.id,Siber,Helmy Marsindang,Helmy Marsindang,Intermedia Sindang Perkasa,Sumatera Selatan,Jl. Brigjend HM. Dhanie Effendi Blok 47 No.05 Kel.26 Ilir Bukit Kecil Palembang,082183012000,koranrakyat.redaksi@gmail.com,koranrakyat.co.id,Terverifikasi Administratif dan Faktual,2021-06-30
extranews.id,Siber,Firdaus Komar,Firdaus Komar,Extra Media Sriiwijaya,Sumatera Selatan,Komplek Citra Grand City Ruko Copa Cabana Blok D 46 Nomor 8,0711-412262,extranews.media@gmail.com,www.http.//extranews.id,Terverifikasi Administratif dan Faktual,2021-06-30
newsnusantara.com,Siber,Suyono,Suyono,Berau nusantara abadi,Kalimantan Timur,"Jalan H.isa 1 NO Tanjung Redeb,Kabupaten Berau",081346340809,nusantaraberau313@gmail.com,https://newsnusantara.com/,Terverifikasi Administratif,2021-06-28
SuaraKarya.id,Siber,AAGDWA Ariwangsa,AAGDWA Ariwangsa,Media Karya Digital,DKI Jakarta,"Jl. Jend. Gatot Subroto, Komplek Timah No. 20Jakarta Selatan 12870",02128542498,suarakaryajuara@gmail.com,https://www.suarakarya.id/,Terverifikasi Administratif dan Faktual,2021-06-09
Lombok Post,Cetak,Haliludin,HALILUDIN,Suaranusa Media Pratama,Nusa Tenggara Barat,"Jl. Tgh. Faisal, No.33 Sandubaya, Kota Mataram",081935435999,lombokpost.hrd@gmail.com,lombokpost.jawapos.com,Terverifikasi Administratif dan Faktual,2021-06-09
lombokpost.jawapos.com,Siber,Haliludin,Haliludin,Suara Nusa Media Pratama,Nusa Tenggara Barat,"Graha Pena Lombok, Jl. TGH Faisal No. 33 Sandubaya",0370-673400,zulhakim00@gmail.com,https://lombokpost.jawapos.com,Terverifikasi Administratif dan Faktual,2021-06-09
Dulohupa.id,Siber,A Muhammad Yusuf A. Arifudin,A Muhammad Yusuf A. Arifudin,Dulohupa Multi Media,Gorontalo,"Jalan MH. Thamrin, No.71J, RT/RW 002/002, Limba U 1, Kota Selatan, Kota Gorontalo, Gorontalo-96115",085240123333,dulohupaid@gmail.com,http://dulohupa.id/,Terverifikasi Administratif dan Faktual,2021-06-03
pojokbatam.id,Siber,Parna Edison Simarmata,Parna Edison Simarmata,Benhur Perkasa Multimedia,Kepulauan Riau,"Graha Pena Lt.6 R.607 Batam Kota, Kel. TelukTering, Kec. Batam Kota, Batam, Prov. Kepulauan Riau",+627784161085,benhurperkasamultimedia@gmail.com,www.pojokbatam.id,Terverifikasi Administratif dan Faktual,2021-06-03
acikepri.com,Siber,Edi Suroso,Edi Suroso,Wahana Media Aci Kepri,Kepulauan Riau,"Perum. Muka Kuning Indah Blok A No.1, Batu Aji",081372079217,acikepri01@gmail.com,www.acikepri.com,Terverifikasi Administratif dan Faktual,2021-06-03
,"Cetak
Radio
Televisi
Siber",,,,,,,,,,
sentralnews.com,Siber,Atma Yuda,Atma Yuda,Media Sentral Siber,Bengkulu,Jalan Perum Puri Mas Blok J Nomor 001 RT 024 RW 001 Kelurahan Bentiring Kecamatan Muara Bangkahulu Kota Bengkulu,081368902691,sentralnewsmedia@gmail.com,www.sentralnews.com,Terverifikasi Administratif dan Faktual,2021-05-30
owntalk.co.id,Siber,Ramon Damora,Ramon Damora,Alfa Cakrawala Indonesia,Kepulauan Riau,"Ruko King Business Centre Blok A5.No 18, Kecamatan Batam Kota, Kota Batam - Kepulauan Riau",085265023765,acank42@gmail.com,https://owntalk.co.id/,Terverifikasi Administratif dan Faktual,2021-05-30
kepriglobal.com,Siber,Anwar Saleh,Anwar Saleh,Kepri Global Media,Kepulauan Riau,Komplek Ruko Glory View II Blok C No.10,(0778) 4806376,kepriglobal37@gmail.com,www.kepriglobal.com,Terverifikasi Administratif dan Faktual,2021-05-30
acehbisnis.com,Siber,Iranda Novandi,Iranda Novandi,Khanza Utama Aceh Bisnis,Aceh,"Lr Blang Sawang, Jl Tgk Jelara, Desa Cot Lamkuweuh, Kecamatan Meuraxa",085260335111,redaksi@acehbisnis.com/redaksiacehbisnis@gmail.com,https://www.acehbisnis.com/,Terverifikasi Administratif dan Faktual,2021-05-30
anteroaceh.com,Siber,Zulfikar Syarif,Zulfikar Syarif,Aceh Cipta Media (ATADIA),Aceh,"Jalan Rel Kereta Api Lama, Komplek ATC, Desa Meunasah Manyang Pagar Air, Kecamatan Ingin Jaya",08116850501,anteroaceh@gmail.com,http://anteroaceh.com/,Terverifikasi Administratif dan Faktual,2021-05-30
metropolis.id,Siber,Ariadi B Jangka,Ariadi B Jangka,Metro Inter Media,Aceh,"Jln. Cut Makmun No 1C, Gampong Beurawe, Kecamatan Kuta Alam, Kota Banda Aceh",082269542241,redaksimetropolis.id@gmail.com,http://metropolis.id/,Terverifikasi Administratif dan Faktual,2021-05-30
Suarabatam.com,Siber,Jhony Prasetya,Jhony Prasetya,Media Trans Suara,Kepulauan Riau,Ruko Puri Residence Blok A No 33 Batam Kota,081270074577,red.suarabatam@gmail.com,suarabatam.com,Terverifikasi Administratif dan Faktual,2021-05-30
beritamerdeka.net,Siber,Iranda Novandi,Iranda Novandi,Berita Merdeka Multimedia,Aceh,Jl. Bahagia No. 064 Punge Blang Cut Kec. Jaya Baru Banda Aceh,082360604164,beritamerdeka.net@gmail.com,WWW.BERITAMERDEKA.NET,Terverifikasi Administratif dan Faktual,2021-05-30
infosatu.co,Siber,Samsul Arifin,Samsul Arifin,Media Rizqi Pratama,Kalimantan Timur,Jalan  P. Suryanata Gg Kopta D-15 RT.58 Air Putih Samarinda Ulu,0813 5067 0555,redaksinfosatu@gmail.com,https//www.infosatu.co,Terverifikasi Administratif dan Faktual,2021-05-30
Insitekaltim.com,Siber,Samsul Arifin,Samsul Arifin,Media Pratama insite Indonesia,Kalimantan Timur,Jalan  P. Suryanata Gg Kopta D-15 RT.58 Air Putih Samarinda Ulu,0812 4855 8518,redaksiinsitekaltim@gmail.com,https//insitekaltim.com,Terverifikasi Administratif dan Faktual,2021-05-30
,"Cetak
Radio
Televisi
Siber",,,,,,,,,,
radarmadiun.co.id,Siber,Firzan Syahroni,Firzan Syahroni,Madiun Intermedia Pers,Jawa Timur,"Jalan DI Panjaitan 12 Kelurahan Pandean, Kecamatan Taman",0351468801,digital.radarmadiun@gmail.com,radarmadiun.co.id,Terverifikasi Administratif dan Faktual,2021-05-30
indomen.co.id,Siber,Lailatul Aidil,Lailatul Aidil,Lansani Multimedia Sumbar,Sumatera Barat,Jl.Seberang Padang Utara I No.213 RT 01 RW 03,081266688277,indomenpost@gmail.com,indomen.co.id,Terverifikasi Administratif,2021-05-25
fornews.co,Siber,Romi Maradona,Romi Maradona,Sentral Informasi Berdaya,Sumatera Selatan,"Jalan Volley G 8, Kelurahan Lorok Pakjo, Kecamatan Ilir Barat I",0812 7318 1867 dan 0813 73723030,vallimo.totto@gmail.com,https://fornews.co,Terverifikasi Administratif,2021-05-21
silabuskepri.co.id,Siber,Gusmanedy Sibagariang,Gusmanedy Sibagariang,Goes Siber Mandiri Sukses,Kepulauan Riau,"Kompleks Ruko Rabayu Blok E No. 2 Tembesi, Sagulung, Kota Batam, Kepulauan Riau, Indonesia Kode pos : 29439",081276508557/08127063321,redaksisilabuskepri@gmail.com,www.silabuskepri.co.id,Terverifikasi Administratif dan Faktual,2021-05-19
global-news.co.id,Siber,Erfandi Putra,Erfandi Putra,Global Media Prima,Jawa Timur,Jl. Cipta Menanggal VI / 7 Surabaya,031 8281712,gnewsredaksionline@gmail.com,www.global-news.co.id,Terverifikasi Administratif dan Faktual,2021-05-19
rakyatsulsel.co,Siber,Lukman,4269-PWI/WU/DP/I/2013/27/07/77,Media Rakyat Sulselbar,Sulawesi Selatan,"Jl. Sultan Alauddin Jl. Ruko Komp. Permatasari No.25, Gn. Sari, Kec. Rappocini, Kota Makassar, Sulawesi Selatan 90221",+624118980929,raksulonline@gmail.com,www.rakyatsulsel.co,Terverifikasi Administratif dan Faktual,2021-05-19
fajar.co.id,Siber,Agus Salim Alwi Hamu,Rasid,Fajar National Network,Sulawesi Selatan,Jl. Urip Sumoharjo No. 20 Gedung Graha Pena Makassar Lt. 4,0411 - 441441,redaksifajaronline@gmail.com,https://fajar.co.id/,Terverifikasi Administratif dan Faktual,2021-05-18
Bizlaw.Id,Siber,Amin Suciady,Amin Suciady,Nusantara Digital Bisnis,DKI Jakarta,Gedung Graha Sukandamulia Lt. 2 Jl. Tomang Raya Kav 71-73 Jakarta Barat,0215636242,redaksi@bizlaw.id,bizlaw.id,Terverifikasi Administratif dan Faktual,2021-05-18
Satelit News,Cetak,Deddy Maqsudi,Deddy Maqsudi,Wahana Masa Merdeka,Banten,"Komp. Gren Gaden A.1/2, Jl. MH. Thamrin KM. 7 Kebon Nanas, Panunggangan Utara, Pinang",(021) 55743519,satelitnews13@gmail.com,,Terverifikasi Administratif dan Faktual,2021-05-18
Dailypost.id,Siber,Usman Mato,Usman Mato,Karunia Media Kreatif,Gorontalo,Jl. Kusno Tongkodu Blok E lt. 2 Kelurahan Dutulanaa Kecamatan Limboto,082344383884,dailypostgo@gmail.com,http://Dailypost.id,Terverifikasi Administratif dan Faktual,2021-05-18
,"Cetak
Radio
Televisi
Siber",,,,,,,,,,
newsnesia.id,Siber,Sunarto Nusi,Sunarto Nusi,Nesia Infiniti Media,Gorontalo,"Jalan Ternate, Kelurahan Tapa, Kecamatan Sipatana, RT 4 RW3 Kota Gorontalo",085214976118,redaksinewsnesia@gmail.com,https://newsnesia.id,Terverifikasi Administratif dan Faktual,2021-05-18
readtimes.id,Siber,Mahbub,Mahbub,Indonesia Data Kreatif,Sulawesi Selatan,Jalan Parumpa 2 Ruko Daya Indah C16,085343763699,pt.idecindonesia@gmail.com,https://readtimes.id,Terverifikasi Administratif dan Faktual,2021-05-18
Ikilhojatim.com,Siber,Mat Khozin,Mat Khozin,Iki Lho Jatim,Jawa Timur,"Perumahan Wisma Tropodo Jalan Aster AG Nomor 1, Tropodo Wetan, Waru, Sidoarjo",081231164599,redaksi@ikilhojatim.com,www.ikilhojatim.com,Terverifikasi Administratif,2021-05-17
Praja Pos,Cetak,Qadar Maufirah,Qadar Maufirah,Gading Melati Pers,Jawa Timur,"Jl. Ahmad Yasir Blok A-18, Perum Griya Mas, Ds. Purworejo Kec. Sanankulon Kab. Blitar",081334681651,prajapos@gmail.com,prajapos.com,Terverifikasi Administratif,2021-05-01
emitennews.com,Siber,Bekti Nugroho,Bekti Nugroho,Media Bisnis Komunikasi,DKI Jakarta,"Jalan Saidi IV No,51B, RT03/RW02 Cipete Selatan Jakarta Selatan 12410",021-27824892,redaksi@emitennews.com,www.emitennews.com,Terverifikasi Administratif dan Faktual,2021-04-30
SatukanIndonesia.com,Siber,Wilson B. Lumi,Wilson B. Lumi,Satukan Indonesia Media,DKI Jakarta,"Jl. Menteng Niaga, Ruko Metland Menteng Blok J7 no. 19, Kelurahan Ujung Menteng, Kecamatan Cakung",021-4610425,satukanindonesia.com@gmail.com,www.satukanindonesia.com,Terverifikasi Administratif dan Faktual,2021-04-30
regamedianews.com,Siber,Mohammad Fauzan,Abd Razak,Rega Media Universal,Jawa Timur,Perumahan Barisan Indah Blok A No.16 Sampang Madura Jawa Timur,082116967776,regamedianews@yahoo.com,www.regamedianews.com,Terverifikasi Administratif,2021-04-30
batam.tribunnews.com,Siber,Prawira Maulana,Prawira Maulana,Tribun Media Grafika,Kepulauan Riau,"Kantor Tribun Batam , Jalan Kerapu, Komplek MCP Industrial, Tanjung Sengkuang , Batu Ampar , Batam Kepri",0778414326,tribunnewsbatam@gmail.com,www.batam.tribunnews.com,Terverifikasi Administratif dan Faktual,2021-04-30
hmstimes.com,Siber,H. ACHMAD RISTANTO,H. ACHMAD RISTANTO,Hmstimes.com,Kepulauan Riau,"Ruko Purimas 1 Blok A No.3 Batam Center, RT: 04 RW : 08, Kelurahan Teluk Tering, Kecamatan Batam kota",082363437616,hmstimes2020@gmail.com,www.hmstimes.com,Terverifikasi Administratif dan Faktual,2021-04-30
Intipnews.com,Siber,Darma Lubis,Darma Lubis,Intipnews Berkah jaya,Sumatera Utara,Jalan Suprapto/Teratai No.1 A Medan,085373767785,asatmadi@gmail.com,Intipnews.com,Terverifikasi Administratif dan Faktual,2021-04-30
,"Cetak
Radio
Televisi
Siber",,,,,,,,,,
lensakalteng.com,Siber,Sun Rise Sinulingga,Sun Rise Sinulingga,Aska Bulan Sari Telaga,Kalimantan Tengah,"Gedung Business Center Batang Garing Jl. D.I. Panjaitan No.01, Lt. 1, Kav. 102",0852-4755-6336,lensakalteng2013@gmail.com,lensakalteng.com,Terverifikasi Administratif dan Faktual,2021-04-06
KPFM Palangka Raya,Radio,Heronika Rahan,Heronika Rahan,Duta Suara Kalteng,Kalimantan Tengah,"Jl. Tjilik Riwut KM 2,5",0536-3229256,radio.kpfm@gmail.com,www.kpfmpalangkaraya.com,Terverifikasi Administratif dan Faktual,2021-04-06
kaltengtoday.com,Siber,Sigit Permana,Sigit Permana,Media Perjuangan Abadi,Kalimantan Tengah,Jl. Aries V nomor 06,081253568886,redaksi@kaltengtoday.com,https://kaltengtoday.com/,Terverifikasi Administratif dan Faktual,2021-04-06
gerakkalteng.com,Siber,Vinsensius,Vinsensius,Aska Bulan Sari Telaga,Kalimantan Tengah,"Jl.DI Panjaitan No.1 Lantai 1 Gedung Batang Garing, Palangka Raya",0813-5014-6777,newsgerakkalteng@yahoo.co.id,gerakkalteng.com,Terverifikasi Administratif dan Faktual,2021-04-06
Bali Tribune,Cetak,Izarman,Djoko Purnomo,Media Nusantara Gemilang,Bali,"Jl., Tukad Badung 234A, Renon, Denpasar",0361 4722457,balitribune1@gmail.com,www.balitribune.co.id,Terverifikasi Administratif dan Faktual,2021-04-06
Sultrademo.co,Siber,Andi Hatta,Andi Hatta,Sultrademo Media Online,Sulawesi Tenggara,"Menara Kadin Sultra Lantai II, Jl La Ode Hadi Bypas, Kompleks Mandala Square, Blok B, No. 07-08",+6281320995505,sultrademo.co@gmail.com,https://sultrademo.co,Terverifikasi Administratif dan Faktual,2021-04-06
Medanmerdeka.com,Siber,Choking Susilo Sakeh,Choking Susilo Sakeh,Media Medan Merdeka,Sumatera Utara,"Jalan Kenari No.12, Kelurahan Sekip, Kec. Medan Petisah, Medan. Kode Pos 20113",061-42001997,medanmerdekadotcom@gmail.com,medanmerdeka.com,Terverifikasi Administratif dan Faktual,2021-04-06
Suaraindo.id,Siber,Kundori,Kundori,Suara Media Online,Kalimantan Barat,Jalan Merdeka Timur KM 3 Penanjung Desa Mungguk Rt.013/Rw.003 Kec. Sekadau Hilir,082252322323,redaksisuaraindo2020@gmail.com,www.suaraindo.id,Terverifikasi Administratif dan Faktual,2021-04-06
mbsnews.id,Siber,Amin Suciady,Amin Suciady,Digital Media Arderil,DKI Jakarta,Menara MTH Lt.15 Suite 1508 Jl. M.T Haryono Kav. 23 Jakarta Selatan 12820,0215636243,redaksi@mbsnews.id,mbsnews.id,Terverifikasi Administratif dan Faktual,2021-04-06
beritakalteng.com,Siber,Pahit Sediarsi Narottama,Pahit Sediarsi Narottama,Media Kalimantan Membangun,Kalimantan Tengah,Jl. Mayjen D.I Panjaitan Gedung Pusat Bisnis Batang Garing Lantai 3 Kav. 1 No. 301 Kota Palangka Raya,081350146777,redberkalteng20@gmail.com,www.beritakalteng.com,Terverifikasi Administratif dan Faktual,2021-04-06
,"Cetak
Radio
Televisi
Siber",,,,,,,,,,
pusaranmedia.com,Siber,Supiansyah,Supiansyah,Lintas Bangun Media,Kalimantan Timur,Jl. Jelawat Rt 18 Kelurahan Timbau,081350075720,pusaranmedia14@gmail.com,www.pusaranmedia14@gmail.com,Terverifikasi Administratif dan Faktual,2021-04-06
tangsel pos,Cetak,Khomsurrijal Wahibudiyak,Khomsurrijal Wahibudiyak,Serpong Media Utama,Banten,Griya Pena Ruko Golden Road Blok C32/12,021 53150542,tangselpos@gmail.com,tangselpos.co.id,Terverifikasi Administratif dan Faktual,2021-04-06
Balinetizen.com,Siber,I Gusti Alit Purnata,I Gusti Alit Purnata,Media  Bali Netizen,Bali,"JALAN GUNUNG SARI V/100X, TEGAL HARUM",(0361) 482852,redaksibalinetizen@gmail.com,www.balinetizen.com,Terverifikasi Administratif dan Faktual,2021-04-06
Investor Daily,Cetak,Primus Dorimulu,Primus Dorimulu,Koran Media Investor Indonesia,DKI Jakarta,"Berita Satu Plaza, Jl Jend Gatot Subroto Kav 35-36",021-2995-7500,koraninvestor@investor.co.id,,Terverifikasi Administratif dan Faktual,2021-04-06
korankaltim.com,Siber,Supiansyah,Supiansyah,Media Bangun Bersama,Kalimantan Timur,"Jl. Jelawat RT 18 Kelurahan Timbau, Kecamatan Tenggarong",0541 661811,korankaltim.com@gmail.com,www.korankaltim.com,Terverifikasi Administratif dan Faktual,2021-04-06
jelajahnews.id,Siber,Anton Panggabean,Anton Panggabean,Jelajah Digital Informasi,Sumatera Utara,Jalan Ngumban Surbakti No. 62 Ringroad Medan-Sumut,0618224119,jelajahnewsid@gmail.com,www.jelajahnews.id,Terverifikasi Administratif,2021-03-27
tobapos.co,Siber,Redihman Manik,Redihman Manik,Centra Media Utama,Sumatera Utara,"Jalan Geperta Ujung Gang  Martebe No. 12, Kelurahan Tanjung Gusta Kecamatan Medan Helvetia",081375138085,tobapos37@gmail.com,tobapos.co,Terverifikasi Administratif,2021-03-27
semartara.news,Siber,Jaya Kurnia,Jaya Kurnia,Semar Tara Media,Banten,Padepokan Kebangsaan Karang Tumaritis KP. Babakan RT. 01 RW.06 Kel. Bojong Nangka,082199795019,semartara.news@gmail.com,semartara.news,Terverifikasi Administratif,2021-03-15
metrorakyat.com,Siber,Bambang Sri Kurniawan,Bambang Sri Kurniawan,Metro Rakyat Kreasi,Sumatera Utara,"Jalan Sei Besitang No. 56 RT.00/RW.00 Kel. Sei Sikambing D, Kec Medan Petisah.",085360936054,redaksi.metrorakyat@gmail.com,https://metrorakyat.com/,Terverifikasi Administratif dan Faktual,2021-03-12
Haluan Lampung,Cetak,Hengki Ahmat Jazuli,Juanda Hipni,Lampung Jaya Mandiri,Lampung,"Jalan Hos Cokroaminoto, Nomor 47, Enggal, Bandar Lampung, Lampung",082178760315,redaksi.haluanlampung@gmail.com,www.haluanlampung.com,Terverifikasi Administratif dan Faktual,2021-03-12
,"Cetak
Radio
Televisi
Siber",,,,,,,,,,
Global FM Lombok,Radio,H. AGUS TALINO,H. AGUS TALINO,RADIO SWARA LOMBOK,Nusa Tenggara Barat,"JL. BANGAU NO. 15 CAKRANEGARA, MATARAM NTB",(0370) 641586,bliputumuliarta@yahoo.com,www.globalfmlombok.com,Terverifikasi Administratif dan Faktual,2021-03-12
GrafikaNews.com,Siber,Ahmad Ikliluddin,Ahmad Ikliluddin,Alif Media Nusantara,Nusa Tenggara Barat,"Jalan Gajah Mada, Ruko Asia Asri Regency Nomor 2 RT 02/RW 03 Jempong Baru, Kel. Jempong Baru, Kec. Sekarbela",087755501457,newsgrafika@gmail.com,https://grafikanews.com/,Terverifikasi Administratif dan Faktual,2021-03-12
radarmadura.jawapos.com,Siber,Luqman Hakim,Luqman Hakim,Madura Intermedia Pers,Jawa Timur,"Jalan Soekarno-Hatta Nomor 99 Bilaporah, Socah, Bangkalan",(031) 3090312,radarmadura.id@gmail.com,https://radarmadura.jawapos.com/,Terverifikasi Administratif dan Faktual,2021-03-12
mediaselektif.com,Siber,Lilik Riadi Dalimunte,Lilik Riadi Dalimunte,Media Selektif Indonesia,Sumatera Utara,Jalan Karya Darma Gang Family/Family Indah No. 6 A Pangkalan Masyur,081263425335,rizalselektif2018@gmail.com,mediaselektif.com,Terverifikasi Administratif dan Faktual,2021-03-12
majalahintrust.com,Siber,NOFRIALDI NOFI SASTERA,NOFRIALDI NOFI SASTERA,Media Jembatan Merah Putih,Sumatera Barat,"JL. GANG ATLAS 2 NO.44 KEL. ULAK KARANG UTARA KEC. PADANG UTARA, KOTA PADANG PROV SUMATERA BARAT",085263919474,mediajembatanmerahputih@gmail.com,majalahintrust.com,Terverifikasi Administratif dan Faktual,2021-03-12
koranmedan.online,Siber,Zul Anwar Ali Marbun,Zul Anwar Ali Marbun,Koranmedan Komen Mediatama,Sumatera Utara,"Jalan Taut/Sukaria No. 31 Kelurahan Sidorejo Kecamatan Medan Tembung, Medan20222",08116777888/ 081376667766,redaksi@koranmedan.online,www.koranmedan.online,Terverifikasi Administratif dan Faktual,2021-03-12
membaranews.com,Siber,Ayu Kusuma Ningtyas,Ayu Kusuma Ningtyas,Nusantara Media Membara,Sumatera Utara,Jl Manunggal Gg. Pribadi No. 07 Medan Denai,+62 812-6555-7631,membaranews007@gmail.com,https://membaranews.com,Terverifikasi Administratif dan Faktual,2021-03-12
kaltengnews.co.id,Siber,Pahit Sediarsi Narottama,Pahit Sediarsi Narottama,Media Pembangunan Kalteng,Kalimantan Tengah,"Gedung Business Center Batang Garing Jl. D.I. Panjaitan No.01, Lt. 1, Kav. 101",082253950277,kaltengnews.co.id@gmail.com,https://kaltengnews.co.id,Terverifikasi Administratif,2021-03-01
BatamNow.com,Siber,Marganas Nainggolan,Marganas Nainggolan,Batam Siber Media Indonesia,Kepulauan Riau,Ruko Kompleks Sukajadi Blok A1 No. 16,+62 778 408 5770 ; +6281370146225,redaksi@batamnow.com,www.batamnow.com,Terverifikasi Administratif dan Faktual,2021-02-15
radartulungagung.jawapos.com,Siber,Ariyanti Kurnia Rokhmana,Didin Cahyo Firmansyah,Tulungagung intermedia digital,Jawa Timur,Jalan Jayengkusomo no 44 Tulungagung,0355 3353360,digitalratu@gmail.com,radartulungagung.jawapos.com,Terverifikasi Administratif dan Faktual,2021-02-15
,"Cetak
Radio
Televisi
Siber",,,,,,,,,,
Lensaindonesia.com,Siber,"Dr. Arief Rahman., ST, MM.","Dr. Arief Rahman., ST, MM.",Lensa Indonesia Global Media,Jawa Timur,"Sky Suites SOHO Samator R. 1107, Jl. Raya Kedung Baruk No. 25 – 28 Surabaya",,redaksi@lensaindonesia.com / redaksilensaindonesia@gmail.com,www.lensaindonesia.com,Terverifikasi Administratif dan Faktual,2021-02-15
radarbromo.co.id,Siber,Muhammad Fahmi,Muhammad Fahmi,Probolinggo Intermedia Pers,Jawa Timur,"Jl. Soekarno Hatta No. 98 RT. 003 RW. 002 Kelurahan Pilang, Kecamatan Kademangan, Kota Probolinggo",0335429555,online.jprb@gmail.com,radarbromo.co.id,Terverifikasi Administratif dan Faktual,2021-02-15
nusantarapos.co.id,Siber,Joko Wiyono,Joko Wiyono,Nusantara Pos Media,Jawa Timur,Jl. Veteran no 2 Pacitan Jawa Timur,081297779789,redaksinp@gmail.com,https://nusantarapos.co.id,Terverifikasi Administratif,2021-02-10
saibumi.com,Siber,"Donny Irawan, SE","Donny Irawan, SE",Saibumi Media Utama,Lampung,Jl. Nusa Indah No. 49A Kel. Rawa Laut Kec. Enggal Bandar Lampung,0811720388,saibumi@yahoo.co.id,https://www.saibumi.com,Terverifikasi Administratif dan Faktual,2021-02-02
askara.co,Siber,Dar Edy Yoga,Dar Edy Yoga,Askara Himeka Yandra,DKI Jakarta,"Menara Era, Lantai 5 lot 3, Jl. Senen Raya 135 - 137, Jakarta Pusat",021-3863610,redaksiaskara@gmail.com,www.askara.co,Terverifikasi Administratif dan Faktual,2021-02-02
sumutcyber.com,Siber,Amir Syarifuddin,Amir Syarifuddin,Berkah Sumut Media,Sumatera Utara,JALAN AH. NASUTION NO. 84C MEDAN,081362086123 / 081264422483,sumutcyber5@gmail.com,www.sumutcyber.com,Terverifikasi Administratif,2021-02-02
majalahmataborneonews.com,Siber,ACENG MUKARAM,ACENG MUKARAM,MEDIA BORNEO NAULY,Kalimantan Barat,"JL. PEMUDA TUNGKUL, RUKO PASAR RAKYAT NO.3-4 DI MINIMART MITRA ORCHID LT.2.. KEC; NGABANG, KAB. LANDAK",0563-2020891,redaksimataborneonews@gmail.com,www.majalahmataborneonews.com,Terverifikasi Administratif dan Faktual,2021-01-18
Voi.id,Siber,Iqbal Irsyad,Iqbal Irsyad,Voi Media Informasi,DKI Jakarta,"Jl. Tanah Abang III No.23a, RT.2/RW.3, Petojo Sel., Kecamatan Gambir, Kota Jakarta Pusat, Daerah Khusus Ibukota Jakarta 10160",0213106412,personalia@voi.id,www.voi.id,Terverifikasi Administratif dan Faktual,2021-01-18
Sumselterkini.co.id,Siber,M. Nasir,Irwan Wahyudi,Berkah Media Utama,Sumatera Selatan,"Jalan Harapan Jaya I No.06 RT 31 / 008 Sei-Selayur, Kalidoni, Palembang, 30118",0711712475,erwin.yusrizal@gmail.com,www.sumselterkini.co.id,Terverifikasi Administratif dan Faktual,2021-01-11
suaraindonews.com,Siber,TUMPAK SIDABUTAR,TUMPAK SIDABUTAR,DWIWARNA KREASI MEDIA,DKI Jakarta,Gedung Pembina Graha Blok 2 Ruang 112.Jl. DI Panjaitan No. 45 Jakarta Timur 13350,02129563134,redaksi@suaraindonews.com,http://suaraindonews.com,Terverifikasi Administratif dan Faktual,2021-01-11
,"Cetak
Radio
Televisi
Siber",,,,,,,,,,
monologis.id,Siber,Taufik Kurohman,Taufik Kurohman,Media Satria Nusantara,Lampung,"Jl. Nusantara 1 No. 8 Labuhan Ratu, Labuhan Ratu Raya",081272390609,redaksimonologis@gmail.com,monologis.id,Terverifikasi Administratif,2021-01-11
wartasuluh.com,Siber,Novita,Novita,Warta Suluh Negeri,Riau,"Jalan Singgalang Gang Saudara No. 8 Kelurahan Tangkerang Timur, Kecamatan Tenayan Raya",081275798646,wartasuluhnegeri@gmail.com,https://www.wartasuluh.com/,Terverifikasi Administratif,2020-12-30
matabangsa.com,Siber,David Susanto,David Susanto,MEDIA MATA BANGSA,Sumatera Utara,"Jalan Puri No. 218 Kotamatsum II Kecamatan Medan AreaKota Medan, Sumatera Utara","061-7351988, 0812-6424-7724",davesantosa2002@gmail.com,matabangsa.com,Terverifikasi Administratif dan Faktual,2020-12-21
deteksi.co,Siber,Togang Sitorus,Togang Sitorus,Deteksi Dorheta Dirga,Sumatera Utara,Jl. Pembangunan No. 132 Helvetia Timur Medan,085372729191,redaksideteksi.co@gmail.com,Deteksi.co,Terverifikasi Administratif,2020-12-21
Radar Sukabumi,Cetak,Rahmad Yanadi,Handi Salam,Sukabumi Ekspres Media,Jawa Barat,Jl. Selabintana  kp. panjalu Rt.12/03 No.105 Desa Warnasari Kecamatan Sukabumi Kabupaten Sukabumi,081122222597,radar.sukabumi20@gmail.com,radarsukabumi.com,Terverifikasi Administratif dan Faktual,2020-12-14
Indonesia Raya,Cetak,HARIANOF,HARIANOF,INDO RAYA EKSPRES,Sumatera Barat,Jl. Jati Parak Salai No. 8 C Padang Timur,0818996627 / 082171969379,redaksi.indoraya@gmail.com,,Terverifikasi Administratif dan Faktual,2020-12-14
Aktual,Cetak,Condrad A. Naibaho,Condrad A. Naibaho,Inter Media Aktual,Sumatera Utara,Jl. Menteng VII No. 101 Medan,081396836222,kr_aktual@yahoo.com -- intermediaaktual07@gmail.com,,Terverifikasi Administratif dan Faktual,2020-12-14
Harian Perjuangan Baru,Cetak,David Susanto,David Susanto,MEDIA PERJUANGAN BARU,Sumatera Utara,Jalan Garu II B Kompleks Villa Harjosari Indah Tahap II No. 94 Medan,0852-9648-2977,amson_purba@yahoo.com,www.perjuanganmediaonline.com,Terverifikasi Administratif dan Faktual,2020-12-14
inimedanbung.com,Siber,Yoko Soesilo Chou,Yoko Soesilo Chou,MEDIA MEDAN MANDIRI,Sumatera Utara,"Jalan KL Yos Sudarso Km 15,5 No 120 Medan Labuhan",061-6850370,yokowebs@gmail.com,www.inimedanbung.com,Terverifikasi Administratif dan Faktual,2020-12-14
hariansilampari.co.id (Silampari Online),Siber,Agus Hubya Handoyo,Agus Hubya Handoyo,Wahana Silampari Media,Sumatera Selatan,"Jln Yos Sudarso 59A Kel. Batu Urip Taba, Kec Lubuklinggau Timur I, Kota Lubuklinggau Provinsi Sumsel",081373702171,silamparionline@yahoo.com,www.hariansilampari.co.id,Terverifikasi Administratif dan Faktual,2020-12-14
,"Cetak
Radio
Televisi
Siber",,,,,,,,,,
harian silampari,Cetak,Agus Hubya Handoyo,Agus Hubya Handoyo,Silampari Media Utama,Sumatera Selatan,Jl. Yos Sudarso No.59 A Kel. Kel. Batu Urip Taba Kec. Lubuklinggau Timur I Provinsi Sumatera Selatan,0811742070,redaksihariansilampari@yahoo.com,www.hariansilampari.co.id,Terverifikasi Administratif dan Faktual,2020-12-14
indosport.com,Siber,Abinery Hamzano,Abinery Hamzano,Media Sport Indonesia,DKI Jakarta,"Jl Pangeran Jayakarta no 45 Komplek Kota Indah Blok C8-10 Pinangsia, Tamansari, Jakarta Barat 11110",021-6288999,hrindosport@gmail.com,www.indosport.com,Terverifikasi Administratif dan Faktual,2020-12-14
Analisadaily.com,Siber,H Hermansjah,H Hermansjah,Media Warta Digital,Sumatera Utara,Jl. Jend. Ahmad Yani No.35-49 Medan,(061) 4154711,redaksionline@analisadaily.com,www.analisadaily.com,Terverifikasi Administratif dan Faktual,2020-12-14
radarkudus.jawapos.com,Siber,IDA NOR LAYLA,IDA NOR LAYLA,Kudus Intermedia Digital,Jawa Tengah,"Jalan Lingkar Utara No. 17 Desa Bacin, Kecamatan Bae",0291-437882,radarkudus@hotmail.com,www.radarkudus.co.id; www.radarkudus.jawapos.com,Terverifikasi Administratif dan Faktual,2020-12-14
medanposonline.com,Siber,Rifki Warisan,Farianda Putra Sinik,Sinar Agung Berdikari,Sumatera Utara,"Jl. Mayjen Siswomihardjo d/h Jl. Perdana No. 107-111, Medan",(061) 4522704,medanpos.ol@gmail.com,www.medanposonline.com,Terverifikasi Administratif dan Faktual,2020-12-14
radarlombok.co.id,Siber,Tony Edy Wibowo,Tony Edy Wibowo,Selaparang Media Pratama,Nusa Tenggara Barat,Jalan Pelikan No. 3 Pajang Mataram,0370 7852737,onlineradarlombok@gmail.com,www.radarlombok.co.id,Terverifikasi Administratif dan Faktual,2020-12-14
radarsukabumi.com,Siber,Rahmad Yanadi,Rahmad Yanadi,Sukabumi Ekspres Media,Jawa Barat,"Jalan Selabintana KM 3,5 Panjalu RT12/03, Desa Warnasari Kecamatan Sukabumi Kabupaten Sukabumi",0266219204,radarskm.com@gmail.com,radarsukabumi.com,Terverifikasi Administratif dan Faktual,2020-12-14
Harian Disway,Cetak,Doan Widhiandono,Doan Widhiandono,Disway Rumah Berita,Jawa Timur,"Jalan Walikota Mustajab 76, RT 01, RW 05, Kelurahan Ketabang, Kecamatan Genteng",081335725315,redaksi@disway.id,harian.disway.id,Terverifikasi Administratif dan Faktual,2020-12-07
Radar Mandalika,Cetak,Achmad Sukisman Azmy,Achmad Sukisman Azmy,Mandalika Media Pratama,Nusa Tenggara Barat,Jl. Sultan Hasanudin No. 27 RT 001 RW 001 Kelurahan Leneng Kecamatan Praya,0818369121,radarmandalika@gmail.com,Radarmandalika.id,Terverifikasi Administratif dan Faktual,2020-12-07
mediasumutku.com,Siber,Puji Santoso,Puji Santoso,Media Sumutku Indonesia,Sumatera Utara,Jl. Padang Golf Komplek CBD Polonia Blok F No. 97-98,085360998585,mediasumutku@gmail.com,www.mediasumutku.com,Terverifikasi Administratif dan Faktual,2020-12-07
,"Cetak
Radio
Televisi
Siber",,,,,,,,,,
radarpekalongan.co.id,Siber,Dony Widyo Haryanto,Dony Widyo Haryanto,Wahana Multimedia Pekalongan,Jawa Tengah,Jl Binagriya Raya B.1 No 9 Kota Pekalongan,0285432234,radarpekalonganonline@gmail.com,www.radarpekalongan.co.id,Terverifikasi Administratif dan Faktual,2020-12-07
mediaapakabar.com,Siber,Muhammad Arifin,Muhammad Arifin,Berkah Gultom,Sumatera Utara,"Jalan T Amir Hamzah No 65, Medan, Sumatera Utara",0822 7600 8437,"info@mediaapakabar.com, mediaapakabar@gmail.com",www.mediaapakabar.com,Terverifikasi Administratif dan Faktual,2020-12-07
Majalah Intrust,Cetak,NOFRIALDI NOFI SASTERA,NOFRIALDI NOFI SASTERA,Media Jembatan Merah Putih,Sumatera Barat,"JL. GANG ATLAS 2 NO.44 KEL. ULAK KARANG UTARA KEC. PADANG UTARA, KOTA PADANG PROV SUMATERA BARAT",085263919474,redaksi.intrust@gmail.com,majalahintrust.com,Terverifikasi Administratif dan Faktual,2020-12-07
Koransatu.id,Siber,Kadirah,Kadirah,Koran Satu Utama,DKI Jakarta,"ALDEOZ BUILDING CENTER, jl Warung Jati Barat No.39 Kalibata, Pancoran, Jakarta Selatan",081316071305,koransatu@yahoo.com,Koransatu.id,Terverifikasi Administratif dan Faktual,2020-11-30
Haluansumatera.com,Siber,Kurnati Abdullah,Kurnati abdullah,Musi Intermedia Grup,Sumatera Selatan,Jln.Madang No.1911 Rt. 29 Sekip Jaya Palembang,082375088884,haluansumatera@gmail.com,https://haluansumatera.com/,Terverifikasi Administratif dan Faktual,2020-11-30
Intens News,Cetak,Muhamad Nasir,Muhammad Uzair,Multimedia Cahaya Nusantara,Sumatera Selatan,Jalan Tegal Binangun RT. 28 Ruko No 2,07115541300,multimediacahaya1@gmail.com,,Terverifikasi Administratif dan Faktual,2020-11-30
ekspresnews.com,Siber,ABDI MASA,ABDI MASA,INDO RAYA EKSPRES,Sumatera Barat,Jati Parak Salai No 8C,082171293247,news.ekspres@gmail.com,www.ekspresnews.com,Terverifikasi Administratif dan Faktual,2020-11-30
Kabarsumbar.com,Siber,Adrian Tuswandi,Adrian Tuswandi,Treat Media Teknologi,Sumatera Barat,"Jalan Pontianak Nomor I/10, ulak karang selatan, kota Padang, Sumatera Barat, 25134",082285976332,redaksi@kabarsumbar.com,www.kabarsumbar.com,Terverifikasi Administratif dan Faktual,2020-11-30
Detak-Palembang.com,Siber,Ahmad Ghozali Mukti,Ahmad Ghozali Mukti,PENAMAS CIPTA MEDIATAMA,Sumatera Selatan,"Jl. Tj. Sari II, Bukit Sangkal, Kalidoni, Kota Palembang, Sumatera Selatan 30961, 0812-7255-7639",0812-7255-7639,redaksidetakplg@gmail.com,DETAK-PALEMBANG.COM,Terverifikasi Administratif dan Faktual,2020-11-30
mimbarumum.co.id,Siber,Jalaluddin,Ngatirin,Mimbar Maju Sejahtera,Sumatera Utara,"Jalan Pancasila No.2 (Simpang Jalan Denai) Kelurahan Tegalsari mandala III, Kecamatan Medan Denai, Kota Medan, Sumatera Utara",061-7330737,rinmas125@gmail.com,www.mimbarumum.co.id,Terverifikasi Administratif dan Faktual,2020-11-30
,"Cetak
Radio
Televisi
Siber",,,,,,,,,,
Palpos.id,Siber,Bambang Samudera,Bambang Samudera,Palpos Media Online,Sumatera Selatan,"Jl Kol H Burlian No 773/2 Gedung Palembang Pos Km 6,5 Kelurahan Karya Baru Kecamatan Alang-Alang Lebar Palembang Sumatera Selatan",081278969913,palpos.id@gmail.com,palpos.id,Terverifikasi Administratif dan Faktual,2020-11-30
scientia.id,Siber,AL IMRAN,AL IMRAN,SCIENTIA INSAN CITA INDONESIA,Sumatera Barat,"Perum Griya Elok Residence Blok P. 20, Kelurahan Batung Taba Nan XX, Kecamatan Lubuk Begalung, Kota Padang",081 1660 4440,scientiaku@gmail.com,www.scientia.id,Terverifikasi Administratif dan Faktual,2020-11-30
harian vokal,Cetak,DHENI KURNIA,DHENI KURNIA,HARIAN VOKAL MEDIA,Riau,"JL. ARIFIN AHMAD NO .148 A KEL SIDOMULYO TIMUR KEC.MARPOYAN DAMAI, KOTA PEKANBARU, RIAU",08127684560,harianvokal99@gmail.com,,Terverifikasi Administratif dan Faktual,2020-11-30
mentawaikita.com,Siber,Yuafriza,Yuafriza,Kreasindo Mediata Mentawai,Sumatera Barat,"Jl. Gng Semeru IV No 3, Gunung Pangilun, Kec. Padang Utara, Kota Padang, Sumatera Barat",(0751) 37121,mentawaikita@gmail.com,www.mentawaikita.com,Terverifikasi Administratif dan Faktual,2020-11-30
tobasatu.com,Siber,Hafnida Dalimunthe,Hafnida Dalimunthe,Toba Madia Sejahtera,Sumatera Utara,"Jalan SM Raja, Gg.Perhubungan No.21, Medan",08116001333,redaksitobasatu@gmail.com,www.tobasatu.com,Terverifikasi Administratif dan Faktual,2020-11-30
Figurnews.com,Siber,YUAMRAN,YUAMRAN,FIGUR ANUGRAH MEDIA,Sumatera Barat,"Jl. Bambu No.6 Ujung Gurun, Kelurahan Ujung Gurun, Kec. Padang Barat, Kota Padang - Sumatera Barat","0751-21139, Hp 0821 7225 3180",figurnews18@gmail.com,www.figurnews.com,Terverifikasi Administratif dan Faktual,2020-11-30
sukabumiupdate.com,Siber,ASEP SAEFULLAH,ASEP SAEFULLAH,SAMUDERA MULTIMEDIA PERSADA,Jawa Barat,"JL. KH Ahmad sanusi no 194, Sukakarya, Kecamatan Warudoyong, Kota Sukabumi",085210042696,redaksi.sukabumiupdate.com@gmail.com,https://sukabumiupdate.com/,Terverifikasi Administratif dan Faktual,2020-11-30
SKM GENTA,Cetak,Raja Isyam Aswar,Purnimasari,Genta Marwah Riau,Riau,"Gedung Graha Pena, Lantai 8 Ruang 808, Jalan HR Subrantas, Km 10.5 Panam - Pekanbaru",0852 7863 8316,gentariau2019@gmail.com,gentariau2019@gmail.com,Terverifikasi Administratif dan Faktual,2020-11-30
minangkabaunews.com,Siber,Nurrahmat,Nurrahmat,Minangkabau Mediatama Mandiri,Sumatera Barat,"JL Padang Baru Timur XV No 16 A, Alai Parak Kopi, Padang Utara, Padang, Sumbar 25171",085263352077,timredaksiminangkabaunews@gmail.com,https://minangkabaunews.com,Terverifikasi Administratif dan Faktual,2020-11-30
liputansumsel.com,Siber,Aan Sartana,Ishak Nasroni,Liputan Sumsel Media,Sumatera Selatan,"Jln. Padat Karya Perum Vina sejahtera II Blok DD 15 A  Rt.05/09 Kelurahan Gunung Ibul, Kecamatan Prabumulih Timur, Kota Prabumulih ,Provinsi Sumatera Selatan",0852-6875-1839 / 0852-7300-900,redaksikabarsumsel@gmail.com,liputansumsel.com,Terverifikasi Administratif dan Faktual,2020-11-30
,"Cetak
Radio
Televisi
Siber",,,,,,,,,,
Gerbang Banten,Cetak,Wisnu Bangun,Wisnu Bangun,Bangun Banten Aktual,Banten,"Jl. Kalodran Lipatik, Kel- Pager Agung Kec- Walantaka",02547915353,redaksi.gerbangbanten@gmail.com,https://gerbangbanten.com/,Terverifikasi Administratif dan Faktual,2020-11-30
Haluanbanten.co.id,Siber,Cahyonoadi RS,Cahyonoadi  RS,Haluan Bangun Banten,Banten,Jalan Kalodran Lipatik Kel Pager Agung Kec Walantaka Kota Serang Provinsi Banten,7915353,redaksi_haluanbanten@yahoo.co.id,www.haluanbanten.co.id,Terverifikasi Administratif dan Faktual,2020-11-30
pontas.id,Siber,Pahala Simanjuntak,Pahala Simanjuntak,Mediacitra Maju Indonesia,DKI Jakarta,"Jl. Kayumas Selatan no. 77, Pulogadung Jakarta Timur",0811121676,pontasid@gmail.com,www.pontas.id,Terverifikasi Administratif dan Faktual,2020-11-30
asarpua.com,Siber,TANIA DEPARI,TANIA DEPARI,ASARPUA SUKSES MEDIA,Sumatera Utara,"Jalan Bunga Sedap Malam XV No. 8 Medan Selayang, Medan",0812-6025-413,taniadepari202020@gmail.com,asarpua.com,Terverifikasi Administratif dan Faktual,2020-11-30
Harian Prabumulih Pos,Cetak,Mukhlis Tri jaya,Mukhlis Tri jaya,Citra Prabu Media,Sumatera Selatan,"Jl Jendral Sudirman No 172 Kelurahan Patih Galung Kecamatan Prabumulih Barat, Kota Prabumulih",0713322096,aderosad@yahoo.com,www.prabumulihpos.co.id,Terverifikasi Administratif dan Faktual,2020-11-30
Cirebonbagus.id,Siber,Dudung Abdul Hakim,Dudung Abdul Hakim,ARIF BAGUS TRANSMEDIA,Jawa Barat,"Komp. Bumi Linggahara No.3D, Jl. Brigjend Dharsono, Kertawinangun, Kedawung, Kab.Cirebon, Prov. Jawa Barat",081324542922,cirebonbagusdotid@gmail.com,cirebonbagus.id,Terverifikasi Administratif dan Faktual,2020-11-30
padangmedia.com,Siber,Nita Indrawati,Nita Indrawati,Padang Media Press,Sumatera Barat,Jalan Legislatif no 39 Komp DPRD Lapai Nanggalo Padang,0751 7051822,pimredpmed@gmail.com,www.padangmedia.com,Terverifikasi Administratif dan Faktual,2020-11-30
radarkediri.id,Siber,MOCH. SUBECHI  NURCAHYO,MOCH. SUBECHI  NURCAHYO,KEDIRI INTERMEDIA PERS,Jawa Timur,JL. RAYA GAMPENG 45,(0354)681320,radarkediri.online@gmail.com,radarkediri.id,Terverifikasi Administratif dan Faktual,2020-11-30
Radar Lombok,Cetak,ZULKIFLI,ZULKIFLI,Selaparang Media Pratama,Nusa Tenggara Barat,JALAN PELIKAN NO. 3 PAJANG MATARAM,03707852737,radarlombok25@gmail.com,www.radarlombok.co.id,Terverifikasi Administratif dan Faktual,2020-11-30
topsumbar.co.id,Siber,SITI RAHMADANI HANIFAH,SITI RAHMADANI HANIFAH,UPDATE TOP MEDIA,Sumatera Barat,"Perumahan Gunung Sarik Permai Blok F5 RT.05 RW.02 Kel. Gunung Sarik, Kec. Kuranji Kota Padang",07518962339 / 082381558076,topsumbar@gmail.com,Topsumbar.co.id,Terverifikasi Administratif dan Faktual,2020-11-30
,"Cetak
Radio
Televisi
Siber",,,,,,,,,,
Lintasmedan.com,Siber,T. Nico Adrian,T. Nico Adrian,Sejati Lintas Info,Sumatera Utara,"Jln Eka Rasmi No. 74 Lingk VII, Medan Johor",081361673872,irmayoune@yahoo.com,www.Lintasmedan.com,Terverifikasi Administratif dan Faktual,2020-11-30
Radar Kudus,Cetak,Ida Norlayla,Ida Norlayla,Kudus Intermedia Pers,Jawa Tengah,Jl. Lingkar Utara No. 17 Bacin Kudus,0291-434020,radarkudus@hotmail.com,https://radarkudus.jawapos.com/ dan http://radarkudus.co.id/,Terverifikasi Administratif dan Faktual,2020-11-20
Nawacitapost.com,Siber,Ariful Hakim,Ariful Hakim,Media Nawacita Indonesia,Jawa Barat,"Ruko Duta Permai Rhema Building, Lt. 3 No. 2 Jl. Raya Kalimalang, Jaka Permai, Bekasi Jawa Barat 17145 Indonesia.",021 - 89469011,nawacitamedia@yahoo.com,www.nawacitapost.com,Terverifikasi Administratif dan Faktual,2020-11-20
tribunjogja.com,Siber,Ribut Raharjo,Ribut Raharjo,Media Tribun Yogya,DI Yogyakarta,"Jl. Jend. Sudirman No.52 A, Kotabaru, Gondokusuman, Kota Yogyakarta, Daerah Istimewa Yogyakarta 55224",0274557687,tribunjogjadigital@gmail.com,jogja.tribunnews.com,Terverifikasi Administratif dan Faktual,2020-11-20
biem.co,Siber,Ega Jalaludin,Ega Jalaludin,Banten Muda Kreasindo,Banten,Komplek KPKN Jl. Karya Bhakti 2A no. 99 Ciceri Kota Serang,0813-8033-3400/02547924330,redaksibiem@gmail.com,www.biem.co,Terverifikasi Administratif dan Faktual,2020-11-20
satubanten.com,Siber,Mohamad Hopip,Mohamad Hopip,BANTENESIA BERITA UTAMA,Banten,"Lingk. Cengkok Rt. 005/003, Kel, Banjaragung, Kec. Cipocok Jaya, Kota Serang, Banten 42122",082169120887,koransatubanten@gmail.com,www.satubanten.com,Terverifikasi Administratif dan Faktual,2020-11-20
Koran Mimbar Umum,Cetak,Jalaluddin,Jalaluddin,Koran Mimbar Umum,Sumatera Utara,"Kompleks Grand Denai No. 185 L, Jl. Denai, Tegalsari Mandala II, Kecamatan Medan Denai",7330737,rinla_gusti@yahoo.com,www.mimbarurumum.co.id,Terverifikasi Administratif dan Faktual,2020-11-20
inimedan.com,Siber,A R I A D I,A R I A D I,MEDIA KELUARGA MANDIRI,Sumatera Utara,Jln.Marelan I Pasar IV Barat Kelurahan Terjun No.10 Lk-VII Medan Marelan-20256,061.80027612,inimedancom@gmail.com,www.inimedan.com,Terverifikasi Administratif dan Faktual,2020-11-20
Urbanasia.com,Siber,Ken Yunita,Ken Yunita,KAI Trimedia Investama,DKI Jakarta,"Menara Batavia Lt. 12A Jl. K.H. Mas Mansyur No. Kav. 126, Karet Tengsin, Kec. Tanah Abang",(021) 5722354,admin@urbanasia.com,www.urbanasia.com,Terverifikasi Administratif dan Faktual,2020-11-20
Radar Pekalongan,Cetak,Ade Asep Syarifuddin,Ade Asep Syarifuddin,Wahana Semesta Pekalongan,Jawa Tengah,Jl Binagriya Raya B. 1 No 9 Kelurahan Bumirejo Kecamatan Pekalongan Barat Kota Pekalongan,432234,r4d4rpek4long4n@gmail.com,www.radarpekalongan.co.id,Terverifikasi Administratif dan Faktual,2020-11-20
,"Cetak
Radio
Televisi
Siber",,,,,,,,,,
persepsi.co.id,Siber,Moh.Hopip,Moh.Hopip,Persepsi Karya Cipta,Banten,"Jl.Kalodran Lipatik, Kelurahan Pageragung, Kecamatan Walantaka, Kota Serang Banten",02547915353,persepsiredaksi@gmail.com,www.persepsi.co.id,Terverifikasi Administratif dan Faktual,2020-11-20
radarsolo.id,Siber,NUR WAHID,NUR WAHID,Surakarta Intermedia Pers,Jawa Tengah,"Jl. Kebangkitan Nasional No.37 Sriwedari, Laweyan",0271 - 7653106,radarsolo@gmail.com,radarsolo.id,Terverifikasi Administratif dan Faktual,2020-11-20
Radar Sumbawa,Cetak,Rudi hidayat,Rudi hidayat,Tambora media pratama,Nusa Tenggara Barat,Jln by pass km 3 karang dima kec.labuan sumbawa,085239215344,Radarsumbawa03@gmail.com,radarsumbawa.id,Terverifikasi Administratif,2020-11-20
beritaini.com,Siber,Imran Jafar,Imran Jafar,Beritaini Media Internusa,Sulawesi Barat,"Jl. Abd Malik Pettana Endeng, RT 05, Lingkungan Korongana, Puri Mutiara II Blok A5 No. 10",085210996066,beritaini.com@gmail.com,https://beritaini.com,Terverifikasi Administratif,2020-11-18
Mediator,Cetak,TASMAN,TASMAN,Mediator Jambi Intermedia,Jambi,Jl. H.M.O Bafadhal No 41 Rt.02 Kel.Cempaka Putih Kec. Jelutung Kota Jambi,+6285832077949,skh.mediator@yahoo.com,https://www.mediatorjambi.com/,Terverifikasi Administratif,2020-11-18
detakbanten.com,Siber,AHMAD EKO NURSANTO,AHMAD EKO NURSANTO,PENAMAS CIPTA MANDIRI,Banten,Puri PamulangJalan Matahari V Blok H-2 No. 16 Kel. Bambu ApusKec. Pamulang,081287071898,redaksi.detakbanten@gmail.com,www.detakbanten.com,Terverifikasi Administratif dan Faktual,2020-11-18
beritasatu.com,Siber,Primus Dorimulu,Anselmus Bata,Jakarta Globe Media,DKI Jakarta,BeritaSatu Plaza Jalan Gatot Subroto Kav 35-36,0811-988-763,anselmusbata@gmail.com,beritasatu.com,Terverifikasi Administratif dan Faktual,2020-11-18
suararantau.com,Siber,DEFRI MULYADI,DEFRI MULYADI,Suara Rantau Mandiri,Sumatera Barat,Jln juanda no 06 rimbo kaluang kec. padang barat,0813 74808982,suarantau@gmail.com,www.suararantau.com,Terverifikasi Administratif,2020-11-18
Disway Berau Kaltara,Cetak,Arie Pramana Putra,Arie Pramana Putra,DUTA KALIMANTAN PRESS,Kalimantan Timur,"Jl. Durian III, RT 07, Kecamatan Tanjung Redeb",081350385307  /  0811581969,Diswayberaukaltara@gmail.com,,Terverifikasi Administratif,2020-11-10
luarbiasa.id,Siber,Martunas Situmeang,Martunas Situmeang,Bintana Terbaru Media,Kepulauan Riau,Komplek Pinlang Mas No.15-16 Lt 1-2-3 JL.DI Panjaitan-Batu IX Tanjungpinang,+62 852-6405-0123,bintanatmedia@gmail.com,https://luarbiasa.id/,Terverifikasi Administratif,2020-11-10
,"Cetak
Radio
Televisi
Siber",,,,,,,,,,
Harian Jambi Independent,Cetak,Munawir MH,Munawir MH,PT. Jambi Independent Press,Jambi,Graha Pena Jambi. Jl. Jendral Sudirman No 100 Thehok Kota Jambi,(0741) 35272,jambi_independent_cetak@gmail.com,,Terverifikasi Administratif,2020-11-08
ceknricek.com,Siber,Ilham Bintang,Ariful Hakim,PT Bintang Angkasa Berjaya,DKI Jakarta,"Jalan H. Saaba No.40 Meruya Selatan, Kembangan, Jakarta Barat 11650",02158570781,ekoyuswantomail@yahoo.co.id,https://ceknricek.com,Terverifikasi Administratif dan Faktual,2020-10-23
waspada.co.id,Siber,Tribuana Said,Tribuana Said,Waspada Online,Sumatera Utara,Jl Brigjen Katamso / Letjen Suprapto no. 1,0819611101,waspadaonlinetim@gmail.com / redaksi@waspada.co.id,www.waspada.co.id,Terverifikasi Administratif dan Faktual,2020-10-20
Harian Umum Warta Bali,Cetak,IGMB Dwikora Putra,IGMB Dwikora Putra,Warta Bali Utama,Bali,JALAN KEPUNDUNG No 61 B DENPASAR 80232,03614458999,admwartabali@yahoo.com,"wartabali@gmail.com , admwartabali@yahoo.com",Terverifikasi Administratif dan Faktual,2020-10-20
koran sempena,Cetak,P.Arianto Pandiangan,P.Arianto Pandiangan,SEMPENA JAYA PERS,Kepulauan Riau,Jl.DI Panjaitan Km.IX Blok C no 50 Komp.Bintan Center,081270077783,ariantopandi77@gmail.com,sempenanews@yahoo.com,Terverifikasi Administratif dan Faktual,2020-10-20
intipos.com,Siber,Zulfikar Tanjung,Zulfikar Tanjung,INTI KARTIKA JAYA,Sumatera Utara,Jalan Intertip No.15 Pulo Brayan Darat II Medan Timur,061-80086969,intiposmedia@gmail.com,www.intipos.com,Terverifikasi Administratif dan Faktual,2020-10-20
Radar Bojonegoro,Cetak,Khorij Zaenal Assrori,Khorij Zaenal Assrori,Bojonegoro Intermedia Pers,Jawa Timur,Jalan Ahmad Yani 39 Bojonegoro,0353892000,radar_bj@yahoo.com,www.radarbojonegoro.jawapos.com,Terverifikasi Administratif dan Faktual,2020-10-20
Progres.id,Siber,Mukhtar Amin,Mukhtar Amin,Progres Siber Media,Bengkulu,"Jl. Kroya, Dusun IV Desa Taba Tebelet Kecamatan Kepahiang",081226287779,redaksi@progres.id,www.progres.id,Terverifikasi Administratif dan Faktual,2020-10-16
agtvnews.com,Siber,Danang Sumirat,Danang Sumirat,Anggada Multimedia Sejahtera,Jawa Timur,Jalan Singonegaran Tengah No 79,081335331166,agtvnews@gmail.com,https://agtvnews.com,Terverifikasi Administratif dan Faktual,2020-10-16
Lintas Nusantara,Cetak,Sukarjito,Sukarjito,Nusantara Anugerah Abadi,Jawa Timur,"Keputran Kejambon II / 90c , Kec Genteng Kel Embong Kaliasin",085648661374/082234000310,nusantara.news31@yahoo.co.id,-,Terverifikasi Administratif,2020-10-12
,"Cetak
Radio
Televisi
Siber",,,,,,,,,,
Suarakahayannews.com,Siber,Suratman,Suratman,Kalimantan Global Media,Kalimantan Tengah,Jalan Panunjung Tarung RT. 8 Kelurahan Pulang Pisau Kec. Kahayan Hilir,0811 50 4141 - 0851 7233 6761,redaksi.suarakahayan@gmail.com,suarakahayannews.com,Terverifikasi Administratif,2020-10-12
indovizka.com,Siber,Amril Jambak,Amril Jambak,Indo Vizka Nusantara,Riau,Jl. Raja Ali Haji Lorong Tirta 2 No. 9 Kelurahan Sungai Beringin Kecamatan Tembilahan-Inhil,081371419982,indovizka@gmail.com,indovizka.com,Terverifikasi Administratif,2020-10-05
Tanamonews.com,Siber,ROBBY OCTORA ROMANZA,ROBBY OCTORA ROMANZA,PT TANAMO MEDIA INTER PERS,Sumatera Barat,"Jl. Bawah Bungo No. 17 RT/RW. 01/12 Kel. Alai Parak Kopi, Kec. Padang Utara Padang City - West Sumatera 25139",082288352424,redaksitanamonews@gmail.com,www.tanamonews.com,Terverifikasi Administratif,2020-10-05
Siberone.com,Siber,Safari Al Royyan,Safari Al Royyan,Media Sentral Informasi,Riau,"JL. Trimas, Kelurahan Tembilahan Kota, Kecamatan Tembilahan",085264792283,redaksisiberone@gmail.com,www.siberone.com,Terverifikasi Administratif,2020-10-05
Terkini.id,Siber,Muhammad Yunus,Muhammad Yunus,Makassar Indomedia,Sulawesi Selatan,Jalan Letjend Mappaodang No.8,04118112525 / 0811461183,redaksi@terkini.id,https://terkini.id,Terverifikasi Administratif,2020-10-05
carapandang.com,Siber,Yayan Sopyani,Yayan Sopyani,Lintang Kreasindo Media,DKI Jakarta,Jl. Tebet Dalam IV No 7B Tebet Jakarta Selatan,(021) 21383521,carapandangcom@gmail.com,https://carapandang.com/,Terverifikasi Administratif dan Faktual,2020-09-29
Harian Terbit,Cetak,Zamzam Siregar,Zamzam Siregar,Astri Cahaya Gemilang,DKI Jakarta,"Jalan Kav. BRI No.3 E, RT3/RW4, Meruya Utara, Kembangan, Jakarta Barat 11620",081223452065,hanter.online@gmail.com,www.harianterbit.com,Terverifikasi Administratif dan Faktual,2020-09-29
afederasi.com,Siber,M. Aminun Jabir,M. Aminun Jabir,PT.GLOBAL MEDIA EXPRESS,Jawa Timur,Jalan Iswayudi No. 23 Ringinpitu - Kedungwaru - Tulungagung - Jawa Timur,0355 7624352,redaksiafederasi@gmail.com,www.afederasi.com,Terverifikasi Administratif dan Faktual,2020-09-29
harianterbit.com,Siber,H. ALI AKBAR SOLEMAN,H. ALI AKBAR SOLEMAN,PT. ASTRI CAHAYA GEMILANG,DKI Jakarta,"Jl. Duri Raya No.64 B, Rt.006/Rw.01, Duri Kepa, Kebon Jeruk",021-5683948,media.harianterbit@gmail.com,www.harianterbit.com,Terverifikasi Administratif dan Faktual,2020-09-29
www.berandang.com,Siber,Evan Trijasa,EVAN TRIJASA,PT. ZEO PERKASA MEDIA,Bengkulu,JLN. MAHONI PERUM PONDOK KHARISMA BLOK. J.23 BUMI AYU SELEBAR KOTA BENGKULU,07365513087,evantrijasa13@gmail.com,www.berandang.com,Terverifikasi Administratif dan Faktual,2020-09-29
,"Cetak
Radio
Televisi
Siber",,,,,,,,,,
koranmemo.com,Siber,ACHMAD SAICHU,ACHMAD SAICHU,PT EXPRESS MEDIA SEJAHTERA,Jawa Timur,Jln. Tosaren II No. 145 Kelurahan Tosaren Kecamatan Pesantren Kota Kediri,(0354) 4520153,websitememo2@gmail.com,www.koranmemo.com,Terverifikasi Administratif dan Faktual,2020-09-29
Koran Kabar Bengkulu,Cetak,Leonardo Ferdian,Leonardo Ferdian,Nur Hidayah Bersaudara Bengkulu,Bengkulu,Jln. Raya Air Sebakul Perumahan Grand Vaganza Estate Blok A Nomor 31 RT.026 RW.004,085382830605,kabarbengkulu2020@gmail.com,,Terverifikasi Administratif dan Faktual,2020-09-29
SRIWIJAYA TIMES,Cetak,BAGUS MIHARGO,BAGUS MIHARGO,PT. RAFLY MEDIA GRAFIKA,Sumatera Selatan,JALAN SERMA ZAKARIA NO. 58 BATURAJA,0812-71563344,yuven_prusmart@yahoo.co.id,,Terverifikasi Administratif,2020-09-23
www.porospro.com,Siber,CIPTO SETYAWAN,CIPTO SETYAWAN,PT. POROSPRO MEDIA GRAHA,Riau,JALAN SEDERHANA GANG BELIMBING,082389169933,redaksiporospro@gmail.com,www.porospro.com,Terverifikasi Administratif,2020-09-23
realitamedia.com,Siber,Patar Simanjuntak,Patar Simanjuntak,Info Lingga Sejahtera,Kepulauan Riau,"Perumahan Buana Point Blok A No.5  Kel. Sungai Langkai, Kec. Sagulung, Kota Batam",082268925436,realitamedia@yahoo.com,www.realitamedia.com,Terverifikasi Administratif,2020-09-23
regalianews.com,Siber,P.Arianto Pandiangan,P.Arianto Pandiangan,Muslim.SH,Kepulauan Riau,"Kantor Redaksi dan Pemasaran :Jalan R.H.Fisabillah,gg.Sidomulyo II,No.39
Kelurahan Sungai Jang,Kecamatan Bukit Bestari,Kota Tanjungpinang,Tel /Fax : 0771 
 - 4444 220/Hp : 0812 - 70777 999,Email abdullahmustafa194@gmail.com, Tanjungpinang,Kepulauanriau.",+6285835603599 / +628127077799,abdullahmustafa194@gmail.com,regalianews.com,Terverifikasi Administratif,2020-06-19
Ampera.co,Siber,"Siera Syailendra, SE, M.Si","Siera Syailendra, SE, M.Si",AMPERA VISI INDONESIA,Sumatera Selatan,"Jl. Raya Kencana (Kawasan Kenten City), Komp. Kencana Damai Blok AM No. 4, RT. 060, RW. 010, Kel. Sukamaju, Kec. Sako - PALEMBANG, Sumatera Selatan",0811-7111-833,ampera.co@gmail.com,www.ampera.co,Terverifikasi Administratif,2020-06-19
Surat Kabar Harian Mata Banua,Cetak,ZAINAL HELMIE,ZAINAL HELMIE,PT Cahaya Media Utama,Kalimantan Selatan,Jl. Brigjen TNI H Hasan Basry No.27 RT.16 Kayu Tangi. Banjarmasin Kodepos 70125,(0511-6740293) (085108362222),iklan.matabanua@yahoo.com,www.matabanua.co.id,Terverifikasi Administratif dan Faktual,2020-06-12
Kilasriau.Com,Siber,Safari Al Royyan Syapruddin,Safari Al Royyan Syapruddin,Media Sumber Indah Riau,Riau,"JJalan trimas Lr. Trimas permai Kec. Tembilahan Kabupaten Indragiri Hilir, Riau - Indonesia.",085272115650,kilasriau08@gmail.com,http://www.kilasriau.com/,Terverifikasi Administratif,2020-06-05
www.publiksatu.co,Siber,Irwansyah Amunu,Irwansyah Amunu,PT Media Online Publiksatu Com,Sulawesi Tenggara,"Jl, Sipanjonga No. 29 Kota Baubau, Provinsi Sulawesi Tenggara",08114007434,officepubliksatu.co,www.publiksatu.co,Terverifikasi Administratif,2020-06-05
,"Cetak
Radio
Televisi
Siber",,,,,,,,,,
gelagatsumsel.net,Siber,Zainal Piliang,Zainal Piliang,Vesja Bersaudara Multimedia,Sumatera Selatan,"Jl Mayor Tjik Agus Kiemas, Kepur Kawasan Islamic Center Muara Enim, Sumatera Selatan",085382476592,redaksigsnet@gmail.com,www.gelagatsumsel.net,Terverifikasi Administratif,2020-05-29
teropongsenayan.com,Siber,Aries Kelana,Aries Kelana,PT. Entitas System Indonesia,DKI Jakarta,"Komplek Perkantoran Golden Centrum Jalan Majapahit No.26 Blok Q Lantai 2
Gambir, Jakarta Pusat, Indonesia",021-21203261,entitassystem@gmail.com,https://www.teropongsenayan.com,Terverifikasi Administratif dan Faktual,2020-05-20
VISI.NEWS,Siber,TENDY K SOMANTRI,TENDY K SOMANTRI,PT. VISI DIGITAL INTERNASIONAL,Jawa Barat,"Jln. Raya Laswi Baleendah, Kab. Bandung 40375 Telp.  (022) 85942916 Fax.  (022) 85942916",02285942916,aepsabdullah@gmail.com,VISI.NEWS,Terverifikasi Administratif dan Faktual,2020-05-13
FaktualNews.co,Siber,Adi Susanto,Adi Susanto,Susanto Bersaudara Intermedia Pers,Jawa Timur,"Jombang Citra Raya Blok E1 No.13,Jl. Prof. M. Yamin, Pandanwangi, Kec. Diwek, Kab. Jombang, Jawa Timur, 61471",03218493189,redaksi@faktualnews.co,https://faktualnews.co,Terverifikasi Administratif dan Faktual,2020-05-12
Kabardaerah.com,Siber,Ikhlas Darma Murya,Ikhlas Darma Murya,PT KABAR DAERAH INDOMEDIA,Sumatera Barat,"Jalan Kampung Kalawi, Gang Bali No. 6D, RT 003/RW 003, Kel. Lubuk Lintah, Kec. Kuranji, Kota Padang, Provinsi Sumatera Barat",(0751) 8952883,mediakabardaerah@gmail.com,www.kabardaerah.com,Terverifikasi Administratif dan Faktual,2020-05-04
dara.co.id (daulatrakyat),Siber,Rahmat Sudarmaji,Rahmat Sudarmaji,DAULAT RAKYAT INDONESIA,Jawa Barat,"Jl. Terusan Kopo No. 241, Km 13,4 Katapang Soreang Kabupaten Bandung, Jawa Barat, 40971",022-58991151,redaksidara@gmail.com,https://www.dara.co.id,Terverifikasi Administratif dan Faktual,2020-05-04
terabasnews.com,Siber,HM. AMIN SOELTHON,HM AMIN SOELTHON,TERABAS PERSINDO PERKASA,Kepulauan Bangka Belitung,JL Delima 1 no 276 Rt 04/02 Taman bungan gerunggang,081377700855,tryhardi21@gmail.com,www.terabasnews.com,Terverifikasi Administratif dan Faktual,2020-05-04
idnpro.co,Siber,Abbas Abdurrahman,Abbas Abdurrahman,BATAM MEDIA KREATIF,Kepulauan Riau,"Town House Nicco Residence Blok B1 No. 09 Jl. Raja H. Fisabilillah, Sadai, Batam, Kepulauan Riau 29432 
idn.pro@yahoo.com",0811 7515659,idn.pro@yahoo.com,www.idnpro.co,Terverifikasi Administratif,2020-05-04
tagar.id,Siber,Fetra Christianos Tumanggor,Fetra Christianos Tumanggor,PT Tagar Hexa Utama,DKI Jakarta,"Jalan Cawang Baru Utara Nomor 25, Cipinang Cempedak, Jatinegara, Jakarta Timur",021-22805631,fetratumanggor@gmail.com,www.tagar.id,Terverifikasi Administratif dan Faktual,2020-04-24
langgam.id,Siber,Hendra Makmur,Hendra Makmur,PT Langgam Media Siber,Sumatera Barat,"Komplek Cendana Andalas Jalan Beo  No 1 RT 02 RW 01, Kelurahan Andalas Kecamatan Padang Timur, Kota Padang, Sumatera Barat.",08116615010,langgamid@gmail.com,langgam.id,Terverifikasi Administratif dan Faktual,2020-04-20
,"Cetak
Radio
Televisi
Siber",,,,,,,,,,
klikinfokota.co.id,Siber,Morina Riau,Morina Riau,Azka Jaya Media,Kepulauan Riau,"Jl. Pompa Air No. 7 KM 2, Tanjungpinang",085945821793,redaksi.klikinfokota@gmail.com,klikinfokota.co.id,Terverifikasi Administratif,2020-04-20
SKU Sriwijaya ekspres,Cetak,Aan Sartana,Aan Sartana,PT. SRIWIJAYA EKSPRESS INDONESIA,Sumatera Selatan,Jl Sido Ing Kenayan Rt 16 Rw 6 Kel Karang Anyar Kec Gandus Palembang,0823-77933388,sriwijayaekspress@gmail.com,,Terverifikasi Administratif dan Faktual,2020-04-20
Brata Pos Media,Cetak,Zaibi susanto,Zaibi susanto,Brata Pos Media,Jawa Timur,Perum Benowo Trade Center Blok b No 26 Kecamatan Menganti Kabupaten Gresik,03199164103,redaksibratapos@gmail.com,bratapos.com,Terverifikasi Administratif,2020-04-14
mediakendari.com,Siber,La Ode Adnan Irham,La Ode Adnan Irham,PT. Mediatama Group,Sulawesi Tenggara,"Jl. Kakatua Nomor 66 Benu Benua, Kecamatan Kendari Barat, Kendari, Sulawesi Tenggara..
Wa. (+62) 821 9050 5583 – (+62) 0852 1300 0785
Penerbit : PT. KENDARI MEDIATAMA GROUP
Email : office@mediakendari.com",(0401) 3419819,office@mediakendari.com,https://mediakendari.com,Terverifikasi Administratif dan Faktual,2020-04-03
rubriksultra.com,Siber,Yos Hasrul,Yos Hasrul,PT Kumparan Sultra Alva Media,Sulawesi Tenggara,Jl. Perintis No.37 Kel. Katobengke Kec. Betoambari Baubau Sulawesi Tenggara,(0402) 2813303,redaksi.kumparansultra@gmail.com,www.rubriksultra.com,Terverifikasi Administratif dan Faktual,2020-04-03
Infoinhil.com,Siber,Uparlin TS. Maharadja,Uparlin TS. Maharadja,PT MEDIA GEMILANG INDRAGIRI,Riau,"HOTEL ARRAHMAN 2
Jl. Suntung Ardi (Malagas)",082388880008,infoinhil@gmail.com,www.infoinhil.com,Terverifikasi Administratif,2020-03-31
Jawa Pos Radar Banyuwangi,Cetak,Syaifuddin Mahmud,Syaifuddin Mahmud,Banyuwangi intermedia pers,Jawa Timur,"Jl. Brawijaya Nomor 77, RT 2/RW 3 , Kelurahan Kebalenan, Kecamatan  Banyuwangi",0333412224,beritaraba@gmail.com,radarbanyuwangi.jawapos.com,Terverifikasi Administratif dan Faktual,2020-03-31
Padangkita.com,Siber,Montosori,Montosori,PT. Padangkita Multimedia Pers,Sumatera Barat,"Jalan Alai Timur II No. 7 Padang, Sumatera Barat",+62751 8959363,redaksi@padangkita.com,www.padangkita.com,Terverifikasi Administratif dan Faktual,2020-03-31
HARIAN UMUM KORAN PADANG,Cetak,YUNAIDI JARAT,YUNAIDI JARAT,PT SURAT KABAR HARIAN UMUM KORAN PADANG,Sumatera Barat,"Jl. Delima No.10 Kelurahan Ujung Gurun, Kecamatan Padang Barat, Provinsi Sumatera Barat.",07518951431,hariankoranpadang@gmail.com,koranpadang.com,Terverifikasi Administratif dan Faktual,2020-03-31
harianhaluan.com,Siber,Zul Effendi,Zul Effendi,HALUAN CYBER MEDIA,Sumatera Barat,"KOMPLEK BANDARA TABING LANUD, PARUPUK TABING, KOTO TANGAH",0751 4488702,haluancybermedia@gmail.com,www.harianhaluan.com,Terverifikasi Administratif dan Faktual,2020-03-31
,"Cetak
Radio
Televisi
Siber",,,,,,,,,,
Bidik Nasional,Cetak,Edy Sutanto,Edy Sutanto,Bidik Nasional Pers,Jawa Timur,"Jl Ikan Lele 2 Blok Ci- No 14, RT 07/RW 11, Perum Bluru Permai, Kel Bluru Kidul, Kec Kota Sidoarjo, Kab Sidoarjo, Jatim Kode Pos 61233",031-99728729/08123209649,bidiknasional2@gmail.com,https://bidiknasional.com,Terverifikasi Administratif,2020-03-31
bidiknasional.com,Siber,Edy Sutanto,Edy Sutanto,PT Bidik Nasional Pers,Jawa Timur,"Kantor Operasional: Jl Tunjungan 86-88 Lt - 1 No 28 , Kelurahan Genteng, Kec Genteng , Kota Surabaya Kode Pos 60275Kantor Pusat: Jl Ikan Lele 2 Blok Ci-No 14, Perum Bluru Permai, Kelurahan Bluru Kidul, Kec Kota Sidoarjo, Kab Sidoarjo, Jatim Kode Pos 61233",031-99728729/08123209649,bidiknasional1@gmail.com,https://bidiknasional.com,Terverifikasi Administratif,2020-03-31
makassar.terkini.id,Siber,,,PT,Sulawesi Selatan,"Jalan Mappaodang No.8, Makassar 90241",0411 -8112525,info@makassarterkini.com,www.makassar.terkini.id/,Terverifikasi Administrasi dan Faktual,2020-03-30
Tabloid Bisnis Sulawesi,Cetak,"I Ketut Bali Putra Ariawan, ST","I Ketut Bali Putra Ariawan, ST",Bisnis Sulawesi Pos,Sulawesi Selatan,Perum Akasia Blok C2/22,0811 4448 220,info@bisnissulawesi.com,http://bisnissulawesi.com/,Terverifikasi Administratif,2020-03-18
lontar.id,Siber,Rahmat Hardiansya,Rahmat Hardiansya,Lontar Media Nusantara,DKI Jakarta,"Jalan Sawo IV, Nomor 28, Kelurahan Manggarai Selatan, Kecamatan Tebet",02122901880,redaksi@lontar.id/lontarid@gmail.com,lontar.id,Terverifikasi Administratif,2020-03-18
Radar Bromo,Cetak,Muhammad Fahmi,Muhammad Fahmi,PT. Probolinggo Intermedia Pers,Jawa Timur,"Jl. Soekarno Hatta No. 98 RT. 009 RW. 002 Kelurahan Pilang, Kecamatan Kademangan, Kota Probolinggo",0335429555,jawapos.radarbromo@gmail.com,www.radarbromo.co.id dan www.radarbromo.jawapos.com,Terverifikasi Administratif dan Faktual,2020-03-13
iNews.id,Siber,Masirom,Masirom,pt,DKI Jakarta,Jl. Kebon Sirih No. 17-19 Jakarta Pusat 10340 Indonesia.,021 - 23567600,nasional.inews@gmail.com,iNews.id,Terverifikasi Administrasi dan Faktual,2020-03-13
suryakepri.com,Siber,B Richard H Nainggolan,B Richard H Nainggolan,PT. SURYA KEPRI INTERMEDIA,Kepulauan Riau,"KOMPLEK RUKO TRI NUSA JAYA BLOK A NO.1 BATAM CENTER, KEPULAUAN RIAU",0778-4162688,redaksi@suryakepri.com,suryakepri.com,Terverifikasi Administratif,2020-03-12
Pelita Sriwijaya,Cetak,"Deby Arianto, SH","Debi Arianto, SH",pers rakyat sriwijaya,Sumatera Selatan,"Perumahan Jatimas Jl. Masjid Blok A No. 2 RT. 12 RW 03 Kel. Talang Jambe, Sukarami Kota Palembang",0852-68429749,koranpelitasriwijaya@gmail.com,,Terverifikasi Administratif,2020-03-12
thejambitimes.com,Siber,FAJAR KURNIAWAN,FAJAR KURNIAWAN,PT.PUSAT PENERANGAN TERKINI,Jambi,JALAN PENERANGAN PERUM PANORAMA SAKURA ASRI BLOK T NO.52 KELURAHAN KENALI BESAR KECAMATAN ALAM BARAJO KOTA JAMBI,0741-3051165,jambitimes@yahoo.co.id,www.thejambitimes.com,Terverifikasi Administratif,2020-03-12
,"Cetak
Radio
Televisi
Siber",,,,,,,,,,
Anantanews.com,Siber,Benny Benardie,Benny Benardie,Dwi Sanga Guna,Bengkulu,Jl. RE Marta dinata Perum telaga dewa asri Block F RT 03 RW 01,081368272411,anantanews.com@gmail.com,https://www.anantanews.com/,Terverifikasi Administratif,2020-03-12
Majalah kirana,Cetak,TEGUH LULUS RAHMADI,TEGUH LULUS RAHMADI,PT. CAHAYA AURA KASIH,Jawa Timur,Jl.Taman Apsari 15 - 17 Lt.II Surabaya,031 - 5320973,kiranapress@gmail.com,kirananet.com,Terverifikasi Administratif,2020-03-11
www.bangunpiaman.com,Siber,Ikhlas Bakri,Ikhlas Bakri,PT.Bangun Piaman Mediatama,Sumatera Barat,"Jln.Koto Mambang-Tandikat, Km 01, Korong Kampuang Tangah  Nagari Kampuang Tanjuang Koto Mambang Sungai Durian Kecamatan Patamuan Kabupaten Padang Pariaman",085274059081,gandoriah2016@gmail.com,www.bangunpiaman.com,Terverifikasi Administratif,2020-03-06
suaralira.com,Siber,Alzamret Malik,Alzamret Malik,Enovo Ekia Afifarria,Riau,"Jl. Tuanku Tambusai Blok CNN No.11B, Payung Sekaki Kota Pekanbaru - Riau",0811752209,suaralira@gmail.com,www.suaralira.com,Terverifikasi Administratif,2020-03-06
Majalah Warta Rakyat,Cetak,Dewi Hartatik,Dewi Hartatik,Warta Multi Media,Kepulauan Riau,"Jl. WR. Supratman, Ruko Graha Indonusa Permai Blok C No. 18",081364112133 / 08127078560,pt.wartamultimedia@yahoo.com,www.wartarakyat.co.id,Terverifikasi Administratif,2020-03-06
Koran Indo Merdeka,Cetak,Firwanto M Isa,"Firwanto M Isa, S.Hum",Kita Media Berdikari,Sumatera Selatan,Jalan Pertanian No 75 Rt 029 Rw 05 Kel. Talang Jambe Kec.Sukarami Palembang,081373753973,kitamediaberdikari@gmail.com,indomerdeka.com,Terverifikasi Administratif,2020-03-06
rakyatsatu.com,Siber,Ichsan Mahmud,Ichsan Mahmud,Lintas Media Sakti,Sulawesi Selatan,Jalan Pemuda No 122 Watansoppeng,082228281616,rakyatsatu.com@gmail.com,https://www.rakyatsatu.com/,Terverifikasi Administratif,2020-03-04
LamanQu,Siber,Erni Novianti,Erni Novianti,Digital Media Sriwijaya,Sumatera Selatan,"Jl. Sukabangun II No. 22 RT. 043 RW. 002 Kelurahan Sukajaya, Kecamatan Sukarami, Kota Palembang Sumatera Selatan",082162301688,vava.alvaro@gmail.com,www.lamanqu.id,Terverifikasi Administratif,2020-03-04
Harian Reaksi Nasional,Cetak,Abdul M Hartawan,Abdul M Hartawan,Ryandara Mandiri Perkasa,Jawa Barat,"Jl. Raya Perjuangan No. 9 Bekasi Utara, Kota Bekasi",(021) 88970240,reaksinasional015@yahoo.com,reaksinasional.com,Terverifikasi Administratif,2020-03-04
Fokus Metro Sulbar,Cetak,Samsuddin,Samsuddin,PT Fokus Metro Sulawesi Barat,Sulawesi Barat,"BTN Permatasari Blok G/6, Kelurahan Tande Timur, Kecamatan Banggae Timur, Kabupaten Majene, Sulawesi Barat",0422-2420313/ 081241645344,fokusm@yahoo.com,fokusmetrosulbar.com,Terverifikasi Administratif,2020-03-04
,"Cetak
Radio
Televisi
Siber",,,,,,,,,,
beritaminang.com,Siber,Replianto,Replianto,Berita Minang Media Sumbar,Sumatera Barat,"Komp. Kuala Nyiur II Blok J No. 9 Kel. Pasie Nan Tigo, Kec. Koto Tangah Kota Padang Sumatera Barat-25171",081270620751,minangberita@gmail.com,www.beritaminang.com,Terverifikasi Administratif,2020-03-04
jurnas.com,Siber,Rusman,Rusman,pt,DKI Jakarta,"Lantai 38, BF-B1, Apartemen The Mansion, Kemayoran, Jakarta Pusat",(021) 29475271,redaksi@jurnas.com,www.jurnas.com,Terverifikasi Administrasi,2020-03-03
Prokalteng.co,Siber,"Indar, ST","Indar, ST",Kalteng Cakrawala Media,Kalimantan Tengah,"Jalan pramuka. kelurahan: menteng, kecamatan: jekan raya, kota palangka raya, provinsi kalimantan tengah. kode pos: 74874.",+62 852-5285-2006,kaltengposdotco@gmail.com,https://prokalteng.co,Terverifikasi Administratif dan Faktual,2020-03-02
Jawa Pos Radar Solo,Cetak,Nur Wahid,Kabun Triyanto,Surakarta Intermedia Pers,Jawa Tengah,"Jalan Kebangkitan Nasional Nomor  37 RT. 004 RW. 004 Sriwedari, Laweyan, Surakarta",02717653106,redaksi.radarsolo@gmail.com,"https://radarsolo.jawapos.com/ , www.radarsolo.id",Terverifikasi Administratif dan Faktual,2020-03-02
Pantauriau.com,Siber,Yon Rizal Solihin,Yon Rizal Solihin,PT. PANTAU MEDIYA JAYA,Riau,"Jalan Sudirman Gg Kuini No 4 RT 08 Kelurahan Bintan Kecamatan Dumai Kota,",08126838909,pantau.riau@gmail.com,pantauriau.com,Terverifikasi Administratif,2020-02-26
Rakjat.com,Siber,Rahmad Ramadhan,Rahmad Ramadhan,Media Bersama Rakjat,Bengkulu,Jalan Kebun Veteran Rt 17 Rw 02 No 29 Keluarahan Nusa Indah Kecamatan Ratu Agung Kota Bengkulu,082371693320,rakjatcom@gmail.com,https://www.rakjat.com/,Terverifikasi Administratif,2020-02-26
jambi-independent.co.id,Siber,Rian Muiz,Risza S Bassar,pt,Jambi,"Graha Pena Jambi, Jl. Soedirman No.100, Thehok",0741 23330,jambikoran@gmail.com,www.jambiindependent.co.id,Terverifikasi Administrasi dan Faktual,2020-02-26
wartaniaga.com,Siber,"Didin Ariyadi, SE","Didin Ariyadi, SE",PT. Wartaniaga Media Cakrawala,Kalimantan Selatan,"Jl. Sultan Adam Rt. 31 No. 03 Ruko Lt. 2 (Samping Komplek Madani I)
Kelurahan Surgi Mufti Kec. Banjarmasin Utara 70122",0823-5249-1772,redaksi@wartaniaga.com,wartaniaga.com,Terverifikasi Administratif dan Faktual,2020-02-22
metrokalimantan.com,Siber,Suratman,Suratman,PT. Maju Bersama Media,Kalimantan Selatan,"Jl. Padat Karya, Komp Perdana Mandiri, Blok G/V Rt 20, N0 103, Banjarmasin, Kalimantan Selatan",0852 4895 4217,redmetrokal@gmail.com,metrokalimantan.com,Terverifikasi Administratif dan Faktual,2020-02-22
Seputar Kota,Cetak,"Yusni Hardi,S.Pd","Yusni Hardi,S.Pd",Sinar Banua Kita,Kalimantan Selatan,Jln. Sungai Andai Komp.PWI No 8 RT 30 Kel.Sungai Andai,082199865568,jemmyhuzain@gmail.com,https://seputar-kota.com/,Terverifikasi Administratif,2020-02-14
,"Cetak
Radio
Televisi
Siber",,,,,,,,,,
bakabar.com,Siber,Milhan Rusli,Milhan Rusli,Media Digital Gemilang,Kalimantan Selatan,"Jalan Mayjend Sutoyo S No.29 RT 08 RW 01Kelurahan Teluk Dalam, Kecamatan Banjarmasin Tengah, Banjarmasin-70117",0511-4244701,miaapahabar@gmail.com,www.bakabar.com,Terverifikasi Administratif dan Faktual,2020-02-10
ewarta.co,Siber,Edwin Syahputra,Edwin Syahputra,pt,Bengkulu,Jl Merawan 7 Blok A No. 19 Sawah Lebar Kota Bengkulu,"No. Telp dan WA, 085366947777",ewartahoki2020@gmail.com,www.ewarta.co,Terverifikasi Administrasi,2020-02-10
MAJALAH SPEKTROEM,Cetak,"BAYU WIJAYANTO, S.Sos","BAYU WIJAYANTO, S.Sos",SPEKTROEM MEDIA MANDIRI,Jawa Timur,JL. PANJAITAN NO. 18 DESA JURUREJO KEC. NGAWI KAB. NGAWI JAWA TIMUR,085815973480,mpspektroem13@gmail.com,www.spektroem.com,Terverifikasi Administratif,2020-02-05
The Mimbar Melayu Tbk,Cetak,Muradi,Muradi,Mimbar Melayu TBK,Riau,"Jalan Palapa No.03 RT 03, RW 05 Labuh Baru Timur, Pekanbaru",081282584524,Tabloidmimbarmelayu@gmail.com,-,Terverifikasi Administratif,2020-02-05
Radar Kediri,Cetak,MOCH. SUBCHI N,MAHFUD,PT KEDIRI INTERMEDIA PERS,Jawa Timur,"Jl. Raya Gampeng 45, Gampengrejo Kab. Kediri",0354-681320,mahfudsuper@gmail.com,"radarkediri.jawapos.com, radarkediri.id",Terverifikasi Administratif dan Faktual,2020-02-05
potretkepri.com,Siber,Amran Sihombing,Amran Sihombing,Andales Potret Media,Kepulauan Riau,"Ruko Tiban Poin,Blok B2 nomor 2",085274612212,potretkepri@yahoo.co.id,https://www.potretkepri.com,Terverifikasi Administratif,2020-02-05
globalplanet.news,Siber,ARDHI FITRIANSYAH,Achmad Taufiq Akbar,PT GLOBAL PLANET MEDIA,Sumatera Selatan,Jalan Brigdjen Hasan Kasim Komplek Jaya Raya Garden Blok.C09  Kota Palembang,081369037070,redaksi.globalplanet@gmail.com,http://globalplanet.news/,Terverifikasi Administratif,2020-02-04
suluhriau.com,Siber,Hendri Z,Hendri Z,Suluh Media Utama,Riau,"Jl.Putri Tujuh, Komp. Perum P. Tujuh Blok HH No 20, Panam, Pekanbaru 28294","(0761) 3048945, 085263732059",khairullah.rm@gmail.com,www.suluhriau.com,Terverifikasi Administratif,2020-02-04
kejoranews.com,Siber,Hendro Riswono,Hendro Riswono,Kejora Nusantara Sejahtera,Kepulauan Riau,"Jln. Teuku Umar No. 33 Lubuk Baja, Batam",081534341571,redaksikejoranews@gmail.com,kejoranews.com,Terverifikasi Administratif,2020-02-04
gardaberita.com,Siber,Eka Satria,Eka Satria,Dhianti Magantra Media,Riau,Jalan Buatan-Siak Rt.17 Rw.03. Kel.Sungai Mempura.Kec.Mempura.Kab.Siak. Prov.Riau,08127656550,redaksi.gardaberita19@gmail.com,https://gardaberita.com,Terverifikasi Administratif,2020-02-04
,"Cetak
Radio
Televisi
Siber",,,,,,,,,,
Klikkalsel.com,Siber,Zainal Helmie,Zainal Helmie,PT. Media Lala Utama,Kalimantan Selatan,"Jl. Padat Karya, Blok Kenanga No. 17 RT. 13 RW. 01, Sungai Andai, Banjarmasin Utara, Kota Banjarmasin",082255921575,redaksiklikkalsel@gmail.com,www.klikkalsel.com,Terverifikasi Administratif dan Faktual,2020-02-04
Redaksisulut.com,Siber,"Merson Simbolon, SE.,M.Si","Merson Simbolon, SE.,M.Si",PT.MEDIA REDAKSI SULUT,Sulawesi Utara,"Jln.ArieLasut, Kelurahan Ternate Baru Lingk.IVKec.Singkil Kota Manado-Sulut",Tlp. 0431 - 7192646 / Hp. 0821,halim.redaksisulut@gmail.com,http://www.redaksisulut.com,Terverifikasi Administratif,2020-01-31
INTINEWS.CO.ID,Siber,partogi,Partogi Angkola P,PT. INTI MEDIA WICAKSANA,Kepulauan Riau,"Jalan Nila, No.9A, RT/RW.02/12, Kel.Tanjungpinang Barat, Kec. Tanjungpinang Barat, Batu Hitam, Kota Tanjungpinang - Provinsi Kepri. Kode Pos. 29113",081919816633,intimediawicaksana@gmail.com,www.intinews.co.id,Terverifikasi Administratif,2020-01-31
kesatu.co,Siber,Andy Rusnandy,Andy Rusnandy,PT Zebe Multi Media,Jawa Barat,"Jalan Terusan Kapten Halim No. 149 A, Kelurahan Nagri Kidul, Kecamatan Purwakarta, Kabupaten Purwakarta
Kode Pos 41111",(0264) 8394743 Ext. 104,kesatuco@gmail.com,www.kesatu.co,Terverifikasi Administratif dan Faktual,2020-01-28
KabarJombang.com,Siber,Adi Susanto,Adi Susanto,Susanto Bersaudara Intermedia Pers,Jawa Timur,"Jl. Halmahera no.99, Plandi",03218495641,redaksi@kabarjombang.com,https://kabarjombang.com,Terverifikasi Administratif,2020-01-28
inikalteng.com,Siber,M. Zainal,M. Zainal,Inikalimantan Media Raya,Kalimantan Tengah,Jl. G. Obos XIV Gg. Biru Blok A No.14 RT.015/RW.006 Kel. Menteng Kec. Jekan Raya,085332723454,redaksiinikalteng@gmail.com,www.inikalteng.com,Terverifikasi Administratif,2020-01-28
Panji Kepri,Cetak,,,PT,Kepulauan Riau,Komplek Pertokoan Glory View II Blok C No. 10 Batam,0778-467627,panjikepri@yahoo.com,,Terverifikasi Administrasi dan Faktual,2020-01-28
marwahkepri.com,Siber,,,PT,Kepulauan Riau,Komplek Glory View II Blok C No. 10 Batam Center,0778-467627,marwahkepri@yahoo.com,marwahkepri.com,Terverifikasi Administrasi dan Faktual,2020-01-28
fokuskepri.com,Siber,APON HADIWIJAYA,APON HADIWIJAYA,GITA SIBER KEPRI MANDIRI,Kepulauan Riau,"Komplek Mega Legenda 2 blok D2 No. 30, Kel. Baloi Permai, Kec. Batam Kota, Kota Batam, Kepulauan Riau.",081372111054,redaksifokuskepri516@gmail.com,www.fokuskepri.com,Terverifikasi Administratif,2020-01-24
Lendoot.com,Siber,Rusdianto,Rusdianto,Global Intimedia Perkasa,Kepulauan Riau,Komplek Balai City Garden Blok E-7 Nomor 1 RT 002/RW 001 Kelurahan Kapling Kecamatan Tebing Kabupaten Karimun Provinsi Kepri 29661 Hanphone 0813-7250-7409 Telepon 0777-7333164 Email admin@lendoot.com,0812-6184-7978,lendotkarimun@gmail.com,www.lendoot.com,Terverifikasi Administratif,2020-01-23
,"Cetak
Radio
Televisi
Siber",,,,,,,,,,
indolinear.com,Siber,Rukman,"Saut Raja Pasaribu, BA",PT Hedora Regenindo Media,Banten,Jalan Raya Ciater-BSD RT 002 / 003 No.1A Kelurahan Rawa Mekar Kecamatan Serpong,(021) 7565071,kinghendroarifin@gmail.com,https://indolinear.com,Terverifikasi Administratif dan Faktual,2019-12-26
BARITO POST,Cetak,"H. GUNTUR PRAWIRA, SE",ANANG FADILAH,WAHANA KARYA MEDIA,Kalimantan Selatan,JALAN SIMPANG TELAWANG NO. 11 A KELURAHAN KERTAK BARU ILIR KECAMATAN BANJARMASIN TENGAH KOTA BANJARMASIN PROVINSI KALIMANTAN SELATAN 70231,"0811-515 3646, 0511-674 0570",baritopost@yahoo.com,baritopost.co.id,Terverifikasi Administratif dan Faktual,2019-12-26
Tribun Lampung,Cetak,DUANTO ASTO SUDRAJAT,DUANTO ASTO SUDRAJAT,Lampung Media Grafika,Lampung,Jln. Zainal Abidin Pagaralam No. 83 Gedongmeneng Rajabasa Bandar Lampung,704777,finance.tribunlampung@gmail.com,Tribunlampung.co.id,Terverifikasi Administratif dan Faktual,2019-12-26
Tribunlampung.co.id,Siber,DUANTO ASTO SUDRAJAT,DUANTO ASTO SUDRAJAT,Lampung Media Grafika,Lampung,Jln. Zainal Abidin Pagaralam No. 83 Gedongmeneng Rajabasa Bandar Lampung 35145,704777,lampungfinance2@gmail.com,Tribunlampung.co.id,Terverifikasi Administratif dan Faktual,2019-12-26
Duta TV,Televisi,"DR. H. Syaifudin, SH, MH","Drs. Fathurrahman, M.Med, Kom",PT. Duta Televisi Indonesia,Kalimantan Selatan,"Komplek Semanda 1 No. 29, RT.20, Jl. Pramuka, Sungai Lulut, Kec. Banjarmasin Tim., Kota Banjarmasin, Kalimantan Selatan 70238",(0511) 3256520,duta.televisi@gmail.com,https://dutatv.com/,Terverifikasi Administratif dan Faktual,2019-12-19
Suara Mandiri Pos,Cetak,Mawardi,Mawardi,PT SUARA MANDIRI PERSADA,Kepulauan Riau,Jln Taman Raya Square Blok E2 Kompllek Pertokoan Taras Mall No.9 Batam Kota,0778-4171036,rakyatmediapers@gmail.com,www.suaramandiripos.id,Terverifikasi Administratif,2019-12-19
zonasultra.com,Siber,Sudirman Duhari,Sudirman Duhari,Citra Media Abadi,Sulawesi Tenggara,"BTN Permata Anawai Blok A2 Nomor 2, Anawai, Wuawua",082196610311,redaksizonasultra@gmail.com,www.zonasultra.com,Terverifikasi Administratif,2019-12-19
rasio.co,Siber,Dahri Maulana,Dahri Maulana,Laksana Rasio Media Inovasi,Kepulauan Riau,"Town House Cluster Puri Melati Blok A no 2b, Batam Center.",081276119850,pariadi_adi@yahoo.co.id,rasio.co,Terverifikasi Administratif dan Faktual,2019-12-18
pesisirnews.com,Siber,Zamri Nurman,Kavilah Somarito,PT PESISIR INTI MEDIA,Riau,Jln M Boya Lrg Krakatau No 15 Tembilahan,082385174000,pesisirnews@yahoo.com,pesisirnews.com,Terverifikasi Administratif,2019-12-18
barakata.id,Siber,Yuri Bahasa Trisna,Yuri Bahasa Trisna,PT Barakata Bintang Media,Kepulauan Riau,"Komp. Bukit Surya Indah (BSI) Residence Blok B2/12, Kelurahan Belian, Kecamatan Batam Kota, Kota Batam",08117036661,barakatakita@gmail.com,barakata.id,Terverifikasi Administratif dan Faktual,2019-12-18
,"Cetak
Radio
Televisi
Siber",,,,,,,,,,
dayaknews.com,Siber,Drs.Barthel B Usin,Drs.Barthel B Usin,PT. Dayak Pos Karya Mandiri,Kalimantan Tengah,Jalan Sisingamangaraja IV No.03 Palangka Raya Kalimantan Tengah (Kalteng),Telp. 0536-23440 hp. 0813 5286,dayak.news@yahoo.com,https://dayaknews.com,Terverifikasi Administratif dan Faktual,2019-12-18
sindonews.com,Siber,Purwanto,Purwanto,Sindonews Portal Indonesia,DKI Jakarta,"Gedung Inews Center Lt.12, MNC Center Complex, Jl. Kebon Sirih N0.17-19, Kebon Sirih, Menteng, Jakarta Pusat, 10340",0213924706,redaksi.sindonews@mncgroup.com,sindonews.com,Terverifikasi Administratif dan Faktual,2019-12-18
Lentera Swara Lampung,Cetak,Ilwadi Perkasa,Ilwadi Perkasa,Lentera Timur Abadi,Lampung,"Jl. Untung Suropati, Gg. Famili 1, Perumahan Gita Green Estate No. 5, Labuhan Ratu Raya, Bandarlampung",082175851999,bintanghendri3@gmail.com,www.lenteraswaralampung.com,Terverifikasi Administratif,2019-12-12
Nusaperdana.com,Siber,EFENDI AQIL,EFENDI AQIL,PT Nusa Perdana Global Media,Riau,"Jalan Suntung Ardi No. 89, Tembilahan Kota, Tembilahan, Indragiri Hilir, Riau, Indonesia",082283104206,dexpratama@gmail.com,Nusaperdana.com,Terverifikasi Administratif,2019-12-12
Jurnalbengkulu.com,Siber,Rahmad Ramadhan,Rahmad Ramadhan,Jurnal Bengkulu Online,Bengkulu,"Jl. Ogan Nomor 53  RT. 007 RW. 002, Kelurahan Padang Harapan, Kecamatan Gading Cempaka",082282577700,jurnalbengkulu9@gmail.com,www.jurnalbengkulu.com,Terverifikasi Administratif,2019-12-12
Liputan Kepri News,Cetak,Amran Chan,Amran Chan,Lakano Sukse Mandiri,Kepulauan Riau,Pasar Tiban Selatan Blok S4 No. 7-8 RT.006 RW.007 Kel. Tiban Baru Kec. Sekupang Kota Batam,081267804041,lkn_liputankeprinews@yahoo.com,lkn_liputankepeinews@yahoo.com,Terverifikasi Administratif,2019-12-12
Berita Pagi,Cetak,,,PT,Sumatera Selatan,"Jl. Talang Kerangga No. 33, Palembang","(0711) 372188,",huberitapagi@gmail.com,www.beritapagi.co.id,Terverifikasi Administrasi dan Faktual,2019-12-12
kaganga.com,Siber,Riki Okta Putra,Polyn Rudy FS,PT. KAGANGA CITRA LESTARI,Sumatera Selatan,"Jl. Dwikora II No. 1250 Rt. 010, Rw. 004 Kec. Ilir Barat I Palembang",0711-315616 / 081273257822,redaksi@kaganga.com,kaganga.com / kaganganews@gmail.com,Terverifikasi Administratif dan Faktual,2019-12-09
Tuntasonline.id,Siber,Repi Putra,Repi Putra,Media Tuntas Online,Bengkulu,Jl kapuas 1 no d-12 kelurahan padang harapan kecamatan gading cempaka,082371693320,mediatuntasonline@gmail.com,https://www.tuntasonline.id/,Terverifikasi Administratif,2019-12-05
www.smnnews.co.id,Siber,Kanti Wiyoto,Kundari Pri Susanti,Media Digital Nasional,Jawa Timur,JL.Durian (Ruko PG Pesantren) Pesantren - Kota Kediri,(0354) 4526358,harianonlinesmn@gmail.com,www.smnnews.co.id,Terverifikasi Administratif dan Faktual,2019-12-03
,"Cetak
Radio
Televisi
Siber",,,,,,,,,,
realitarakyat.com,Siber,Erwin Syahputra Siregar,Wisnu Yusep,PT Realita Alfra Malelo,Jawa Barat,"Jln Jakarta Barat 2 Blok C 3 , Perumahan Bekasi Jaya Indah (BJI) Mekar Sari. Kota Bekasi 

https://www.google.com/search?q=alamat+realitarakyat.com&ie=utf-8&oe=utf-8&client=firefox-b",(021) 8805872 / 081907431839,realitarakyat@gmail.com,www.realitarakyat.com,Terverifikasi Administratif,2019-12-03
Silampari Televisi,Televisi,Endang Kusmadi,Endang Kusmadi,Arrisma Linggau Televisi Media,Sumatera Selatan,"Graha Pena Linggau Pos Jalan Yos Sudarso, No.4 RT.01 Kelurahan Watervang, Kecamatan Lubuklinggau Timur I",07333281322,siltv.llg@gmail.com,http://silamparitv.co.id/siltv/,Terverifikasi Administratif,2019-12-02
sriwijayamedia.com,Siber,Darfian Mahar Jaya Suprana,Darfian Mahar Jaya Suprana,PT Sultana Jaya Media,Sumatera Selatan,"Komplek Maskarebet B 25 No 5 Jalan Bunga Mayang RT 03 RW 01 Kelurahan Talang Kelapa, Kecamatan Alang-Alang Lebar Kota Palembang, Sumsel",081367978595,maharsindo@gmail.com,sriwijayamedia.com,Terverifikasi Administratif,2019-12-02
beritabatam.co,Siber,Benny Sikumbang,Ismail,Media Batam Atafuang,Kepulauan Riau,"Redaksi :
Ruko Greend Land Blok P No 10 Batam Centre
email : beritabatamco@gmail.com",telp (0778) 7490929,beritabatamco@gmail.com,beritabatam.co,Terverifikasi Administratif,2019-12-02
Koran Linear,Cetak,Sihara Pardede,Sihara Pardede,PT Linear Media Utama,Banten,Jalan Ciater Raya No 1 E RT 002 Rw 003 Kelurahan Rawa Mekar Jaya Kecamatan Serpong  Email: koranlinear@gmail.com,(021) 75682602,koranlinear@gmail.com,koranlinear@gmail.com,Terverifikasi Administratif dan Faktual,2019-12-02
cakrawalatoday.com,Siber,Abbas Abdurrahman,Abbas Abdurrahman,CAKRAWALA DUTA PERKASA,Riau,"Jalan Kampar No. 71, Sungai Rhu, Pekan Baru, Riau",0811 7516767,cakrawaladutaperkasa@gmail.com,www.cakrawalatoday.com,Terverifikasi Administratif,2019-12-02
suarariau.co,Siber,Elpi Alkhairi,Elpi Alkhairi,Riau Tetra Media,Riau,"Jalan Hang Nadim No. 18, Sail, Pekanbaru, Riau - Indonesia",081991237419,suarariau.official@gmail.com,www.suarariau.co,Terverifikasi Administratif,2019-12-02
berandang.com,Siber,Evan Trijasa,Evan Trijasa,pt,Bengkulu,Jl. Mahoni Perum Pondok Kharisma Blok J.23 RT. 20 Kelurahan Bumi Ayu Kecamatan Selebar Kota Bengkulu,(0736) 5513087,evantrijasa13@gmail.com,www.berandang.com,Terverifikasi Administrasi,2019-12-02
koran kabar bengkulu,Cetak,NUR HIDAYATI. M,Alwin Feraro,pt,Bengkulu,jl.danau dendam RT1 kelurahan surabaya kota bengkulu,+6285382830605,kabarbengkulu10@gmail.com,,Terverifikasi Administrasi,2019-12-02
BantenHits.com,Siber,Djunaedi Tjunti Agus,Darussalam,PT Jagad Media Investama,Banten,"Apartemen Modernland,  Tower Kuning, Blok YC-01-CB/YC-GF-02,  Kota Tangerang",021-5544218,redbantenhits01@gmail.com,www.bantenhits.com,Terverifikasi Administratif,2019-11-30
,"Cetak
Radio
Televisi
Siber",,,,,,,,,,
Sumsel Pers,Cetak,Kawar Dante,Kawar Dante,Anugrah Sumsel Pers,Sumatera Selatan,Jalan Enim Blok P.5a Kel. Demang Lebar Daun Kec. IB1 Palembang,08117870039,sumselpers@gmail.com,www.sumselpers.id,Terverifikasi Administratif dan Faktual,2019-11-30
SKU Real News,Cetak,M. ANWAR SY RASUAN,M. ROFEI HUSIN,CAHAYA DINAR UTAMA,Sumatera Selatan,"JALAN WIRAJAYA II, NOMOR.895 A, RT.03, RW.04, KELURAHAN SIRING AGUNG, KECAMATAN ILIR BARAT I, KOTA PALEMBANG, PROVINSI SUMATERA SELATAN",081271114544,cahayadinarutama@gmail.com,-,Terverifikasi Administratif dan Faktual,2019-11-30
Swarnanews.co.id,Siber,Sarono Putro Sasmito,Sarono Putro Sasmito,Swarna Dwipa Harapan,Sumatera Selatan,Jl. Raden Fatah No.004 Rt. 041 Rw. 00 Kelurahan 30 Ilir Kecamatan ilir Barat II Palembang,07117443978,swarnanews1@gmail.com,www.swarnanews.co.id,Terverifikasi Administratif dan Faktual,2019-11-29
Media Sriwijaya,Cetak,Kurnati abdullah,Kurnati abdullah,Media Sriwijaya Anugerah,Sumatera Selatan,"Jl. Jend Sudirman KM. 3,5 Lr. Simanjuntak No. 1281, Pahlawan, Kemuning, Kota Palembang, Sumatera Selatan 30126",08127322495,contact.mediasriwijaya@gmail.com,www.mediasriwijaya.com,Terverifikasi Administratif dan Faktual,2019-11-29
Pelitasumsel.com,Siber,Wawan Hasbuan,Firwanto M Isa,Pelita Media Sumsel,Sumatera Selatan,Kantor: Jalan  Angkatan 45 No 2131 B Kel.Lorok Pakjo Kec.Ilir Barat I Palembang  Telp: 081373753973,081373753973,pelitasumselnews@gmail.com,Www.pelitasumsel.com,Terverifikasi Administratif dan Faktual,2019-11-29
GoSumsel.com,Siber,FIRWANTO M.ISA,FIRWANTO M.ISA,Sumsel Brother Nusantara,Sumatera Selatan,"Komp. Perum Griya Srimulya Blok D.15 RT 024 RW 004 Srimulya, Kecamatan Sematang Borang Palembang",081278286841,redaksigosumsel@gmail.com,www.gosumsel.com,Terverifikasi Administratif dan Faktual,2019-11-29
Tatiye.id,Siber,Moh. Syakir Alting,Moh. Syakir Alting,PT TATIYE MEDIATAMA NUSANTARA,Gorontalo,"Jl. Aloei Saboe, Desa Teratai, Kec. Marisa Utara, Kab. Pohuwato, Prov. Gorontalo",04432214651,tatiyemediatama@gmail.com,www.tatiye.id,Terverifikasi Administratif dan Faktual,2019-11-29
intens.news,Siber,Muhammad Uzair,Muhammad Uzair,PT Multimedia Buana Sriwijaya Nusantara,Sumatera Selatan,"Jalan Tegal Binangun RT. 28 Ruko 1, 2, dan 3 Kelurahan Jakabaring Banyuasin","(0711) 5541300, 5541301",intens.redaksi@gmail.com,www.intens.news,Terverifikasi Administratif dan Faktual,2019-11-29
read.id,Siber,IRWANTO ACHMAD,IRWANTO ACHMAD,Bumi Aksara Pratama,Gorontalo,"Jalan Nani Wartabone no 140. Kelurahan Biawao Kecamatan Kota Selatan Kota Gorontalo, 96134.",08114348901,readindonesiaku@gmail.com,https://read.id,Terverifikasi Administratif dan Faktual,2019-11-29
SKH Seputar Malut,Cetak,Farizal Magrib,Farizal Magrib,Seputar Malut Raya,Maluku Utara,"Jln. Kalibobo, RT 06 / RW 03 Kelurahan Ngade -  Kota Ternate - Maluku Utara",0921 - 6202185 / 0813-4213-077,seputarmalut.daerah@gmail.com,,Terverifikasi Administratif,2019-11-29
,"Cetak
Radio
Televisi
Siber",,,,,,,,,,
narasi.tv,Siber,Z. Rachmat Sugito,Z. Rachmat Sugito,narasi media pracaya,DKI Jakarta,"intiland building, jalan jenderal sudirman kav 32 lantai 20, karet tengsin, tanah abang",021-57939176,narasimediapracaya@gmail.com,www.narasi.tv,Terverifikasi Administratif dan Faktual,2019-11-28
katakepri.com,Siber,"ADE PUTRA HARAHAP, S.IP","Selamat Sebastian, S.I.Kom",KATA KEPRI KARYA MEDIA,Kepulauan Riau,"PERUM GRIYA SURYA INDAH, KEC. TANJUNGPINANG TIMUR, KOTA TANJUNGPINANG -PROVINSI KEPRI",082169304717,Redaksikatakepri@gmail.com,katakepri.com,Terverifikasi Administratif dan Faktual,2019-11-28
Radar Depok,Cetak,Iqbal Muhammad,Muhammad Agung HR,Depok Ekspres Media,Jawa Barat,Ruko Verbena Grand Depok CityJl. Boulevard GDC Ruko Verbena No A-16 Depok,021-7702570 ext.11,,radardepok.com,Terverifikasi Administratif dan Faktual,2019-11-28
terkininews.com,Siber,"Kasmadi, S.Kom","Raja Dachroni, S.Sos, M.Si",PT Terkini Kepri Media,Kepulauan Riau,JL. Basuki Rahmat No.6 Lt. II - Kota Tanjungpinang - KEPRI,082284192205,redaksi.terkininews@gmail.com,www.terkininews.com,Terverifikasi Administratif dan Faktual,2019-11-28
deltakepri.co.id,Siber,Dedi Utomo,Dedi Utomo,Delta Media Group,Kepulauan Riau,"Perum Bukit Raya Blok Ganda Dinata Nomor 06, RT 005 / RW 005",082170941588,redaksideltakepri@gmail.com,http://deltakepri.co.id/,Terverifikasi Administratif dan Faktual,2019-11-28
semangatnews.com,Siber,"Zulnadi, SH","Zulnadi,SH",Semangat Cyber Mandiri,Sumatera Barat,"Jl . Raya Pagang No. 41a, Kel. Kurao Pagang, Kec. Nanggalo Padang, Padang. Sumatera Barat.",082272226645,semangatcybermandiri@gmail.com,www.semangatnews.com,Terverifikasi Administratif dan Faktual,2019-11-28
topsatu.com,Siber,Widya N,Widya N,Genta Singgalang Digital,Sumatera Barat,Jalan Veteran No 17 Padang,081374358585,topsatudotkom@gmail.com,topsatu.com,Terverifikasi Administratif dan Faktual,2019-11-28
mediaaceh.com,Siber,Jurnalisa,Jurnalisa,Media Nusantara Corp,Aceh,"Jalan Sultan Iskandar Muda, Lorong Cempaka Desa Punge Ujong, Kecamatan Meuraxa, Kota Banda Aceh",06517316988,editormediaaceh@gmail.com,www.mediaaceh.com,Terverifikasi Administratif,2019-11-28
gopos.id,Siber,Rully Lamusu,RULLY LAMUSU,PT Kreatif Multimedia Nusantara,Gorontalo,Jalan Rusli Datau 1 Kelurahan Dulomo Selatan Kecamatan Kota Utara Kota Gorontalo,081943418887,redaksi.gopos.id@gmail.com,https://gopos.id/,Terverifikasi Administratif dan Faktual,2019-11-28
pijarkepri.com,Siber,AJI ANUGRAHA,AJI ANUGRAHA,PT. PIJAR KEPRI ANUGRAH,Kepulauan Riau,"JL. Sei Carang Komplek Bintan Centre No.15, Tanjungpinang, Provinsi Kepulauan Riau. (Lantai 2-3)",081275565434,pijarkepri8@gmail.com,https://pijarkepri.com/,Terverifikasi Administratif dan Faktual,2019-11-28
,"Cetak
Radio
Televisi
Siber",,,,,,,,,,
Realitakini.com,Siber,"Cimrawati,S.I.Kom","Cimrawati,S.I.Kom",ECW Realita Karya,Sumatera Barat,"Jln. Maransi, Kampung Sudut Gang Kampus, RT. 004 RW. 007 Kelurahan Kurao Pagang, Kecamatan Nanggalo",081261742080,realitakini22@gmail.com,www.realitakini.com,Terverifikasi Administratif dan Faktual,2019-11-28
60dtk.com,Siber,Dian Ramadhiyanti Liputo,Dian Ramadhiyanti Liputo,PT. Digital Sistem Informasi Media,Gorontalo,"Jl. Rusli Datau, Kel. Dulomo Selatan, Kec. Kota Utara, Kota Gorontalo, Prov. Gorontalo",082298665115,60dtk.com@gmail.com,60dtk.com,Terverifikasi Administratif dan Faktual,2019-11-28
Alinea.id,Siber,Glenn Jolodoro,Khudori,Alinea Tek Nusantara,DKI Jakarta,"PT Alinea Tek Nusantara, Gedung Gapura Raya Lt. III, Jl. Bangka Raya No 4 Pela Mampang, Jakarta Selatan",02172783956,wulanbaru@gmail.com,Alinea.id,Terverifikasi Administratif dan Faktual,2019-11-28
Harian Khazanah,Cetak,EKO YANCHE EDRIE,EKO YANCHE EDRIE,PT KHAZANAH MULTIMEDIA UTAMA,Sumatera Barat,JL KHATIB SULAIMAN NO 47 PADANG,0751-8952449,hariankhazanah@gmail.com,www.khaz.id (under reconstruction),Terverifikasi Administratif dan Faktual,2019-11-28
Rajawali Televisi,Televisi,Makroen Sanjaya,Yulia D Supadmo,PT Metropolitan Televisindo,DKI Jakarta,"Gedung Atrium Mulia Suite 810, JI. H.R. Rasuna Said Kav. B10-11, Setiabudi, Jakarta 12910, Indonesia",02129306677,geshya.maulia@rtv.co.id,www.rtv.co.id,Terverifikasi Administratif dan Faktual,2019-11-28
Kolaka Pos,Cetak,Eko Mardiatmo,Eko Mardiatmo,Kolaka Pos Intermedia,Sulawesi Tenggara,"Jl.DR Soetomo, No.20, Kelurahan Lamokato, Kecamatan Kolaka, Kabupaten Kolaka, Provinsi SulawesI Tenggara","0405-2326431, 082189198910",redaksi.kolakapos@gmail.com,kolakaposnews.fajar.co.id,Terverifikasi Administratif,2019-11-28
utamapost.co.id,Siber,Lailatul Aidil,Lailatul Aidil,Jelita Utama Media,Sumatera Barat,"Jl. Imam Bonjol, Komplek Korem Blok 7B. Kecamatan Padang Selatan. Kota padang. Provinsi Sumatera Barat",082174600784,utamapost2019@gmail.com,www.utamapost.co.id,Terverifikasi Administratif dan Faktual,2019-11-28
Masalembo.com,Siber,Harmegi,Harmegi,Fokus Media Sulbar,Sulawesi Barat,Jl. WR Monginsidi Padang Baka Timur Kelurahan Rimuku Kabupaten Mamuju Provinsi Sulawesi Barat,082187576597,masalembonews@gmail.com,masalembo.com,Terverifikasi Administratif,2019-11-28
Mata Pena,Cetak,Dedi,Oktomo Hadiansyah,Mata Pena Kepri,Kepulauan Riau,"Perum Taman Bukit Asri Blok C No. 22 Kota Tanjungpinang, Provinsi Kepri",+62 853-6359-6519,elhasim22@gmail.com,matapenaonline.co.id,Terverifikasi Administratif,2019-11-28
Berita.news,Siber,Al Ullah Azhar,Srahlin Rifaid,PT Aurora Media Utama,DKI Jakarta,"Jl. MH Thamrin No 11 Gedung Sarinah Lt 13 Ruangan 1305, Kel. Gondangdia, Kec. Menteng, DKI Jakarta",021-39832168,auroramediautama@gmail.com,www.berita.news,Terverifikasi Administratif,2019-11-21
,"Cetak
Radio
Televisi
Siber",,,,,,,,,,
indigo99.com,Siber,Ahmad Udyn,Ahmad Udyn,PT. Multimedia Pojok Celebes,Sulawesi Barat,Jl. Martadinata Kompleks BTN Zarindah 5 Blok N.42 RT.9 Kel Simboro Kec Simboro,08114533178 / 082125253178,Redaksiindigo99@gmail.com,www.indigo99.com,Terverifikasi Administratif,2019-11-21
Sumut 24,Cetak,,,PT,Sumatera Utara,Jl. Sei Brantas No. 34 Medan Sumut,061- 88814650,sumutduaempat@gmail.com,,Terverifikasi Administrasi dan Faktual,2019-11-21
Harian Umum Belitong Ekspres,Cetak,Bardian Zakaria,Bardian Zakaria,Belitong Ekspres Jaya,Kepulauan Bangka Belitung,Jl. Jend. Sudirman RT. 005 RW. 002 Dusun Perawas Desa Perawas Kecamatan Tanjungpandan Kabupaten Belitung,08117172007,bardian2121@gmail.com,Belitongekspres.co.id,Terverifikasi Administratif,2019-11-18
Prosumut.com,Siber,Valdesz Junianto Nainggolan,M. Asir Nasution,Konco Gagas Siber,Sumatera Utara,Jalan Letda Sujono Kompleks Peramas I No 65,061-7333714 / 08126395945,redaksiprosumut@gmail.com,www.prosumut.com,Terverifikasi Administratif,2019-11-18
Radar Madura,Cetak,Moh Subhan,Moh Subhan,Madura Intermedia Pers,Jawa Timur,"Jalan Soekarno-Hatta 99, RT I, RW I, Kelurahan Bilaporah, Socah, Bangkalan",0313090312,jawaposradarmadura@gmail.com,https://radarmadura.jawapos.com,Terverifikasi Administratif dan Faktual,2019-11-15
PETISI,Cetak,"Sokip, SH","Sokip, SH",PT Petisi Pakal Indonesia,Jawa Timur,"Perusahaan : Perumahan Pondok Benowo Indah Blok CQ nomor 33 Surabaya
Redaksi : Grha PWI Jatim Jl. Taman Apsari 15-17 lantai II",08123104151,sokippetisi@gmail.com,WWW.PETISI.CO,Terverifikasi Administratif dan Faktual,2019-11-15
Jaya Baya,Cetak,Hari Cahyo Santoso,Titah Rahayu,PT.Jaya Baya Prabu Gendrayana,Jawa Timur,Komplek Taman Bungurasih Blok A2 no 2 Sidoarjo,031-8555905,sudirman.sn1049@gmail.com,,Terverifikasi Administratif dan Faktual,2019-11-15
Harian Umum Pelita Baru,Cetak,H Danang Donoroso,Billy Adhiyaksa,PT Pelita Media Perkasa,Jawa Barat,Jl Raya Sukahati No 9 Cibinong Bogor,021 83714496,iklanpelitabaru@gmail.com,,Terverifikasi Administratif dan Faktual,2019-11-15
ampera-news.com,Siber,HERU FACHROZI,"Ryan Maulana Said S.E.,S.H.,M.H.",MEDIA RYAN AMPERA,Lampung,LINGKUNGAN V A JL. BINTARA NO 99 KEL. YUKUM JAYA KEC. TERBANGGI BESAR KAB. LAMPUNG TENGAH,08118100202,amperanews11@gmail.com,www.ampera-news.com,Terverifikasi Administratif,2019-11-13
Ampera News,Cetak,HERU FACHROZI,"Ryan Maulana, S.E.,S.H.,M.H.",MEDIA RYAN AMPERA,Lampung,"LINGKUNGAN V A JL. BINTARA NO 99 RT 021 RW 009 KEL.YUKUM JAYA, KEC. TERBANGGI BESAR, KAB. LAMPUNG TENGAH",08118100202,amperanews@yahoo.com,www.ampera-news.com,Terverifikasi Administratif,2019-11-12
,"Cetak
Radio
Televisi
Siber",,,,,,,,,,
RMOL.ID,Siber,Teguh Santosa,Teguh Santosa,PT Muara Multi Media,DKI Jakarta,"Priamanaya Building, Lantai Dasar Jalan Proklamasi No. 53 Jakarta Pusat",021-29937177,muaramultimedia@yahoo.com,,Terverifikasi Administratif dan Faktual,2019-11-11
Bisnis Bali,Cetak,Nyoman Sarmawa,Nyoman Sarmawa,pt,Bali,"Gedung Pers Bali Ketut Nadha Jl. Kebo Iwa 63A, Denpasar 80116",(0361) 416656,bisnis_bali@yahoo.com,,Terverifikasi Administrasi dan Faktual,2019-10-29
Sulbarkita.com,Siber,TRI SUHARMAN,TRI SUHARMAN,PT MEDIARAYA NUSANTARA GRUP,Sulawesi Barat,"JL Martadinata, Lingkungan Tambayako, Mamuju, Sulawesi Barat",081343626336/ 082187578506,sulbarkita@gmail.com,Sulbarkita.com,Terverifikasi Administratif,2019-10-25
MEDGO.ID,Siber,Kasman Mohamad,Kasman Mohamad,Rajawali Medgo Perkasa,Gorontalo,Jl. Anggur Perum Mansai Permai blok I/03 Kelurahan Huangobotu Kecamatan Dungingi Kota Gorontalo 96138,081340277339,medgoperkasa@gmail.com,www.medgo.id,Terverifikasi Administratif dan Faktual,2019-10-25
metropolis.co.id,Siber,Yulius Putra,Yulius Putra,PT.Metropolis Media Indonesia,Lampung,"Kota Sepang Permai Blok D No 11, Sepang Jaya, Labuhan Ratu, Bandar Lampung.",08117918585,redaksimetropolis1@gmail.com,Redaksimetropolis1@gmail.com,Terverifikasi Administratif dan Faktual,2019-10-24
lampungvisual.com,Siber,JUNAIDI,JUNAIDI,GLOBAL MEDIA LAMPUNG VISUAL,Lampung,Kantor Redaksi : Jl. Laksamana Malahayati No.88. Teluk Betung Bandar Lampung. Provinsi Lampung Indonesia -35211- email : basri.subur@gmail.com-redaksilampungvisual@gmail.com,08127872008,redaksilampungvisual@gmail.com,https://lampungvisual.com,Terverifikasi Administratif dan Faktual,2019-10-24
nenemonews.com,Siber,Lukman Hakim,Lukman Hakim,Nenemo Idzaa Media,Lampung,"Jl. Soekarno Hatta, Gg. Rekso Bandung No. 73, Labuhan Ratu",081273939989,nenemonews@gmail.com,nenemonews.com,Terverifikasi Administratif dan Faktual,2019-10-24
palpres.com,Siber,Muhammad Iqbal,Muhammad Iqbal,Wahana Citra Merdeka,Sumatera Selatan,"Jalan Kol H Burlian No 059 Rt 001 Rw 002 Kelurahan Karya Baru Kecamatan Alang-Alang Lebar, Palembang",08127364937,palpres.online@gmail.com,palpres.com,Terverifikasi Administratif dan Faktual,2019-10-21
inilahsultra.com,Siber,Hasanuddin,Hasanuddin,PT. Inilah Sultra Grup,Sulawesi Tenggara,"Jl. Gunung Meluhu, Lorong Rembiz No.11a (Belakang RS. Bhayangkara) Kota Kendari, Sulawesi Tenggara. Email: redaksi.inilahsultra@gmail.com, Kode Pos: 93115. Telp. +62 852 7078 3945 - +62 813 4168 4950",+62 813 4168 4950,ananoharu@yahoo.com,inilahsultra.com,Terverifikasi Administratif,2019-10-21
Extranews,Cetak,FIRDAUS KOMAR,FIRDAUS KOMAR,PT EXTRA MEDIA SRIWIJAYA,Sumatera Selatan,JALAN KEBUN. BUNGA CITRA KENCANA BLOK A 24 PALEMBANG,0711412262,firdauskomar71@gmail.com,WWW.EXTRANEWS.ID,Terverifikasi Administratif dan Faktual,2019-10-21
,"Cetak
Radio
Televisi
Siber",,,,,,,,,,
Riaupedia.com,Siber,Uparlin ts maharadja,Uparlin ts maharadja,Perdana Inti Media,Riau,"JL. PANGKALAN TUJUH, RT/RW 006/002, Kel/Desa SUNGAI SALAK, Kecamatan TEMPULING",082268906181,riaupediacom@gmail.com,www.riaupedia.com,Terverifikasi Administratif,2019-10-21
KupasKasus.com,Siber,Toroziduhu Laia,Martinus Hulu,Kupas Kasus Pers,Riau,"Jalan Hangtuah Ujung No.69 Kel. Sialan Sakti, Kecamatan Tenayan Raya, Kota Pekanbaru, Provinsi Riau",0852-6599-9456,martintel84@gmail.com,www.kupaskasus.com,Terverifikasi Administratif,2019-10-14
www.sumutrealita.com,Siber,Lamra Sinaga Simanjorang,Amran Cha,PT Info Lingga Sejahtera,Kepulauan Riau,"Perumahan Parisa Indah Blok A3 Nomor 20 Kelurahan Sei Langkai, kecamatan Sagulung",082170813117,jannes2017@yahoo.com,www.sumutrealita.com,Terverifikasi Administratif,2019-10-14
Medialokal.co,Siber,ADITIYA PRAHARA,Munazlen Nazir,PT. MEDIA MARHAENIS INDONESIA,Riau,"Jl. Merdeka Timur No. 72, Kelurahan Teluk Pinang, Kecamatan Gaung Anak Serka (GAS), Kabupaten Indragiri Hilir (Inhil),
Riau - Indonesia",085376047444,medialokalco@gmail.com,www.medialokal.co,Terverifikasi Administratif,2019-10-14
Fajar Malut,Cetak,Mahmud Daya,Mahmud Daya,Fajar Inti Media,Maluku Utara,"Lingkungan soa puncak, Kelurahan Soa, Kecamatan Kota Ternate Utara, Kota Ternate.",081340117071,erwin.ega68@yahoo.com/fajarmalut@yahoo.co.id,www.fajarmalut.com,Terverifikasi Administratif dan Faktual,2019-10-14
playworld.id,Siber,Wina Armada Sukardi,Wina Armada Sukardi,PT. Jayadata Indonesia,DKI Jakarta,JL. Boulevard Bukit Gading Raya Komplek Kokan Permata Blok E No. 29 Kelapa Gading - Jakarta Utara 14240,02129385381,faisal.murkadi@jayadata.co.id,https://playworld.id/,Terverifikasi Administratif dan Faktual,2019-10-14
Majalah News Yoka,Cetak,Agus Rinaldi,Agus Rinaldi,News Yoka Lingga,Sumatera Selatan,"Jl. TPH Sofian Kenawas, Perum Patra Sriwijaya Blok.AE No.02-03Rt.025 Rw.005, Kelurahan Gandus, Kecamatan Gandus, Kota Palembang, Provinsi Sumatera Selatan",0812 7028 7559,rusnimaryatiyori@gmail.com,-,Terverifikasi Administratif,2019-10-14
sidak post,Cetak,Zakaria,Zakaria,Insan Jurnalis Indonesia,Lampung,Jl ST. Badarudin Gg. Delima No. 16 Kel. Gunung Agung Kec. Langkapura Kota Bandar Lampung,085279728861,sidakpost@yahoo.co.id,www.sidakpost.co.id,Terverifikasi Administratif,2019-10-14
Media Nusantara,Cetak,Razak,Razak,Media Cipta Purnama,Kepulauan Riau,Komplek Perum Putra Kelana jaya Blok B1 no 28 Bengkong sadai kota Batam,085272525979,mediaa_nusantara@yahoo.com,www.Medianusantarakepri.com,Terverifikasi Administratif,2019-10-14
Kalimantan Post,Cetak,Sunarti,Sunarti,Karya Banjar Sejahtera,Kalimantan Selatan,"Gedung Kalimantan PostJl. DI Panjaitan  No. 67, RT. 22, RW.001, Kelurahan Pasar Lama, Kecamatan Banjar Tengah, Kotamadya Banjarmasin.",05114365853,kp.iklan@gmail.com,,Terverifikasi Administratif dan Faktual,2019-10-14
,"Cetak
Radio
Televisi
Siber",,,,,,,,,,
GOTV,Televisi,SUKARNO,SUKARNO,PT GORONTALO TELEVISI UTAMA,Gorontalo,JL. TAMAN SURYA KELURAHAN DEMBE JAYA KECAMATAN KOTA UTARA KOTA GORONTALO PROVINSI GORONTALO,0435831436,arnos_ilen@yahoo.com,,Terverifikasi Administratif,2019-10-14
GO RADIO,Radio,SUKARNO,SUKARNO,PT RADIO GORONTALO MAJU,Gorontalo,JL. TAMAN SURYA KEL. DEMBE JAYA KEC. KOTA UTARA KOTA GORONTALO PROV. GORONTALO,0435831436,opie_isat@yahoo.com,,Terverifikasi Administratif,2019-10-14
radartasikmalaya.com,Siber,AGUSTIANA,AGUSTIANA,PT WAHANA GENERASI CEMERLANG,Jawa Barat,Jalan SL. Tobing No.99 (Gedung Biru) Kel. Tugujaya Kec. Cihideung Kota Tasikmalaya,0265-348352,untukberita4@gmail.com,www.radartasikmalaya.com,Terverifikasi Administratif,2019-10-14
tribunsatu.com,Siber,Pantas Sitompul,Pantas Sitompul,Hesti Tribunsatu Pers,Riau,"Jalan Bukit Barisan No.07 Kelurahan Pematang Kapau, Kecamatan Tenayan Raya, Kota Pekanbaru",081277778561,riswanndruru5@gmail.com,www.tribunsatu.com,Terverifikasi Administratif,2019-10-14
Sarolangun Ekspres,Cetak,Ahmad Nuriadi,Ahmad Nuriadi,pt,Jambi,"Mutiara Gunung Kembang Regency, Blok A No 3, Kel. Sarkam, Kab. Sarolangun",0745 92177,sarolangunekspres@gmail.com,sarolangunonline.com,Terverifikasi Administrasi,2019-10-14
mimbarkita.com,Siber,ADELINA,ADELINA,PT. MIMBAR KITA PERS,Riau,"Kompleks Ruko Permata Bukit Residenci Jalan Bukit Barisan No.7 RT.3/RW.02 Kelurahan Pematang Kapau Kecamatan Tenayan Raya Pekanbaru, RIAU",0813-7148-5111,dewanmimbar4@gmail.com,mimbarkita.com,Terverifikasi Administratif,2019-10-08
Mercusuar,Cetak,,,PT,Sulawesi Tengah,Jl. Yos Sudarso No. 33,(0451) 423479,mercu_red@yahoo.co.id,www.harianmercusuar.com,Terverifikasi Administrasi dan Faktual,2019-10-01
detikawanua.com,Siber,,,PT,Sulawesi Utara,"Jl. Santiago No. 100 Kel. Mahawu, Kec. Tuminting, Kota Manado",082393417369,detikawanua@gmail.com,www.detikkawanua.com,Terverifikasi Administrasi dan Faktual,2019-09-30
bengkulutoday.com,Siber,Wibowo Susilo,Wibowo Susilo,PT BENGKULU MEDIA SIBER,Bengkulu,Jl. Kebun Indah Blok A No 20 RT 38 RW 07 Kel Sukarami Kec Selebar Kota Bengkulu,0736-7313408,bengkulutoday7@gmail.com,www.bengkulutoday.com,Terverifikasi Administratif dan Faktual,2019-09-27
RADAR TASIKMALAYA,Cetak,USEP SAEFFULLOH,USEP SAEFFULLOH,PT WAHANA SEMESTA TASIKMALAYA,Jawa Barat,Jalan SL Tobing NO. 99 Kel. Tugujaya Kec. Cihideung Kota Tasikmalaya 46121,"0265 - 348357, 348356",tasikrd@gmail.com,www.koranradartasikmalaya.com,Terverifikasi Administratif dan Faktual,2019-09-27
,"Cetak
Radio
Televisi
Siber",,,,,,,,,,
bugispos.com,Siber,Usdar Nawawi,Usdar Nawawi,Bugispos Tujua Utama,Sulawesi Selatan,"Jl. Inspeksi Pam No.42, Batua, Kec. Manggala, Kota Makassar, Sulawesi Selatan",085222299813,usdarnawawi@yahoo.com,www.bugispos.com,Terverifikasi Administratif,2019-09-26
Babel Review,Cetak,,,PT,Kepulauan Bangka Belitung,"Jl. Soekarno Hatta No. 227-A, Pangkalpinang, Prov. Kepulauan Bangka Belitung",08117179830,babelreviewindo@gmail.com,www.babelreview.co.id,Terverifikasi Administrasi dan Faktual,2019-09-25
Sumateranews.co.id,Siber,Donni,Donni,PT HUSNUL SUMATERA NEWS,Sumatera Selatan,"Jl. Krakatau No 49 Kel. Gunung Ibul Kec. Prabumulih Timur Kota Prabumulih, RT 23 RW 08 Palembang",0813-73351115,0813-73351115,www.Sumateranews.co.id,Terverifikasi Administratif,2019-09-24
krsumsel.com,Siber,Idham Syarief,Idham Syarief,PT KRSumsel Media Sumatera,Sumatera Selatan,"Alamat Redaksi:  Perumnas Tanjung Rancing Blok P No 007  RT 07, RW 4 Kelurahan Tanjung Rancing Kecamatan Kayuagung OKI Sumatera Selatan.",081271397139,krsumsel@gmail.com,www.krsumsel.com,Terverifikasi Administratif,2019-09-24
Bongkar Post,Cetak,Abdullah Almas'ud,Abdullah Almas'ud,PT Gema Berita Nusantara,Lampung,"Jalan Tirtayasa, Ruko No 51, Bandar Lampung",081379210964,sattikaoctaria@gmail.com,harianbongkarpost@gmail.com,Terverifikasi Administratif dan Faktual,2019-09-24
waspada.id,Siber,Dedi Sahputra,Hendra DS,Waspada Medan Indonesia,Sumatera Utara,"Jalan Letjend Suprapto Nomor . 1 Medan, AurMedan Maimun, Medan – Sumatera Utara    Kodepos 20151",082167551019,chenprayitno@yahoo.co.id,waspada.id,Terverifikasi Administratif dan Faktual,2019-09-24
siagaonline.com,Siber,Martinus Hulu,Martinus Hulu,Mafis Siaga Pers,Riau,"Jalan Rela Kasih No. 20, Kelurahan Industritenayan, Kecamatan Tenayan Raya, Kota Pekanbaru, Riau",085265999456,redaksisiagaonline@gmail.com,www.siagaonline.com,Terverifikasi Administratif dan Faktual,2019-09-24
padangtime.com,Siber,Syahrial Aziz,Syahrial Aziz,Roval Pratama Group,Sumatera Barat,Komp. FILANO BCA Blok G/1 RT005 / RW 002,0751-8952172/ 08126776733,padangtime2018@gmail.com,www.padangtime.com,Terverifikasi Administratif,2019-09-24
metropadang.com,Siber,Fizaski Zakir,Fizaski Zakir,PT Balang Media Utama,Sumatera Barat,"Komplek Filano Bca blok  G no 1 kubu Dalam Parak Karakah, Kecamatan Padang Timur,  Kota Padang, Provinsi Sumatra Barat",081371195735,metropadang2019@gmail.com,http://www.metropadang.com,Terverifikasi Administratif dan Faktual,2019-09-24
Babel Pos,Cetak,M. Sobri Kurniawan,M. Sobri Kurniawan,PT. Wahana Semesta Bangka,Kepulauan Bangka Belitung,"Graha Pena Bangka, Jl. Jenderal Sudirman No.10 Selindung Baru, Pangkalpinang",0717-433335,jalgooners@gmail.com,babelpos.co,Terverifikasi Administratif dan Faktual,2019-09-24
,"Cetak
Radio
Televisi
Siber",,,,,,,,,,
Batamxinwen.com,Siber,M. A Khafi Ansyari,M. A Khafi Ansyari,Mediatama Fifa Online,Kepulauan Riau,"Perum Oriana Blok B12 No 16, Batam Center, Batam, Kepulauan Riau",0822-8896-6030,osias.de11@gmail.com,www.batamxinwen.com,Terverifikasi Administratif dan Faktual,2019-09-18
kabarpublik.id,Siber,Mahmud Marhaba,Mahmud Marhaba,PT MEDIA KABAR PUBLIK,Gorontalo,Jl. HB Jassin No. 501 Kota Gorontalo,0435-8539869,mahmudmarhaba71@gmail.com,www.kabarpublik.id,Terverifikasi Administratif dan Faktual,2019-09-18
rakyatbengkulu.com,Siber,Peri Haryadi,Peri Haryadi,PT. Rakyat Bengkulu Digital Media,Bengkulu,"Graha Pena Rakyat Bengkulu, Jalan P Natadirja No 69 KM 6,5",082175780598,redaksirbonline@gmail.com,www.harianrakyatbengkulu.com,Terverifikasi Administratif dan Faktual,2019-09-16
Riaupembaruan.com,Siber,"Rezi Andika Putra, Amd","Rezi Andika Putra, Amd",Pembaruan Media Nusantara,Riau,"Jalan Siliwangi, Jaya Mukti, Kecamatan Dumai Timur - Kota Dumai - Provinsi Riau.",081277243434,riaupembaruan@gmail.com,riaupembaruan.com,Terverifikasi Administratif,2019-09-16
siberklik.com,Siber,Ade Kurnia,Ade Kurnia,Media Berkah Pratama,Bengkulu,Jalan Sudirman RT 4 RW 1 Kelurahan Pintu Batu Lantai 2,0813 7388 8823,kliksiber@gmail.com,https://siberklik.com,Terverifikasi Administratif dan Faktual,2019-09-16
bencoolentimes.com,Siber,Rudi Nurdiansyah,Rudi Nurdiansyah,PT Bencoolen Mitra Sinergi,Bengkulu,Jalan Ratu Agung RT 09 Kelurahan Penurunan Kecamatan Ratu Samban,081238839688,bro.borgol@gmail.com,bencoolentimes@gmail.com,Terverifikasi Administratif dan Faktual,2019-09-16
wartaprima.com,Siber,Benny Bernadie,Benny Bernadie,PT Prima Media Wibawa,Bengkulu,"Jalan Mayjen Sutoyo Tanah Patah Kec Ratu Agung Kota Bengkulu,Bengkulu",081278601960,wartaprimacom@gmail.com,,Terverifikasi Administratif dan Faktual,2019-09-16
hargo.co.id,Siber,Andi Jamaluddin AM. Pannyame,Andi Jamaluddin AM. Pannyame,pt,Gorontalo,"Graha Pena Gorontalo, Jalan John Aryo Katili, Nomor 144, Kelurahan Paguyaman, Kec. Kota Tengah, Kota Gorontalo, Provinsi Gorontalo.","(0435) 822751, 822752",hargo.co.id@gmail.com,hargo.co.id,Terverifikasi Administrasi dan Faktual,2019-09-16
Harian Bangsa,Cetak,EM Mas'ud Adnan,Nur Syaifuddin,pt,Jawa Timur,Jl Gayungsari IX No 5 Surabaya 60231,031-8270967,harianbangsa@gmail.com,www.Harianbangsa.net,Terverifikasi Administrasi dan Faktual,2019-09-16
Posmetro.co,Siber,Haryanto,Rinaldy,pt,Kepulauan Riau,"Gedung Graha Pena Batam Lt. 3, Jl. Raya Batam Senter, Batam, 29461","(0778) 464777,","posmetrobatam@yahoo.com, redaksi@posmetrobatam.com",www.posmetro.co,Terverifikasi Administrasi dan Faktual,2019-09-05
,"Cetak
Radio
Televisi
Siber",,,,,,,,,,
Lancangkuning.com,Siber,Ridha M. Haztil,Ridha M. Haztil,Informasi Lancang Kuning,Riau,"Jl. H.R. Soebrantas No. 188, RT. 002, RW. 028, Kel. Sialangmunggu, Kec. Tampan",0761-6704399,redaksi.lancangkuningriau@gmail.com,lancangkuning.com,Terverifikasi Administratif,2019-09-02
Koran Monitor,Cetak,ZUL ANWAR ALI MARBUN,DEDI SUSANTO,PT MONITOR MULTI MEDIA,Sumatera Utara,Jl. Brastagi No. 7 LK I Kel.Rambung Dalam Kec.Binjai Selatan Kota Binjai Sumatera Utara,081361156156,koran_monitor@yahoo.com,,Terverifikasi Administratif dan Faktual,2019-09-02
SemarakPost.Com,Siber,Kemas Ibrahim Fatoni,Kemas Ibrahim Fatoni,Semarak Mas Media,Bengkulu,JL Pasar Tengah nomor 56 Rt 5 Rw 2 Kelurahan Pasar Kepahiang Kecamatan Kepahiang Kabupaten Kepahiang Kode Pos 39372,085268236585,semarak.post007@gmail.com,semarakpost.com,Terverifikasi Administratif,2019-09-02
Medanbisnisdaily.com,Siber,Sasli Pranoto Simarmata,Sasli Pranoto Simarmata,Kreasi Digital Informatif,Sumatera Utara,Jl. S. Parman Kompleks MedanBisnis Center Blok A No.7,(061) 4521133,redaksimbd@medanbisnisdaily.com,http://www.medanbisnisdaily.com,Terverifikasi Administratif dan Faktual,2019-09-02
riaukontras.com,Siber,Emos Gea,Emos Gea,Riau Kontras Pers,Riau,"Jln. Sentosa Perum. Alifa Blok R. No.08, RT 01, RW 21, Sudimulyo Barat, Tuah Madani",08527502555/ 081261018886,riaukontrasdaerah@gmail.com,www.riaukontras.com,Terverifikasi Administratif,2019-09-02
goriau.com,Siber,,,PT,Riau,"Surya Kartama Agung A-4, Jl. Kartama Kel. Maharatu, Kec. Marpoyan Damai, Pekanbaru, Riau",08127603879,goriau2012@gmail.com,www.goriau.com,Terverifikasi Administrasi dan Faktual,2019-09-02
radar surabaya,Cetak,Aries Wahyudianto,Rudianto,pt,Jawa Timur,Jalan Kembang Jepun 167-169 Surabaya,031-3559494,redaksiradarsurabaya@gmail.com,"radarsby.com, radarsurabaya.id",Terverifikasi Administrasi dan Faktual,2019-09-02
acehtrend.com,Siber,Muhajir,Muhajir,PT. Acehtrend Mediana,Aceh,"Jl. Tgk Meulagu Ds Tibang, Kecamatan Syiah Kuala - Banda Aceh Kode Pos 24415",0823-6513-7574,acehtrendmedia@gmail.com,https://www.acehtrend.com/,Terverifikasi Administratif dan Faktual,2019-08-27
infobanua.co.id,Siber,ANANG FADHILAH,ANANG FADHILAH,PT. ALPA BANUA KREASINDO,Kalimantan Selatan,Jalan. Martapura Lama Komplek Dalem Sakti Blok A No 24 Kel Sungai Lulut Kab Banjar Provinsi Kalimantan Selatan,081351351039,fariznicko@gmail.com,http://infobanua.co.id,Terverifikasi Administratif dan Faktual,2019-08-27
Rakyat Sulsel,Cetak,FAISAL PALAPA,MUH. ASRI,PT. RAKYAT SULAWESI SELATAN INTERMEDIA,Sulawesi Selatan,JL. SULTAN ALAUDDIN RUKO PERMATSARI NO.25,(0411) 898 0929,evy.aurakoe@gmail.com,,Terverifikasi Administratif dan Faktual,2019-08-27
,"Cetak
Radio
Televisi
Siber",,,,,,,,,,
Reportase.tv,Siber,TURNYA,TURNYA,REPORTASI DIGITAL MEDIA,Banten,"Jl. H.Som No. 12 RT.005/001 Kel. Pondok Pucung
Kecamatan Pondok Aren
Kota Tangerang Selatan 15229",081717170675,redaksi.reportasetv@gmail.com,https://www.reportase.tv,Terverifikasi Administratif,2019-08-27
timesindonesia.co.id,Siber,,,PT,Jawa Timur,"Graha Kosgoro Jl. Pandan No. 5 Kota Malang, Jatim 65146",0341-563566,redaksi@timesindonesia.co.id,www.timesindonesia.co.id,Terverifikasi Administrasi dan Faktual,2019-08-26
Tangerang Ekspres,Cetak,,,PT,Banten,"Jl.  Graha Pena Tangerang , Modern golf shop houses no.8 Modernland, Kota Tangerang.",021-55781212,tangerang.ekspres@gmail.com,tangerangekspres.com,Terverifikasi Administrasi dan Faktual,2019-08-22
Bisnis Indonesia,Cetak,,,PT,DKI Jakarta,"Wisma Bisnis Indonesia LT. 5-9 Jl. KH. Mas Mansyur No.12 A Karet Tengsin, Jakarta Pusat 10220",(021) 57901023,redaksi@bisnis.co.id,www.bisnis.com,Terverifikasi Administrasi dan Faktual,2019-08-18
Kompas,Cetak,,,PT,DKI Jakarta,"Jl. Palmerah Selatan 26-28, Jakarta 10270",(021) 5347710/2,kompas@kompas.com,https://kompas.id,Terverifikasi Administrasi dan Faktual,2019-08-18
Media Indonesia,Cetak,,,PT,DKI Jakarta,"Kompleks Delta Kedoya, Jl. Pilar Raya Kav. A-D Kedoya Selatan, Kebon Jeruk, Jakarta Barat 11520",(021) 5812088,redaksi@mediaindonesia.co.id,www.mediaindonesia.com,Terverifikasi Administrasi dan Faktual,2019-08-18
MNC TV,Televisi,,,PT,DKI Jakarta,"JL. Raya Pejuangan, Kebon Jeruk, Jakarta 11530",021-5303555,official.mnctv@mncgroup.com,www.mncgroup.com,Terverifikasi Administrasi dan Faktual,2019-08-18
Trans 7,Televisi,,,PT,DKI Jakarta,"Jl. Kapten P. Tendean Kav 12-14 A Mampang Prapatan, Jaksel",021-79177000,,www.transtv.co.id,Terverifikasi Administrasi dan Faktual,2019-08-18
TV One,Televisi,,,PT,DKI Jakarta,"Jl. Rawa Terate II no. 2 Kawasan Industri Pulogadung
Jakarta 13260",(021) 4613545,,,Terverifikasi Administrasi dan Faktual,2019-08-18
ANTV,Televisi,,,PT,DKI Jakarta,"Komplek Rasuna Epicentrum Lot 9
Jl. H.R. Rasuna Said, Karet Kuningan
Setiabudi, Jakarta Selatan",(021) 29912155,,,Terverifikasi Administrasi dan Faktual,2019-08-18
,"Cetak
Radio
Televisi
Siber",,,,,,,,,,
Metro TV,Televisi,,,PT,DKI Jakarta,"Jl Pilar Mas Raya Kav. A-D, Kedoya -
Kebon Jeruk Jakarta 11520",021-5830 0077,,,Terverifikasi Administrasi dan Faktual,2019-08-18
Radio Elshinta,Radio,,,PT,DKI Jakarta,"Jl. Joglo Raya No. 70, Jakarta 11640",021-5869000,redaksi@elshinta.com,www.elshinta.com,Terverifikasi Administrasi dan Faktual,2019-08-18
"""Berita Kota Makassar""",Cetak,"""Fachruddin Palapa""","""Fachruddin Palapa""",Berita Kota Makassar,Sulawesi Selatan,"Gedung Graha Pena Makassar Lantai 3  Jl. Urip Sumoharjo No. 20, Makassar",0411451313,beritakotamks@yahoo.co.id,www.beritakotamakassar.com,Terverifikasi Administratif dan Faktual,2019-08-13
LKBN Antara,Cetak,-,-,PT. Perum LKBN ANTARA,DKI Jakarta,-,,,,Terverifikasi Administratif dan Faktual,2019-08-13
Bisnis Indonesia,Cetak,Hery Trianto,Hery Trianto,Jurnalindo Aksara Grafika,DKI Jakarta,Wisma Bisnis Indonesi Lt 5-8 Jl KH Mas Mansyur No 12a Jakarta Pusat,02157901023,sekred@bisnis.com,,Terverifikasi Administratif dan Faktual,2019-08-13
ANTV,Televisi,-,-,PT. Cakrawala Andalas Televisi,DKI Jakarta,-,,,,Terverifikasi Administratif dan Faktual,2019-08-13
Tv One,Televisi,-,-,PT. Lativi Media Karya,DKI Jakarta,-,,,,Terverifikasi Administratif dan Faktual,2019-08-13
iNews TV,Televisi,-,-,PT. Sun Televisi Network,DKI Jakarta,-,,,,Terverifikasi Administratif dan Faktual,2019-08-13
SCTV,Televisi,-,-,PT. Surya Citra Televisi,DKI Jakarta,-,,,,Terverifikasi Administratif dan Faktual,2019-08-13
Indosiar,Televisi,-,-,PT. Indosiar Visual Mandiri,DKI Jakarta,-,,,,Terverifikasi Administratif dan Faktual,2019-08-13
,"Cetak
Radio
Televisi
Siber",,,,,,,,,,
PR Radio,Radio,-,-,PT. Mustika Parahyangan,Jawa Barat,-,,,,Terverifikasi Administratif dan Faktual,2019-08-13
Analisa,Cetak,"Sjamsuar Djamil, SH (War Djamil)","Sjamsuar Djamil, SH (War Djamil)",PT. Media Warta Kencana,Sumatera Utara,Jalan A. Yani 35-49 Medan,0614154711,online.analisadaily.com,www.analisadaily.com,Terverifikasi Administratif dan Faktual,2019-08-13
Siwalima,Cetak,-,-,PT. Siwaluma Media Harian,Maluku,-,,,,Terverifikasi Administratif dan Faktual,2019-08-13
Radio DMS Ambon,Radio,Zacky Wahyudi Fagih,Zacky Wahyudi Fagih,Radio Duta Musik Serasi,Maluku,JL. A. Y Patty No. 21 Lt. 2 Ambon,0911353325,dmsfm.ambon@gmail.com,https://radiodms.com/,Terverifikasi Administratif dan Faktual,2019-08-13
Radio Suara Surabaya,Radio,-,-,PT. Radio Fisikaria Jaya Suara Surabaya,Jawa Timur,-,,,,Terverifikasi Administratif dan Faktual,2019-08-13
Okezone.com,Siber,-,-,PT. Linktone Indonesia,DKI Jakarta,-,,,,Terverifikasi Administratif dan Faktual,2019-08-13
Radio KBR,Radio,-,-,PT. Media Lintas Inti Nusantara,DKI Jakarta,-,,,,Terverifikasi Administratif dan Faktual,2019-08-13
Fajar,Cetak,-,-,PT. Media Fajar Koran,Sulawesi Selatan,-,,,,Terverifikasi Administratif dan Faktual,2019-08-13
Celebes TV,Televisi,-,-,PT. Sunu Network Boardcast Televisi,Sulawesi Selatan,-,,,,Terverifikasi Administratif dan Faktual,2019-08-13
Kedaulatan Rakyat,Cetak,-,-,PT. BP Kedaulatan Rakyat,DI Yogyakarta,-,,,,Terverifikasi Administratif dan Faktual,2019-08-13
,"Cetak
Radio
Televisi
Siber",,,,,,,,,,
Suara Merdeka,Cetak,Agus Toto Widyatmoko,Agus Toto Widyatmoko,Suara Merdeka Press,Jawa Tengah,"Jalan Pandanaran 30, RT 01 RW 03 Kelurahan Pekunden, Kota Semarang",0248412600,red_sumer@yahoo.com,www.suaramerdeka.com,Terverifikasi Administratif dan Faktual,2019-08-13
Solo Pos,Cetak,-,-,PT. Askara Solopos,Jawa Tengah,-,,,,Terverifikasi Administratif dan Faktual,2019-08-13
Sindotrijaya FM,Radio,-,-,PT. Radio Tridjaja Shakti,DKI Jakarta,-,,,,Terverifikasi Administratif dan Faktual,2019-08-13
Radar Palembang,Cetak,-,-,PT. Monica Palembang,Sumatera Selatan,-,,,,Terverifikasi Administratif dan Faktual,2019-08-13
Tribun Sumsel,Cetak,-,-,PT. Sumsel Media Grafika,Sumatera Selatan,-,,,,Terverifikasi Administratif dan Faktual,2019-08-13
Sriwijaya Post,Cetak,-,-,PT. Sriwijaya Pradana,Sumatera Selatan,-,,,,Terverifikasi Administratif dan Faktual,2019-08-13
Palembang Pos,Cetak,-,-,PT. Wahana Semesta Palembang,Sumatera Selatan,-,,,,Terverifikasi Administratif dan Faktual,2019-08-13
Singgalang,Cetak,KHAIRUL JASMI,kHAIRUL JASMI,PT. Genta Singgalang Press,Sumatera Barat,"Jl. Veteran No. 17. Purus, Padang Barat.",075125001,singgalang.redaksi@gmail.com,hariansinggalang@yahoo.co.id,Terverifikasi Administratif dan Faktual,2019-08-13
Berita Pagi,Cetak,-,-,PT. Pandji Media Gemilang,Sumatera Selatan,-,,,,Terverifikasi Administratif dan Faktual,2019-08-13
Haluan,Cetak,-,-,PT. Haluan Sumbar Mandiri,Sumatera Barat,-,,,,Terverifikasi Administratif dan Faktual,2019-08-13
,"Cetak
Radio
Televisi
Siber",,,,,,,,,,
Poskota,Cetak,-,-,PT. Media Antar Kota Jaya,DKI Jakarta,-,,,,Terverifikasi Administratif dan Faktual,2019-08-13
RRI,Radio,-,-,LPP Lembaga RRI,DKI Jakarta,-,,,,Terverifikasi Administratif dan Faktual,2019-08-13
Berita Satu News Channel,Televisi,-,-,PT. Fria Media News,DKI Jakarta,-,,,,Terverifikasi Administratif dan Faktual,2019-08-13
Investor (Majalah),Cetak,-,-,PT Media Investor Indonesia (Satu PT dg Koran Investor Daily),DKI Jakarta,-,,,,Terverifikasi Administratif dan Faktual,2019-08-13
Harian Waspada,Cetak,AUSTIN E. A. TUMENGKOL,AUSTIN E. A. TUMENGKOL,PT. Penerbitan Harian Waspada,Sumatera Utara,JL. BRIGJEND KATAMSO / LETJEND SUPRAPTO NO. 1,0819611101,redaksiwaspada.1947@gmail.com,www.waspada.co.id,Terverifikasi Administratif dan Faktual,2019-08-13
Balikpapan TV,Televisi,Wiji Winarko,Wiji Winarko,Balikpapan Televisi,Kalimantan Timur,"Jl. Soekarno Hatta KM 3,5 No. 46 RT. 26, Kel. Batu Ampar",81255449987,satuyangbeda@gmail.com,https://balikpapantv.jawapos.com/,Terverifikasi Administratif dan Faktual,2019-08-13
Kompas TV,Televisi,-,-,PT. Cipta Megaswara Televisi,DKI Jakarta,-,,,,Terverifikasi Administratif dan Faktual,2019-08-13
Balikpapan Pos,Cetak,-,-,PT. Duta Margajaya Perkasa,Kalimantan Timur,-,,,,Terverifikasi Administratif dan Faktual,2019-08-13
Arah.com,Siber,-,-,PT. Digital Vertikal Horizontal,DKI Jakarta,-,,,,Terverifikasi Administratif dan Faktual,2019-08-13
Pronews FM Padang,Radio,-,-,PT. Radio Carolina,Sumatera Barat,-,,,,Terverifikasi Administratif dan Faktual,2019-08-13
,"Cetak
Radio
Televisi
Siber",,,,,,,,,,
MetroTVnews.com,Televisi,-,-,PT. Citra Multimedia Indonesia,DKI Jakarta,-,,,,Terverifikasi Administratif dan Faktual,2019-08-13
Jawa Pos,Cetak,-,-,PT. Jawa Pos Koran,Jawa Timur,-,,,,Terverifikasi Administratif dan Faktual,2019-08-13
Bali Post,Cetak,-,-,PT. Bali Post,Bali,-,,,,Terverifikasi Administratif dan Faktual,2019-08-13
JTV,Televisi,Abdul Rokhim,Abdul Rokhim,PT. Jawapos Media Televisi,Jawa Timur,"Gedung JTV, Kompleks Graha Pena, Jl. Ahmad Yani No. 88 Surabaya",0318202010,redaksi@jtv.co.id,https://portaljtv.com/,Terverifikasi Administratif dan Faktual,2019-08-13
Rmol.co,Siber,-,-,PT. Multimedia Rakyat Merdeka,DKI Jakarta,-,,,,Terverifikasi Administratif dan Faktual,2019-08-13
TVRI,Televisi,-,-,LPP TVRI,DKI Jakarta,-,,,,Terverifikasi Administratif dan Faktual,2019-08-13
SBO TV,Televisi,-,-,PT. Surabaya Media Televisi,Jawa Timur,-,,,,Terverifikasi Administratif dan Faktual,2019-08-13
RADAR JOGJA,Cetak,Kusno S Utomo,- Kusno S Utomo,PT. YOGYAKARTA INTERMEDIA PERS,DI Yogyakarta,"-Jl. Cendrawasih No 194 B, Manukan Condongcatur, Depok, Sleman, DI Yogyakarta",02744477784,radarjogja@gmail.com,radarjogja.jawapos.com,Terverifikasi Administratif dan Faktual,2019-08-13
Posmetro Indragiri,Cetak,Bustami Ramzi,-Bustami Ramzi,Indragiri Intergrafika Pers,Riau,JL. Soebrantas  RT. 005 / RW. 006 Kelurahan Tembilahan Hilir,082372596999,posmetroindragiri@gmail.com,-,Terverifikasi Administratif dan Faktual,2019-08-13
PEKANBARU MX (KORAN HARIAN),Cetak,-,-,PT. UTUSAN INTERGRAFIKA PERS,Riau,-,,,,Terverifikasi Administratif dan Faktual,2019-08-13
,"Cetak
Radio
Televisi
Siber",,,,,,,,,,
POS METRO MANDAU,Cetak,-,-,PT. MANDAU INTERGRAFIKA PERS,Riau,-,,,,Terverifikasi Administratif dan Faktual,2019-08-13
PEKANBARU POS,Cetak,-,-,PT. PEKANBARU POS INTERGRAFIKA,Riau,-,,,,Terverifikasi Administratif dan Faktual,2019-08-13
INFO RIAU,Cetak,-,-,PT.INFORIAU MEDIA UTAMA,Riau,-,,,,Terverifikasi Administratif dan Faktual,2019-08-13
RADAR PEKANBARU,Cetak,-,-,PT. RADAR INDONESIA PERS,Riau,-,,,,Terverifikasi Administratif dan Faktual,2019-08-13
KORAN MERAPI Pembaruan,Cetak,-,-,PT. BP KEDAULATAN RAKYAT,DI Yogyakarta,-,,,,Terverifikasi Administratif dan Faktual,2019-08-13
KORAN RIAU,Cetak,-,-,PT. GELORA MELAYU PERS,Riau,-,,,,Terverifikasi Administratif dan Faktual,2019-08-13
WARTA KOTA,Cetak,-,-,PT. METROGEMA MEDIA NUSANTARA,DKI Jakarta,-,,,,Terverifikasi Administratif dan Faktual,2019-08-13
SUPER BALL,Cetak,-,-,PT. INDOPERSDA PRIMAMEDIA,DKI Jakarta,-,,,,Terverifikasi Administratif dan Faktual,2019-08-13
INDONESIA SHANG BAO,Cetak,-,-,PT. AKSARA WARTA MANDIRI,DKI Jakarta,-,,,,Terverifikasi Administratif dan Faktual,2019-08-13
SURAT KABAR Harapan Rakyat,Cetak,-,-,PT. AKRIN MEDIA CEMERLANG,Jawa Barat,-,,,,Terverifikasi Administratif dan Faktual,2019-08-13
,"Cetak
Radio
Televisi
Siber",,,,,,,,,,
GATRA.COM,Siber,-,-,PT. ERA MULTIMEDIA INFORMASI,DKI Jakarta,-,,,,Terverifikasi Administratif dan Faktual,2019-08-13
AZAM,Cetak,-,-,YAYASAN PENA PUTRA RIAU PRESS,Riau,-,,,,Terverifikasi Administratif dan Faktual,2019-08-13
BUMN TRACK,Cetak,-,-,PT. MEDIASUARA SAKTI,DKI Jakarta,-,,,,Terverifikasi Administratif dan Faktual,2019-08-13
Tribun Batam,Cetak,Prawira Maulana,Prawira Maulana,Tribun Media Grafika,Kepulauan Riau,"Kompleks KCP Industrial Park, Jalan Kerapu, Tanjung Sengkuang, Batu Ampar, Batam, Kepulauan Riau",0778414326,tribunnewsbatam@gmail.com,tribunbatam.id,Terverifikasi Administratif dan Faktual,2019-08-13
WANITA INDONESIA,Cetak,-,-,PT. CITRA MEDIA PERSADA,DKI Jakarta,-,,,,Terverifikasi Administratif dan Faktual,2019-08-13
HARIAN KORAN JAKARTA,Cetak,-,-,PT. BERITA NUSANTARA,DKI Jakarta,-,,,,Terverifikasi Administratif dan Faktual,2019-08-13
HARIAN INDONESIA,Cetak,-,-,PT. EMAS INDONESIA DUARIBU,DKI Jakarta,-,,,,Terverifikasi Administratif dan Faktual,2019-08-13
MAJALAH SWA,Cetak,Kusnan MD,Kusnan MD,Swasembada Media Bisnis,DKI Jakarta,Jl Taman Tanah Abang III No. 23 Petojo Selatan Gambir,3523839,secretary.swa@swamail.com,https://swa.co.id,Terverifikasi Administratif dan Faktual,2019-08-13
RADAR LAMPUNG,Cetak,-,-,PT. WAHANA SEMESTA LAMPUNG,Lampung,-,,,,Terverifikasi Administratif dan Faktual,2019-08-13
Djaka Lodang,Cetak,-,-,PT. DJAKA LODANG PERS,DI Yogyakarta,-,,,,Terverifikasi Administratif dan Faktual,2019-08-13
,"Cetak
Radio
Televisi
Siber",,,,,,,,,,
SINARTANI,Cetak,-,-,PT. DUTA KARYA SWASTA,DKI Jakarta,-,,,,Terverifikasi Administratif dan Faktual,2019-08-13
RAKYAT RIAU,Cetak,-,-,PT. RAKYAT MEDIA PERS,Riau,-,,,,Terverifikasi Administratif dan Faktual,2019-08-13
BATAMTODAY.COM,Siber,-,-,PT. MEGA BATAM TODAY,Kepulauan Riau,-,,,,Terverifikasi Administratif dan Faktual,2019-08-13
RAKYAT KALBAR (HARIAN),Cetak,-,-,PT. SUARA KHATULISTIWA KALBAR,Kalimantan Barat,-,,,,Terverifikasi Administratif dan Faktual,2019-08-13
KUN DIAN RI BAO,Cetak,-,-,PT. SINAR CAHAYA PAGI,Kalimantan Barat,-,,,,Terverifikasi Administratif dan Faktual,2019-08-13
TRANS LAMPUNG,Cetak,-,-,PT. TRANS LAMPUNG PERS,Lampung,-,,,,Terverifikasi Administratif dan Faktual,2019-08-13
MALUT POST,Cetak,FAISAL DJALALUDDIN,FAISAL DJALALUDDIN,PT. TERNATE CEMERLANG,Maluku Utara,-,081355192859,birocenter@yahoo.com.sg,,Terverifikasi Administratif dan Faktual,2019-08-13
TANJUNG PINANG POS,Cetak,-,-,PT. BATAM INTERMEDIA POS,Kepulauan Riau,-,,,,Terverifikasi Administratif dan Faktual,2019-08-13
RADAR LEBONG,Cetak,-,-,PT. WAHANA SEMESTA RADAR UTARA,Bengkulu,-,,,,Terverifikasi Administratif dan Faktual,2019-08-13
RADAR SELATAN,Cetak,-,-,PT. WAHANA MANNA MEDIA SEJAHTERA,Bengkulu,-,,,,Terverifikasi Administratif dan Faktual,2019-08-13
,"Cetak
Radio
Televisi
Siber",,,,,,,,,,
KUPAS TUNTAS,Cetak,-,-,PT. YOBEL IRENE MEDIA,Lampung,-,,,,Terverifikasi Administratif dan Faktual,2019-08-13
RADAR UTARA (SURAT KABAR HARIAN),Cetak,-,-,PT. WAHANA SEMESTA RADAR UTARA,Bengkulu,-,,,,Terverifikasi Administratif dan Faktual,2019-08-13
RADAR MANADO,Cetak,-,-,PT. BITUNG CEMERLANG,Sulawesi Utara,-,,,,Terverifikasi Administratif dan Faktual,2019-08-13
LUWUK POST,Cetak,ROY TILAMEO,ROY TILAMEO,PT. LUWUK CEMERLANG,Sulawesi Tengah,JL. IMAM BONJOL NO. 04 KM. 03 LUWUK,0461325447,redaksi@luwukpost.id,ptluwukcemerlang@luwukpost.id,Terverifikasi Administratif dan Faktual,2019-08-13
POSMETRO PADANG,Cetak,-,-,PT. POS METRO PADANG PERS,Sumatera Barat,-,,,,Terverifikasi Administratif dan Faktual,2019-08-13
POSKO MANADO,Cetak,-,-,PT. MINAHASA CEMERLANG,Sulawesi Utara,-,,,,Terverifikasi Administratif dan Faktual,2019-08-13
RADAR SELUMA,Cetak,-,-,PT. WAHANNA MANNA MEDIA SEJAHTERA,Bengkulu,-,,,,Terverifikasi Administratif dan Faktual,2019-08-13
marwahkepri.com,Siber,Muhammad Natsid Tahar,Muhammad Natsid Tahar,Trinanda Anugrah Media,Kepulauan Riau,"Ruko Glory View II Blok C Nomor 10, RT 008 RW 004, Kelurahan Baloi Permai, Kecamatan Batam Kota",07784806376,marwahkepri37@gmail.com,www.marwahkepri.com,Terverifikasi Administratif dan Faktual,2019-08-13
LINTAS MEDIA,Cetak,-,-,PT. LINTAS SURYA PUTRI MANDIRI,Sumatera Barat,-,,,,Terverifikasi Administratif dan Faktual,2019-08-13
RADAR MUKOMUKO,Cetak,-,-,PT. WAHANA SEMESTA RADAR MUKO-MUKO,Bengkulu,-,,,,Terverifikasi Administratif dan Faktual,2019-08-13
,"Cetak
Radio
Televisi
Siber",,,,,,,,,,
RADAR KAUR,Cetak,-,-,PT. WAHANA MANNA MEDIA SEJAHTERA,Bengkulu,-,,,,Terverifikasi Administratif dan Faktual,2019-08-13
TABLOID BIDIK,Cetak,-,-,PT. BIDIK INDONESIA PERS,Riau,-,,,,Terverifikasi Administratif dan Faktual,2019-08-13
Kabar Priangan,Cetak,Arief Farihan Kamil,Arief Farihan Kamil,Berkah Pikiran Rakyat,Jawa Barat,Jl. Dr.Soekardjo No.70 RT 02 RW 09 Tawangsari Kecamatan Tawang,0265335300,sdmkp1999@gmail.com,kabarpriangan.pikiran-rakyat.com,Terverifikasi Administratif dan Faktual,2019-08-13
MEDAN POS,Cetak,-,-,PT. SINAR AGUNG BERDIKARI,Sumatera Utara,-,,,,Terverifikasi Administratif dan Faktual,2019-08-13
MINGGU PAGI,Cetak,-,-,PT. BP KEDAULATAN RAKYAT,DI Yogyakarta,-,,,,Terverifikasi Administratif dan Faktual,2019-08-13
Kabar Cirebon,Cetak,Muhammad Alif Santosa,Muhammad Alif Santosa,Berkah Pikiran Rakyat,Jawa Barat,Jalan Tanda Barat I No.25 RT 002 RW 006 Kel. Kebonbaru Kec. Kejaksan,8850378,kcnews155@gmail.com,www.kabarcirebon.com,Terverifikasi Administratif dan Faktual,2019-08-13
SUARA KITA,Cetak,-,-,PT. SUARA KITA MANDIRI,Sumatera Utara,-,,,,Terverifikasi Administratif dan Faktual,2019-08-13
Sumut 24,Cetak,RIANTO,AMRU LUBIS,MEDIA SUMUT 24 SUKSES,Sumatera Utara,JL. SEI BRANTAS NO 34 MEDAN SUNGGAL,06188814650,sumutduaempat@gmail.com,www.sumut24.co,Terverifikasi Administratif dan Faktual,2019-08-13
RADAR TANGGAMUS,Cetak,-,-,PT. WAHANA SEMESTA TANGGAMUS MEDIA,Lampung,-,,,,Terverifikasi Administratif dan Faktual,2019-08-13
JAMBI EKSPRES,Cetak,-,-,PT. WAHANA SEMESTA JAMBI,Jambi,-,,,,Terverifikasi Administratif dan Faktual,2019-08-13
,"Cetak
Radio
Televisi
Siber",,,,,,,,,,
TRIBUN JOGJA,Cetak,-,-,PT. MEDIA TRIBUN YOGYA,DI Yogyakarta,-,,,,Terverifikasi Administratif dan Faktual,2019-08-13
BONTANG POST,Cetak,-,-,PT. BONTANG LINTAS MEDIA,Kalimantan Timur,-,,,,Terverifikasi Administratif dan Faktual,2019-08-13
SAMARINDA POS,Cetak,Abdurahman Amin,Abdurahman Amin,PT. DUTA MEDIA KALTIM PRESS,Kalimantan Timur,"Komp Mahakam Square, Jalan Untung Suropati Blok B No.3, RT 10, Kel Karang Asam Ulu, Kec Sungia Kunjang",0541272000,saposian@gmail.com,https://www.sapos.co.id/,Terverifikasi Administratif dan Faktual,2019-08-13
BUNGO POS,Cetak,-,-,PT. WAHANA SEMESTA BUNGO,Jambi,-,,,,Terverifikasi Administratif dan Faktual,2019-08-13
RADAR SAMPIT,Cetak,-,-,PT. PUTRA SAMPIT PERDANA,Kalimantan Tengah,-,,,,Terverifikasi Administratif dan Faktual,2019-08-13
ANDALAS,Cetak,-,-,PT. STAR MEDIA INTERNUSA,Sumatera Utara,-,,,,Terverifikasi Administratif dan Faktual,2019-08-13
Manado Post,Cetak,Filip Timets Kapantow,Filip Timets Kapantow,PT. Wenangcemerlang Press,Sulawesi Utara,Gedung Graha Pena Jl. Babe Palar No. 62,08114351668,redaksi@manadopost.id,Manadopost.jawapos.com,Terverifikasi Administratif dan Faktual,2019-08-13
RAKYAT ACEH (HARIAN),Cetak,-,-,PT. ACEH INTERMEDIA PERS,Aceh,-,,,,Terverifikasi Administratif dan Faktual,2019-08-13
GORONTALO POST,Cetak,-,-,PT. GORONTALO CEMERLANG,Gorontalo,-,,,,Terverifikasi Administratif dan Faktual,2019-08-13
RADAR PAT PETULAI,Cetak,-,-,PT. WAHANA SEMESTA CURUP,Bengkulu,-,,,,Terverifikasi Administratif dan Faktual,2019-08-13
,"Cetak
Radio
Televisi
Siber",,,,,,,,,,
HARIAN ORBIT,Cetak,-,-,PT. SUARA BARISAN HIJAU,Sumatera Utara,-,,,,Terverifikasi Administratif dan Faktual,2019-08-13
RADAR METRO,Cetak,-,-,PT. INFO WAHANA SEMESTA,Lampung,-,,,,Terverifikasi Administratif dan Faktual,2019-08-13
RAKYAT BENTENG,Cetak,-,-,PT. WAHANA SEMESTA RADAR KOTA,Bengkulu,-,,,,Terverifikasi Administratif dan Faktual,2019-08-13
KALTARA POS,Cetak,-,-,PT. KALTARA MEDIA PRESS,Kalimantan Utara,-,,,,Terverifikasi Administratif dan Faktual,2019-08-13
CUMICUMI.COM,Siber,-,-,PT. INDIGO DIGITAL MARKETING,DKI Jakarta,-,,,,Terverifikasi Administratif dan Faktual,2019-08-13
BINTANG.COM,Siber,-,-,PT. BINTANG DOT COM,DKI Jakarta,-,,,,Terverifikasi Administratif dan Faktual,2019-08-13
uzone.id,Siber,Trisno Heriyanto,Trisno Heriyanto,Metra-net,DKI Jakarta,"Mulia Business Park, Jl. Letjen M.T. Haryono No Kavling 58-60 Building / Bangunan J, RT.2/RW.2, Kelurahan Pancoran, Kecamatan Pancoran",02179187250,redaksi@uzone.id,www.uzone.id,Terverifikasi Administratif dan Faktual,2019-08-13
BISNIS.COM,Siber,-,-,PT. NAVIGATOR INFORMASI SIBERMEDIA,DKI Jakarta,-,,,,Terverifikasi Administratif dan Faktual,2019-08-13
NETRALNEWS.COM,Siber,-,-,PT. NETRAL KONTINENTAL MEDIA,DKI Jakarta,-,,,,Terverifikasi Administratif dan Faktual,2019-08-13
RIAUTERKINI.COM,Siber,-,-,PT. RIAU TERKINI UTAMA,Riau,-,,,,Terverifikasi Administratif dan Faktual,2019-08-13
,"Cetak
Radio
Televisi
Siber",,,,,,,,,,
RIAUMANDIRI.CO,Siber,-,-,PT. MEDIA RIAU MANDIRI,Riau,-,,,,Terverifikasi Administratif dan Faktual,2019-08-13
BERAZAM.COM,Siber,-,-,PT. PUTRA ANAK AZAM MANDIRI PERS,Riau,-,,,,Terverifikasi Administratif dan Faktual,2019-08-13
NEWS24XX.COM,Cetak,-,-,PT. CITRA MEDIA LANGIT,Riau,-,,,,Terverifikasi Administratif dan Faktual,2019-08-13
PONTIANAK POST,Cetak,-,-,PT. AKCAYA UTAMA PRESS,Kalimantan Barat,-,,,,Terverifikasi Administratif dan Faktual,2019-08-13
News Hanter Online,Cetak,-,-,PT. PILIANG PERDANA MEDIA,Sumatera Selatan,-,,,,Terverifikasi Administratif dan Faktual,2019-08-13
JURNALSUMATRA.COM,Siber,-,-,PT. JURNAL SUMATRA TERAS JAYA MEDIA,Sumatera Selatan,-,,,,Terverifikasi Administratif dan Faktual,2019-08-13
TV 9 Nusantara,Televisi,RENA FITRIA PARASAWATI,RENA FITRIA PARASAWATI,PT. Dakwah Inti Media,Jawa Timur,"Jl. Raya Darmo No 96, Kecamatan Wonokromo, Kelurahan Darmo, RW 2, RT 4, Kota Surabaya",0315620999,tv9.berita@gmail.com,http://tv9.co.id/,Terverifikasi Administratif dan Faktual,2019-08-13
WAWASAN,Cetak,-,-,PT.SARANA PARIWARA SEMARANG,Jawa Tengah,-,,,,Terverifikasi Administratif dan Faktual,2019-08-13
TV INSPIRASI KITO,Televisi,-,-,PT. JAMBI EKSPRES TELEVISI,Jambi,-,,,,Terverifikasi Administratif dan Faktual,2019-08-13
KABAR MAKASSAR,Cetak,-,-,PT. KABAR GRUP INDONESIA,Sulawesi Selatan,-,,,,Terverifikasi Administratif dan Faktual,2019-08-13
,"Cetak
Radio
Televisi
Siber",,,,,,,,,,
Kalsel Pos,Cetak,-,-,PT. SINAR INSAN MEDIA,Kalimantan Selatan,-,,,,Terverifikasi Administratif dan Faktual,2019-08-13
BANJARMASIN POST,Cetak,-,-,PT. GRAFIKA WANGI KALIMANTAN,Kalimantan Selatan,-,,,,Terverifikasi Administratif dan Faktual,2019-08-13
METRO7,Cetak,-,-,PT. SURYA ALAM SAKTI MANDIRI,Kalimantan Selatan,-,,,,Terverifikasi Administratif dan Faktual,2019-08-13
METRO BANJAR,Cetak,-,-,PT. CAHAYA MEDIA ADITAMA,Kalimantan Selatan,-,,,,Terverifikasi Administratif dan Faktual,2019-08-13
Rakyat Kalbar,Cetak,-,-,PT. Kapuas Media Utama Press,Kalimantan Barat,-,,,,Terverifikasi Administratif dan Faktual,2019-08-13
SULUT DAILY.COM,Siber,-,-,PT. DRIEF GLOBAL MEDIA,Sulawesi Utara,-,,,,Terverifikasi Administratif dan Faktual,2019-08-13
DETIKKAWANUA.COM,Siber,-,-,PT. MEDIA SAHABAT RAKYAT,Sulawesi Utara,-,,,,Terverifikasi Administratif dan Faktual,2019-08-13
BERITAMANDO.COM,Siber,-,-,PT. BARITA MANADO COMMUNICATION,Sulawesi Utara,-,,,,Terverifikasi Administratif dan Faktual,2019-08-13
MANADONEWS,Cetak,-,-,PT. MEDIA SULUT GLOBAL,Sulawesi Utara,-,,,,Terverifikasi Administratif dan Faktual,2019-08-13
METROJAMBI.COM,Siber,-,-,PT. METRO JAMBI DIGITAL,Jambi,-,,,,Terverifikasi Administratif dan Faktual,2019-08-13
,"Cetak
Radio
Televisi
Siber",,,,,,,,,,
Radar Bengkulu,Cetak,-,-,PT. Wahana Semesta Radar Kota Bengkulu,Bengkulu,-,,,,Terverifikasi Administratif dan Faktual,2019-08-13
RADAR SORONG,Cetak,-,-,PT. SORONG MEDIA UTAMA,Papua Barat,-,,,,Terverifikasi Administratif dan Faktual,2019-08-13
lintaslampung.com,Siber,Ahmad Novriwan Ismail,Ahmad Novriwan Ismail,Lintas Lampung Jaya,Lampung,"JL. Perum Glora Persada Blok H/10 LK II Rajayabasa Raya, Rajabasa Bandar Lampung",082181662932,lintaslampungjaya26@gmail.com,www.lintaslampung.com,Terverifikasi Administratif dan Faktual,2019-08-13
PELITAEKSPRES.COM,Siber,-,-,PT. RAWAS INDO MEDIA,Lampung,-,,,,Terverifikasi Administratif dan Faktual,2019-08-13
Minangsatu.com,Siber,Heranof Firdaus,Heranof Firdaus,Gemilang Minangsatu Pers,Sumatera Barat,"Komplek Karya Rei Blok C no 27, Korong Gadang, Kecamatan Kuranji",08126764539,adsminangsatu@gmail.com,www.minangsatu.com,Terverifikasi Administratif dan Faktual,2019-08-13
COVESIA.COM,Siber,-,-,PT. COVESIA MEDIA SIBER,Sumatera Barat,-,,,,Terverifikasi Administratif dan Faktual,2019-08-13
HALUAN KEPRI (HARIAN),Cetak,-,-,PT. KEPRI SIJORI MANDIRI,Kepulauan Riau,-,,,,Terverifikasi Administratif dan Faktual,2019-08-13
LWI POS,Cetak,-,-,PT. SKM LWI POS,Sumatera Utara,-,,,,Terverifikasi Administratif dan Faktual,2019-08-13
Pinterpolitik.com,Siber,Gatot Eko Cahyono,Gatot Eko Cahyono,Media Pintar Kreasi,DKI Jakarta,"Jl. Aditiawarman No. 43, Kel. Selong, Kec. Kebayoran Baru - Jakarta Selatan 12110",0217221773,redaksi@pinterpolitik.com,www.pinterpolitik.com,Terverifikasi Administratif dan Faktual,2019-08-13
Tirto.id,Siber,Rachmadin Ismail,Rachmadin Ismail,Tujuh Cahaya Sentosa,DKI Jakarta,"Jl. H. Saidi V No.2, RT.2/RW.2, Cipete Selatan, Kec. Cilandak",02127841852,redaksi@tirto.id,www.tirto.id,Terverifikasi Administratif dan Faktual,2019-08-13
,"Cetak
Radio
Televisi
Siber",,,,,,,,,,
Suara Pemred,Cetak,-,-,PT. SUARA KATULISTIWA KALBAR,Kalimantan Barat,-,,,,Terverifikasi Administratif dan Faktual,2019-08-13
CWM Channel,Televisi,-,-,PT. CENDRAWASIH WIPUTRA MANDIRI,Papua Barat,-,,,,Terverifikasi Administratif dan Faktual,2019-08-13
Jurnal Sumatra,Cetak,-,-,PT. TERAS JAYA JURNAL SUMATERA,Sumatera Selatan,-,,,,Terverifikasi Administratif dan Faktual,2019-08-13
TIMESINDONESIA.co.id,Siber,-,-,PT. DAWAI CITRA SEMESTA,Jawa Timur,-,,,,Terverifikasi Administratif dan Faktual,2019-08-13
Bengkulu Ekpres,Cetak,-,-,PT. MEDIA BENGKULU EKSPRESS,Bengkulu,-,,,,Terverifikasi Administratif dan Faktual,2019-08-13
SUARAMERDEKA.COM,Siber,Setiawan Hendra Kelana,Setiawan Hendra Kelana,Media Merdeka Network,Jawa Tengah,"Jalan Pleburan Raya No. 3 RT 008 RW 03, Pleburan, Semarang Selatan",085179772907,sumerdotcom@gmail.com,www.suaramerdeka.com,Terverifikasi Administratif dan Faktual,2019-08-13
BUNAKEN.CO.ID,Siber,-,-,PT. TATA INDO CYBER,Sulawesi Utara,-,,,,Terverifikasi Administratif dan Faktual,2019-08-13
MANADOTERKINI.COM,Siber,-,-,PT. MANADO TERKINI CEMERLANG,Sulawesi Utara,-,,,,Terverifikasi Administratif dan Faktual,2019-08-13
MANADONEWS.co.id,Siber,-,-,PT. MEDIA SULUT GLOBAL,Sulawesi Utara,-,,,,Terverifikasi Administratif dan Faktual,2019-08-13
Tribun Jambi,Cetak,YOSO MULIAWAN,YOSO MULIAWAN,PT. JAMBI MEDIA GRAFIKA,Jambi,JL. PROF. M. YAMIN SH NO. 6 RT.32 KEL. LEBAK BANDUNG KEC. JELUTUNG KOTA JAMBI,07417555004,REDAKSI.TRIBUNJAMBI@GMAIL.COM,https://jambi.tribunnews.com/,Terverifikasi Administratif dan Faktual,2019-08-13
,"Cetak
Radio
Televisi
Siber",,,,,,,,,,
Tribunjambi.com,Siber,-,-,PT. JAMBI MEDIA GRAFIKA,Jambi,-,,,,Terverifikasi Administratif dan Faktual,2019-08-13
MAKASSARTERKINI.ID,Siber,-,-,PT. MAKASSAR INDONESIA,Sulawesi Selatan,-,,,,Terverifikasi Administratif dan Faktual,2019-08-13
FAJAR TV,Televisi,Muhammad Yusuf  AR,Muhammad Yusuf AR,PT. FAJAR MAKASSAR TELEVISI,Sulawesi Selatan,Gedung Graha Pena Lt.2 Jl.Urip Somoharjo No.20 Makassar-,0411443556,gudangnaskah.redaksitv@gmail.com,,Terverifikasi Administratif dan Faktual,2019-08-13
MAMUJUPOS.COM,Siber,-,-,PT. MITRA MAMUJU POS,Sulawesi Barat,-,,,,Terverifikasi Administratif dan Faktual,2019-08-13
MANAKARRA TV,Televisi,-,-,PT. MANAKARRA TELEVISI,Sulawesi Barat,-,,,,Terverifikasi Administratif dan Faktual,2019-08-13
MEDIAKEPRI.CO.ID,Siber,-,-,PT. MEDIA KEPRI SIBER SEJAHTERA,Kepulauan Riau,-,,,,Terverifikasi Administratif dan Faktual,2019-08-13
SUARA MUHAMMADIYAH,Cetak,-,-,YAYASAN PENERBIT PERS SUARA MUHAMMADIYAH,DI Yogyakarta,-,,,,Terverifikasi Administratif dan Faktual,2019-08-13
Sergap.id,Siber,-,-,PT. GARFIKA PENA TURETORO,Nusa Tenggara Timur,-,,,,Terverifikasi Administratif dan Faktual,2019-08-13
NTTONLINE.COM,Siber,-,-,PT. MEDIA UTAMA GRUP,Nusa Tenggara Timur,-,,,,Terverifikasi Administratif dan Faktual,2019-08-13
Gosumut.com,Siber,-,-,PT. GUDANG INFORMASI SUMATERA UTARA,Sumatera Utara,-,,,,Terverifikasi Administratif dan Faktual,2019-08-13
,"Cetak
Radio
Televisi
Siber",,,,,,,,,,
Tabloid IMAJI,Cetak,-,-,PT. PENTA MEDIA GRAFIKA,Sumatera Utara,-,,,,Terverifikasi Administratif dan Faktual,2019-08-13
SKM FAKTUAL,Cetak,-,-,PT. FAKTUAL BERITA,Lampung,-,,,,Terverifikasi Administratif dan Faktual,2019-08-13
Harian Momentum,Cetak,-,-,PT. MOMENTUM MATA PENA,Lampung,-,,,,Terverifikasi Administratif dan Faktual,2019-08-13
Palangka Ekspres,Cetak,Vinsensius G.L,Vinsensius G.L,Palangka Ekspres,Kalimantan Tengah,JL.Adonis samad no 5 (Depan perumahan griya jati ujung) RT 6 / RW 8 Kelurahan Ppanarung Kecamatan Pahandut,081255445224,palangka.ekspres@gmail.com,,Terverifikasi Administratif dan Faktual,2019-08-13
Suara.com,Siber,Suwarjono,Suwarjono,PT. Arkadia Media Nusantara,DKI Jakarta,"Jl. Palmerah Utara No.46, RT.2/RW.6, Palmerah, Kec. Palmerah, Jakarta Barat, 11480",02150101239,redaksi@suara.com,https://www.suara.com/,Terverifikasi Administratif dan Faktual,2019-08-13
TA Radio 103.5 FM,Radio,-,-,PT. Swara Terang Abadi,Jawa Tengah,-,,,,Terverifikasi Administratif dan Faktual,2019-08-13
tribunnews.com,Siber,-,-,PT. Tribun Digital Online,DKI Jakarta,-,,,,Terverifikasi Administratif dan Faktual,2019-08-13
Tangerang Ekspres,Cetak,-,-,PT. Wahana Semesta Tangerang,Banten,-,,,,Terverifikasi Administratif dan Faktual,2019-08-13
Majalah Berita Teras,Cetak,-,-,PT. Teras Inti Media,Banten,-,,,,Terverifikasi Administratif dan Faktual,2019-08-13
Radar Sulteng,Cetak,-,-,PT. Radar Sulteng Membangun,Sulawesi Tengah,-,,,,Terverifikasi Administratif dan Faktual,2019-08-13
,"Cetak
Radio
Televisi
Siber",,,,,,,,,,
tabloidjubi.com,Cetak,-,-,PT. Jujur Bicara Papua,Papua,-,,,,Terverifikasi Administratif dan Faktual,2019-08-13
Mercusuar,Cetak,Tasman Banto,Tasman Banto,Media Suara Rakyat,Sulawesi Tengah,Jl. Yos Sudarso No. 33 Palu,0451423479,mercu_red@yahoo.co.id,,Terverifikasi Administratif dan Faktual,2019-08-13
Obsession News,Cetak,-,-,PT. Kelompok Media Obsesi,DKI Jakarta,-,,,,Terverifikasi Administratif dan Faktual,2019-08-13
Dream.co.id,Siber,-,-,PT. Dream Bahagia Indonesia,DKI Jakarta,-,,,,Terverifikasi Administratif dan Faktual,2019-08-13
Indotimur.com,Cetak,-,-,PT. Indo Timur Media,Maluku Utara,-,,,,Terverifikasi Administratif dan Faktual,2019-08-13
Sulbar Ekspres,Cetak,-,-,PT. Sulawesi Barat Ekspres,Sulawesi Barat,-,,,,Terverifikasi Administratif dan Faktual,2019-08-13
Radar Sulbar,Cetak,-,-,PT. Radar Sulawesi Barat,Sulawesi Barat,-,,,,Terverifikasi Administratif dan Faktual,2019-08-13
FajarBali news,Cetak,-,-,PT. Artha Media Fajar Bali Utama Press,Bali,-,,,,Terverifikasi Administratif dan Faktual,2019-08-13
Net TV,Televisi,-,-,PT. Netmediatama Televisi,DKI Jakarta,-,,,,Terverifikasi Administratif dan Faktual,2019-08-13
JAKTV,Televisi,-,-,PT. Danapati Abinaya Investama,DKI Jakarta,-,,,,Terverifikasi Administratif dan Faktual,2019-08-13
,"Cetak
Radio
Televisi
Siber",,,,,,,,,,
Ipotnews,Siber,Dwi Tri Waluyo,DRS Redemptus Benny Novianto,PT. Indo Premier News,DKI Jakarta,"Pacific Century Place 16/F SCBD Lot 10, Jl. Jend. Sudirman Kav. 52-53",02150887200,"redaksi@ipotnews.com, red.ipotnews@gmail.com","https://ipotnews.com, atau indopremier.com/ipotnews/",Terverifikasi Administratif dan Faktual,2019-08-13
Kumparan,Siber,-,-,PT. Kumparan Harapan Baru,DKI Jakarta,-,,,,Terverifikasi Administratif dan Faktual,2019-08-13
WartaEkonomi.co.id,Siber,-,-,PT. Obor Sarana Utama,DKI Jakarta,-,,,,Terverifikasi Administratif dan Faktual,2019-08-13
Radar Bekasi,Cetak,-,-,PT. Bekasi Ekspres Media,Jawa Barat,-,,,,Terverifikasi Administratif dan Faktual,2019-08-13
Fajar Cirebon,Cetak,-,-,PT. Bakti Juang Charuban,Jawa Barat,-,,,,Terverifikasi Administratif dan Faktual,2019-08-13
Rakyat Cirebon,Cetak,-,-,PT. Wahana Semesta Rakyat Cirebon,Jawa Barat,-,,,,Terverifikasi Administratif dan Faktual,2019-08-13
Radar Cirebon,Cetak,-,-,PT. Wahana Semesta Cirebon,Jawa Barat,-,,,,Terverifikasi Administratif dan Faktual,2019-08-13
RCTV,Televisi,-,-,PT. Wahana Televisi Cirebon,Jawa Barat,-,,,,Terverifikasi Administratif dan Faktual,2019-08-13
Babel Review,Cetak,-,-,PT. Media Pariwisata Indonesia,Kepulauan Bangka Belitung,-,,,,Terverifikasi Administratif dan Faktual,2019-08-13
SUMATERAPOST.CO,Siber,AHMAD BASTARI,AHMAD BASTARI,PT. Cakrawala Media Informasi,Lampung,"Jalan H. Aminta No. 42 Kelurahan Tanjung Gading, Kecamatan Kedamaian, Kota Bandarlampung.",081383103699,sumaterapostweb@gmail.com,https://sumaterapost.co/,Terverifikasi Administratif dan Faktual,2019-08-13
,"Cetak
Radio
Televisi
Siber",,,,,,,,,,
bisnisbandung.com,Siber,H. Us Tiarsa R.,H. Us Tiarsa R.,Satria Naradha Pers,Jawa Barat,Jl. Pacuan Kuda No 63 Arcamanik,0227213862,redaksi@bisnisbandung.com,Bisnisbandung.com,Terverifikasi Administratif dan Faktual,2019-08-13
Serambi Indonesia,Cetak,-,-,PT. Aceh Media Grafika,Aceh,-,,,,Terverifikasi Administratif dan Faktual,2019-08-13
Prohaba,Cetak,-,-,PT. Aceh Media Grafika,Aceh,-,,,,Terverifikasi Administratif dan Faktual,2019-08-13
TangerangOnline.id,Siber,JUMAEDI AHCMAD ABDULLAH,JUMAEDI AHCMAD ABDULLAH,PT. Banten Media Sejahtera,Banten,"Komplek Ruko Cendana Residence, Kelurahan Serua, Kecamatan Ciputat, Kota Tangerang Selatan",085320518265,redaksi@tangerangonline.id,https://tangerangonline.id/,Terverifikasi Administratif dan Faktual,2019-08-13
Ngopibareng.id,Siber,-,-,PT. Generasi Baru Digital Media,Jawa Timur,-,,,,Terverifikasi Administratif dan Faktual,2019-08-13
Kabarbangka.com,Siber,-,-,PT. Bangka Media Center,Kepulauan Bangka Belitung,-,,,,Terverifikasi Administratif dan Faktual,2019-08-13
Nusantaraterkini.com,Siber,-,-,PT. Media Kabar Nusantara Online,Bengkulu,-,,,,Terverifikasi Administratif dan Faktual,2019-08-13
jambidaily.com,Siber,-,-,PT. Asri Mediarta Perkasa,Jambi,-,,,,Terverifikasi Administratif dan Faktual,2019-08-13
Galamedia,Cetak,-,-,PT. Galamedia Bandung Perkasa,Jawa Barat,-,,,,Terverifikasi Administratif dan Faktual,2019-08-13
Tribun Jabar,Cetak,-,-,PT. Bandung Media Grafika,Jawa Barat,-,,,,Terverifikasi Administratif dan Faktual,2019-08-13
,"Cetak
Radio
Televisi
Siber",,,,,,,,,,
Sinar Indonesia Baru,Cetak,-,-,PT. Sinar Indonesia Baru,Sumatera Utara,-,,,,Terverifikasi Administratif dan Faktual,2019-08-13
Metro 24,Cetak,-,-,PT. Sumatera Jaya Media,Sumatera Utara,-,,,,Terverifikasi Administratif dan Faktual,2019-08-13
Radar Malang,Cetak,-,-,PT. Malang Intermedia Pers,Jawa Timur,-,,,,Terverifikasi Administratif dan Faktual,2019-08-13
Buton Pos,Cetak,-,-,PT. Radar Buton,Sulawesi Tenggara,-,,,,Terverifikasi Administratif dan Faktual,2019-08-13
beritagar.id,Siber,-,-,PT. Lintas Cipta Media,DKI Jakarta,-,,,,Terverifikasi Administratif dan Faktual,2019-08-13
lampung1.com,Siber,ZAINI,-EKO ARIF YULIANTO,PT. Lampung Raya Indonesia,Lampung,Jl. Malahayati No.88 Teluk Betung,082177550004,Redaksi.lampung1@gmail.com,,Terverifikasi Administratif dan Faktual,2019-08-13
Rakyat Merdeka,Cetak,-,-,PT. Rakyat Media Pratama,DKI Jakarta,-,,,,Terverifikasi Administratif dan Faktual,2019-08-13
betuahpos.com,Siber,-,-,PT. Citra Media Bertuah,Riau,-,,,,Terverifikasi Administratif dan Faktual,2019-08-13
Inilah Koran,Cetak,-,-,PT. Inilah Media Jabar,Jawa Barat,-,,,,Terverifikasi Administratif dan Faktual,2019-08-13
garudadaily.com,Siber,-,-,PT. Garuda Journalism Bengkulu,Bengkulu,-,,,,Terverifikasi Administratif dan Faktual,2019-08-13
,"Cetak
Radio
Televisi
Siber",,,,,,,,,,
Tribun Bali,Cetak,-,-,PT. Bali Media Grafika,Bali,-,,,,Terverifikasi Administratif dan Faktual,2019-08-13
Modus Aceh,Cetak,-,-,PT. Agsha Media Mandiri,Aceh,-,,,,Terverifikasi Administratif dan Faktual,2019-08-13
Bengkulu News,Cetak,-,-,PT. Dani Swara Karya,Bengkulu,-,,,,Terverifikasi Administratif dan Faktual,2019-08-13
balipuspanews.com,Siber,-,-,PT. Bali Puspa Com,Bali,-,,,,Terverifikasi Administratif dan Faktual,2019-08-13
Sulteng Raya,Cetak,Irwan,Irwan,Trimedia Sulteng Mandiri,Sulawesi Tengah,"Jl. Rusa No. 36, Kelurahan Talise, Kecamatan Mantikulore",4514012441,sultengraya7th@gmail.com,sultengraya.com,Terverifikasi Administratif dan Faktual,2019-08-13
Ujungpandang Ekspres,Cetak,-,-,PT. Ujung Pandang Press Intermedia,Sulawesi Selatan,-,,,,Terverifikasi Administratif dan Faktual,2019-08-13
beritabali.com,Siber,I Putu Putra Setiawan,I Putu Putra Setiawan,PT. Berita Bali Media,Bali,JL. RAYA KESAMBI BTN KESAMBI BARU NO.A-12 KEROBOKAN KUTA UTARA BADUNG,082339697744,beritabalicom@gmail.com,www.beritabali.com,Terverifikasi Administratif dan Faktual,2019-08-13
sijorikepri.com,Siber,-,-,PT. Sijori Kepri Press Media,Kepulauan Riau,-,,,,Terverifikasi Administratif dan Faktual,2019-08-13
koranindonesia.id,Siber,-,-,PT. media Berlian Sumatera,Sumatera Selatan,-,,,,Terverifikasi Administratif dan Faktual,2019-08-13
fornews.co,Siber,-,-,PT. Sentral Informasi Berdaya,Sumatera Selatan,-,,,,Terverifikasi Administratif dan Faktual,2019-08-13
,"Cetak
Radio
Televisi
Siber",,,,,,,,,,
kba.one,Siber,-,-,PT. Kantor Berita Aceh,Aceh,-,,,,Terverifikasi Administratif dan Faktual,2019-08-13
Fajarasumbar.com,Siber,-,-,PT. Fajar Sumbar Mandiri,Sumatera Barat,-,,,,Terverifikasi Administratif dan Faktual,2019-08-13
detik.com,Siber,Alfito Deannova Ginting,Alfito Deannova Ginting,PT. Trans Digital Media,DKI Jakarta,"Gedung Transmedia Lt.8, Jl.  Kapten Pierre Tendean Kav.12-14A, Mampang Prapatan, Jakarta Selatan",02179187722,redaksi@detik.com,www.detik.com,Terverifikasi Administratif dan Faktual,2019-08-13
Women's Obsession,Cetak,-,-,PT. Citra Media Obsesi,DKI Jakarta,-,,,,Terverifikasi Administratif dan Faktual,2019-08-13
Men's Obsession,Cetak,-,-,PT. Obsesi Media Pria,DKI Jakarta,-,,,,Terverifikasi Administratif dan Faktual,2019-08-13
Rakyat Media,Cetak,-,-,PT. Rakyat Media Pratama,Kepulauan Riau,-,,,,Terverifikasi Administratif dan Faktual,2019-08-13
Kompas,Cetak,-,-,PT. Kompas Media Nusantara,DKI Jakarta,-,,,,Terverifikasi Administratif dan Faktual,2019-08-13
batampos.co.id,Siber,Tunggul Manurung,Tunggul Manurung,Batam Multimedia Korporindo,Kepulauan Riau,"Komplek Orchard Walk Blok H No. 1, Batam Center",0778460000,online@batampos.co.id,batampos.co.id,Terverifikasi Administratif dan Faktual,2019-08-12
Rakyat Merdeka,Cetak,Ricky Handayani,Ricky Handayani,pt,DKI Jakarta,"Gedung Graha Pena Lt. 9 Jl. Raya Kebayoran Lama  No. 12, Jakarta Selatan 12210",(021) 53699507,redaksi.rakyatmerdeka@gmail.com,www.rakyatmerdekaonline.com,Terverifikasi Administrasi dan Faktual,2019-08-09
Republika,Cetak,Irfan Junaidi,Irfan Junaidi,pt,DKI Jakarta,"Jl. Warung Buncit Raya No. 37, Jakarat 12510",(021) 7803747,sekretariat@republika.co.id,www.republika.co.id,Terverifikasi Administrasi dan Faktual,2019-08-09
,"Cetak
Radio
Televisi
Siber",,,,,,,,,,
Tirto.id,Siber,,,PT,DKI Jakarta,"Jl. Kemang Timur Raya No.63 B, Bangka, Mampang Prapatan, Jakarta Selatan",(021) 22707925,redaksi@tirto.id,www.tirto.id,Terverifikasi Administrasi dan Faktual,2019-08-06
beritamerdekaonline.com,Siber,Musda Morri,Musda Morri,pt,Bengkulu,"Jl. Gang remaja No.38, RT.02, RW.01 Kelurahan Pasar Ujung, Kecamatan Kepahiang, Kabupaten Kepahiang,",082376455155-082326033526,b.merdekamandiri@gmail.com,www.beritamerdekaonline.com,Terverifikasi Administrasi dan Faktual,2019-08-05
RB TV,Televisi,,,PT,Bengkulu,Jl. P. Natadirja No. 69 Kelurahan Jalan Gedang Kota Bengkulu,(0376) 346771,R6tvdaerah@gmail.com,http://www.rbtv.co.id/,Terverifikasi Administrasi dan Faktual,2019-08-05
kabarbatam.com,Siber,Anwar Sadat Guna,Anwar Sadat Guna,PT BATAM CAKRAWALA MEDIA,Kepulauan Riau,"Perumahan Rose Point
Blok A Nomor 2A, Bida Asri 2
Jl. Raja Ali Kelana, Kota Batam Provinsi Kepulauan Riau",081372022799,redaksi.kabarbatamnews@gmail.com,www.kabarbatam.com,Terverifikasi Administratif dan Faktual,2019-08-02
lenterasultra.com,Siber,Milwan,Sitti Marlina,PT. Kumparan Insan Media,Sulawesi Tenggara,"Jalan Balaikota Nomor 31 Belakang Rumah Jabatan Gubernur Sulawesi Tenggara, Kelurahan Mandonga, Kecamatan Mandonga, Kota Kendari Sulawesi Tenggara",04013417509/HP 081341655508,redaksilentera29@gmail.com,redaksilentera29@gmail.com,Terverifikasi Administratif dan Faktual,2019-08-02
Sultra TV,Televisi,La Ode Diada Nebansi,La Ode Diada Nebansi,SUTRA TELEVISI KENDARI,Sulawesi Tenggara,jl. Malik Raya No. 50 Graha Pena Kendari,08114032091,sultratv2018@gmail.com,sultratv.com,Terverifikasi Administratif,2019-08-02
TribunJabar.id,Siber,Adi Sasono,Adi Sasono,Bandung Media Grafika,Jawa Barat,"Jalan Sekelimus Utara No. 2-4 Kelurahan Batununggal, Kecamatan Bandung Kidul",0227530666,tribunjabar@gmail.com,https://jabar.tribunnews.com/,Terverifikasi Administratif dan Faktual,2019-08-02
Rakyat Sultra,Cetak,"H. ABDUL HALIQ, SE",DRS. IDUL AMIR,KENDARI EKSPRESS,Sulawesi Tenggara,"Jl. Syech Yusuf No. 20 Mandonga, Kendari, Sulawesi Tenggara 93111",0401-3128346/ 081355471473,pt.kendariekspres@gmail.com,www.rakyatsultra.com,Terverifikasi Administratif dan Faktual,2019-08-02
mediajambi.com,Siber,Fitriani Ulinda,Fitriani Ulinda,Media Jambi Barokah,Jambi,"Jl. Cut Mutia No 6 Kelurahan Raja Wali, Jambi Timur, Kota Jambi, Provinsi Jambi",08127455324,maas.kebunjeruk@gmail.com,mediajambi.com,Terverifikasi Administratif,2019-08-02
Pilarbangsanews.com,Siber,Gusfen Khairul,Gusfen Khairul,Pilar utama Caniago,Sumatera Barat,"Simpang Kampung Pinang, Nagari IV Koto Hilir Kecamatan Batang Kapas Sumbar",081374367263,yuharziyunus75@gmail.com,Https/www.pilarbangsanews.com,Terverifikasi Administratif,2019-08-02
,"Cetak
Radio
Televisi
Siber",,,,,,,,,,
SultraKini.com,Siber,M Djufri Rachim,M Djufri Rachim,Sultra Media Utama,Sulawesi Tenggara,"Jl. Kedondong No.88-H Anduonohu Kendari, Sulawesi Tenggara. E-mail: office@sultrakini.com dan frirac@gmail.com",08114091933,frirac@gmail.com,www.sultrakini.com,Terverifikasi Administratif dan Faktual,2019-08-02
Batam Pos,Cetak,,,PT,Kepulauan Riau,"Gedung Graha Pena Batam Lt. 2 Jl. Raya Batam Centre, Batam - 29461",(0778) 460000,redaksi@batampos.co.id,www.batampos.co.id,Terverifikasi Administrasi dan Faktual,2019-08-02
Lintas Media,Cetak,,,PT,Sumatera Barat,"Komp. Pelana Indah Blok D No. 11, Pampangan Lubuk Begalung, Padang, 25227","0812 6768 832,",lintasmedia_padang@yahoo.com,,Terverifikasi Administrasi dan Faktual,2019-08-02
sumselupdate.com,Siber,Edwar Heryadi,Edwar Heryadi,pt,Sumatera Selatan,"Jl. Sukabangun 2, Lorong Kaur, RT 63 RW 09, Kelurahan Sukajaya, Kecamatan Sukarami, Kota Palembang",+62 823-7100-1910,redaksi@sumselupdate.com,www.sumselupdate.com,Terverifikasi Administrasi dan Faktual,2019-08-02
Koranindonesia.id,Siber,A. ARDIANSYAH,A. ARDIANSYAH,pt,Sumatera Selatan,"Jln. Hokky Blok. D No.6 Kampus POM IX Palembang, Sumatera Selatan",0711- 5734268,koranindonesia99@gmail.com,www.Koranindonesia.id,Terverifikasi Administrasi dan Faktual,2019-08-02
Jaya Pos,Cetak,Toni Limbong,Toni Limbong,Media Cipta Jaya Selaras,DKI Jakarta,Jl Komplek Depag Blok G2 No.83 RT.012 RW.003 Kel. Kedaung Kaliangke,23095745,harianjayapos@yahoo.co.id,www.harianjayapos.com,Terverifikasi Administratif,2019-08-01
Rotasi,Cetak,,,PT,Sumatera Selatan,"Jl. Jend. A, Yani, Kel. 9/10 Ulu Lrg Bahagia RT. 2/1, No. 36, Palembang 30251",085273133337,majalahrotasi@yahoo.com,,Terverifikasi Administrasi dan Faktual,2019-08-01
sulutdaily.com,Siber,,,PT,Sulawesi Utara,Jl. Lestari 2 Lingkungan X Kelurahan Malalayang Satu Kecamatan Malalayang. Manado,085397933391,redaksi.sulutdaily@gmail.com,www.sulutdaily.com,Terverifikasi Administrasi dan Faktual,2019-08-01
Law-Justice.co,Siber,ROY TUMPAL P,ROY TUMPAL P,Media Keadilan Sejahtera,DKI Jakarta,"Graha Cevril, Jl. Senopati Raya No. 6-A Kebayoran Baru, Jakarta Selatan",(021) 22770243,lawjus.ticecosiber@gmail.com,law-justice.co,Terverifikasi Administratif dan Faktual,2019-07-22
Fajar TV,Televisi,,,PT,Sulawesi Selatan,"Gedung Graha Pena Lantai.2 Makasar 
Jl. Urip Sumoharjo No.20",0411438847,,,Terverifikasi Administrasi dan Faktual,2019-07-22
,"Cetak
Radio
Televisi
Siber",,,,,,,,,,
japos.co,Siber,Toni Limbong,Toni Limbong,Media CIpta Jaya Selaras,DKI Jakarta,Jl Komplek Depag Blok G 2 No.83 rt.012 rw.003 Kel. Kedaung Kaliangke Jakarta Barat,23095745,japos@yahoo.com,www.japos.co,Terverifikasi Administratif,2019-07-15
riaukarya.com,Siber,Elpi Alkhairi,Elpi Alkhairi,ARKA SAKTI MEDIA,Riau,"Jalan Batu Canai, Kel. Pematang Reba, Kec. Rengat Barat, Kab. Indragiri Hulu, Prov Riau.",085274460742,riaukarya01@gmail.com,https://riaukarya.com/,Terverifikasi Administratif,2019-07-11
Sulteng Raya,Cetak,Temu Sutrisno,Temu Sutrisno,pt,Sulawesi Tengah,Jln. Rusa no.36,(0451)4012445,sultengraya@gmail.com,,Terverifikasi Administrasi dan Faktual,2019-07-10
Detak.media,Siber,Alamsyah,Alamsyah,Gemilang Indah Madani,Kepulauan Riau,"Jl. Raja Haji Fisabilillah KM 8 Atas, 
No.8 Kelurahan Sei Jang, Kecamatan Bukit Bestari 
Kota Tanjungpinang, Provinsi Kepulauan Riau
Email: redaksi.detakmedia@gmail.com",081275643974,media.detak@gmail.com,www.detak.media,Terverifikasi Administratif,2019-07-09
tribun-bali.com,Siber,Sunarko,Sunarko,PT. Bali Media Grafika,Bali,"JL. Prof DR Ida Bagus Mantra No. 88A, Ketewel, Gianyar - Bali",+62361 290086,narkosurya@gmail.com,www.tribun-bali.com,Terverifikasi Administratif dan Faktual,2019-07-04
LIDIKNUSANTARA.COM,Siber,AZLI RAIS ANDUSPIL,RANDY WARDANA,CIPTA MEDIA PRATAMA,Kepulauan Riau,"JALAN RAHMAN HAKIM GG. MERAPAS  NO 1 SEI JANG, KELURAHAN SEI JANG, KECAMATAN BUKIT BESTARI
KOTA TANJUNGPINANG-PROVINSI KEPRI",0813 7202 8496 / 0821 6704 535,lidiknusantararedaksi@gmail.com,www.lidiknusantara.com,Terverifikasi Administratif,2019-07-02
Jambiupdate.co,Siber,Pirma Satria,Pirma Satria,Jambi Today Online,Jambi,Graha Pena Jambi Ekspres Lt. 3Jl Kapt. Pattimura No. 35 Kenali Besar Jambi,08127491798,jambiupdatecom@gmail.com,jambiupdate.co,Terverifikasi Administratif dan Faktual,2019-07-01
The8news.com,Siber,erni novianti,Erni Novianti,PT Lima Pandya Bersaudara,Sumatera Selatan,Jalan puncak sekuning lrg swadaya rt 57/13 no 4914 campus Palembang,081366670201,redaksi.the8@gmail.com,Www//the8news.com//,Terverifikasi Administratif,2019-07-01
Dayak Pos,Cetak,"Limson Dedy,  SH","Limson Dedy,  SH",PT.  Dayak Kalteng Sejahtera Pers,Kalimantan Tengah,"Jl.  R. A.  Kartini Nomor 17 Palangka Raya,  Kalteng 73111",05363225156,dayakpos1@gmail.com,mediadayakonline.co.id,Terverifikasi Administratif dan Faktual,2019-07-01
AJNN.net,Siber,Fauji Yudha,Muhammad Nazar Ahadi,pt,Aceh,"Jln. T Hasan Dek, Lorong D, Gampong Beurawe, Kecamatan Kuta Alam, Banda Aceh, 23124",0651-6300572,ajnn.net@gmail.com,www.ajnn.net,Terverifikasi Administrasi dan Faktual,2019-07-01
,"Cetak
Radio
Televisi
Siber",,,,,,,,,,
KBA.one,Siber,Azhari Bahrul,Azhari Bahrul,pt,Aceh,"Jalan Dr Mr Moh Hasan, Nomor 99, Batoh, Banda Aceh",0651 6301285 / 081263108002,redaksi.kba@gmail.com,http://KBA.one Email : redaksi.kba@gmail.com,Terverifikasi Administrasi dan Faktual,2019-07-01
Borneonews.co.id,Siber,Ediya Moralia,Ediya Moralia,pt,Kalimantan Tengah,"Jl. Pangeran Antasari No. 40 Pangkalan Bun, Kalimantan Tengah",(0532) 28818,redaksi@borneonews.co.id,http://borneonews.co.id,Terverifikasi Administrasi dan Faktual,2019-07-01
potretnusantara.id,Siber,Ernis P Hutabarat,Ernis P Hutabarat,MKbicara Media Publisher,Kepulauan Riau,"Perumahan GHI Blok D 04, Kelurahan Tebing, Kecamatan Tebing, Kabupaten Karimun, Kepulauan Riau",0812 7788 5557,potretdaftar69@gmail.com,https://potretnusantara.id/,Terverifikasi Administratif,2019-06-24
Nagara,Cetak,A. Edison Nainggolan,Taufik Alwie,Bakti Perdana Nusantara,Banten,Premier Park 2 Blok AB No 6 Modernland Tangerang - 15117,021-29671688,indra688@yahoo.com,www.nagara.id,Terverifikasi Administratif,2019-06-24
Majalah Detak Media,Cetak,Alamsyah,Alamsyah,Karya Gutama Sukses,Kepulauan Riau,"Jl. Durian No 15, Kelurahan Sei Jang, Kecamatan Bukit Bestari, Kota Tanjungpinang - Kepulauan Riau",081275643974,majalah.detakmedia@gmail.com,detak.media,Terverifikasi Administratif,2019-06-24
Beritamusi.co.id,Siber,ROMI MARADONA,RACHMATUL AKBAR,PT MUSI INTERMEDIA SUMATERA,Sumatera Selatan,"Jalan Sukakarya KM.8, Nomor 2215 Sukarami Palembang, Sumatera-Selatan",081373723397,romimaradona@gmail.com,www.beritamusi.co.id,Terverifikasi Administratif dan Faktual,2019-06-21
mattanews.co,Siber,Ardhy Fitriansyah,Ardhy Fitriansyah,Matta Media Mandiri,Sumatera Selatan,Jl. Cendana II Rt 047 Rw. 011Kel. Lorong Pakjo Kec. Ilir Barat I  Kota Palembang,082176736733,mattanewsco@gmail.com,www.mattanews.co,Terverifikasi Administratif dan Faktual,2019-06-21
JARRAKPOS.com,Siber,I Putu Suasta,Ida Bagus Alit Sumertha,PT. JARRAK POS,Bali,"Jalan Danau Tempe No.30, Desa Sanur Kauh, Denpasar Selatan, Denpasar - Bali",0361 - 4481522,jarrakpers@gmail.com,www.jarrakpos.com,Terverifikasi Administratif dan Faktual,2019-06-21
Tribun Bali,Cetak,Sunarko,Sunarko,pt,Bali,"Jl. Prof. Dr. Ida Bagus Mantra No. 88A, Ketewel, Gianyar, Bali","(0361)290086, (0361)292208",redaksi.tribunbali@gmail.com,tribun-bali.com,Terverifikasi Administrasi dan Faktual,2019-06-21
beritajatim.com,Siber,,,PT,Jawa Timur,"Jl. Ciliwung No. 65, Surabaya 60241",(031) 566 7326,beritajatim@gmail.com,www.beritajatim.com,Terverifikasi Administrasi dan Faktual,2019-06-18
,"Cetak
Radio
Televisi
Siber",,,,,,,,,,
Rakyatku.com,Siber,Subhan,Subhan,PT.Lintas media intermedia,Sulawesi Selatan,Jalan Pelita 2 no 2. Makassar,0411-427847,,WWW.Rakyatku.com,Terverifikasi Administratif dan Faktual,2019-06-17
Metrosidik.co.id,Siber,FITRA HADI,"FITRAHADI, S.H",MEDIA CENDIKIA ANAMBAS,Kepulauan Riau,Jl.Teluk Buluh RT 002 RW 004 Desa Tarempa Timur Kecamatan Siantan,082268304133,metrosidik@gmail.com,https://metrosidik.co.id/,Terverifikasi Administratif,2019-06-17
lintasmerah.com,Siber,Elka Mabela,Elka Mabela,Adiba Jaya Media,Lampung,"Jalan Lintas Sumatra Nomor 60 Kampung Terbanggi Besar, Kecamatan Terbanggi Besar Kabupaten Lampung Tengah, Lampung, 34165",0852 8297 8792- 081367002153,lintasmerah@yahoo.com,www.lintasmerah.com,Terverifikasi Administratif,2019-06-17
demokrasibabel.com,Siber,M. Amin Soelthon,M. Amin Soelthon,Affer Media Perkasa,Kepulauan Bangka Belitung,"Jl. Kenali Asam No. 375 RT 009 RW 003 Kelurahan Pintu Air, Kecamatan Rangkui, Kota Pangkalpinang, Provinsi Kepulauan Bangka Belitung",082186295599,tryantara@gmail.com,www.demokrasibabel.com,Terverifikasi Administratif,2019-06-17
kompas.com,Siber,xx,Wisnu Nugroho,pt,DKI Jakarta,"Gedung Kompas Gramedia, Unit II Lt. 5 Jl. Palmerah Selatan No. 22 – 28
Jakarta",021-5350577,,www.kompas.com,Terverifikasi Administrasi dan Faktual,2019-06-17
pelitasumatera.com,Siber,Leo Mura,H. Ocktaf Riadi,PT KOMERING PELITA HARAPAN,Sumatera Selatan,JALAN MACAN KUMBANG III.A NOMOR 4560 KELURAHAN DEMANG LEBAR DAUN KECAMATAN ILIR BARAT I PALEMBANG SUMATERA SELATAN,081927272525,pelitasumatera@gmail.com,Pelitasumatera.com,Terverifikasi Administratif,2019-06-14
Riaulink.com,Siber,Safari Ar Riziq,Safari Ar Riziq,Media Riau Link,Riau,"Jalan Sapta Marga, Gg. Madrasah Tembilahan Hulu, Inhil, Riau",08126781770,hermanmuhammadsyah2@gmail.com,http://riaulink.com/,Terverifikasi Administratif,2019-06-10
Lintas Merah,Cetak,Elka Mabela,Elka Mabela,Adiba Jaya Media,Lampung,"Jalan Lintas Sumatra Dusun II Rt02/ 05, Nomor 60 Kampung Terbanggi Besar , Kecamatan Terbanggi Besar",0852 8297 8792- 081367002153,lintasmerah01@gmail.com,www.lintasmerah.com,Terverifikasi Administratif,2019-06-10
klikampera.com,Siber,Firdaus Komar,Firdaus Komar,PT MUSI ONLINE MEDIA,Sumatera Selatan,"Jalan Sultan M Mansyur, No. 13, RT 15, RW 07, Kelurahan 32 Ilir, Kecamatan Ilir Barat II, Palembang",081310001451,sosmed.umpalembang@gmail.com,www.klikampera.com,Terverifikasi Administratif,2019-05-27
Presmedia.id,Siber,Charles Sitompul,Charles Sitompul,Jebat Media Persada,Kepulauan Riau,"Komplek Bintan Center, Ruko Lantai II Jalan, D.I.Panjaitan No.58, Air Raja, Kecamatan Tanjungpinang Timur",085366655332,redaksi.presmed@gmail.com,presmedia.id,Terverifikasi Administratif,2019-05-27
,"Cetak
Radio
Televisi
Siber",,,,,,,,,,
jabarnews.com,Siber,Riana Afriadi,H Agus Hermawan,PT JABAR MEDIA NET,Jawa Barat,Ruko Pasar Modern Blok RD No.31 Komplek Batununggal Indah Kota Bandung Jawa Barat,+628161614141,redaksi@jabarnews.com,www.jabarnews.com,Terverifikasi Administratif dan Faktual,2019-05-14
Suarakalbar.co.id,Siber,Kundori,Kundori,PT.Suara Media Online,Kalimantan Barat,Jalan Pangeran Cinata Gg.Arjuna Desa Raja Rt.014/RW.003 Kec.Ngabang Kab. Landak,081345067774,kundori1980@gmail.com,www.suarakalbar.co.id,Terverifikasi Administratif dan Faktual,2019-05-13
Harian Rakyat Gorontalo,Cetak,sahril rasid S sos,sahril rasid S sos,PT Gorontalo Cemerlang Press,Gorontalo,Jl Jhon Ario Katilie No 110 Kelurahan Paguyaman Kec Kota Tengah Provinsi Gorontalo.,823801,sahrilril@yahoo.com,radargorontalo.com,Terverifikasi Administratif dan Faktual,2019-05-13
inilahkoran.id,Siber,Ghiok Riswoto,Ghiok Riswoto,Inilah Media Jabar,Jawa Barat,"Jalan Dr Djunjunan No.167 RT 02/RW 02 Kelurahan Husein Sastranegara, Kecamatan Cicendo",081224479222,inilahtan@gmail.com,www.inilahkoran.id,Terverifikasi Administratif dan Faktual,2019-05-13
Inilah Koran,Cetak,Zulfirman Tanjung,Zulfirman Tanjung,,Jawa Barat,Jalan Terusan Pasteur no 167 Kel Huseinsastranegara Kec cicendo Bandung 40174,(022) 6127793,inilahkoran@inilah.com,www.inilahkoran.com,Terverifikasi Administrasi dan Faktual,2019-05-13
garudadaily.com,Siber,Doni Supardi,Doni Supardi,pt,Bengkulu,Jl. Raya Nomor 009 RT 016 RW 006 Kelurahan Lingkar Timur Kecamatan Singaran Pati Kota Bengkulu,0822 800 99 789,,www.garudadaily.com Email : garudadaily@gmail.com,Terverifikasi Administrasi dan Faktual,2019-05-13
Sergaponline.com,Siber,Bowonaso Laia,Bowonaso Laia,Danny Abi Pers,Riau,JL.. Sekolah Perum Tunggal Perkasa Permai Blok E. No. 29RT/RW 003/017 Tenayan Raya,085274236663,restytel844@gmail.com,www.sergaponline.com,Terverifikasi Administratif,2019-05-07
Anambas Pos,Cetak,Asril Masbah,Asril Masbah,Anambas Pos Pandu Media,Kepulauan Riau,"Jl. Tanjung No. 22 Tarempa, Kabupaten Kepulauan Anambas",082385529546,redaksianambaspos@gmail.com,anambaspos.com,Terverifikasi Administratif,2019-05-07
Pariamantoday.com,Siber,Ikhlas Bakri,Ikhlas Bakri,Pariaman Green Multimedia,Sumatera Barat,"Jl. Cut Nya Dien, Perum Jati Raya Indah, Tahap III, Jati Hilir Pariaman Tengah, Kota Pariaman",0821 6990 9098,pariaman.news@yahoo.co.id,www.pariamantoday.com,Terverifikasi Administratif dan Faktual,2019-04-15
Riaulantang.com,Siber,Susi Yanti,Susi Yanti,Riaulantang Multimedia,Riau,"Jalan Sudirman no 8 Simpang Pokok Jengkol Duri, Bengkalis, Riau",08127611406,riaulantang@gmail.com,www.riaulantang.com,Terverifikasi Administratif,2019-04-15
,"Cetak
Radio
Televisi
Siber",,,,,,,,,,
Harian Medinas Lampung,Cetak,Maswantobi,Maswantobi,PT MEDINAS JAYA PERKASA,Lampung,"Jalan Bukit Jati Perum Bukit Kemiling Permai  Blok N No. 54, Bandar Lampung",081279131331,redaksimedinaslampung@gmail.com,Medinaslampungnews.co.id,Terverifikasi Administratif dan Faktual,2019-04-15
SUMSELNEWS.CO.ID,Siber,Andrian Pratama,Rudi Hartono,Sahabat Media Sumsel,Sumatera Selatan,Jalan AKBP HM AMIN Lr kepala Kampung No.638 RT 8 Kel. 18 Ilir,081271769990,iklan.sumselnews@gmail.com,www.sumselnews.co.id,Terverifikasi Administratif,2019-04-15
Tabloid Berita Editor,Cetak,Rhian D'Kincai,Yurnaldi,PT EDITOR MULTI MEDIA,Sumatera Barat,"Jl. Bukittinggi 3 No. 292 Siteba, Kota Padang",+6281266181223,tabloidberitaeditor@yahoo.com,,Terverifikasi Administratif,2019-04-15
Bualbual.com,Siber,Khairul,RAMLI AGUS,Media Bualbualdotcom Indonesia,Riau,Jl. Geriliya Gg. Sulawesi 2 No 3B Tembilahan Hulu Kec Tembilahan Hulu Kab Inhil Riau,085295555485,bualbualdotcom@gmail.com,www.bualbual.com,Terverifikasi Administratif,2019-04-15
Transmediariau.com,Siber,Khairul S.Sos,Yulianus Halawa,TRANS MEDIA RIAU NUSANTARA,Riau,"Jl. Griliya Tembilahan Hulu Inhil Riau

Kota Tembilahan, Riau. 29213",081283302583,Redaksitransmediariau@gmail.com,www.transmediariau.com,Terverifikasi Administratif,2019-04-15
Tribun Jogja,Cetak,,,PT,Daerah Istimewa Jogjakarta,Jl. Jenderal Sudirman No. 52  RT. 03/01 Kel. Kotabaru Kec. Gondokusuman DIY 55224,(0274) 557687,tribunjogja@gmail.com,www.tribunjogja.com,Terverifikasi Administrasi dan Faktual,2019-04-14
bertuahpos.com,Siber,JUNAIDI,JUNAIDI,PT CITRA MEDIA BERTUAH,Riau,JL. MANGGA 41 B PEKANBARU,0811753750,bertuahpos@gmail.com,www.bertuahpos.com,Terverifikasi Administratif dan Faktual,2019-04-12
laraspostonline.com,Siber,C. HERRY SL,SUGIARTO,LARAST PENA NUSA INDAH PERS,DKI Jakarta,"Jl. Raya Pagelarang No 39, Kelurahan Setu, Kecamatan Cipayung, Kota Jakarta Timur",(021) 84978735,koranlarastpost@gmail.com,www.laraspostonline.com,Terverifikasi Administratif dan Faktual,2019-04-12
Beritakini.co,Siber,DADANG HERYANTO,DADANG HERYANTO,PT BERITAKINI INSAN MEDIA,Aceh,"JL. KEBUN RAJA, LR. H YAHYA, NOMOR 22, LAM GLUMPANG, ULEE KARENG, BANDA ACEH, PROVINSI ACEH",0651 73-15-590 | 085260306792,beritakini.co@gmail.com,WWW.BERITAKINI.CO,Terverifikasi Administratif dan Faktual,2019-04-12
Beritaterbit.com,Siber,Hery Gunawan,Hery Gunawan,Media Ridho Rizky,Bengkulu,Jalan Kalibrantas No 02 RT 09 RW 03 Kelurahan Padang Harapan Kecamatan Gading Cempaka,085268595999,beritaterbitbetter@gmail.com,https://www.beritaterbit.com/,Terverifikasi Administratif dan Faktual,2019-04-12
,"Cetak
Radio
Televisi
Siber",,,,,,,,,,
Palangka Ekspres,Cetak,,,PT,Kalimantan Tengah,"Jl. Cilik Riwut Km. 2,5 PalangkaRaya Kalimantan Tengah",(0536) 3226215,palangka_ekspres@yahoo.com,-,Terverifikasi Administrasi dan Faktual,2019-04-12
Palangka Post,Cetak,,,PT,Kalimantan Tengah,"Jl. G. Obos No. 30, Kav. 1-2, Palangka Raya",(0536) 3238025,hrd_ppost@yahoo.co.id,,Terverifikasi Administrasi dan Faktual,2019-04-12
lampung1.com,Siber,Juniardi,Juniardi,pt,Lampung,"Jl. Raya Way Ratay, Perum Suka Jaya Darat, Blok G 23 Lempasing, Pesawaran",0721-4002016,redaksi.lampung1@gmail.com,www.lampung1.com,Terverifikasi Administrasi dan Faktual,2019-04-12
Majalah Info Kepri,Cetak,Morina Riau,Morina Riau,Media Info Kepri,Kepulauan Riau,"Jl. Pompa Air No. 07 Km. 2, Kota Tanjungpinang",+62852-7208-7599,infokepriqu@gmail.com,,Terverifikasi Administratif,2019-04-11
Independen9.com,Siber,Khairul Jasmi,Aci Indrawadi,PT. Independen Media Definsa,Sumatera Barat,"Jalan Aur Duri Indah 1 No.9, Kelurahan Parak Gadang Timur, Kecamatan Padang Timur, Kota Padang",0751-34597,redaksiindependen9@gmail.com,www.independen9.com,Terverifikasi Administratif,2019-04-11
Radar Satu,Cetak,Ambok Akok,Ambok Akok,Niko Media Mandiri,Kepulauan Riau,"Jalan Raja Haji Fisabilillah, RT 6/RW 9 No.8, Kelurahan Sei Jang, Kecamatan Bukit Bestari Kilometer 8 atas Kota Tanjungpinang, Provinsi Kepri Depan Hotel CK Tanjungpinang.",082284588827,radarsatucom@gmail.com,www.radarsatu.com,Terverifikasi Administratif,2019-04-10
Gerbang Sumatera 88,Cetak,AGUS S. HARDONO,AGUS S HARDONO,PT AGUNG MEDIA BERJAYA,Lampung,"JL. KAPTEN MUSTOPA GG SEPAKAT RT. 002 RW. 002 KEL. TANJUNG SENANG, KEC. KOTABUMI SELATAN, KABUPATEN LAMPUNG UTARA",082181048080 / 0724 3293696,gerbangsumatera88@gmail.com,www.gerbangsumatera88co.id,Terverifikasi Administratif,2019-04-01
klikpositif.com,Siber,Andika D Khagen,Andika D Khagen,Klikpositif Media Siber,Sumatera Barat,"Jl. Raya Indarung, Padang, Sumbar Gdg Serba Guna PT. Semen Padang Lt II",075174999,redaksiklikpositif@gmail.com,www.klikpositif.com,Terverifikasi Administratif dan Faktual,2019-03-29
jodanews.com,Siber,Jon Heri Mardin,Jon Heri Mardin,Joda Media Utama,Sumatera Selatan,Jl.Beliton No.3 Kel.26 Ilir D.1 Kec 1B I Palembang,0711-5730078,jodanewsonline@gmail.com,www.jodanews.com,Terverifikasi Administratif dan Faktual,2019-03-29
Barometerrakyat.com,Siber,Sutana,Sutana,Siva Realitas Madani,Kepulauan Riau,"Alamat Redaksi : Perum. Jala Bestari Blok. C1 No. 4, RT.005/RW.001 Kelurahan Batu 9, Kecamatan Tanjungpinang Timur,Kota Tanjungpinang Kepulauan Riau",0813-7260-0030,redbarometerrakyat@gmail.com,https://barometerrakyat.com/,Terverifikasi Administratif,2019-03-29
,"Cetak
Radio
Televisi
Siber",,,,,,,,,,
www.kabargemilangkepri.com,Siber,Rosita,Deni Mariwawo,PT KABAR GEMILANG KEPRI,Kepulauan Riau,"Alamat : Jalan Yos Sudarso No. 63 Tanjungpinang, Kepulauan Riau – Indonesia. Telp : 0771-318637. Email : kgkepri@gmail.com",0771-318637,kgkepri@gmail.com,www.kabargemilangkepri.com,Terverifikasi Administratif,2019-03-21
Poros Kepri,Cetak,Dody Gusman,Dody Gusman,Gerbang Kepri Adi Jaya,Kepulauan Riau,"Jl. Transito, Perum Transito No. A6 
Kecamatan Tanjungpinang Timur, Kota Tanjungpinang - Provinsi Kepri",0852-7208-3179,redaksiporoskepri@gmail.com,www.poroskepri.com,Terverifikasi Administratif,2019-03-21
LEADERNUSANTARA.COM,Siber,SUDIRMAN,SUDIRMAN,LEADER MEDIA GROUP,Kepulauan Riau,"JL. Rahman Hakim GG Marapas No 1 Perum Seijang Kelurahan Seijang, Kecamatan Bukit Bestari, Kota Tanjungpinang, Provinsi Kepulauan Riau, Indonesia.",081372223435 / 08127557735,pinangtoday@gmail.com,https://www.leadernusantara.com/,Terverifikasi Administratif,2019-03-21
bulletinjournalist.com,Siber,Lesman Bangun,Irzan,Media Cahaya Grup,Sumatera Selatan,"Jl. Telaga Kembang Rt.07/Rw.02 Kelurahan Handayani Mulya, Kecamatan Talang Ubi, Kabupaten Penukal Abab Lematang Ilir (PALI) - Sumsel, 31211",0812 7182 5411 - 0853 8297 983,Irzanjayapos@gmail.com,www.bulletinjournalist.com,Terverifikasi Administratif,2019-03-21
Lampukuning.id,Siber,Raden Beni Hidayat,Mukhtadi Putra Nusa,PT Raja Media Siginjai,Jambi,"Jl.Diponegoro No.09 Kelurahan Pasir Putih, Kecamatan Rimbo Tengah, Kabupaten Bungo - Provinsi Jambi",(0747) 321522,lampukuning.id@gmail.com,www.lampukuning.id,Terverifikasi Administratif,2019-03-21
kordanews.com,Siber,"H. Ocktap Riady, S.H","H. Ocktap Riady, S.H",Futura Media Digital,Sumatera Selatan,Jalan Cut Nyak Dien No 44 RT 039/13 Keluarahan 30 Ilir   Kecamatan Ilir Barat I Kota Palembang,085368817882,,http://kordanews.com,Terverifikasi Administratif dan Faktual,2019-03-20
Harian Warta Banten,Cetak,H Harsono Raharjo,Suyatno,PT Warta Banten Media,Banten,Jl. Peintis Kemerdekaan II Komplek Perkantoran Cikokol Kota Tangerang Provinsi Banten,021 55798647,wbtangsel@gmail.com,wartabanten.id,Terverifikasi Administratif dan Faktual,2019-03-18
sijorikepri.com,Siber,Muhammad Amin SE,Muhammad Amin SE,pt,Kepulauan Riau,Jl. DI Panjaitan KM 9 – Komplek Ruko Bintan Centre Blok D53 Kota Tanjungpinang – Provinsi Kepri,07714440099,redaksi.sijorikepri@gmail.com,,Terverifikasi Administrasi dan Faktual,2019-03-18
inforakyat.com,Siber,Sunarto Butar Butar,Sunarto Butar Butar,Info Rakyat Kepri,Kepulauan Riau,Perumahan dutama paragon blok d 17 km 14 ganet kecamatan tanjungpinang timur provinsi kepulauan riau,081270310376,email.inforakyat@gmail.com,www.inforakyat.com,Terverifikasi Administratif,2019-03-14
Prioritas.co.id,Siber,Partogi Angkola Pakpahan,Davit Segara,Media Prioritas Indonesia,Kepulauan Riau,"Jl.Usman Harun No.29 Lantai 2 Kota Tanjungpinang, Provinsi Kepri",085348344482,www.prioritas.co.id@gmail.com,prioritas.co.id,Terverifikasi Administratif,2019-03-14
,"Cetak
Radio
Televisi
Siber",,,,,,,,,,
Posko Malut,Cetak,Farizal Magrib,Farizal Magrib,Nur Jaurah Pres,Maluku Utara,Jln Delima Kelurahaan Toboko.. Samping Kantor Lurah Toboko Kota Ternate Selatan,0813-4213-0777,,,Terverifikasi Administratif dan Faktual,2019-03-14
Radar Tarakan,Cetak,,,PT,Kalimantan Timur,,,,,Terverifikasi Administrasi dan Faktual,2019-03-09
Pelitakepri.com,Siber,Dody Gusman,Dody Gusman,Sinar Pelita Media,Kepulauan Riau,"Jl. WR. Supratman, Ruko Graha Indonusa Permai Blok C No 18 (Lantai 2) RT 003 / RW 001 Kelurahan Air Raja, Kecamatan Tanjungpinang Timur, Kota Tanjungpinang",081339664931,redpelitakepri@gmail.com,https://www.pelitakepri.com/,Terverifikasi Administratif,2019-03-06
Putra Kepri,Cetak,Dedi,Dedi,Cakrawala Delisa Mandiri,Kepulauan Riau,"Jl. Bhayangkara 51 A, Kota Tanjungpinang, Provinsi Kepri 29113",+62 852-0064-0064,putrakepri999@gmail.com,putrakepri.com,Terverifikasi Administratif,2019-03-01
www.sidaknews.com,Siber,Ega Nugraha,Ega Nugraha,Media Sidak Indonesia,Kepulauan Riau,Jl.Usman Harun No.29 Tanjungpinang – Provinsi Kepri,0811699929,mediasidaknews@gmail.com,www.sidaknews.com,Terverifikasi Administratif,2019-03-01
Bijaknews.com,Siber,Eko Ardy Nugraha,Eko Ardy Nugraha,PT. RANAH MEDIA SEJAHTERA,Sumatera Barat,"Jl. Belitung No.13 Wisma Warta, Ulak Karang Utara",081319277977,rizkimarkiano@yahoo.com,www.bijaknews.com,Terverifikasi Administratif,2019-03-01
Wartaekonomi.co.id,Siber,Muhamad Ihsan,Muhamad Ihsan,pt,DKI Jakarta,"Gedung Graha Anugrah Lt. 9 Jl. Raya Pasar Minggu No. 17A, Jakarta Selatan",(021) 3153731,redaksi@wartaekonomi.com,www.wartaekonomi.co.id,Terverifikasi Administrasi dan Faktual,2019-03-01
KEPRI.INFO,Siber,M Danu Januar,M Danu Januar,pt,Kepulauan Riau,"Jl. Raja Haji Fisabilillah No 15
Kota Tanjungpinang, Kepulauan Riau",081378366366,kepri.info@gmail.com,kepri.info,Terverifikasi Administrasi,2019-03-01
kendari pos,Cetak,IRWAN ZAINUDDIN,ARIFUDDIN MANGKA,PT MEDIA KITA SEJAHTERA,Sulawesi Tenggara,JL. MALIK RAYA N0.50 KENDARI - SULAWESI TENGGARA,04013126513,aser34@gmail.com,,Terverifikasi Administratif dan Faktual,2019-02-26
bengkuluinteraktif.com,Siber,Ogi Mansyah,Ogi Mansyah,Interaktif Media Siber,Bengkulu,"Jln. Serayu No 15, RT. 011, RW. 003, Kelurahan Padang Harapan, Kecamatan Gading Cempaka",085268724987,bengkuluinteraktif@gmail.com,https://www.bengkuluinteraktif.com/,Terverifikasi Administratif dan Faktual,2019-02-26
,"Cetak
Radio
Televisi
Siber",,,,,,,,,,
Koran Memo,Cetak,Sihono HT,Sihono HT,Memo Kediri Sejahtera,Jawa Timur,Jln. Tosaren II Nomor 145 Kota Kediri,0354-693855,kedirimemo@gmail.com,koranmemo.id,Terverifikasi Administratif dan Faktual,2019-02-26
Potretnews.com,Siber,Mario Abdillah Khair,Mario Abdillah Khair,Potret Citra Media,Riau,"Kompleks Family Residence 2 Blok G/15, Jalan Pesantren Kelurahan Pebatuan, Kecamatan Kulim, Kota Pekanbaru, Provinsi Riau-28286",081365220021,potretnews2006@gmail.com,www.potretnews.com,Terverifikasi Administratif dan Faktual,2019-02-26
hariankepri.com,Siber,ARGA PERMADI,TAUFIK A HABU,pt,Kepulauan Riau,"RUKO PINANG MAS RESIDANCE BLOK A NO.3A JL RH FISABILILLAH
TANJUNGPINANG",085356991669,hariankepri@yahoo.com,www.hariankepri.com,Terverifikasi Administrasi dan Faktual,2019-02-26
Radar Malang,Cetak,Abdul Muntholib,Abdul Muntholib,pt,Jawa Timur,Jl. Kawi 11 B Malang,0341-348638,redaksiradarmalang@gmail.com,www.radarmalang.id,Terverifikasi Administrasi dan Faktual,2019-02-26
Bangka Pos,Cetak,Ibnu Taufik Juwarianto,Ibnu Taufik Juwarianto,pt,Kepulauan Bangka Belitung,"Jl. K.H. Abdurachman Siddik No. IB, Pangkal Pinang, Bangka Belitung","(0717) 437084,",redaksi@bangkapost.com,www.bangkapos.com,Terverifikasi Administrasi dan Faktual,2019-02-26
Buton Pos,Cetak,Irwansyah Amunu,Irwansyah Amunu,pt,Sulawesi Tenggara,"Jl. Jipanjonga No. 29 Buton, Sulawesi Tenggara",0402-2826686,butonpos01@gmail.com,www.butonpos.com,Terverifikasi Administrasi dan Faktual,2019-02-26
beritagar.id,Siber,Yusro M. Santoso,Yusro M. Santoso,pt,DKI Jakarta,Jl. Jatibaru No. 28 Jakarta Pusat 10160,021-3514123,redaksi@beritagar.id,www.beritagar.id,Terverifikasi Administrasi dan Faktual,2019-02-26
mamujupos.com,Siber,"Herman Mochtar, S.sos","Herman Mochtar, S.sos",pt,Sulawesi Barat,"Jl. Pengayoman Mamuju, Sulawesi Barat, 91511",(0426) 2323416,redaksi@mamujupos.com,www.mamujupos.com,Terverifikasi Administrasi dan Faktual,2019-02-26
Metro 24,Cetak,Indra Gunawan,Indra Gunawan,pt,Sumatera Utara,"Jl. Paduan Tenaga No.2,Kota Medan, Sumatera Utara","061 4207 3033, 085371118648",redaksimetro24@gmail.com,www.metro24.co,Terverifikasi Administrasi dan Faktual,2019-02-26
Majalah Perisai,Cetak,Abdul Hamid,Abdul Hamid,PERISAI MEDIA KEPRI,Kepulauan Riau,Alamat : Jln. Wiratno No. 8 Tanjungpinang Provinsi Kepulauan Riau,08127002789,majalah.perisai@gmail.com,,Terverifikasi Administratif,2019-02-25
,"Cetak
Radio
Televisi
Siber",,,,,,,,,,
LIDIKNEWS.CO.ID,Siber,AZLI RAIS ANDUSPIL,AZLI RAIS ANDUSPIL,GRAND CIPTA MEDIA ABADI,Kepulauan Riau,"Jalan Rahman Hakim Gg, Marapas No 1, Kelurahan Sei Jang,
Kecamatan Bukit Bestari, Kota Tanjungpinang- Provinsi Kepri",081372028496 / 082169589908,wardanarandy08@gmail.com,https://www.lidiknews.co.id/,Terverifikasi Administratif,2019-02-25
Surabaya Pagi,Cetak,Tatang Istiawan,Tatang Istiawan,,Jawa Timur,"Graha SP Jln. Simo Kalangan II/183K Kel. Simomulyo, Kec. Sukomanunggal, Kota Surabaya","031-99251314, 0812313666",redaksi@surabayapagi.com (redaksi),www.surabayapagi.com,Terverifikasi Administrasi,2019-02-21
Terasmaluku.com,Siber,Hamdi Jempot,Insany Syahbarwaty,Medira Media Sejahtera,Maluku,Depan Hotel Jamilah Jalan Soa Bali Kelurahan Silale,081343004477,hjempot@gmail.com,https://terasmaluku.com,Terverifikasi Administratif,2019-02-20
Puan Kepri,Cetak,Mori Guspian,Anis Anorita Zaini,Puan Media Kepri,Kepulauan Riau,"Jl. Kijang Lama (KM. 6) No. 23 F Melayu Kota Piring, Tanjungpinang Timur, Kota Tanjungpinang, Provinsi Kepri",0813 7260 7333,halexwartawan@gmail.com,www.puankepri.co.id,Terverifikasi Administratif,2019-02-18
Hariansiber.com,Siber,Budi Arifin,Budi Arifin,Melilea Indah Gemilang,Kepulauan Riau,"Jl. Raja Ali Haji No. 17 Kota Tanjungpinang, Kepulauan Riau",082285006554,harian.siber@gmail.com,hariansiber.com,Terverifikasi Administratif,2019-02-18
INHILKLIK.COM,Siber,Ardiansyah,Rezi Andika Putra,PT Inhil Klik Media,Riau,"Jalan M. Ruslan RT 004 RW 001 Kelurahan Teluk Pinang, Kecamatan Gaung Anak Serka, Kabupaten Indragiri Hilir, 29253",085363238966,paritseribu@gmail.com,http://www.inhilklik.com/,Terverifikasi Administratif,2019-02-13
elitnews.com,Siber,EDWARD PANGARIBUAN,EDWARD PANGARIBUAN,PT. ERA MEDIA SIBER,Kepulauan Riau,"PERUM. PUTRI HIJAU BLOK F NO. 17 KEL.SUNGAI LANGKAI, KEC.SAGULUNG - BATAM",+6281270344257,redaksimda24@gmail.com,www.elitnews.com,Terverifikasi Administratif,2019-02-13
www.sumbarfokus.com,Siber,SISCA OKTRI SANTI,SYAFRUDDIN AL,Sumbar Fokus Media,Sumatera Barat,Jalan Andalas I no 47 Padang,082241370085,sumbarfokus@gmail.com,http://www.sumbarfokus.com,Terverifikasi Administratif,2019-02-12
liputan.co.id,Siber,M Mahfuz Abdullah,zulfasli,PT. LIPUTAN SIBER NUSANTARA,Jawa Barat,"jl. sejahtera no.298 blok masjid rt. 05 rw. 03 
Desa. Karang Mulya, Kec. Plumbon Kab. Cirebon",0231 - 320761,liputansibernusantara@gmail.com,www.liputan.co.id,Terverifikasi Administratif,2019-02-12
Acehvideo.tv,Siber,-,-,pt,Aceh,"Sekretarian Bersama Wartawan Aceh
Jl. Sultan Alaidin Mahmudsyah No 2 Baiturahman 23242 Indonesia",0811 682 5432;,videoaceh@gmail.com; hendra105@gmail.com,www.acehvideo.tv,Terverifikasi Administrasi,2019-02-12
,"Cetak
Radio
Televisi
Siber",,,,,,,,,,
Riaukepri.com,Siber,Taufik Hidayat,Taufik Hidayat,Teras Media Kepri,Kepulauan Riau,"Jl.D.I. Panjaitan, KM 7.5, Perum Taman Mekar Sari 2 Blok B No. 10 RT 001 / RW 007, Kelurahan Melayu Kota Piring, Kecamatan Tanjungpinang Timur",085374491714,redaksi.rk@gmail.com,www.riaukepri.com,Terverifikasi Administratif,2019-02-04
prokepri.com,Siber,Yoan S Nugraha,Yoan S Nugraha,Media Pro Kepri,Kepulauan Riau,"Jalan D.I Panjaitan, Kilometer 7, Ruko Nomor 4, Lantai 3, Kelurahan Melayu Kota Piring, Kecamatan Tanjungpinang Timur",082171698837,media.prokepri@gmail.com,http://prokepri.com,Terverifikasi Administratif,2019-02-04
Djaka Lodang,Cetak,,,PT,Daerah Istimewa Jogjakarta,"Jalan Patehan Tengah 29, Yogyakarta. 55133",(0274) 372950,djaka_lodang@yahoo.co.id,www.djakalodang.co.id,Terverifikasi Administrasi dan Faktual,2019-01-30
Wartarakyat.co.id,Siber,Dewi Hartatik,Dewi Hartatik,Warta Rakyat Indonusa,Kepulauan Riau,"Jl. WR. Supratman, Ruko Graha Indonusa Permai Blok C No. 18",08127078560,wartarakyat.indonusa@gmail.com,wartarakyat.co.id,Terverifikasi Administratif,2019-01-24
Utusanindo.com,Siber,Ibnu Rusdi,Ibnu Rusdi,UTUSANINDO BERKAH PERS,Sumatera Barat,"Perumahan Bunga Mas nomor 5 kelurahan Koto Panjang ikur Koto Kecamatan Koto Tangah,Kota Padang,Sumatera Barat",0853 5532 9188,utusan.sumbar@gmail.com,https://utusanindo.com/,Terverifikasi Administratif,2019-01-24
Indragiripos.online,Siber,Ardiansyah,Efendi,PT INHIL MEDIA SAKTI PERDANA,Riau,"Jalan M Boya, Kecamatan Tembilahan, Kabupaten Indragiri Hilir, Riau kode pos 29212",0823 8182 6153,ardiansyahgolden1@gmail.com,www.indragiripos.online,Terverifikasi Administratif,2019-01-24
Andalas-Time.com,Siber,John Edwar R,John Edwar R,Andalas Media Bersaudara,Sumatera Barat,"Jl. Hiligoo No.4D RT.001/RW.001 Kel. Belakang Pondok Kec. Padang Selatan, Kota Padang, Sumatera Barat",081374738181,thamrin.1571972@gmail.com,andalas-time.com,Terverifikasi Administratif,2019-01-23
Fokussumatera.com,Siber,Warman,Warman,Fokus Sumatera Jaya,Sumatera Barat,Jl.Skep/Kamp.Tuo RT.002/RW.011  Kel.Mata Air  Kec.Padang Selatan - Kota Padang - Sumbar,085364567738,dd996669@gmail.com,www.fokussumatera.com,Terverifikasi Administratif,2019-01-23
Sinar Indonesia Baru,Cetak,,,PT,Sumatera Utara,"Jl. Brigjen. Katamso No. 66 AB, Medan. 20151","(061) 4512530,",redaksi_sib@yahoo.com,www.hariansib.co,Terverifikasi Administrasi dan Faktual,2019-01-23
Laras Post,Cetak,C. HERRY SL,C. HERRY SL,PT. LARAST PENA NUSA INDAH PERS,DKI Jakarta,"Jl. Raya Pagelarang No 39, Kelurahan Setu, Kecamatan Cipayung",02184978735,redaksilaraspost@gmail.com,http://www.laraspostonline.com/,Terverifikasi Administratif,2019-01-15
,"Cetak
Radio
Televisi
Siber",,,,,,,,,,
koranperbatasan.com,Siber,Amran,Amran,Tuah Tinta Jaya Abadi,Kepulauan Riau,JL. Muhammad Yusuf RT 04 RW 03 Kelurahan Ranai Kecamatan Bunguran Timur Kabupaten Natuna Provinsi Kepri,081268886680,koran.perbatasan@gmail.com,https://koranperbatasan.com,Terverifikasi Administratif,2019-01-11
erapublik.com,Siber,Muhammad Budianto,Emos Gea,PT.Era Publik Media,Riau,Jl.Parit Cik Mamat Rt.04 Kelurahan Mundam Kecamatan Medang Kampai,085211611313,erapubliK2@gmail.com,www.erapublik.com,Terverifikasi Administratif,2019-01-11
Galamedianews.com,Siber,H. rahmat sudarmaji,H. rahmat sudarmaji,GALAMEDIA BANDUNG MEDIA,Jawa Barat,Jl. Belakang Factory No. 2c Banceuy – Bandung,022 – 4210063,,wartawangm@gmail.com,Terverifikasi Administratif dan Faktual,2019-01-10
Solotrust.com,Siber,Widianto,Widianto,Terang Abadi Digital Media,Jawa Tengah,Brigjend Katamso No 173 Mojosongo 57127,0271-852643,,,Terverifikasi Administratif dan Faktual,2019-01-10
Serambi Indonesia,Cetak,,,PT,Aceh,"Jl. Raya Lambaro KM. 4,5 Desa Meunasah Manyang, Banda Aceh",(0651) 635644,redaksi@serambinews.com,www.serambinews.com,Terverifikasi Administrasi dan Faktual,2019-01-10
Rakyat Media,Cetak,Mawardi,Mawardi,pt,Kepulauan Riau,"Jl. Kemuning 1, Komp. Pertokoan Taman Dotamana Indah, Gran BSI Blok E No. 24, Pulau Batam, 29400","(0778) 479681,","rakyatmedia77@yahoo.com, harianrakyatkepri@yahoo.c",www.rakyatmedia.com,Terverifikasi Administrasi dan Faktual,2019-01-10
Galamedia,Cetak,,,PT,Jawa Barat,"Jl. Belakang Factory No. 2B Bandung, 40111","(022) 4210063,",gemarku@yahoo.com,www.klik-galamedia.com,Terverifikasi Administrasi dan Faktual,2019-01-10
Bisnis Bandung,Cetak,H. Ustiarsa,H. Ustiarsa,pt,Jawa Barat,"GedungPers Bandung Jl. PacuanKudaNo. 63 Arcamanik, Bandung 40293","(022) 7213862,","redaksi@bisnisbandung,com",www.bisnisbandung.com,Terverifikasi Administrasi dan Faktual,2019-01-10
nusantaraterkini.com,Siber,,,PT,Bengkulu,"Jl. Mawar No. 20 RT. 001, RW. 001, Kel. Nusa Indah, Kec. Ratu Agung, Kota Bengkulu 35223",0736-7323706,terkininusantara@gmail.com,www.nusantaraterkini.com,Terverifikasi Administrasi dan Faktual,2019-01-10
merdeka.com,Siber,,,PT,DKI Jakarta,Jl. Tebet Barat IV No.3 Jakarta,(021) 8379 5245,,www.merdeka.com,Terverifikasi Administrasi dan Faktual,2019-01-10
,"Cetak
Radio
Televisi
Siber",,,,,,,,,,
katadata.co.id,Siber,,,PT,DKI Jakarta,"Jl. Tentara Pelajar Kec. Keb Lama, Kel. Grogol Utara, Jaksel",021-57940835,redaksi@katadata.co.id,www.katadata.co.id,Terverifikasi Administrasi dan Faktual,2019-01-10
jambidaily.com,Siber,,,PT,Jambi,"Jl. D.I. Panjaitan RT 30 No. 49  Kelurahan Kebun Handil, Kecamatan Jelutung, Kota Jambi",(0741) 42409,jambidaily@mail.com,www.jambidaily.com,Terverifikasi Administrasi dan Faktual,2019-01-10
Bandung TV,Televisi,,,PT,Jawa Barat,"Jl. Pacuan Kuda No.63, Kel. Sukamiskin, Kec. Arcamanik, Kota Bandung, Prov. Jawa Barat",,,,Terverifikasi Administrasi dan Faktual,2019-01-10
ngopibareng.id,Siber,,,PT,Jawa Timur,"Jl. DR. Wahidin No.38, DR. Soetomo, Tegalsari, Surabaya",,redaksi@ngopibareng.id,www.ngopibareng.id,Terverifikasi Administrasi dan Faktual,2019-01-10
kabarbangka.com,Siber,,,PT,Kepulauan Bangka Belitung,"Jl. Batin Tikal Gang Cemara Dalam, RT 07/RW 00 Lingkungan Sri Pemandang, Kelurahan Sri Menanti, Kecamatan Sungailiat, Kabupaten Bangka",081272881599,kabarbangka@gmail.com,www.kabarbangka.com,Terverifikasi Administrasi dan Faktual,2019-01-10
Pedomanbengkulu.com,Siber,,,PT,Bengkulu,"Jalan Ratu Agung No 24 RT9/3, Kelurahan Penurunan, Kota Bengkulu",0736 7326104,pedomanbengkulu@gmail.com,www.pedomanbengkulu.com,Terverifikasi Administrasi dan Faktual,2019-01-10
Sumaterapost.co,Siber,,,PT,Lampung,"Jl. Benda Gg. Haji Aminta No.42 Kel. Tanjung Gading, Bandar Lampung",0821.79375999,elkanario.adil@gmail.com,www.sumaterapost.co,Terverifikasi Administrasi dan Faktual,2019-01-10
www.sijoritoday.com,Siber,DONIL NASIR,DONIL NASIR,SIJORI MEDIA SERUMPUN,Kepulauan Riau,KOMP. RUKO D'GREEN CITY BLOK D NO. 8JL. AISYAH SULAIMAN,087897957604,sijoritoday@gmail.com,www.sijoritoday.com,Terverifikasi Administratif,2019-01-09
www.silabusnews.com,Siber,Descrates. P,Roger Manual SH,PT BINTAN SIBER MANDIRI,Kepulauan Riau,"Jl. Merdeka No.12 A, Tanjung Uban, Bintan, Kepri.",+62 822-8820-0501,crates.pasaribu@gmail.com,www.silabusnews.com,Terverifikasi Administratif,2019-01-09
LAMPURA TV,Televisi,EDI PURWANTO,EDI PURWANTO,PT LAMPUNGRAYA TELEVISI INDONESIA,Lampung,"JL Tirta Sari No 11B Kel Way Kandis, Kec Tanjung Senang Kota Bandar Lampung",6282184164848,mitratvdigital.id@gmail.com,-,Terverifikasi Administratif,2019-01-09
,"Cetak
Radio
Televisi
Siber",,,,,,,,,,
Topsumbar.co.id,Siber,SITI RAHMADANI HANIFAH,SITI RAHMADANI HANIFAH,PT UPDATE TOP MEDIA,Sumatera Barat,"Kampung Baru Gunung Sarik, Kecamatan Kuranji Kota Padang Provinsi Sumbar",0751-896-2579. WA. 08238155807,hannytanjung175@gmail.com,www.Topsumbar.co.id,Terverifikasi Administratif,2019-01-09
Kepri News,Cetak,Irfan Antontrick,Jenly Alfian Lengkong,Kepri Cakrawala Pers,Kepulauan Riau,"Perumahan Gesya Gurindam, Blok B No. 9, RT 003, RW 007, Batu IX Kecamatan Tanjungpinang Timur, Kota Tanjungpinang, Provinsi Kepri",085264133334,keprinewskoran@gmail.com,keprinews.co,Terverifikasi Administratif,2019-01-09
mahardikanews.com,Siber,Maruba P Habeahan,Maruba P Habeahan,Mahardika Horis Putra,Riau,"Jl. Diponegoro Km. 7 Pasir Pengaraian RT. 01/RW.03 Desa Suka Maju, Kecamatan Rambah, Kabupaten Rokan Hulu, Provinsi Riau",081266502457,redaksi.mahardikanews@gmail.com,www.mahardikanews.com,Terverifikasi Administratif,2019-01-07
Mingguan Rakyat Sumbar,Cetak,Dr. Ir. Basril Basyar.MM.,Dr. Ir. Basril Basyar.MM.,PT. Mingguan Rakyat Sumbar Mediapers,Sumatera Barat,"Jln. Imam Bonjol Komplek Korem D 8, kelurahan Belakang Pondok, Kecamatan Padang Selatan. kota Padang. SUMBAR",(0751) 8956407,Mingguanrakyatsumbar@gmail.com,www.rangkiangnagari.com,Terverifikasi Administratif,2019-01-07
natindonews.com,Siber,Edi Suroso,Edi Suroso,pt,Kepulauan Riau,"Jalan Pelantar Penagi. RT01/Rw12
Kelurahan Bandarsyah Kecamatan Bunguran Timur Kabupaten Natuna Provinsi Kepri",081276607209,natindonewsoke@gmail.com,natindonews.com,Terverifikasi Administrasi,2019-01-07
Lensawarga.com,Siber,Anton Panggabean,Anton Panggabean,PT. Lensa Warga Indonesia,Sumatera Utara,Jalan Sehati No. 47Medan Perjuangan - Sumatera Utara20237,061-6643056,lensawargaindonesia@gmail.com,www.lensawarga.com,Terverifikasi Administratif,2019-01-02
zonakepri.com,Siber,Andri Mediansyah,Andri Mediansyah,Media Kepri Bestari,Kepulauan Riau,Jl. DI Panjaitan Komplek Bintan Center Km 9 Blok C No. 56. Lantai II,081270207919,oceirul1@gmail.com,https://zonakepri.com/,Terverifikasi Administratif,2019-01-02
Tabloid Suara Kepri,Cetak,Mori Guspian/UKW Utama,Mori Guspian,PT. Suara Kepri Mandiri,Kepulauan Riau,"Jalan MT. Haryono, Lorong Cemara, No. 18, Kelurahan Tanjung Unggat, Kecamatan Bukit Bestari, Kota Tanjungpinang, Tlpn : 0771-315384, 081364066665","0771-315-384, 081364066665",morientes_cagau@yahoo.com,www.suarakepri.com,Terverifikasi Administratif,2019-01-02
tabloid zaman,Cetak,M.RUSYDI,RONALD AFDI,PT WAHANA PERS INDONESIA,Sumatera Barat,Jl. Siak No 43 Padang Baru Kota Padang,081363465733,koranzaman@yahoo.co.id,,Terverifikasi Administratif,2019-01-02
Harian Duta Masyarakat,Cetak,MOKHAMMAD KAIYIS,MOKHAMMAD KAIYIS,PT DUTA MASYARAKAT KORAN,Jawa Timur,GRAHA ASTRANAWA JALAN GAYUNGSARI TIMUR 33 SURABAYA,0318299987,vellano999@yahoo.com,duta.co,Terverifikasi Administratif,2019-01-02
,"Cetak
Radio
Televisi
Siber",,,,,,,,,,
Tabloidbijak.com,Siber,Drs. Syahrial Aziz,Drs. Syahrial Aziz,PT. BARA INTI PERS,Sumatera Barat,"JL. SIAK NO. 4 RT 001 RW 003 KELURAHAN RIMBO KALUANG KECAMATAN PADANG BARAT, PADANG",082169879946,senduarmi@gmail.com,www.tabloidbijak.com,Terverifikasi Administratif,2019-01-02
Suarakepri.com,Siber,Mori Guspian/UKW Utama,Mori Guspian,PT. Suara Kepri Mandiri,Kepulauan Riau,"Jalan MT. Haryono, Lr. Cemara, No. 18, Kelurahan Tanjung Unggat, Bukit Bestari, Tanjungpinang, Kepulauan Riau, Tlpn/Fax : 0771-315384, Hp : 081364066665","0771-315384, 081364066665",moricagau@gmail.com,www.suarakepri.com,Terverifikasi Administratif,2018-12-21
suaraaktual.co,Siber,Luzi Diamanda,Luzi Diamanda,Suara Aktual Media Group,Riau,"jalan Palembang 1,gang mustajab no 2, Kelurahan Sialang Rampai, kecamatan Tenayan Raya, Pekanbaru, Riau, 28286",085217719909,redaksi.suaraaktual@gmail.com,www.suaraaktual.co,Terverifikasi Administratif,2018-12-21
Modusaceh.co,Siber,MUHAMMAD SALEH,MUHAMMAD SALEH,AGSHA MEDIA MANDIRI,Aceh,"Jalan Teuku Iskandar No. 15, Beurawe, Kecamatan Kuta Alam, Kota Banda Aceh, Provinsi Aceh",(0651) 635322,red.modusaceh.co@gmail.com,modusaceh.co,Terverifikasi Administratif,2018-12-21
netkepri.com,Siber,"Fachrizan, S.Sos","Fachrizan, S.Sos",Mutiara Alam Setia,Kepulauan Riau,"JL PERINTIS NO. 1
KEC. BUKIT BESTARI – KOTA TANJUNGPINANG
KEPULAUAN RIAU",08117777083,mediacenter4kepri@gmail.com,netkepri.com,Terverifikasi Administratif,2018-12-21
relasipublik.com,Siber,"Novrianto, SP","Novrianto, SP",Media Relasi Publik,Sumatera Barat,"Jl. Jenderal Sudirman No. 290 Sago Salido Kec.IV Jurai Pesisir Selatan (25611), Sumatera Barat",085381434007 - 081266084840,mediarelasipublik@gmail.com,www.relasipublik.com,Terverifikasi Administratif,2018-12-21
Bengkulu News,Cetak,,,PT,Bengkulu,"Jl. Kapten Tendean KM 6.5 Komplek PU Pengairan No. 13, Kota Bengkulu",(0736) 7322252,bengkulunews@yahoo.com,,Terverifikasi Administrasi dan Faktual,2018-12-21
Tribun Jabar,Cetak,,,PT,Jawa Barat,"Jl. Sekelimus Utara No. 2-4 Bandung, 40266",(022) 7530666,redaksi@tribunjabar.co.id,www.tribunjabar.co.id,Terverifikasi Administrasi dan Faktual,2018-12-21
balipuspanews.com,Siber,,,PT,Bali,"Perumahan Bumi Sasih Asri Blok I No.7, Banjar Sasih, Batubulan, Sukawati - Gianyar, Bali","0361-292438, 08",puspaartayasa@gmail.com,www.balipuspanews.com,Terverifikasi Administrasi dan Faktual,2018-12-21
bengkulunews.co.id,Siber,,,PT,Bengkulu,Jl. Kali Brantas No. 02 RT. 09 RW. 03 Kelurahan Padang Harapan Kecamatan Gading Cempaka Kota,(0736) 22989,,www.bengkulunews.co.id,Terverifikasi Administrasi dan Faktual,2018-12-21
,"Cetak
Radio
Televisi
Siber",,,,,,,,,,
Harapan Rakyat,Cetak,,,PT,Jawa Barat,Jl. Lingkungan Cikabuyutan Barat Kel. Hegarsari Kota Banjar,0265-2732797,harapanrakyat_news@yahoo.com,,Terverifikasi Administrasi dan Faktual,2018-12-21
Radar Lampung TV,Televisi,,,PT,Lampung,Jl. Sultan Agung No.18 Kedaton Way,0721-5610022,,,Terverifikasi Administrasi dan Faktual,2018-12-21
Beritabali.com,Siber,,,PT,Bali,"Jl. Gunung Sanghyang, Kesambi Baru No. 12?B, Kerobokan, Kuta Utara, Kabupaten Badung?Bali",0361 426623,redaksi@beritabali.com,http://beritabali.com,Terverifikasi Administrasi dan Faktual,2018-12-21
Jawapos TV,Televisi,,,PT,Banten,"Jl. Gunung Karang No. 115 RT/RW 004/007 Cicadas, Pandeglang Banteng",0253 - 204777,redaksibanten@jawapos.tv,,Terverifikasi Administrasi dan Faktual,2018-12-21
Harian Momentum,Cetak,,,PT,Lampung,"Jl. Imam Bonjol 147 Sukajawa, Tanjungkarang Barat, Bandar Lampung",0811.729099,harianmomentum@gmail.com,,Terverifikasi Administrasi dan Faktual,2018-12-21
CWM  Channel TV,Televisi,,,PT,Papua Barat,"Jl. D. Maninjao No.19 Rufei Kota Sorong, Papua Barat",0852.42161668,,,Terverifikasi Administrasi dan Faktual,2018-12-21
Ujungpandang Ekspres,Cetak,,,PT,Sulawesi Selatan,"Jl. Urip Sumoharjo No.20 Makassar, Sulawesi Selatan",0411-457457,redaksi.upeks@yahoo.co.id,,Terverifikasi Administrasi dan Faktual,2018-12-21
potret24.com,Siber,Kornel Panggabean,Kornel Panggabean,Potret Inti Media,Riau,"Jl. Gotong Royong Gg Nusa Indah, Kel. Labuh Baru Timur, Kec. Payung Sekaki",6281371393439,redaksipotret24@gmail.com,http://potret24.com/,Terverifikasi Administratif,2018-12-20
lahathotline.com,Siber,JON HERI,ISHAK NASRONI,Ampera Lahat Putra,Sumatera Selatan,"Jl. Veteran Gang Nusa Indah RT/RW 03/01, Nomor 05, Kel. RD PJKA Bandar Agung, Kec. Lahat, Kab. Lahat, Sumatera Selatan.",082183633549,lahathotline@gmail.com,www.lahathotline.com,Terverifikasi Administratif,2018-12-20
jurnalkepri.com,Siber,Reski Muralino,Reski Muralino,Jurnal Kepri Sejahtera,Kepulauan Riau,"Jalan Pantai Impian Gang, Ketam No 1, Kelurahan Kp Baru, Kota Tanjungpinang, Provinsi Kepulauan Riau",0812-7587-0164/0822-8416-7475,media.jurnalkepri@gmail.com,www.jurnalkepri.com,Terverifikasi Administratif,2018-12-20
,"Cetak
Radio
Televisi
Siber",,,,,,,,,,
Suara Media Nasional,Cetak,Kanti Wiyoto,Kanti Wiyoto,pt,Jawa Timur,"JL.Durian,Ruko PG Pesantren, Kota Kediri Kantor pusat: Dsn.Temboro Desa Plaosan Kec.Wates , Kediri 64174",(0354) 4526358,suaramedianasional@gmail.com,www.suaramedianasional.co.id,Terverifikasi Administrasi dan Faktual,2018-12-20
Liputankepri.com,Siber,,,PT,Kepulauan Riau,"Jl. Telaga Riau Rt.006/002 Kel. Sungai Lakam Barat, Kab. Karimun, Kep. Riau",0853 1399 5757,liputankepri2015@gmail.com,http://Liputankepri.com,Terverifikasi Administrasi,2018-12-20
Posmetro Padang,Cetak,-,-,pt,Sumatera Barat,"Jl. Adinegoro No. 17A, Lubuk Padang Buaya, Padang",0751-481355,posmetropadang@gmail.com,http://posmetropadang.co.id/,Terverifikasi Administrasi dan Faktual,2018-11-29
Fajar Cirebon,Cetak,,,PT,Jawa Barat,"Jl. Pangeran Cakrabuana No. 03 Talun, Cirebon",(0231) 8492199,redaksi@fajar-cirebon.com,www.fajar-cirebon.com,Terverifikasi Administrasi dan Faktual,2018-11-07
Jak TV,Televisi,,,PT,DKI Jakarta,"Jl. Jend. Sudirman kav. 52 '-53, Kawasan SCBD, Kel. Senayan, Kec. Kebayoran Baru",021 515 5667,,,Terverifikasi Administrasi dan Faktual,2018-11-07
Radar Cirebon Televisi,Televisi,,,PT,Jawa Barat,"Graha Pena Radar Cirebon
Jl. Perjuangan No 9 Kota Cirebon Prov. Jawa Barat",(0231) 483531,rctvcirebon@gmail.com,,Terverifikasi Administrasi dan Faktual,2018-11-07
Radar Cirebon,Cetak,,,PT,Jawa Barat,"Graha Pena Radar Cirebon, Jl. Perjuangan No . 9 Kota Cirebon  Kode Pos : 45154",0231-483531,redaksi@radarcirebon.com,,Terverifikasi Administrasi dan Faktual,2018-11-07
Rakyat Cirebon,Cetak,,,PT,Jawa Barat,Jl. Perjuangan No. 99 Cirebon,0231-8301677,rakyatcirebon@gmail.com,,Terverifikasi Administrasi dan Faktual,2018-11-07
Radar Bekasi,Cetak,,,PT,Jawa Barat,"Perkantoran Suncity Square, Jl. M. Hasibuan Blok. A40 â€“ 41, Bekasi",021-88863639,redaksi@radarbekasi.com,,Terverifikasi Administrasi dan Faktual,2018-11-07
Tangerangonline.id,Siber,,,PT,Banten,"Jl. Yapen Raya Blok QD No. 3 Sektor 14.6, Nusa Loka Bsd, Serpong Tanggerang Selatan",021-7587360,redaksi@tangerangonline.id,http://tangerangonline.id,Terverifikasi Administrasi dan Faktual,2018-11-07
,"Cetak
Radio
Televisi
Siber",,,,,,,,,,
idntimes.com,Siber,,,PT,DKI Jakarta,"Jl. Palmerah Utara 62A, Jakarta Barat 11480",021-22123888,redaksi@idntimes.com,www.idntimes.com,Terverifikasi Administrasi dan Faktual,2018-11-07
telusur.co.id,Siber,,,PT,DKI Jakarta,"Komplek Kalibata Indah
Jl. Durian Blok O No.1 Rawajati, Jakarta Selatan 12750",021-21279712,keranjang@telusur.co.id,www.telusur.co.id,Terverifikasi Administrasi dan Faktual,2018-11-07
IPOTNEWS.COM,Siber,,,PT,DKI Jakarta,"Wisma GKBI 7/F Suite 718, Jl. Jend. Sudirman No. 28, Jakarta 1021",021.57931258,redaksi@ipotnews.com,http://ipotnews.com,Terverifikasi Administrasi dan Faktual,2018-11-07
Rakyat Aceh,Cetak,,,PT,Aceh,"Jl. Sultan Malikussaleh No. 109, Lhong Raya, Banda Aceh 23238",(0651) 35478,rakyataceh@yahoo.com / metroaceh@gmail.com,www.rakyataceh.com,Terverifikasi Administrasi dan Faktual,2018-09-04
Radar Seluma,Cetak,,,PT,Bengkulu,"Jl. Merdeka Tais No. 27 Kel. Lubuk Lintang, Tais Seluma Kota, Bengkulu 38576 Jl. Merdeka Tais No.47 Dasar Tais Seluma, Bengkulu 38576",(0736) 91168,radarseluma@gmail.com,www.radarseluma.com,Terverifikasi Administrasi dan Faktual,2018-09-04
Radar Bengkulu,Cetak,,,PT,Bengkulu,"Jl. P. Tendean No 3F Kota Bengkulu, 38224",(0736) 22403,radarbengkulu@yahoo.com;radarbengkulu@gmail.com,,Terverifikasi Administrasi dan Faktual,2018-09-04
Radar Utara,Cetak,,,PT,Bengkulu,"Jl. M. Hatta No.78, Rama Agung, Arga Makmur, Bengkulu Utara",0737-5241332,radut@ymail.com,,Terverifikasi Administrasi dan Faktual,2018-09-04
Azam,Cetak,,,PT,Riau,Jl. Parit Indah Komplek Perkantoran Grand Sudirman Blok B 10 Pekanbaru,(0761) 32308,mingguan_azam@yahoo.com,,Terverifikasi Administrasi dan Faktual,2018-09-04
Pos Metro Mandau,Cetak,,,PT,Riau,Jl. KH. Ahmad Dahlan No. 14C Pekanbaru,(0761) 8417749,mandauposmetro@gmail.com,,Terverifikasi Administrasi dan Faktual,2018-09-04
Pos Metro Indragiri,Cetak,,,PT,Riau,"Jl. Hr. Soebrantas km. 105, Panam, Pekanbaru",(0761) 8417749,posmetroindragiri@gmail.com,,Terverifikasi Administrasi dan Faktual,2018-09-04
,"Cetak
Radio
Televisi
Siber",,,,,,,,,,
Pos Metro Rohil,Cetak,,,PT,Riau,"Jl. Hr. Soebrantas km. 105, Panam, Pekanbaru",(0761) 8417749,posmetrorohil@gmail.com,,Terverifikasi Administrasi dan Faktual,2018-09-04
Haluan Riau,Cetak,,,PT,Riau,Gedung Riau Pers  Jl. Tuanku Tambusai No. 7 Pekanbaru 28282,(0761) 571650,haluanriaupress@gmail.com,www.haluanriaupress.com,Terverifikasi Administrasi dan Faktual,2018-09-04
Koran Riau,Cetak,,,PT,Riau,Jl. S. Parman No. 37 Pekanbaru,(0761) 35073,koranriau@gmail.com,www.kronline.co,Terverifikasi Administrasi dan Faktual,2018-09-04
Metro Riau,Cetak,,,PT,Riau,"Metro Graha Pena, Jl. Soekarno Hatta No. 20-28, Pekanbaru",(0761) 7865001,metroriau.redaksi@gmail.com,www.metroriau.com,Terverifikasi Administrasi dan Faktual,2018-09-04
Pekanbaru MX,Cetak,,,PT,Riau,"Gedung Graha Pena Pekanbaru lantai 6, Jl. H.R. Soebrantas KM 10,5 Tampan",(0761) 855758,pekanbaru_mx@gmail.com,www.pekanbarumx.net,Terverifikasi Administrasi dan Faktual,2018-09-04
Pekanbaru Pos,Cetak,,,PT,Riau,"Gedung Graha Pena Lt. .6 
Jl. Hr. Soebrantas KM. 10,5 Panam",0761-8417749,pekanbarupos7@gmail.com,www.riaupotenza.com,Terverifikasi Administrasi dan Faktual,2018-09-04
Rakyat Riau,Cetak,,,PT,Riau,"Jl Gunung Agung No. 50, Pekanbaru",(0761) 40472,,,Terverifikasi Administrasi dan Faktual,2018-09-04
Riau Pos,Cetak,,,PT,Riau,"Gedung Riau Pos Jl. Subrantas (Jl. Raya Pekan Baru Bangkinang) Km 10,5",(0761) 64633,redaksi@riaupost.com,www.riaupos.com,Terverifikasi Administrasi dan Faktual,2018-09-04
Haluan,Cetak,,,PT,Sumatera Barat,"Kompleks Bandara Tabing, Jln. Hamka Padang","(0751) 4488700,",redaksi_haluan@yahoo.com,www.harianhaluan.com,Terverifikasi Administrasi dan Faktual,2018-09-04
Padang Ekspres,Cetak,,,PT,Sumatera Barat,"Jl. Adi Negoro No. 17a, Lubuk Buaya, Padang",(0751) 892998,redaksi@padangekspres.co.id,www.padangekspres.co.id,Terverifikasi Administrasi dan Faktual,2018-09-04
,"Cetak
Radio
Televisi
Siber",,,,,,,,,,
Singgalang,Cetak,,,PT,Sumatera Barat,"Jl. Veteran No. 17, Padang - 25116",(0751) 25001,hariansinggalang@yahoo.co.id,www.hariansinggalang.co.id,Terverifikasi Administrasi dan Faktual,2018-09-04
Sumsel  Post,Cetak,,,PT,Sumatera Selatan,"Jl. Bidar Blok B. No.24 Pom IX, Palembang",(0711) 356656,sumsel_post@yahoo.com,www.sumselpost.com,Terverifikasi Administrasi,2018-09-04
Aksi,Cetak,,,PT,Sumatera Selatan,"Jl. Jend. A Yani, Gg. Dua Saudara No. 734 / 13 ULU, Palembang",(0711) 510768,,,Terverifikasi Administrasi dan Faktual,2018-09-04
Majalah Arung Media,Cetak,,,PT,Sumatera Selatan,"Jl. RA Abusamah/Manggis I No. 2789, Kel. Sukajaya, Kec. Sukarame, Palembang 30151",(0711) 5613593,arungnews@yahoo.com; ratuanum@yahoo.com,www.arungmedia.com,Terverifikasi Administrasi dan Faktual,2018-09-04
Analisa,Cetak,,,PT,Sumatera Utara,"Jl . Jend. A. Yani No.35-49 Medan, 20111; Kotak Pos: 1481, Telex: No. 51326",(061) 4156655,online@analisadaily.com,www.analisadaily.com,Terverifikasi Administrasi dan Faktual,2018-09-04
Andalas,Cetak,,,PT,Sumatera Utara,"Jl. T. Amir Hamzah Ruko,  Kompleks Griya Riatur Indah  No.182-186 Medan",(061) 8449800,andalas.redaksi@gmail.com ; andalasnewsmedan@gmail,www.harianandalas.com,Terverifikasi Administrasi dan Faktual,2018-09-04
Medan Pos,Cetak,,,PT,Sumatera Utara,"Jl. Mayjen Sutoyo Siswomiharjo No. 107-109, Medan, Sumut, 20111","(061) 4522180,",medanpos2000@yahoo.com,,Terverifikasi Administrasi dan Faktual,2018-09-04
Sumut Pos,Cetak,,,PT,Sumatera Utara,"Graha Pena, Jl. Sisingamangaraja Km 8,5 No. 134, Medan","(061) 78816661,",redaksi@hariansumutpos.com; redaksi@sumutpos.co,www.sumutpos.co,Terverifikasi Administrasi dan Faktual,2018-09-04
Bali Post,Cetak,,,PT,Bali,Jl. Kepundung No. 67 A Denpasar 80232,(0361) 225764,balipost@indo.net.id,www.balipost.co.id ; www.balipost.com,Terverifikasi Administrasi dan Faktual,2018-09-04
Denpost,Cetak,,,PT,Bali,"Gedung Pers Bali K Nadha
Jl. Kebo Iwa 63A, Denpasar, Bali",(0361) 416669,denpostbali@yahoo.com,www.denpostnews.com,Terverifikasi Administrasi dan Faktual,2018-09-04
,"Cetak
Radio
Televisi
Siber",,,,,,,,,,
Fajar Bali,Cetak,,,PT,Bali,"Jl. Indrajaya No.8 Ubung Kaja, Denpasar, Bali",(0361) 411283,berita_fajar@yahoo.co.id,www.fajarbali.com,Terverifikasi Administrasi dan Faktual,2018-09-04
Tokoh,Cetak,,,PT,Bali,"Gedung Pers Bali K. Nadha, Lt. III, Jl. Kebo Iwa 63 A Denpasar 80117",0361-425373,,,Terverifikasi Administrasi dan Faktual,2018-09-04
Banten Raya,Cetak,,,PT,Banten,"Komp. Rukun Cilegon Business Square Blok A No. 18  Jl. Raya Pcl Kel. Kedaleman Cibeber, Cilegon, Banten",(0254) 378169,barayapost@gmail.com,www.bantenraya.com,Terverifikasi Administrasi dan Faktual,2018-09-04
Radar Banten,Cetak,,,PT,Banten,"Graha Pena Radar Banten Jl. Kolonel H TB. Suwandi, Lingkar Selatan, Serang, Banten",0254-214771,kang_haban2001@yahoo.com,www.radarbanten.co.id,Terverifikasi Administrasi dan Faktual,2018-09-04
Bengkulu Ekspres,Cetak,,,PT,Bengkulu,Graha Bengkulu Ekspress Jl. Jati No. 129 Simpang Skip Kota Bengkulu,(0736) 20409,bebarometer@gmail.com; bengkuluekspres1@yahoo.co.i,www.bengkuluekspress.com,Terverifikasi Administrasi dan Faktual,2018-09-04
Radar Selatan,Cetak,,,PT,Bengkulu,"Jl. Fatmawati No.9 Kel. Kampung Baru Kec. Kota Manna, Bengkulu",(0739) 22007,mannarafel@yahoo.co.id,,Terverifikasi Administrasi dan Faktual,2018-09-04
Rakyat Bengkulu,Cetak,,,PT,Bengkulu,"Jl. Natadirja No. 69 Km 6,5, Bengkulu",(0736) 20882,,www.harianrakyatbengkulu.com,Terverifikasi Administrasi dan Faktual,2018-09-04
Gorontalo Post,Cetak,,,PT,Gorontalo,"Gedung Graha Pena Gorantalo Jl.  Jhon Ario Katili (Eks. Jl. Andalan No. 144), Gorontalo","(0435) 827551,",redaksi@gorontalopost.com,www.gorontalopost.com,Terverifikasi Administrasi dan Faktual,2018-09-04
Sinar Tani,Cetak,,,PT,DKI Jakarta,"Jl. Harso  RM 3 Ragunan, Jakarta 12550","(021) 7812162,",sinartani@cbn.net.id,www.tabloidsinartani.com,Terverifikasi Administrasi dan Faktual,2018-09-04
Indonesia Shang Bao,Cetak,,,PT,DKI Jakarta,"Jl. Raden Shaleh 1B-1D, Jakarta 10330",(021) 3912909,redaksishangbao@gmail.com,www.indshangbao.com,Terverifikasi Administrasi dan Faktual,2018-09-04
,"Cetak
Radio
Televisi
Siber",,,,,,,,,,
Harian Indonesia,Cetak,,,PT,DKI Jakarta,"Jl. Gajah Mada 96-97, Jakarta Barat",(021) 63868348,naskahpers@gmail.com,,Terverifikasi Administrasi dan Faktual,2018-09-04
Ummi,Cetak,,,PT,DKI Jakarta,"Jl. Mede No.42a Utan Kayu Utara, Jakarta",(021) 8193242,majalah_ummi@yahoo.com,www.ummi-online.com,Terverifikasi Administrasi dan Faktual,2018-09-04
Koran Jakarta,Cetak,,,PT,DKI Jakarta,"The Bellezza Office Tower, Lt. 26, Jl. Letjen Soepeno 34 Permata Hijau, Jakarta Selatan 12210",(021) 53665352,redaksi@koran-jakarta.com,www.koran-jakarta.com,Terverifikasi Administrasi dan Faktual,2018-09-04
Koran Tempo,Cetak,,,PT,DKI Jakarta,"Jl. Kebayoran Baru, Mayestik, Kebayoran CenterBlok A11-A15, Jakarta Selatan 12240",(021) 7255625,koran@tempo.co.id,www.tempo.co / www.korantempo.com,Terverifikasi Administrasi dan Faktual,2018-09-04
Pos Kota,Cetak,,,PT,DKI Jakarta,"Jl. Gajah Mada No. 98-100, Jakarta Barat 11140",(021) 6341940,,www.poskotanews.com,Terverifikasi Administrasi dan Faktual,2018-09-04
Koran Sindo,Cetak,,,PT,DKI Jakarta,"Gedung Sindo, Jl. KH Wahid Hasyim No.38 Kebon Sirih, Menteng, jakarta Pusat 10340",(021) 3926955,,www.koran-sindo.com,Terverifikasi Administrasi dan Faktual,2018-09-04
Super Ball,Cetak,,,PT,DKI Jakarta,"Gd. Kompas Gramedia Unit I Lt. 2-3 Jl. Palmerah Barat No. 33-37, Jakarta 10270",(021) 53676457,superball@tribunnews.com,tribunSUPERBALL.com,Terverifikasi Administrasi dan Faktual,2018-09-04
SWA,Cetak,,,PT,DKI Jakarta,Jl. Tanah Abang III  No. 23 Jakarta - 10160,(021) 3523839,swaredaksi@swamail.com,www.swa.co.id,Terverifikasi Administrasi dan Faktual,2018-09-04
Sindo Weekly,Cetak,,,PT,DKI Jakarta,"Gedung High End Lt. 2, Jl. Kebon Sirih Kav. 17-19, Jakarta Pusat 10340",(021) 3146061,redaksi@sindoweekly.magz.com,www.sindoweekly.magz.com,Terverifikasi Administrasi dan Faktual,2018-09-04
Suara Pembaruan,Cetak,,,PT,DKI Jakarta,"Berita Satu Plaza, Lantai 11 Jl. Jend. Gatot Subroto Kav 35-36 Jakarta 12950",(021) 29957500,koransp@suarapembaruan.com,www.suarapembaruan.com,Terverifikasi Administrasi dan Faktual,2018-09-04
,"Cetak
Radio
Televisi
Siber",,,,,,,,,,
The Jakarta Post,Cetak,,,PT,DKI Jakarta,"Jl. Palmerah Barat No. 142-143, Gelora, Tanah Abang, Jakarta Pusat",(021) 5300476/8,editorial@thejakartapost.com,www.thejakartapost.com,Terverifikasi Administrasi dan Faktual,2018-09-04
Warta Kota,Cetak,,,PT,DKI Jakarta,"Gedung Kompas Gramedia Unit I Lantai 2-3, Jl Palmerah Barat No 33-37, Jakarta 10270",021-53677881,redaksi_warkot@yahoo.com,www.wartakotalive.com,Terverifikasi Administrasi dan Faktual,2018-09-04
Femina,Cetak,,,PT,DKI Jakarta,"Jl. HR Rasuna Said Kav.B32-33, Jakarta Selatan 12910",( 021 ) 5266666,kontak@femina.co.id; redaksi@feminagroup.com,www.femina.co.id | www.feminagroup.com,Terverifikasi Administrasi dan Faktual,2018-09-04
Gatra,Cetak,,,PT,DKI Jakarta,"Gedung Gatra
Jl. Kalibata Timur IV/15, Jakarta Selatan. 12740",(021) 7973535,redaksi@gatra.com,www.gatra.com,Terverifikasi Administrasi dan Faktual,2018-09-04
Wanita Indonesia,Cetak,,,PT,DKI Jakarta,"Jl. Raya Pondok Gede No. 96, Jakarta 13810",(021) 8414312/1,redaksi@tabloidwanitaindonesia.co.id,www.tabloidwanitaindonesia.co.id,Terverifikasi Administrasi dan Faktual,2018-09-04
Neraca,Cetak,,,PT,DKI Jakarta,"Jl. Penataran No. 5 Pegangsaan, Menteng Jakarta 10320 Jl. Teuku Cik Ditiro 68-B, Jakarta",(021) 31931991,redaksineraca@yahoo.com | redaksi@neraca.co.id,www.neraca.co.id,Terverifikasi Administrasi dan Faktual,2018-09-04
Tribun Jambi,Cetak,,,PT,Jambi,"Jl. Hayam Wuruk No. 38-40, Jelutung, Jambi 36143",(0741) 7551755,redaksi@tribunjambi.com; tribunjambi@yahoo.com,www.tribunjambi.com,Terverifikasi Administrasi dan Faktual,2018-09-04
Jambi Ekspres,Cetak,,,PT,Jambi,"Jl. Kapten Patimura Km 8 No. 35, Kenali Besar, Jambi, 36129",(0741) 668844,"redaksi@jambiekspres.co.id, jambiekspres@yahoo.com",www.jambiekspres.co.id,Terverifikasi Administrasi dan Faktual,2018-09-04
Kabar Cirebon,Cetak,,,PT,Jawa Barat,"Jl. RA Kartini No. 7 Cirebon, 45123",(0231) 204440,redaksi_kabarcirebon@yahoo.co.id,www.kabar_cirebon.com,Terverifikasi Administrasi dan Faktual,2018-09-04
Kabar Priangan,Cetak,,,PT,Jawa Barat,"Jl. Re Martadinata No. 215 A Kec. Indihiang, Kota Tasikmalaya",(0265) 335300,redaksi@kabar-priangan.com ; skpriangan_id@yahoo.c,www.kabar-priangan.com,Terverifikasi Administrasi dan Faktual,2018-09-04
,"Cetak
Radio
Televisi
Siber",,,,,,,,,,
Pikiran Rakyat,Cetak,,,PT,Jawa Barat,Jl. SoekarnoHattaNo. 147 Bandung - 40223,(022) 6037755,redaksi@pikiran-rakyat.com,www.pikiran-rakyat.com,Terverifikasi Administrasi dan Faktual,2018-09-04
Radar Semarang,Cetak,,,PT,Jawa Tengah,"Jl.Veteran 55, Semarang 502315",(024) 8414280,editor@radarsemarang.com,www.radarsemarang.com,Terverifikasi Administrasi dan Faktual,2018-09-04
Suara Merdeka,Cetak,,,PT,Jawa Tengah,"Jl. Raya Kaligawe Km. 5, Semarang 50118",(024) 6580900,redaksi_sumer@suaramerdeka.com,www.suaramerdeka.com,Terverifikasi Administrasi dan Faktual,2018-09-04
Tribun Jateng,Cetak,,,PT,Jawa Tengah,Jl. Menteri Supeno No. 30 Semarang 50241,(024) 8455959,redaksi@tribunjateng.com,www.tribunjateng.com,Terverifikasi Administrasi dan Faktual,2018-09-04
Solo Pos,Cetak,,,PT,Jawa Tengah,"Griya Solopos, Jl. Adi Sucipto No. 90, Solo 57145",(0271) 72486,redaksi@solopos.com,www.solopos.com,Terverifikasi Administrasi dan Faktual,2018-09-04
Jawa Pos,Cetak,,,PT,Jawa Timur,"Graha Pena, Jl Ahmad Yani No.88, Surabaya 60231",(031) 828 3333,editor@jawapos.co.id,www.jawapos.co.id,Terverifikasi Administrasi dan Faktual,2018-09-04
Suara Pemred,Cetak,,,PT,Kalimantan Barat,Jl. Sidas No. 19 Pontianak,(0561) 575859,superkalbar@gmail.com,,Terverifikasi Administrasi dan Faktual,2018-09-04
Kun Dian Ri Bao,Cetak,,,PT,Kalimantan Barat,Graha Pena Jl. Gajah Mada No. 2-4 Pontianak 78124,(0561) 735070,kdrb@pontianakpost.com,,Terverifikasi Administrasi dan Faktual,2018-09-04
Rakyat Kalbar,Cetak,,,PT,Kalimantan Barat,"Ged. Graha Pena Kalbar Lt. 2&3, Jl. Arteri Supadio (Ayani 2) Km 3,5 Sungai Raya, Kalbar, 78391",(0561) 768677,,www.equator-news.com,Terverifikasi Administrasi dan Faktual,2018-09-04
Pontianak Post,Cetak,,,PT,Kalimantan Barat,Gedung Graha Pena Pontianak Post Jl. Gajah Mada No. 2-4 Pontianak 78121,"(0561) 735070,",redaksi@pontianakpost.com,www.pontianakpost.com,Terverifikasi Administrasi dan Faktual,2018-09-04
,"Cetak
Radio
Televisi
Siber",,,,,,,,,,
Tribun Pontianak,Cetak,,,PT,Kalimantan Barat,"Jl. Sungai Raya Dalam No.24 A, Pontianak 78391",(0561) 725599,tribunpontianak@yahoo.com,www.tribunpontianak.co.id,Terverifikasi Administrasi dan Faktual,2018-09-04
Banjarmasin Post,Cetak,,,PT,Kalimantan Selatan,"Gedung Djok Mentaya, Jl. AS Musaffa No. 16 Banjarmasin 70111",(0511) 3354370,redaksi@banjarmasinpost.co.id,,Terverifikasi Administrasi dan Faktual,2018-09-04
Metro Banjar,Cetak,,,PT,Kalimantan Selatan,"Gedung Djok Mentaya, Jl. AS Mustaffa No. 16, Banjarmasin 701111",0511-3354370,redaksi@banjarmasinpost.co.id,,Terverifikasi Administrasi dan Faktual,2018-09-04
Radar Banjarmasin,Cetak,,,PT,Kalimantan Selatan,"Jl. A Yani km 26,9, Landasan Ulin, Banjarbaru 70724",0511-4706151,redaksi@radarbanjarmasin.co.id,www.radarbanjarmasin.co.id,Terverifikasi Administrasi dan Faktual,2018-09-04
Tabengan,Cetak,,,PT,Kalimantan Tengah,"Jl. Imam Bonjol 19, Palangkaraya, Kalimantan Tengah  73118",(0536) 4200258,hariantabengan@gmail.com,www.hariantabengan.com,Terverifikasi Administrasi dan Faktual,2018-09-04
Kalteng Pos,Cetak,,,PT,Kalimantan Tengah,"Jl. Tjilik Riwut km 2,5, Palangkaraya 73112",(0536) 3229256,redaksi@kaltengpos.web.id,www.kaltengpos.web.id,Terverifikasi Administrasi dan Faktual,2018-09-04
Radar Sampit,Cetak,,,PT,Kalimantan Tengah,"Jl. MT. Haryono No. 88, Sampit",(0531) 32050,redaksi@radarsampit.com,www.radarsampit.net,Terverifikasi Administrasi dan Faktual,2018-09-04
Tribun Kaltim,Cetak,,,PT,Kalimantan Timur,"Jl. Indrakilla Straat III Dalam RT. 52 No. 1 Kampung Timur, Balikpapan 76125",(0542) 735015,redaksi@tribunkaltim.co.id,,Terverifikasi Administrasi dan Faktual,2018-09-04
Kaltim Post,Cetak,,,PT,Kalimantan Timur,"Gedung Biru, Jl. Soekarno Hatta Km. 3,5 No. 64, Balikpapan 76126.","(0542) 735359,",redaksi@kaltimpos.net,www.kaltimpos.co.id,Terverifikasi Administrasi dan Faktual,2018-09-04
Tribun Batam,Cetak,,,PT,Kepulauan Riau,"Komplek MCP Jl. Kerapu Batu Ampar, Batam Kepulauan Riau",(0778) 414326,redaksi@tribunnewsbatam.com,www.batam.tribunnews.com,Terverifikasi Administrasi dan Faktual,2018-09-04
,"Cetak
Radio
Televisi
Siber",,,,,,,,,,
Haluan Kepri,Cetak,,,PT,Kepulauan Riau,"Jl. Yos Sudarso No.9, Batu Ampar, Batam",(0778) 427000,redaksi@haluankepri.com,www.haluankepri.com,Terverifikasi Administrasi dan Faktual,2018-09-04
Radar Metro,Cetak,,,PT,Lampung,"Jl. Seminung No. 16 Yosorejo Metro Timur, Kota Metro 34111",(0725) 7856841,radarmetronews@gmail.com,www.radarmetro.com,Terverifikasi Administrasi dan Faktual,2018-09-04
Lampung Post,Cetak,,,PT,Lampung,Jl. Soekarno Hatta No. 108 Hajimena Natar Lampung Selatan 35152,(0721) 783693,redaksi@lampungpost.co.id,,Terverifikasi Administrasi dan Faktual,2018-09-04
Radar Lampung,Cetak,,,PT,Lampung,"Jl. Sultan Agung No.18 Kedaton, Bandar Lampung","(0721) 789750,",redaksi@radarlampung.co.id,www.radarlampung.co.id,Terverifikasi Administrasi dan Faktual,2018-09-04
Radar Tanggamus,Cetak,,,PT,Lampung,"Jl. Soekarno-Hatta No.09 Pekon Terbaya, Kec. Kota Agung  Kab.Tanggamus Lampung Selatan 35684",0821.83161612,redaksi.radartanggamus@gmail.com,,Terverifikasi Administrasi dan Faktual,2018-09-04
Trans Lampung,Cetak,,,PT,Lampung,"Jl. Gatot Subroto No.16, Pahoman, Enggal, Bandar Lampung",(0721) 5612889,translampung234@gmail.com,www.translampung.com,Terverifikasi Administrasi dan Faktual,2018-09-04
Siwalima,Cetak,,,PT,Maluku,"Jl. Diponegoro No.20, Ambon. 97124",(0911) 347666,redaksi@siwalimanews.com,www.siwalimanews.com,Terverifikasi Administrasi dan Faktual,2018-09-04
Malut Post,Cetak,,,PT,Maluku Utara,"JL. MS Djahir RT 005 RW 002 Takoma, Kec. Ternate Tengah",(0921) 3127055,editor@malutpost.com,,Terverifikasi Administrasi dan Faktual,2018-09-04
Bisnis Papua,Cetak,,,PT,Papua,Gedung Kadin Papua Lt. 1 Ruko Pasifik Permai Jayapura,(0967) 550545,bisnispapua@yahoo.com,www.bisnispapua.net,Terverifikasi Administrasi dan Faktual,2018-09-04
Cenderawasih Pos,Cetak,,,PT,Papua,"Jl. Balai Kota Entrop Jayapura, Kotak Pos 1377",(0967) 537655,redaksi@cenderawasihpos.com,www.cenderawasihpos.com,Terverifikasi Administrasi dan Faktual,2018-09-04
,"Cetak
Radio
Televisi
Siber",,,,,,,,,,
Radar Sorong,Cetak,,,PT,Papua Barat,"Jl. Selat Rumberpon No. 20 Remu Selatan, Sorong 98415",0951-332465,radarsorong@yahoo.com,www.radarsorong.com,Terverifikasi Administrasi dan Faktual,2018-09-04
Radar Sulbar,Cetak,,,PT,Sulawesi Barat,"Jl. Jendral Sudirman No. 50, Mamuju, Sulawesi Barat",0426-223138,radarsulbar@telkom.net,www.radarsulbar.com,Terverifikasi Administrasi dan Faktual,2018-09-04
Sulbar Ekspres,Cetak,,,PT,Sulawesi Barat,"Jl. Jend. Sudirman No. 50 Mamuju, Sulawesi Barat",(0426) 223138,sulbarekspres@gmail.com,,Terverifikasi Administrasi dan Faktual,2018-09-04
Fajar,Cetak,,,PT,Sulawesi Selatan,"Gedung Graha Pena Lt. 5  Jl. Urip Sumoharjo No. 20, Makassar 90234",(0411) 441441,"fajar@fajar.co.id, redaksi@fajar.co.id",www.fajar.co.id,Terverifikasi Administrasi dan Faktual,2018-09-04
Tribun Timur,Cetak,,,PT,Sulawesi Selatan,"Jl. Cendrawasih 430, Makasar, 90134",0411-8115555,tribuntimur@yahoo.com,,Terverifikasi Administrasi dan Faktual,2018-09-04
Radar Sulteng,Cetak,,,PT,Sulawesi Tengah,"Gedung Graha Pena, Jl. Yos Sudarso No.9, Palu",0451-454306,radarsulteng@yahoo.com,,Terverifikasi Administrasi dan Faktual,2018-09-04
Radar Manado,Cetak,,,PT,Sulawesi Utara,"Gedung Graha Pena Manado Post Lt. 3 
Jl. Babepalar No.62 Wanea, Manado",0431-861525/8,radarmanado@gmail.com,,Terverifikasi Administrasi dan Faktual,2018-09-04
Posko Manado,Cetak,,,PT,Sulawesi Utara,"Gedung Graha Pena Lt. 3 	
Jl. Babe Palar No. 62, Kel. Wanea Manado",0431-855558,redaksi.posko@gmail.com,,Terverifikasi Administrasi dan Faktual,2018-09-04
Binews,Cetak,,,PT,Sumatera Barat,"Jl. Delima No. 27 Ujung Gurun, Padang, 25174",(0751) 38834,binnews_pdg@yahoo.co.id,,Terverifikasi Administrasi,2018-09-04
Tribun Sumsel,Cetak,,,PT,Sumatera Selatan,"Graha Tribun Jl. Alamsyah Ratu Prawira Negara No.120 RT.052 RW.016 Ilir Barat I, Palembang 30139",(0711) 444722,tribunsumsel@yahoo.com,www.tribunsumsel.com / www.sumsel.tribunnews.com,Terverifikasi Administrasi dan Faktual,2018-09-04
,"Cetak
Radio
Televisi
Siber",,,,,,,,,,
Palembang Pos,Cetak,,,PT,Sumatera Selatan,"Jl. Kolonel H Barlian No.733 Km 6.5, Palembang, 30152",(0711) 416211,redaksipalpos@gmail.com,,Terverifikasi Administrasi dan Faktual,2018-09-04
Sriwijaya Post,Cetak,,,PT,Sumatera Selatan,"Jl. Alamsyah Ratuprawiranegara No. 120, Kel Bukit Lama Kec. Ilir Barat 1, Palembang",(0711) 440088,sriwijayapost@yahoo.com,www.palembang.tribunnews.com,Terverifikasi Administrasi dan Faktual,2018-09-04
Radar Palembang,Cetak,,,PT,Sumatera Selatan,"Jl. Basuki Rahmat No.12 B-C Simpang Polda, Palembang",(0711) 361638,rdr_plg@yahoo.com,,Terverifikasi Administrasi dan Faktual,2018-09-04
Sumatera Ekspres,Cetak,,,PT,Sumatera Selatan,"Gedung Graha Pena Palembang, Jl. Kol. H. Burhan No.773, Palembang","(0711) 411768,",redaksi_harian@sumeks.co.id,www.sumeks.co.id,Terverifikasi Administrasi dan Faktual,2018-09-04
Jurnal Sumatra,Cetak,,,PT,Sumatera Selatan,"Perumahan Griya Mutiara Baru Blok B No. 3 RT. 33 RW. 09, Kel. Sukamaju, Kec. Sako, Palembang",0815 3856 628,jurnalsumatra@yahoo.co.id; redaksi@jurnalsumatra.c,,Terverifikasi Administrasi dan Faktual,2018-09-04
Palembang Ekspres,Cetak,,,PT,Sumatera Selatan,"Gedung Graha Pena Palembang, Jl. Kol H Barlian No. 773, Palembang, 30152",(0711) 8304424,plg.ekspres@gmail.com,www.palpres.com,Terverifikasi Administrasi dan Faktual,2018-09-04
News Hunter,Cetak,,,PT,Sumatera Selatan,"Jl. Sapta Marga Komp. Cita Dama II Blok M No. 5 RT. 43, RW. 09 Palembang",(0711) 820822,news_hunter77@yahoo.com,www.newshunter.com,Terverifikasi Administrasi dan Faktual,2018-09-04
Sniper,Cetak,,,PT,Sumatera Selatan,"Jl. Jenderal A. Yani 940 ULU RT 2 No.36, Palembang",08527313337,sniperdps@gmail.com;helmiahz@gmail.com,,Terverifikasi Administrasi dan Faktual,2018-09-04
Tribun Medan,Cetak,,,PT,Sumatera Utara,"Jl. KH Wahid Hasyim No.37 Kel. Babura, Kec. Medan Baru, Medan, 20119",061-4574222,tribunmedan@yahoo.com; redaksi@tribun-medan.com,,Terverifikasi Administrasi dan Faktual,2018-09-04
Koran Merapi Pembaruan,Cetak,,,PT,Daerah Istimewa Jogjakarta,Jl. Margo Utomo (d/h. P. Mangkubumi) 40-42 Yogyakarta 55232,(0274) 555534,koranmerapi_jogja@yahoo.com | koranmerapi@gmail.co,www.koranmerapi.com,Terverifikasi Administrasi dan Faktual,2018-09-04
,"Cetak
Radio
Televisi
Siber",,,,,,,,,,
Harian Jogja,Cetak,,,PT,Daerah Istimewa Jogjakarta,"Jl. AM. Sangaji No. 41, Yogyakarta 55233",(0274) 3155882,redaksi@harianjogja.com,www.harianjogja.com,Terverifikasi Administrasi dan Faktual,2018-09-04
Kedaulatan Rakyat,Cetak,,,PT,Daerah Istimewa Jogjakarta,Jl. Margo Utomo (P. Mangkubumi) 40-46 Yogyakarta 55232,(0274) 565685,redaksi@kr.co.id; naskahkr@gmail.com,www.krjogja.com dan www.kr.co.id,Terverifikasi Administrasi dan Faktual,2018-09-04
Radar Jogja,Cetak,,,PT,Daerah Istimewa Jogjakarta,Jl. Ring Road Utara (Lingkar Utara) No.88 (sebelah Barat Polda DIY) Yogyakarta 55283,(0274) 4477785,radarjogja@gmail.com,www.radarjogja.co.id,Terverifikasi Administrasi dan Faktual,2018-09-04
Minggu Pagi,Cetak,,,PT,Daerah Istimewa Jogjakarta,"Jl. Margo Utomo Mangkubumi 40-46 Yogyakarta, 55232",0274-565685,minggupagi.kr@gmail.com,,Terverifikasi Administrasi dan Faktual,2018-09-04
Kaltara Post,Cetak,,,PT,,"Jl.Patimura No.47,Tarakan 77121",(0551) 31721,mediakaltarapost@gmail.com,www.kaltarapost.com,Terverifikasi Administrasi,2018-09-04
Teras,Cetak,,,PT,Banten,"Jl. Jend. Sudirman No. 25 Serang, Banten",0254-217108,majalahteras_redaksi@yahoo.co.id,,Terverifikasi Administrasi dan Faktual,2018-09-04
Esa TV Bengkulu,Televisi,,,PT,Bengkulu,"Jl. S. Parman no.39 Rt. 02/01, Kel. Patah, Kec. Patah",,,,Terverifikasi Administrasi,2018-09-04
Metro TV Bengkulu,Televisi,,,PT,Bengkulu,"Jl. Raya Bentiring Simpang 4 Tugu Hiu, Kel. Bentiring, Kec. Muara Bangka Hulu",,,,Terverifikasi Administrasi,2018-09-04
BUMN Track,Cetak,,,PT,DKI Jakarta,"Ged. Sarinah Lt. 13, Jl. MH Thamrin No. 11, Jakarta Pusat, 10350",021-314444,,www.bumntrack.com,Terverifikasi Administrasi dan Faktual,2018-09-04
Cek & Ricek,Cetak,,,PT,DKI Jakarta,"Jl. H. Saaba No. 40, Meruya Selatan, Jakbar",021-5870781,tabloid_ceer@plasa.com,,Terverifikasi Administrasi dan Faktual,2018-09-04
,"Cetak
Radio
Televisi
Siber",,,,,,,,,,
Info Kebayoran,Cetak,,,PT,DKI Jakarta,"Jl. Raya Serpong, Ruko Sutera Niaga III, Blok D, No. 10, Serpong, Tangerang Selatan",021-99650379,redaksi_infokebayoran@yahoo.com,,Terverifikasi Administrasi dan Faktual,2018-09-04
bisnis.com,Siber,,,PT,DKI Jakarta,"Jl. K.H Mas Mansyur No. 12A, Wisma Bukit Indonesia Lt.5-8, Jakarta",021 57901023,,www.bisnis.com,Terverifikasi Administrasi dan Faktual,2018-09-04
Bola.com,Siber,,,PT,DKI Jakarta,"Jl. SCTV Tower 14th floor, Jln. Asia Afrika Lot 19 Jakarta",021-3190 4555,redaksi@bola.com,www.bola.com,Terverifikasi Administrasi dan Faktual,2018-09-04
detik.com,Siber,,,PT,DKI Jakarta,"Gedung Transmedia Lt. 9 Jl. Kapt. Piere Tendean Kav. 12-14A Mampang Prapatan, Jakarta",021-79187722,redaksi@detik.com,www.detik.com,Terverifikasi Administrasi dan Faktual,2018-09-04
gatra.com,Siber,,,PT,DKI Jakarta,"Gedung Gatra Jl. Kalibata Timur IV/15, Jakarta Selatan. 12740",021-79196935,langganan@gatra.com,www.gatra.com,Terverifikasi Administrasi dan Faktual,2018-09-04
liputan6.com,Siber,,,PT,DKI Jakarta,"Senayan City Office: SCTV Tower Lantai 14, 
Jl. Asia Afrika Lot 19 Senayan City Jakarta",021-722 9690,redaksi@liputan6.com,www.liputan6.com,Terverifikasi Administrasi dan Faktual,2018-09-04
metrotvnews.com,Siber,,,PT,DKI Jakarta,"Jl Pilar Mas Raya Kav. A-D, Kedoya -
Kebon Jeruk Jakarta",021- 5830 0077,redaksi@metrotvnews.com,www.metrotvnews.com,Terverifikasi Administrasi dan Faktual,2018-09-04
tempo.co,Siber,,,PT,DKI Jakarta,"Jl. Palmerah Barat No.8 Kel. Grogol Utara, Kec. Kebayoran Lama, Jaksel",021-5482132,red@tempo.co.id,www.tempo.co,Terverifikasi Administrasi dan Faktual,2018-09-04
Metrojambi.com,Siber,,,PT,Jambi,Jl. A. Thalib No. 7-8 RT. 05 Pematang Sulur,(0741) 5919611,beritadigital@yahoo.com,www.metrojambi.com,Terverifikasi Administrasi dan Faktual,2018-09-04
Jambi TV,Televisi,,,PT,Jambi,"Jl. Jendral Sudirman No. 100, Tambaksari, Jambi Selatan",,,,Terverifikasi Administrasi,2018-09-04
,"Cetak
Radio
Televisi
Siber",,,,,,,,,,
Jambi Ekspres TV,Televisi,,,PT,Jambi,"Jl. Kapt Pattimura, Kenali Besar, Kota Besar",,,,Terverifikasi Administrasi,2018-09-04
BTV,Televisi,,,PT,Jambi,"Jl. Raya Kapten Pattimura Km.8, Kel. Simpang IV Sipin, Kec. Telanaipura",,,,Terverifikasi Administrasi,2018-09-04
tvOne Jambi,Televisi,,,PT,Jambi,"Jl. Raya Lintas Jambi Muara Bulian Blok I/39 RT 50/RW 09, Perumahan, Desa Mendalo Darat, Kec. Jambi Luar Kota",,,,Terverifikasi Administrasi,2018-09-04
Metro TV Jambi,Televisi,,,PT,Jambi,,,,,Terverifikasi Administrasi,2018-09-04
Indosiar Jambi,Televisi,,,PT,Jambi,,,,,Terverifikasi Administrasi,2018-09-04
Trans TV Jambi,Televisi,,,PT,Jambi,"Jl. Patimura Lr. Yeyes RT. 04/02, Desa Kenali Besar, Kec. Kota Baru, Kab. Jambi, Prov. Jambi",,,,Terverifikasi Administrasi,2018-09-04
Batanghari Vision,Televisi,,,PT,Jambi,"Jl. HOS. Cokroaminoto No.1 F, Kel. F, Selamat, Kec. Telanaipura, Kota Jambi, Prov. Jambi",,,,Terverifikasi Administrasi,2018-09-04
JAMS Cable,Televisi,,,PT,Jambi,"Villa Kenali Permai Blok N-7 No.3A RT.027, Kel. Mayang Mangurai, Kec. Kotabaru",,,,Terverifikasi Administrasi,2018-09-04
Bungo Vision,Televisi,,,PT,Jambi,"Jl. H. Manaf No. 120 RT. 32 RW. 11, Kel. Sungai Kerjan, Kec. Bungo Dani, Jambi",,,,Terverifikasi Administrasi,2018-09-04
Info Bekasi,Cetak,,,PT,Jawa Barat,Komp. Gading Bukit Indah Blok K-27 Jl Bukit Gading Raya Jakarta Utara 14240,(021) 45845275,sekretariat.sibk@infogadinggroup.com,www.infogadinggroup.com/www.infonitas.com,Terverifikasi Administrasi dan Faktual,2018-09-04
,"Cetak
Radio
Televisi
Siber",,,,,,,,,,
Malang Post,Cetak,,,PT,Jawa Timur,Jl. Raya Sawojajar Ruko WOW Cluster Apple 1-9 Kota Malang,0341-723444,redaksi@malang-post.com,www.malang-post.com,Terverifikasi Administrasi dan Faktual,2018-09-04
Balikpapan Pos,Cetak,,,PT,Kalimantan Timur,"Jln.Soekarno Hatta Km. 3,5 No.41. Kel.Batu Ampar Kec.Balikpapan Utara",0542 735359,,,Terverifikasi Administrasi dan Faktual,2018-09-04
Bontang Post,Cetak,,,PT,Kalimantan Timur,"Jl. Ahmad Yani No. 26 Kel. Api-api, Bontang Utara, Kota Bontang",0548-20545,redaksi_bp@bontangpost.co.id,www.bontangpost.id,Terverifikasi Administrasi dan Faktual,2018-09-04
ANTV Babel,Televisi,,,PT,Kepulauan Bangka Belitung,"Komp. Graha Asri No.A1, Jl. Soekarno Hatta, RT.19/7, Kel.Dul, Kec. Pangkalan Baru, Pangkal Pinang, Babel",,,,Terverifikasi Administrasi,2018-09-04
tvOne Babel,Televisi,,,PT,Kepulauan Bangka Belitung,"Jl. Bawal 1 RT.05/02 No.243, Kel. Ampui, Kec. Pangkal Balam, Kota Pangkal Pinang",,,,Terverifikasi Administrasi,2018-09-04
Metro TV Babel,Televisi,,,PT,Kepulauan Bangka Belitung,"Jl. Purkabin, Kel. Sriwijaya, Kec. Bukit Intan, Kota Intan",,,,Terverifikasi Administrasi,2018-09-04
Batamtoday.com,Siber,,,PT,Kepulauan Riau,"Komplek Oriana Blok A. 02 No. 08, Batam Centre, Batam",(0788) 7482514;,redaksi@batantoday.com,www.batamtoday.com,Terverifikasi Administrasi dan Faktual,2018-09-04
Batam TV,Televisi,,,PT,Kepulauan Riau,"Jl. Raya Batam Center, Teluk Tering, Nongsa",,,,Terverifikasi Administrasi,2018-09-04
Urban TV,Televisi,,,PT,Kepulauan Riau,"Puri Legenda Blok DIII, Batam Center",,,,Terverifikasi Administrasi,2018-09-04
Trans TV Batam,Televisi,,,PT,Kepulauan Riau,"Jl. Palapa VII Bukit dangas Sekupang Batam, Kel. Tanjung Pinggir, Kec. Sekupang, Kota Batam, Prov. Kepulauan Riau",,,,Terverifikasi Administrasi,2018-09-04
,"Cetak
Radio
Televisi
Siber",,,,,,,,,,
BCV,Televisi,,,PT,Kepulauan Riau,"Jl. Komp, Bumi Indah Blok III No.17, Kel. Lubuk Baja Kota, Kec. Lubuk Baja, Kota Batam, Kepri, 29432",,,,Terverifikasi Administrasi,2018-09-04
ASTV,Televisi,,,PT,Kepulauan Riau,"Jl. Tiban Koperasi blok S No.8a, Kel. Tiban Baru, Kec. Sekupang, Batam, Kepri, 29424",,,,Terverifikasi Administrasi,2018-09-04
Andalas Cable Vision,Televisi,,,PT,Riau,"Jl. Abadi RT.05/RW.17 No.59 Duri, Kel Air Jamban, Kec. Mandau",,,,Terverifikasi Administrasi,2018-09-04
Bintan Vision,Televisi,,,PT,Riau,"Jl. Tugu Pahlawan No. 41D, Kel Bukit Cemin, Kec. Tanjung Pinang Barat",,,,Terverifikasi Administrasi,2018-09-04
Barelang TV Kabel,Televisi,,,PT,Riau,"Jl. MT. Haryono  KM.3,5, Kel. Tanjung Pinang, Kec. Bukit Bestari, Kota Tanjung Pinang",,,,Terverifikasi Administrasi,2018-09-04
Barelang Vision,Televisi,,,PT,Riau,"Jl. Ruko Sawang Permai Blok A No. 3B, Kel. Buliang, Kec. Batu Aji",,,,Terverifikasi Administrasi,2018-09-04
Cable Vision SBC,Televisi,,,PT,Riau,,,,,Terverifikasi Administrasi,2018-09-04
MCN,Televisi,,,PT,Riau,"Jl. Imam Bonjol Komp, Pulau Lestari Blok A2/3 Kampung Utama, Kel.Lubuk Baja, Kec. Lubuk Baja Kota",,,,Terverifikasi Administrasi,2018-09-04
Big Band,Televisi,,,PT,Riau,"Jl. Ruko Hanglekir Blok.AA2 No. 1-2, Kel. Batam Kota, Kec. Batam Kota, Kota Batam",,,,Terverifikasi Administrasi,2018-09-04
BCN,Televisi,,,PT,Riau,"Jl. Perum Mutiara Baru Blok A No. 28, Kel. Buliang, Kec. Batu Aji",,,,Terverifikasi Administrasi,2018-09-04
,"Cetak
Radio
Televisi
Siber",,,,,,,,,,
bunaken.co.id,Siber,,,PT,Sulawesi Utara,"Kel. Karombasan Utara Link VIII Kecamatan Wanea, Kota Manado",085294883395,webbunaken@gmail.com,www.bunaken.co.id,Terverifikasi Administrasi dan Faktual,2018-09-04
Covesia.com,Siber,,,PT,Sumatera Barat,"Jl. Veteran No. 69 Padang, Sumatera Barat, 25115",0751 - 8951739,redaksi@covesia.com; covesiacom@gmail.com,www.covesia.com,Terverifikasi Administrasi dan Faktual,2018-09-04
tvOne Palembang,Televisi,,,PT,Sumatera Barat,"Jl. Dwikora II No.4803/02/RT.31 RW.11 Kel. Sei Pangeran, Kec. Ilir Timur",,,,Terverifikasi Administrasi,2018-09-04
Hitam Putih,Cetak,,,PT,Sumatera Selatan,"Jl. A. Yani LR. Bahagia 36 Kel. 9/10 ULU RT2/1 Seb Ulu I, Palembang, 30251",0821.82228747,majalahhitamputih@gmail.com,,Terverifikasi Administrasi dan Faktual,2018-09-04
Palembang TV,Televisi,,,PT,Sumatera Selatan,"Jl. Kol. H. Barlian No.773 Km.6,5 Kel Sukarami, Kec. Sukaarami, Kota Palembang, Sumsel 30152",,,,Terverifikasi Administrasi,2018-09-04
Station 1,Televisi,,,PT,Sumatera Selatan,"Jl. SERASI II, SUKAJADI, TALANG KELAPA/
Jl. Palembang Betung KM.13, RT.01 RW.01, LK.I, Kel. Tanah Mas, Kec. Talang Kelapa",,,,Terverifikasi Administrasi,2018-09-04
SKY TV,Televisi,,,PT,Sumatera Selatan,"Jl. HangJebat 11, Kel. 30 Ilir, Kec. Ilir Barat
Jl. Klangga Wirosentika No.50, Kel. 30 Ilir, Kec. Ilir Barat II",,,,Terverifikasi Administrasi,2018-09-04
Most TV,Televisi,,,PT,Sumatera Selatan,"Jl. Lingkar Selatan kav.46, No.75 RT.07, Kel. Ibul Besar, Kec. Pamulutan, Kab. Ogan Ilir
Jl. Pendidikan Dusun 1, Desa Tanjung Lubuk, Kec. Indralaya Selatan, Kab. Ogan Ilir",,,,Terverifikasi Administrasi,2018-09-04
Metro TV Sumsel,Televisi,,,PT,Sumatera Selatan,"Jl. Dwikora 2 No.4803 RT.31, RW.011, RW.011, Kel. Sei Pangeran, Kec. Ilir Timur",,,,Terverifikasi Administrasi,2018-09-04
SCTV Palembang,Televisi,,,PT,Sumatera Selatan,"Jl. Nusa Indah Gang Teratai No. 88, Kel. Lorok Pak Jau",,,,Terverifikasi Administrasi,2018-09-04
,"Cetak
Radio
Televisi
Siber",,,,,,,,,,
GTV Palembang,Televisi,,,PT,Sumatera Selatan,"Jl. Nusa Indah Gg. Teratai I No.88 Kampus POM IX RT.36, Kel. Lorok Pakjo, Kec. Ilir Barat, Kota Palembang, Prov. Sumatera Selatan",,,,Terverifikasi Administrasi,2018-09-04
Trans 7 Palembang,Televisi,,,PT,Sumatera Selatan,"Jl. Angkatan 45 Lr.Harapan No.23, Kel. Lorok Pakjo, Kec. Ilir Barat, Kota Palembang",,,,Terverifikasi Administrasi,2018-09-04
Indosiar Palembang,Televisi,,,PT,Sumatera Selatan,"Jl. Angkatan 45, Kel. Lorok Pakjo, Kec. Ilir Barat 1, Kota Palembang",,,,Terverifikasi Administrasi,2018-09-04
Trans TV Palembang,Televisi,,,PT,Sumatera Selatan,,,,,Terverifikasi Administrasi,2018-09-04
ANTV Palembang,Televisi,,,PT,Sumatera Selatan,"Jl. Dwikora II No.4803, RW. 011, Kel. Sungai Pangeran, Palembang",,,,Terverifikasi Administrasi,2018-09-04
Sriwijaya Vision,Televisi,,,PT,Sumatera Selatan,"Jl. Radial No.30 RT.20 RW.06, Kel. 24 Ilir, Kec. Bukit Kecil, Kota Palembang",,,,Terverifikasi Administrasi,2018-09-04
Waspada,Cetak,,,PT,Sumatera Utara,Jl. Brigjen Katamso No. 01,(0331) 331070,,,Terverifikasi Administrasi dan Faktual,2018-09-04
ATV,Televisi,,,PT,Bali,"Komp. Istana Kuta Galeria blok vallet 2 no. 12A, Abian Timbul, Kuta",,,,Terverifikasi Administrasi,2018-09-04
Dewata TV,Televisi,,,PT,Bali,"Jl. Hayam Wuruk no.98, Kel. Sumatera kelod, Kec. Denpasar Timur",,,,Terverifikasi Administrasi,2018-09-04
Bali Music Channel/BMC,Televisi,,,PT,Bali,"Kantor : Jl. Diponegoro No. 109 Kel. Dauh Puri Kelod Kec. Denpasar Barat, Kota Denpasar
Pemancar : Jl. Cerida, Br. Manesa Kumpial, Kel. Benoa, Kec. Kuta Selatan, Kab. Badung",,,,Terverifikasi Administrasi,2018-09-04
,"Cetak
Radio
Televisi
Siber",,,,,,,,,,
Metro TV Bali,Televisi,,,PT,Bali,"Jl. Banjar Kaja Jati, Kel. Kutuh, Kec. Kuta Selatan, Kota Badung
Alamat Pemancar:
Jl. Dharmawangsa No. 42 Br. Kaja Jati, Desa Kutuh, Kec. Kuta Selatan, Kab. Badung",,,,Terverifikasi Administrasi,2018-09-04
MNCTV Network,Televisi,,,PT,Bali,"Alamat:
Jl. Diponegoro No.109, Dusun Sanglah Timur, Kel. Dauh Puri Kelot, Kec. Denpasar Barat
Alamat Pemancar:
Jl. Nusa Dua Km. 25 Bukit Kutuh, Kel. Kutuh, Kec. Kuta Selatan, Kab. Badung",,,,Terverifikasi Administrasi,2018-09-04
Trans TV Denpasar,Televisi,,,PT,Bali,"Alamat/Pemancar:
Jl. Gunung Payung, Banjar Desa Pantigiri, Desa Kutuh, Kec. Kuta Selatan, Kab. Badung",,,,Terverifikasi Administrasi,2018-09-04
Indosiar Bali,Televisi,,,PT,Bali,"Alamat Pemancar:
Br. Kaja Jati, Desa Kutuh, Kec. Kuta Selatan, Kab. Badung",,,,Terverifikasi Administrasi,2018-09-04
ANTV Denpasar,Televisi,,,PT,Bali,"Jl. Raya Nusa Dua km.25, Br. Petangan, Desa Kutuh, Kec. Kuta Selatan",,,,Terverifikasi Administrasi,2018-09-04
Global TV,Televisi,,,PT,Bali,"Alamat:
Jl. Diponegoro No.109 Kota Denpasar
Alamat Pemancar:
Jl. Nusa Dua km.25, Kel. Kutuh, Kec. Kuta Selatan, Kab. badung",,,,Terverifikasi Administrasi,2018-09-04
Trans7 Denpasar,Televisi,,,PT,Bali,"Alamat kantor: Jl. Gunung Payung 10A, Banjar Dinas Panigiri, Desa Kutuh, Kec. Kuta Selatan, Kab. Badung, Prov. Bali
d/h
Alamat Pemancar:
Banjar Petangan, Desa Kutuh, Kec. Kuta Selatan, Kab. badung",,,,Terverifikasi Administrasi,2018-09-04
Bali  TV,Televisi,,,PT,Bali,Jl. Kebo Iwa No. 63 A,0361-427372,redaksi@balitv.tv,,Terverifikasi Administrasi dan Faktual,2018-09-04
Banten TV,Televisi,,,PT,Banten,"Jl. Jend. Sudirman Blok F18-20, Kel Banjar Agung, Kec Cipocok Raya",,,,Terverifikasi Administrasi,2018-09-04
BSTV,Televisi,,,PT,Banten,"Jl. Boulevard Gajahmada no.2112, Kel. Panunggangan Barat, Kec. Cibodas",,,,Terverifikasi Administrasi,2018-09-04
,"Cetak
Radio
Televisi
Siber",,,,,,,,,,
Kompas TV d/h Komedi TV,Televisi,,,PT,Banten,"Jl. Kismaun No.169, Kel. Sukasari, Kec. Tangerang",,,,Terverifikasi Administrasi,2018-09-04
TV Mitra,Televisi,,,PT,Banten,"Jl. BARATA RAYA NO. 1, KARANG TENGAH",,,,Terverifikasi Administrasi,2018-09-04
ANTV Banten,Televisi,,,PT,Banten,"Komplek TVRI, kp. Sawah RT.09 RW.01, Kel. Wanagiri, Kec. Saketi, kab. Pandeglang, Prov. Banten
d/h
Jl. Maulana Yusuf No.18, RT.01/03, Kel.Cimuncang, Kec.Serang, Kota Serang, Banten",,,,Terverifikasi Administrasi,2018-09-04
Tara Vision,Televisi,,,PT,Banten,"Jl. Wanamulya No.7, Kel. Karangmulya, Kec.Karang Tengah, Kota Tengah, Prov. Banten",,,,Terverifikasi Administrasi,2018-09-04
Matahari TV,Televisi,,,PT,Banten,"Jl. H. Cepe No. 58, Rt. 02/ Rw. 03 Pinang, Tangerang",021-73441028,,,Terverifikasi Administrasi,2018-09-04
CTV,Televisi,,,PT,Banten,"Jl. Wana Mulya No.7 Karang Mulya, Karang Tengah, Tangerang, Banten",021-73457252,,,Terverifikasi Administrasi dan Faktual,2018-09-04
Vista TV,Televisi,,,PT,Gorontalo,"Jl. Teuku Umar ex. KH.Ahmad Dahlan, Kel. Limba, Kec.Kota Selatan Kota Gorontalo
Pemancar : Jl. Limboto Raya No.58, Kec. Telaga, Kab. Gorontalo",,,,Terverifikasi Administrasi,2018-09-04
ANTV Gorontalo,Televisi,,,PT,Gorontalo,"Gedung Media Center, Jl. Sudirman 6, Kel. Dulalowoo Timur, Kec. Kota Tengah, Kota Gorontalo, Prov. Gorontalo d/h Jl. Sudirman No.6, Kel. Dulalowo Timur, Kec. Kota Tengah, Kota Gorontalo",,,,Terverifikasi Administrasi,2018-09-04
Metro TV Gorontalo,Televisi,,,PT,Gorontalo,"Jl. Bambu, Kel. Buladu, Kota Barat, Kota Gorontalo, Provinsi Gorontalo",,,,Terverifikasi Administrasi,2018-09-04
Mimoza Channel,Televisi,,,PT,Gorontalo,"Jl. KH. Agus Salim No.67, Limba U2, Kota Selatan, Kota Gorontalo",,,,Terverifikasi Administrasi,2018-09-04
,"Cetak
Radio
Televisi
Siber",,,,,,,,,,
Elshinta TV,Televisi,,,PT,DKI Jakarta,"Wisma Indosemen Annex Building Lt. 3, Jl. Jend. Sudirman Kav. 70-71 Kel. Setiabudi, Kec. Setiabudi, Kota Jakarta Selatan, Prov. DKI Jakarta
d/h
Jl. Sudirman No. 20, Kel Birugo, Kec Birugo Tiga Baleh",,,,Terverifikasi Administrasi,2018-09-04
O Channel,Televisi,,,PT,DKI Jakarta,"Gedung SCTV Tower '-Senayan City lt. 16, Jl. Asia Afrika Lot.19, Gelora, Tanah Abang",,,,Terverifikasi Administrasi,2018-09-04
Space Toon,Televisi,,,PT,DKI Jakarta,"Wisma 46 Kota BNI, 43rd Floor, Setiabudi, Menteng",,,,Terverifikasi Administrasi,2018-09-04
B Channel,Televisi,,,PT,DKI Jakarta,"Menara Rajawali lt.7, Mega Kuningan lot 5.1, Kuningan Timur, Setiabudi",,,,Terverifikasi Administrasi,2018-09-04
AN TV,Televisi,,,PT,DKI Jakarta,"Jl. HR. Rasuna Said Kav.X 6 No.8, Kelurahan Karet Kuningan, Kecamatan Setiabudi",,,,Terverifikasi Administrasi,2018-09-04
Latv / TV One,Televisi,,,PT,DKI Jakarta,"Jl. Rawa Terate II No.2, Kelurahan Jatinegara, Kecamatan Cakung",,,,Terverifikasi Administrasi,2018-09-04
Indosiar,Televisi,,,PT,DKI Jakarta,"Jl. Damai No.11, Kel Duri Kepak, Kec. Kebon Jeruk",,,,Terverifikasi Administrasi,2018-09-04
TV7 / Trans 7,Televisi,,,PT,DKI Jakarta,Jl. Kapten Piere Tendean Kav. 12-14A,,,,Terverifikasi Administrasi,2018-09-04
TPI,Televisi,,,PT,DKI Jakarta,"Jl. Pintu II TMII, Kel. Lubang Buaya, Kec Cipayung Kota Jakarta timur, DKI Jakarta",021-8750236,,,Terverifikasi Administrasi,2018-09-04
Global TV,Televisi,,,PT,DKI Jakarta,"Wisma Indovision Lantai 15, Jl. Raya Panjang Z/III, Kel. Kebon Jeruk, Kec. Kedoya Utara",,,,Terverifikasi Administrasi,2018-09-04
,"Cetak
Radio
Televisi
Siber",,,,,,,,,,
Metro TV,Televisi,,,PT,DKI Jakarta,"Jl. Pilar Mas Raya Kav.A-D, Kel. Kedoya, Kec. Kebon Jeruk",,,,Terverifikasi Administrasi,2018-09-04
FMTV,Televisi,,,PT,DKI Jakarta,"Gedung Citra Graha Lantai 5 Jalan Jend. Gatot Subroto Kav.35-36 Kelurahan Kuningan Timur, Kec. Setiabudi, Jaksel, 12950",,,,Terverifikasi Administrasi,2018-09-04
M2V,Televisi,,,PT,DKI Jakarta,Jl. Melawai Raya No.7 Jakarta 12160,,,,Terverifikasi Administrasi,2018-09-04
Max3 TV,Televisi,,,PT,DKI Jakarta,"Mid Plaza 2 Lantai 8, Jl. Jend. Sudirman Kav. 10-11, Kel. Karet Tengsin, Kec. Tanah Abang, Jakpus 10220",,,,Terverifikasi Administrasi,2018-09-04
Mata Mathla Cable Television,Televisi,,,PT,DKI Jakarta,"Rumah Susun Petamburan Blok II Lt. Dasar No. DII.09, Jl. Administrasi Negara, Kel. Petamburan, Kec. Tanah Abang",,,,Terverifikasi Administrasi,2018-09-04
JV Cable,Televisi,,,PT,DKI Jakarta,"Jl. Raya Panjang Blok Z/III, Kel. Kedoya Utara, Kec. Kebon Jeruk",,,,Terverifikasi Administrasi,2018-09-04
Dens TV,Televisi,,,PT,DKI Jakarta,"Gedung Mangala Wanabakti IV Lt. 9 Jl. Jend. Gatot Subroto, Kel. Glora, Kec. Tanah Abang, Kota Jakarta Pusat, Prov. DKI Jakarta",,,,Terverifikasi Administrasi,2018-09-04
Cablenet Asia,Televisi,,,PT,DKI Jakarta,"Gedung Fresh Market Lantai Roof, Jl. Pantai Indah Kapuk Boulevard BGM, Kel. Kamal Muara, Kec. Penjaringan, Jakarta Utara",,,,Terverifikasi Administrasi,2018-09-04
Jakarta Vision,Televisi,,,PT,DKI Jakarta,"Jl. Raya Kebayoran Lama No. 12, Kel. Grogol Utara, Kec. Kebayoran Lama",,,,Terverifikasi Administrasi,2018-09-04
Inb Cable,Televisi,,,PT,DKI Jakarta,"The Boutiq Office Park B2, Jl. Benjamin Sueb Blok A6, Kemayoran, Jakarta Pusat, DKI Jakarta",,,,Terverifikasi Administrasi,2018-09-04
,"Cetak
Radio
Televisi
Siber",,,,,,,,,,
I-Sky-Net,Televisi,,,PT,DKI Jakarta,"Jl. Galeri Niaga Mediterania I Blok E8, Kapuk Muara, Penjaringan Jakarta Utara",,,,Terverifikasi Administrasi,2018-09-04
IM TV,Televisi,,,PT,DKI Jakarta,"Ariobimo Sentral Building Lantai 4, Jl. HR. Rasuna Said Blok X-2 No. 5, Setiabudi, Kota Jakarta Selatan, DKI Jakarta,12950",,,,Terverifikasi Administrasi,2018-09-04
Mega Vision,Televisi,,,PT,DKI Jakarta,"Jl. Tomang Raya Terusan Kav. 71-73 Graha Sukanda Mulia, Lt.2 Tomang",,,,Terverifikasi Administrasi,2018-09-04
Smart Vision,Televisi,,,PT,DKI Jakarta,"Jl. Asia Afrika Pintu IX, Kel. Senayan, Kec. Tanah Abang, Kota Jakarta Pusat",,,,Terverifikasi Administrasi,2018-09-04
Netralnews.com,Siber,,,PT,DKI Jakarta,"Rukan Plaza Sunter Terrace Blok A No. 18
Jl. Danau Sunter Utara Kav. 60 Jakarta Utara",021-29765095,redaksi@netralnews.com,www.netralnews.com,Terverifikasi Administrasi dan Faktual,2018-09-04
Viva Sky,Televisi,,,PT,DKI Jakarta,"Gedung Multivision Tower Lt. 9, Jl. Kuningan Mulia Lot. 9B, Kel. Guntur, Kec. Setiabudi, Kota Jakarta Selatan, Prov. DKI Jakarta
d/h
Jl. HR. Rasuna Said Kav.B-2 (wisma Bakrie 2,Lt.7), Kel. Karet, Kec. Setiabudi, Kota Jakarta Selatan",,,,Terverifikasi Administrasi,2018-09-04
Matrix TV,Televisi,,,PT,DKI Jakarta,"Komplek Pergudangan Daan Mogot Prima, Jl. Daan Mogot Raya No.10-BlokA1, Kel. Rawa Buaya, Kec. Cengkareng",,,,Terverifikasi Administrasi,2018-09-04
ELBOX,Televisi,,,PT,DKI Jakarta,"Jl. Raya Perjuangan No. 88, Kompleks Graha Kencana Blok AN - AO, Kel. Kebon Jeruk, Kec. Kebon Jeruk, Jakarta Barat, DKI Jakarta",,,,Terverifikasi Administrasi,2018-09-04
Mega Vision/Orange TV,Televisi,,,PT,DKI Jakarta,"JL.TOMANG RAYA TERUSAAN KAV.71 '-73 GRAHA SUKANDA MULIA,LT.2 TOMANG",,,,Terverifikasi Administrasi,2018-09-04
TOPAS TV,Televisi,,,PT,DKI Jakarta,"Mayapada Tower Lt.16 Jl. Jend. Sudirman Kav.28, Kel. Karet, Kec. Setiabudi, Jaksel, DKI jkt",,,,Terverifikasi Administrasi,2018-09-04
,"Cetak
Radio
Televisi
Siber",,,,,,,,,,
SKY LBS TV,Televisi,,,PT,DKI Jakarta,"The Bellezza Office Tower Lt.23, Jl.LetJen Soepeno (Arteri Permata Hijau) No.34, Grogol Utara, Kebayoran Lama, Jakarta Selatan, Indonesia 12210",,,,Terverifikasi Administrasi,2018-09-04
K Vision,Televisi,,,PT,DKI Jakarta,"Jl. Panjang No.8A, Kel. Kebon Jeruk, Kec. Kebon Jeruk, Kota Jakarta Barat, Prov. DKI Jakarta",,,,Terverifikasi Administrasi,2018-09-04
cumi-cumi.com,Siber,,,PT,DKI Jakarta,Jl. Caringin Barat Kav. 10 Jaksel 12430,021-75903206,advertise@cumicumi.com,www.cumi-cumi.com,Terverifikasi Administrasi dan Faktual,2018-09-04
Oke Vision,Televisi,,,PT,DKI Jakarta,"Jl. Kebon Sirih No.17-19, Kelurahan Kebon Sirih, Kecamatan Menteng",,,,Terverifikasi Administrasi,2018-09-04
Telkom Vision,Televisi,,,PT,DKI Jakarta,"Jl. Prof. DR. Supomo SH No. 139, kelurahan Tebet Barat, Kecamatan Tebet, Kota Jakarta Selatan, Provinsi DKI Jakarta 12810",,,,Terverifikasi Administrasi,2018-09-04
LKBN ANTARA,Siber,,,PT,DKI Jakarta,"Wisma Antara Lt.19
Jl. Merdeka Selatan No. 17
Jakarta Pusat",(021) 3802383,newsroom@antaranews.com,,Terverifikasi Administrasi dan Faktual,2018-09-04
RCTI,Televisi,,,PT,DKI Jakarta,Jl. Kebon Sirih No. 21-27 Jakarta Pusat 10340 Indonesia,021-29709700,corsec.mnc-corporation@mncgroup.com,www.mncgroup.com,Terverifikasi Administrasi dan Faktual,2018-09-04
Global TV,Televisi,,,PT,DKI Jakarta,"GlobalTV Building, MNC Studio
Jl. Lapangan Bola, Kebon Jeruk
Jakarta 11520",021-29709700,corsec.mnc-corporation@mncgroup.com,www.mncgroup.com,Terverifikasi Administrasi dan Faktual,2018-09-04
iNEWS TV,Televisi,,,PT,DKI Jakarta,Jl. Kebon Sirih No. 21-27 Jakarta Pusat 10340,021-29709700,corsec.mnc-corporation@mncgroup.com,www.mncgroup.com,Terverifikasi Administrasi dan Faktual,2018-09-04
SCTV,Televisi,,,PT,DKI Jakarta,"SCTV Tower - Senayan City
Jl. Asia Afrika Lot 19, Jakarta 10270",(021) 27935555,,www.sctv.co.id,Terverifikasi Administrasi dan Faktual,2018-09-04
,"Cetak
Radio
Televisi
Siber",,,,,,,,,,
Indosiar,Televisi,,,PT,DKI Jakarta,"Jl. Damai No. 11 daan Mogot,
Jakarta 11510",021-567-2222,,www.indosiar.com,Terverifikasi Administrasi dan Faktual,2018-09-04
viva.co.id,Siber,,,PT,DKI Jakarta,"Kawasan Industri Pulogadung, Gedung tvOne
Jl. Rawa Terate II No.2
Jakarta Timur 13260",021-4601 326,redaksi@viva.co.id,www.viva.co.id,Terverifikasi Administrasi dan Faktual,2018-09-04
okezone.com,Siber,,,PT,DKI Jakarta,Gedung MNC News Center Lt.12 K.H Wahid Hadsyim No.36-38 Menteng Kota Jakarta Pusat 10340,021-3924706,radaksi.okezone@mncgroup.com,www.okezone.com,Terverifikasi Administrasi dan Faktual,2018-09-04
Radio KBR,Radio,,,PT,DKI Jakarta,"Jl. Hos Cokroaminoto 91 , Menteng â€“ Jakarta Pusat",021-22392426,,www.kbr.id,Terverifikasi Administrasi dan Faktual,2018-09-04
Sindo Trijaya FM,Televisi,,,PT,DKI Jakarta,"MNC News Center Lt.5 , Jl.K.H Wahid Hasyim No.28 Kel.Kebon Serih Kec.Menteng , Jakarta Pusat",021-3921717,redaksi@sindotrijaya.com,,Terverifikasi Administrasi dan Faktual,2018-09-04
RRI,Televisi,,,PT,DKI Jakarta,"Jl. Medan Merdeka Barat 4-5, RT.2/RW.3 Jakarta Pusat",021-3523174,pro3jaringan@gmail.com,,Terverifikasi Administrasi dan Faktual,2018-09-04
Berita Satu News Channel,Televisi,,,PT,DKI Jakarta,"Beritasatu Plasa Lantai 9, Jl. Jend Gatot Subroto Kav 35-36",021-29957500,,,Terverifikasi Administrasi dan Faktual,2018-09-04
Investor,Cetak,,,PT,DKI Jakarta,Jln.Jend.Gatot.Subroto Kav 35-36,021-29957500,,,Terverifikasi Administrasi dan Faktual,2018-09-04
Kompas TV,Televisi,,,PT,DKI Jakarta,"Jln.Palmerah Selatan No.1 Kel.Gelora Kec.Tanah Abang, Jakarta Pusat",021- 5365 4898,public.relations@kompas.tv,www.kompas.tv,Terverifikasi Administrasi dan Faktual,2018-09-04
rmol.co,Siber,,,PT,DKI Jakarta,"Graha Pena, Lt. 9, Jalan Raya Kebayoran Lama No. 12, Jakarta Selatan",021-5348460,keranjangrmol@gmail.com,www.rmol.co,Terverifikasi Administrasi dan Faktual,2018-09-04
,"Cetak
Radio
Televisi
Siber",,,,,,,,,,
arah.com,Siber,,,PT,DKI Jakarta,"Jl. Metro Pondok Indah TA 10 No. 29, Pondok Indah, Jakarta Selatan",021-7654187,,www.arah.com,Terverifikasi Administrasi dan Faktual,2018-09-04
TVRI,Televisi,,,PT,DKI Jakarta,"Gedung TVRI Lt. Dasar, Jl. Gerbang Pemuda, Tanah Abang, RT.1/RW.3, Gelora, Kota Jakarta Pusat, DKI Jakarta",(021) 5735151,,,Terverifikasi Administrasi dan Faktual,2018-09-04
obsessionnews.com,Siber,,,PT,DKI Jakarta,"Jl. Kedondong No. 161 Jagakarsa, Jaksel",021-29436102,redaksi@obsessionnews.com,www.obsessionnews.com,Terverifikasi Administrasi dan Faktual,2018-09-04
dream.co.id,Siber,,,PT,DKI Jakarta,"Jl. Tebet Barat IV No.5
Jakarta Selatan, 12810",0218379 52 45,redaksi@dream.co.id,www.dream.co.id,Terverifikasi Administrasi dan Faktual,2018-09-04
uzone.id,Siber,,,PT,DKI Jakarta,"Jl. MT. HaryonoKav 58 â€“ 60, Pancoran, Jakarta Selatan",021 - 79187250,redaksi@uzone.id,www.uzone.id,Terverifikasi Administrasi dan Faktual,2018-09-04
IN TV,Televisi,,,PT,DKI Jakarta,"Jl. Balikpapan Raya no.28 C-D, Jakarta",021-6348057,information@intv.id,,Terverifikasi Administrasi,2018-09-04
Rilis.id,Siber,,,PT,DKI Jakarta,"Jl. Pejaten Raya No. 33 E Jatipadang, Jakarta Selatan",021-84984878,redaksi@rilis.id,www.rilis.id,Terverifikasi Administrasi dan Faktual,2018-09-04
Men's Obsession,Cetak,,,PT,DKI Jakarta,"Jl. Kedondong No. 161 Jagakarsa, Jaksel",021-29436102,redaksi@obsessionnews.com,,Terverifikasi Administrasi dan Faktual,2018-09-04
bintang.com,Siber,,,PT,DKI Jakarta,Jl. RP Soeroso No. 18 Menteng Jakpus,021-3190 4555,redaksibintangdotcom@gmail.com,www.bintang.com,Terverifikasi Administrasi dan Faktual,2018-09-04
DAAI TV,Televisi,,,PT,DKI Jakarta,"Tzu Chi Center, Tower 2
Jl. Boulevard Pantai Indah Kapuk
Jakarta Utara 14470, Indonesia",021-5055 8889,info@daaitv.co.id,,Terverifikasi Administrasi,2018-09-04
,"Cetak
Radio
Televisi
Siber",,,,,,,,,,
suara.com,Siber,,,PT,DKI Jakarta,"jl. Sisingamangaraja No. 21
Kebayoran Baru, Jakarta Selatan",021 - 7241888,redaksi@suara.com,www.suara.com,Terverifikasi Administrasi dan Faktual,2018-09-04
tribunnews.com,Siber,,,PT,DKI Jakarta,"Gedung Group of Regional Newspaper Kompas Gramedia, Jl Palmerah Selatan No 3, Jakarta Pusat
Telp. 021-5359525-23",021-5359525,redaksi@tribunnews.com,www.tribunnews.com,Terverifikasi Administrasi dan Faktual,2018-09-04
Jek TV,Televisi,,,PT,Jambi,"Jl. Kapt. Pattimura No.35 KM.08, Kec. Alam Barajo, Kenali Besar Kota Jambi",0741 66396,tvlokaljambi@jektv.co.id,www.jektv.co.id,Terverifikasi Administrasi dan Faktual,2018-09-04
tribunjambi.com,Siber,,,PT,Jambi,"Jl. Prof. Dr. M. Yamin No.06 RT 32 Kel. Lebak Bandung, Kec. Jelutung",0741 7551755,redaksi@tribunjambi.com,www.tribunjambi.com,Terverifikasi Administrasi dan Faktual,2018-09-04
jamberita.com,Siber,,,PT,Jambi,Jl. Perum Mutiara Mayang Blok I No 4 RT 34 Kel. Mayang Mangurai Kec. Aalam Barajo,0741-3067187,jamberita.com@gmail.com,www.jamberita.com,Terverifikasi Administrasi dan Faktual,2018-09-04
Garuda Vision TV,Televisi,,,PT,Jawa Barat,"Jl. Moch. Ramdan No. 49 A, Kel. Cigereleng, Kec. Regot, Kota Bandung, Provinsi Jawa Barat 40255",,,,Terverifikasi Administrasi,2018-09-04
B-Channel,Televisi,,,PT,Jawa Barat,"Kp. Pemeceulan, RT.04/RW. 06, Desa Sukajaya, Kec. Lembang, Kab. Bandung Barat, Prov. Jawa Barat",,,,Terverifikasi Administrasi,2018-09-04
TV Urang Bogor,Televisi,,,PT,Jawa Barat,"Jl. Surya Kencana No. 228 '-230, Gudang, Bogor Tengah",,,,Terverifikasi Administrasi,2018-09-04
Dian TV,Televisi,,,PT,Jawa Barat,"Jl. Siliwangi km.31, RT.03/01, Kel. Mekarsari, Kec. Cicurug",,,,Terverifikasi Administrasi,2018-09-04
Kompas TV Jabar d/h STV Bandung,Televisi,,,PT,Jawa Barat,"Alamat Baru: LL. RE. Martadinata (Jl. Riau) Lt. 3 No. 46 Kel. Citarum, Kec. Sumur Bandung, Bandung, Jawa Barat
Alamat Lama: Sentrasari Mall Blok.B4, No.68-69, Kec. Sukagalih, Kec. Sukajadi",,,,Terverifikasi Administrasi,2018-09-04
,"Cetak
Radio
Televisi
Siber",,,,,,,,,,
Jatiluhur Televisi,Televisi,,,PT,Jawa Barat,"Jl. Kapten Ismail No. 9, Kel. Sindangkasih, Kec. Jatiluhur",,,,Terverifikasi Administrasi,2018-09-04
TV Anak Garut,Televisi,,,PT,Jawa Barat,"Jl. Raya Dangiang, Desa Dangiang, Kec. Cilawu",,,,Terverifikasi Administrasi,2018-09-04
TV Anak Bandung,Televisi,,,PT,Jawa Barat,"Jl. Gandrung-Kol. Masturi, Kel. Jambudipa, Kec. Cisarua, Kab. Bandung Barat, Provinsi Jawa Barat 40551",,,,Terverifikasi Administrasi,2018-09-04
IMTV,Televisi,,,PT,Jawa Barat,"Jl. Terusan Prof. DR. Ir. Sutami, Komp. Setrasari Mall Blok C-3 No. 9/35, Kel. Sukagalih, Kec. Sukajadi, Kota Bandung, Prov. Jawa Barat 40164",,,,Terverifikasi Administrasi,2018-09-04
Indosiar Bandung,Televisi,,,PT,Jawa Barat,"Jl. Raya Banjaran KM. 10, Gang Saluyu No. 117, Kel. Andir, Kec. Bale Endah, Kab. Bandung",,,,Terverifikasi Administrasi,2018-09-04
GTV,Televisi,,,PT,Jawa Barat,"Jl. Sentrasari Mall Blok C3 No.9, Kel. Sukagalih, Kec. Sukajadi",,,,Terverifikasi Administrasi,2018-09-04
ANTV Bandung,Televisi,,,PT,Jawa Barat,"Kampung Gandrung No.99 RT.002/RW.010, Kel. Jambudipa, Kec. Cisarua, Kab. Bandung",,,,Terverifikasi Administrasi,2018-09-04
Trans TV Bandung,Televisi,,,PT,Jawa Barat,"Jl. Terusan Kolonel Masturi 002/010, Kp. Gandrung, Desa Jambudipa, Kec. Cisarua, Kab. Bandung Barat",,,,Terverifikasi Administrasi,2018-09-04
Metro TV Jabar,Televisi,,,PT,Jawa Barat,,,,,Terverifikasi Administrasi,2018-09-04
Fasindo TV Kabel,Televisi,,,PT,Jawa Barat,"Jl. Raya Caringin No.439D, Kel. Babakan, Kec. Babakan Ciparay",,,,Terverifikasi Administrasi,2018-09-04
,"Cetak
Radio
Televisi
Siber",,,,,,,,,,
Megavision,Televisi,,,PT,Jawa Barat,"Jl. Bangau No.2-4 RT.05/03, Kel. Tanah Sareal, Kec. Tanah Sareal",,,,Terverifikasi Administrasi,2018-09-04
Sufia TV,Televisi,,,PT,Jawa Barat,"Jl. Terusan Buah Batu 38-42, Bandung",,,,Terverifikasi Administrasi,2018-09-04
PR Radio,Radio,,,PT,Jawa Barat,"Jl. Braga No. 05 Kel. Braga, Kec Sumur Bandung",022-4221400,prfmradio1075@gmail.com,,Terverifikasi Administrasi dan Faktual,2018-09-04
Inspira TV,Televisi,,,PT,Jawa Barat,Jl. Rancabolang No. 9 Bandung,022-87301568,welcome@inspira.tv,,Terverifikasi Administrasi,2018-09-04
Badar TV,Televisi,,,PT,Jawa Barat,Jl. Cikarang Baru No. 31 Cikarang Utara Kab Bekasi,021-89844550,news.badartv@gmail.com,,Terverifikasi Administrasi,2018-09-04
STV,Televisi,,,PT,Jawa Tengah,"Jl. Dr. Rajiman No.28, Kel. Tegalsari Bumi, Kec. Laweyan, Kota Surakarta, Prov. Jawa Tengah",,,,Terverifikasi Administrasi,2018-09-04
Semarang TV,Televisi,,,PT,Jawa Tengah,"Jl. Bukit Puncak II No.8, Kel. Ngresep, Kec. Banyumanik",,,,Terverifikasi Administrasi,2018-09-04
Kompas TV Jawa Tengah d/h btv,Televisi,,,PT,Jawa Tengah,"Jl. Agus Salim Gedung SCJ Plaza Lt. 5 & 6, Kauman, Semarang Tengah",,,,Terverifikasi Administrasi,2018-09-04
MG TV,Televisi,,,PT,Jawa Tengah,"Kantor dan Studio : Metrosquare Blok B No.18-19, Jl. Mayjen Bambang Soegeng, Kel. Sumberrejo, Kec. Metroyudan, Kota Magelang
Pemancar : Jl. Beringin I No.29, Tidar Krajan RT.01 RW.05, Kec. Magelang Selatan, Kota Magelang",,,,Terverifikasi Administrasi,2018-09-04
Future Media TV (SM TV),Televisi,,,PT,Jawa Tengah,"Jl. Pandanaran 30, Pekunden, Kec. Semarang Tengah",,,,Terverifikasi Administrasi,2018-09-04
,"Cetak
Radio
Televisi
Siber",,,,,,,,,,
TV Ku,Televisi,,,PT,Jawa Tengah,"Jl. Nakula I No.5-11, Pindrikan Kidul, Semarang Tengah",,,,Terverifikasi Administrasi,2018-09-04
BMS TV,Televisi,,,PT,Jawa Tengah,"GD.BSI, Jl. HR. Bunyamin 106, Kel. Pabuaran, Kec. Purwokerto Utara",,,,Terverifikasi Administrasi,2018-09-04
Tanah Liat TV,Televisi,,,PT,Jawa Tengah,"Jl. Jendral Sudirman 54, Kel. Pangenjuru Tengah, Kec. Purworejo, Kab. Purworejo",,,,Terverifikasi Administrasi,2018-09-04
Kartika TV,Televisi,,,PT,Jawa Tengah,"Jl. Dr. Wahidin-Ruko Saiza No.15-16, Kel. Pati, Kec. Pati",,,,Terverifikasi Administrasi,2018-09-04
KudusTV,Televisi,,,PT,Jawa Tengah,"Griya Kencana2, Jl. Gaharu Raya No.48, Kel. Sidokerto, Kec. Pati",,,,Terverifikasi Administrasi,2018-09-04
tvOne Semarang,Televisi,,,PT,Jawa Tengah,"Jl. Rawa Terate II No.2, Jakarta Timur
Pemancar : Jl. Stasiun Relay, Gunung Gantungan, Desa Gantungan, Kec. Jatinegara, Kota Tegal",,,,Terverifikasi Administrasi,2018-09-04
Metro TV Jateng,Televisi,,,PT,Jawa Tengah,,,,,Terverifikasi Administrasi,2018-09-04
Global TV Semarang,Televisi,,,PT,Jawa Tengah,Jl. Bukit Merpati II Gombel Semarang Jawa Tengah 50235,,,,Terverifikasi Administrasi,2018-09-04
ANTV Semarang,Televisi,,,PT,Jawa Tengah,"Jl. Bukit Merpati II RT. 02 RW. 10, Kel. Ngesrep, Kec. Banyumanik",,,,Terverifikasi Administrasi,2018-09-04
Trans TV Semarang,Televisi,,,PT,Jawa Tengah,"Jl. Bukit Merpati II Bukit Sari Gombel, Komplek HUBDAM IV Diponegoro, Kel. Ngesrep, Kec. Banyumanik, Kota Semarang",,,,Terverifikasi Administrasi,2018-09-04
,"Cetak
Radio
Televisi
Siber",,,,,,,,,,
Nusa Vision,Televisi,,,PT,Jawa Tengah,"Jl. Perum Rinjani No. 1 RT. 01 RW. 22, Kel. Sidanegara, Kec. Cilacap Tengah, Kab. Cilacap, Prov. Jateng",,,,Terverifikasi Administrasi,2018-09-04
besTVision,Televisi,,,PT,Jawa Tengah,"BTC B-7, Jl. Letkol Sunaryo No. 2, Kel. Kedung Lumbu, Kec. Pasar Kliwon, Surakarta",,,,Terverifikasi Administrasi,2018-09-04
Megavision,Televisi,,,PT,Jawa Tengah,"Jl. Suyudono 145/179, Kel. Bulustalan, Kec. Semarang Selatan",,,,Terverifikasi Administrasi,2018-09-04
Transdata TV,Televisi,,,PT,Jawa Tengah,"Jl. KH, Wachid Hasyim No. 55A, Kel. Karangklesem, Kec. Purwokerto Selatan, Kab. Banyumas, Prov. Jawa Tengah",,,,Terverifikasi Administrasi,2018-09-04
Wava TV Kabel,Televisi,,,PT,Jawa Tengah,"Jl. Semangka 7, Kel. Bandarjo, Kec. Ungaran Barat, Kota Semarang, Prov. Jawa Tengah",,,,Terverifikasi Administrasi,2018-09-04
Yasifat Kabelvision,Televisi,,,PT,Jawa Tengah,"Jl. Sultan Hasanudin RT.22A, No.27, Kel. Brebes Tengah, Kec. Bontang",,,,Terverifikasi Administrasi,2018-09-04
TA TV,Televisi,,,PT,Jawa Tengah,"Jln.Brigjend Katamso 173 Mojosongo,Solo",0271-852643,publicrelations@tatv.co.id,,Terverifikasi Administrasi dan Faktual,2018-09-04
tribunjateng.co,Siber,,,PT,Jawa Tengah,"Jl. Menteri Supeno No. 30, Semarang",024 8455959,redaksi@tribunjateng.com,www.tribunjateng.co,Terverifikasi Administrasi dan Faktual,2018-09-04
radarsemarang.com,Cetak,,,PT,Jawa Tengah,Jl. Veteran 55 Semarang,024 8414280,,www.radarsemarang.com,Terverifikasi Administrasi dan Faktual,2018-09-04
Wawasan,Cetak,,,PT,Jawa Tengah,Jl. Kawi No.20 Semarang,024 8507070,redaksi@koranwawasan.com,,Terverifikasi Administrasi dan Faktual,2018-09-04
,"Cetak
Radio
Televisi
Siber",,,,,,,,,,
suaramerdeka.com,Siber,,,PT,Jawa Tengah,Jl. Raya kaligawe KM 5 Semarang,024 6580900,rep@suaramerdeka.com,www.suaramerdeka.com,Terverifikasi Administrasi dan Faktual,2018-09-04
Dhoho TV,Televisi,,,PT,Jawa Timur,"kantor dan studio:
Jl. Mayjend Panjaitan No.1, Kel. Bangsai, Kec. Pesantren, Kota Kediri,Prov. Jawa Timur
pemancar:
Jl. Selopanggung Kel. Selopanggung, Kec. Semen, Kab. Kediri, Prov.Jawa Timur",,,,Terverifikasi Administrasi,2018-09-04
TV Anak Surabaya,Televisi,,,PT,Jawa Timur,"JL. COMAL NO. 4, KEPUTRAAN, TEGALSARI, SURABAYA",,,,Terverifikasi Administrasi,2018-09-04
MH TV,Televisi,,,PT,Jawa Timur,"Ruko Rich Palace Blok I No.17, Jl. Mayjen Sungkono No.149-151, Kel. Dukuh Pakis, Kec. Dukuh Pakis, Kota Surabaya

Jl. Kertajaya Indah No.61, Kel. Manyar Sabrangan, Kec. mulyorejo",,,,Terverifikasi Administrasi,2018-09-04
Madura Channel,Televisi,,,PT,Jawa Timur,"JL. ADIRASA NO 05-06, BUM1SUMEKAR, KEL. KOLOR, KEC. KOTA",,,,Terverifikasi Administrasi,2018-09-04
MN TV,Televisi,,,PT,Jawa Timur,"Ruko Rich Palace Blok H-18, Jl. Mayjen Sungkono 149-151, Kel. Dukuh Pakis, Kec. Dukuh Pakis
Pemancar:
Jl. Sambisari 3 No.5, Kel. Lakasantri, Kec. Lakasantri",,,,Terverifikasi Administrasi,2018-09-04
B-One TV,Televisi,,,PT,Jawa Timur,"JL. LETTU SUYITNO NO 27 A KEL. MULYO AGUNG, KEC. BOJONEGORO",,,,Terverifikasi Administrasi,2018-09-04
BBS TV,Televisi,,,PT,Jawa Timur,"Alamat Kantor:
JL. PERAK BARAT 225-227, KEL. PERAK UTARA, KEC. PABEAN CANTIAN
Alamat Studio:
Jl. Puncak Permai Utara 1-2, Kel. Lontar, Kec. Sambikerep
Alamat Pemancar:
Jl. Sambisari III/5, Kel. Lontar, Kec. Sambikerep",,,,Terverifikasi Administrasi,2018-09-04
Arek TV,Televisi,,,PT,Jawa Timur,"JL. CIPTA MENANGGAL UTARA NO 66 MENANGGAL, GAYUNGAN",,,,Terverifikasi Administrasi,2018-09-04
Kompas TV d/h BC Channel,Televisi,,,PT,Jawa Timur,"Jl. Dukuh Kupang Barat No.129, Kel. Dukuh Kupang, Kec. Dukuh Pakis",,,,Terverifikasi Administrasi,2018-09-04
,"Cetak
Radio
Televisi
Siber",,,,,,,,,,
NET. Jember d/h TV Anak Jember,Televisi,,,PT,Jawa Timur,"Kantor: Jl. Nusantara Kav.11 RT.04/RW.12, Perum Bumi Kaliwates Lingkungan Condro Selatan, Kel. Kaliwates, Kec. Kaliwates

Pemancar: Jl. Raya Rembangan RT.03/RW.07, Dusun Darungan, Desa Kemuning Lor, Kec. Arjasa",,,,Terverifikasi Administrasi,2018-09-04
Surabaya TV,Televisi,,,PT,Jawa Timur,"RUKO PERMATA BINTARO KAV. 22'-23 KEL. DR SUTOMO, TEGALSARI",,,,Terverifikasi Administrasi,2018-09-04
Pacitan TV/JTV Pacitan,Televisi,,,PT,Jawa Timur,,,,,Terverifikasi Administrasi,2018-09-04
Trenggalek TV/JTV Trenggalek,Televisi,,,PT,Jawa Timur,"Jl. KH. Ahmad dahlan No.28, Kab. Trenggalek",,,,Terverifikasi Administrasi,2018-09-04
JM TV,Televisi,,,PT,Jawa Timur,"Kantor Dan Studio:
Jl. Hayam Wuruk No.148A, Kel. Sempursari, Kec. Kaliwates, Kab. Jember
Pemancar:
Dusun Andongsari, Desa Tugusari, Kec. Bangsaksari, Kab. Jember",,,,Terverifikasi Administrasi,2018-09-04
JMTV,Televisi,,,PT,Jawa Timur,"Kantor dan studio:
Jl. Panglegur 100, Kel. Panglegur, Kec. Tlamakam, Kab. Pamekasan
Pemancar:
Desa Cenlecen, Kac. Pakong, Kab. pamekasan",,,,Terverifikasi Administrasi,2018-09-04
Jember TV,Televisi,,,PT,Jawa Timur,"Kantor : Jl. Imam Bonjol 129, Kel. Tegal Besar, Kec. Kaliwates, Kota Jember
Pemancar : Jl. Raya Rembangan, Ds. Kemuning Lor, Kec. Arjasa",,,,Terverifikasi Administrasi,2018-09-04
JTV Banyuwangi,Televisi,,,PT,Jawa Timur,"Kantor : Jl. Ikan Paus No.4, Kel. Karang Rejo, Kec. Banyuwangi, Kota Banyuwangi
Pemancar : Kel. Alas Malang, Kec. Singojuruh, Banyuwangi, Jawa Timur",,,,Terverifikasi Administrasi,2018-09-04
Matoh TV,Televisi,,,PT,Jawa Timur,"Kantor : Jl. A. Yani No.39, Ds. Kalianyar, Kec. Kapas, Kab. Bojonegoro
Pemancar : Ds. Ngesong, Desa Ngandong, Kec. Rengel, Tuban",,,,Terverifikasi Administrasi,2018-09-04
Bondowoso TV,Televisi,,,PT,Jawa Timur,"Kantor : Jl. Ahmad Yani No. 8-10, Kab. Bondowoso
Pemancar : Desa Sukorejo, Kec. Sumber Waringin, Kab. Bondowoso",,,,Terverifikasi Administrasi,2018-09-04
,"Cetak
Radio
Televisi
Siber",,,,,,,,,,
Metro TV Jawa Timur,Televisi,,,PT,Jawa Timur,"Jl. Ketampon, Ruko Permata Bintaro, Kav.118-123, Kel. Tegalsari, Kec. Tegalsari.
Pemancar : Jl. Sambisari 3 No. 5, Kec. Lontar, Kota Surabaya, Prov. Jawa Timur",,,,Terverifikasi Administrasi,2018-09-04
JP Vision,Televisi,,,PT,Jawa Timur,"Jl. A. YANI  NO 88 KEL. KETINTANG, KEC. GAYUNGAN, KOTA SURABAYA, PROV. JAWA TIMUR",,,,Terverifikasi Administrasi,2018-09-04
Media Visual,Televisi,,,PT,Jawa Timur,"Jl. Kapten Ilyas No.7, RT 02, RW. 02, Kel. Singonegaran, Kec. Banyuwangi, Kab. Banyuwangi, Prov. Jawa Timur",,,,Terverifikasi Administrasi,2018-09-04
Lumajang Vision,Televisi,,,PT,Jawa Timur,"Jl. Kyai Ilyas No.143B, Citrodiwangsan",,,,Terverifikasi Administrasi,2018-09-04
Hikmah Vision,Televisi,,,PT,Jawa Timur,"Jl. Jembatan Mesem Pangaporan, Kel. Plakpak, Kec. Pegantenan",,,,Terverifikasi Administrasi,2018-09-04
Mojo Media Vision,Televisi,,,PT,Jawa Timur,"Jl. Nangka No.66, Kel. Wates, Kec. Magersari, Kota Mojokerto, Prov. Jawa Timur",,,,Terverifikasi Administrasi,2018-09-04
Java Vision,Televisi,,,PT,Jawa Timur,"Kantor : Jl. Kawi Ruko Mojoroto No. 6, Kel. Mojoroto, Kec. Mojoroto, Kota Kediri, Prov. Jawa Timur d/h Jl. Kawi, Ruko Mojoroto Indah A-8, Kel. Mojoroto, Kec. Mojoroto, Kab. Kediri",,,,Terverifikasi Administrasi,2018-09-04
Radio Suara Surabaya,Radio,,,PT,Jawa Timur,Jl. Wonokitri Besar 40 C Surabaya,(031) 5683040,,,Terverifikasi Administrasi dan Faktual,2018-09-04
JTV,Televisi,,,PT,Jawa Timur,"Kompleks Graha Pena Surabaya
Jl. Ahmad Yani No. 88 Surabaya",031-8202170,,,Terverifikasi Administrasi dan Faktual,2018-09-04
SBO TV,Televisi,,,PT,Jawa Timur,"Jl. A. Yani 88 Gedung Graha Pena Lt. 21 Ketintang, Gayungan Surabaya",031-8202071,korlipsbotv@gmail.com,sbo.co.id,Terverifikasi Administrasi dan Faktual,2018-09-04
,"Cetak
Radio
Televisi
Siber",,,,,,,,,,
KCTV,Televisi,,,PT,Kalimantan Barat,"Jl. Abdurrahman Saleh Gg. Pembangunan No.9, Kel. Bangka Belitung Laut, Kec. Pontianak Tenggara, Kota Pontianak",,,,Terverifikasi Administrasi,2018-09-04
Khatulistiwa TV,Televisi,,,PT,Kalimantan Barat,"Jl. Abdullah Kav.14 KOMP. MK TV, Kel. Tanjung Hulu, Kec. Pontianak Timur",,,,Terverifikasi Administrasi,2018-09-04
tvOne Pontianak,Televisi,,,PT,Kalimantan Barat,"Jl. Ahmad Yani No.06, Kel. Benua Melayu Barat, Kec. Pontianak Selatan, Kota Pontianak",,,,Terverifikasi Administrasi,2018-09-04
GTV Pontianak,Televisi,,,PT,Kalimantan Barat,,,,,Terverifikasi Administrasi,2018-09-04
Trans TV Pontianak,Televisi,,,PT,Kalimantan Barat,"Alamat Pemancar : Jl. Karya Baru, Kel. Parit Tokaya, Kec. Pontianak Selatan, Kota Pontianak",,,,Terverifikasi Administrasi,2018-09-04
Trans 7 Pontianak,Televisi,,,PT,Kalimantan Barat,"Jl. Karya Baru, Gg. Karya Baru I, Parit Tokaya, Pontianak Selatan",,,,Terverifikasi Administrasi,2018-09-04
Metro TV Pontianak,Televisi,,,PT,Kalimantan Barat,"Jl. Abdurrahman Saleh Gg. Ilham, Kel. Bangka Belitung Laut, Kec. Pontianak Tenggara",,,,Terverifikasi Administrasi,2018-09-04
TV B,Televisi,,,PT,Kalimantan Selatan,"Jl. As Musyaffa No.16 (Gdg. Hj Djok Mentaya Lt.3), Kel. Sungai Lulut, Kec. Banjarmasin Timur, Kota Banjarmasin",,,,Terverifikasi Administrasi,2018-09-04
Banjar TV,Televisi,,,PT,Kalimantan Selatan,"Jl. Gatot Subroto Raya No.8C, Banjarmasin Timur",,,,Terverifikasi Administrasi,2018-09-04
Bchannel Banjarmasin/ dh. Barito Channel,Televisi,,,PT,Kalimantan Selatan,"Jl. Ahmad Yani KM 1 No.23D, Sungai Baru, Banjarmasin Tengah",,,,Terverifikasi Administrasi,2018-09-04
,"Cetak
Radio
Televisi
Siber",,,,,,,,,,
Borneo TV,Televisi,,,PT,Kalimantan Selatan,"Jl. C Bangas No.11 Lt.3, Langkai, Pahandut",,,,Terverifikasi Administrasi,2018-09-04
tvOne Banjarmasin,Televisi,,,PT,Kalimantan Selatan,"Jl. Ahmad Yani KM 6, Kota Banjarmasin",,,,Terverifikasi Administrasi,2018-09-04
Indosiar Banjarmasin,Televisi,,,PT,Kalimantan Selatan,"Jl. Cemara Angsana II No.35, RT.24",,,,Terverifikasi Administrasi,2018-09-04
Trans TV Banjarmasin,Televisi,,,PT,Kalimantan Selatan,"Jl. Pramuka, Komplek Semanda I, No.26 RT.20, Kel. Sungai Lulut, Kec. Banjarmasin Timur",,,,Terverifikasi Administrasi,2018-09-04
Global TV,Televisi,,,PT,Kalimantan Selatan,"Jl. Pramuka, Komplek Semanda I, No.30 RT/RW 20/30, Kel. Sungai Lulut, Kec. Banjarmasin Timur",,,,Terverifikasi Administrasi,2018-09-04
Metro TV Kalsel,Televisi,,,PT,Kalimantan Selatan,"Jl. Pramuka Rt.20, Kel. Sungai Lulut, Kec. Banjarmasin Timur",,,,Terverifikasi Administrasi,2018-09-04
Amaco Media,Televisi,,,PT,Kalimantan Selatan,"Jl. Intan 1 No.7/9, Komp. Amaco Banjarbaru",,,,Terverifikasi Administrasi,2018-09-04
Anggrek Vision,Televisi,,,PT,Kalimantan Selatan,"Jl. Anggrek 6 kiri No.94 RT.05, Kel. Pemetaan, Kec. Purung Pundak, Kab. Tabalog",,,,Terverifikasi Administrasi,2018-09-04
Karias TV,Televisi,,,PT,Kalimantan Selatan,"Jl. Abdul Aziz RT.02 No.30, Kel. Sungai Karias, Kec. Amuntai Tengah",,,,Terverifikasi Administrasi,2018-09-04
Gamasi Vision,Televisi,,,PT,Kalimantan Selatan,"Jl. KARYA STHIL No.01 RT/RW 01/01, Kel. Kampung Baru, Kec. Simpang Empat",,,,Terverifikasi Administrasi,2018-09-04
,"Cetak
Radio
Televisi
Siber",,,,,,,,,,
Maxima Vision,Televisi,,,PT,Kalimantan Selatan,"Jl. Gatot Subroto No.7A RT.26, Kel. Sungai Lulut, Kec. Banjarmasin Timur",,,,Terverifikasi Administrasi,2018-09-04
Selidah & Perseda Vision,Televisi,,,PT,Kalimantan Selatan,"Kantor, Pengendali, Headend :
Jl. Gusti Seman No.10, RT.24, Kel. Ulu Banteng, Kec. Marabahan",,,,Terverifikasi Administrasi,2018-09-04
Oedien's Vision,Televisi,,,PT,Kalimantan Selatan,"Kantor, Pengendali, Headend :
Jl. Taman Melati No.19B RT.02 RW.01, Kel. Semayap, Kec. Pulau Laut Utara",,,,Terverifikasi Administrasi,2018-09-04
Tibung Raya Multimedia,Televisi,,,PT,Kalimantan Selatan,"Jl. Jend. Sudirman No.29 RT.07, Kel. Tibung Raya, Kec. Kandangan",,,,Terverifikasi Administrasi,2018-09-04
Oggi Vision,Televisi,,,PT,Kalimantan Selatan,"Jl. Lambung Mangkurat, RT.04 No.74, Kel. Palampitan Hilir Utara, Kec. Amuntai Tengah",,,,Terverifikasi Administrasi,2018-09-04
Kapuas Vision,Televisi,,,PT,Kalimantan Selatan,"Jl. Keruin Gg.IV No. 38 Ujung, Kel. Selat Dalam, Kec. Selat",,,,Terverifikasi Administrasi,2018-09-04
ANTV Palangkaraya,Televisi,,,PT,Kalimantan Tengah,"Jl. DI Panjaitan No.1, RT.2/1, Kel. Palangkaraya, Kec. Jekan Raya, Kota Palangkaraya, Kalteng",,,,Terverifikasi Administrasi,2018-09-04
Fiesta TV,Televisi,,,PT,Kalimantan Tengah,"Jl. RTA. Milono KM.4,5, RT.04/RW.13, Kel. Langkai, Kec. Pahandut",,,,Terverifikasi Administrasi,2018-09-04
Trans TV Palangkaraya,Televisi,,,PT,Kalimantan Tengah,"Jl. Tumenggung Tilung XI, Kel. Menteng, Kec. Jetang Raya",,,,Terverifikasi Administrasi,2018-09-04
Trans 7 Palangkaraya,Televisi,,,PT,Kalimantan Tengah,"Jl. Tumenggung Tilung XI, Kel. Menteng, Kec. Jetang Raya",,,,Terverifikasi Administrasi,2018-09-04
,"Cetak
Radio
Televisi
Siber",,,,,,,,,,
Global TV Palangkaraya,Televisi,,,PT,Kalimantan Tengah,"Jl. Tumenggung Tilung XIII No.20 RT.01/RW.VIII, Kel. Jekan Raya, Kec. Jekan Raya",,,,Terverifikasi Administrasi,2018-09-04
TPI Palangkaraya,Televisi,,,PT,Kalimantan Tengah,,,,,Terverifikasi Administrasi,2018-09-04
Hayat TV,Televisi,,,PT,Kalimantan Tengah,"Jl. H.M. Arsyad No. 5, Kel. Mentawa Baru Hulu, Kec, M.B Ketapang",,,,Terverifikasi Administrasi,2018-09-04
Mandiri,Televisi,,,PT,Kalimantan Tengah,"Jl. Temanggung Tandang No. 34, Kel Langkai, Kec. Pahandut",,,,Terverifikasi Administrasi,2018-09-04
Sylva Vision,Televisi,,,PT,Kalimantan Tengah,"Jl. A. Yani RT. 1, RW. II, Kel. Beriwit, Kec. Murung",,,,Terverifikasi Administrasi,2018-09-04
Handep Cable Network Entertainment,Televisi,,,PT,Kalimantan Tengah,"Jl. HANKAM RAYA I NO. 147, Kel. Kasongan Lama, Kec. Katingan",,,,Terverifikasi Administrasi,2018-09-04
Batara TV,Televisi,,,PT,Kalimantan Tengah,"Jl. Sumbawa No.11 RT.08, Kel. Melayu, Kec. Teweh Tengah, Kab. Barito Utara",,,,Terverifikasi Administrasi,2018-09-04
Sukamara Barinjam TV/SBTV,Televisi,,,PT,Kalimantan Tengah,"Jl. Cilik Riwut, Kel. Mendawai, Kec. Sukamara, Kab. Sukamara",,,,Terverifikasi Administrasi,2018-09-04
LMTV,Televisi,,,PT,Kalimantan Tengah,"Jl. JC Rangkap, Kel. Naga Bulik, Kec. Bulik, Kab. Lamandau",,,,Terverifikasi Administrasi,2018-09-04
LNG TV,Televisi,,,PT,Kalimantan Timur,"Jl. Raya Kutai, Komplek Town Center PT. BADAK NGL, Kel. Satimpo, Kec. Bontang Selatan",,,,Terverifikasi Administrasi,2018-09-04
,"Cetak
Radio
Televisi
Siber",,,,,,,,,,
tvOne Samarindo,Televisi,,,PT,Kalimantan Timur,"Jl. Dwikora RT.36, Kel. Masjid, Kec. Samarinda Seberang, Kota Samarinda, Prov. Kalimantan Timur",,,,Terverifikasi Administrasi,2018-09-04
Trans TV Samarinda,Televisi,,,PT,Kalimantan Timur,"Jl. Dwikora-Gunung Lampu RT.36, Kel. Mesjid, Kec. Samarinda Seberang, Kota Samarinda",,,,Terverifikasi Administrasi,2018-09-04
Trans7 Samarinda,Televisi,,,PT,Kalimantan Timur,"Jl. Dwikora Gunung Lampu RT.022/RW.007, Kel. Mesjid, Kec. Samarinda Seberang",,,,Terverifikasi Administrasi,2018-09-04
Indosiar Balikpapan,Televisi,,,PT,Kalimantan Timur,Jalan Bonto Bulaeng RT.01/RW.01 No.14 Kel. Repeater Polda Kaltim Kec. Sumbr Rejo,,,,Terverifikasi Administrasi,2018-09-04
Metro TV Kaltim,Televisi,,,PT,Kalimantan Timur,"Jl. Mangku Jenang Rt.12 Simpang Pasir Palaran, Kota Samarinda",,,,Terverifikasi Administrasi,2018-09-04
Surya Kabel,Televisi,,,PT,Kalimantan Timur,"Jl. Imam Bonjol No. 13, Melayu, Tenggarong",,,,Terverifikasi Administrasi,2018-09-04
Mitra Channel,Televisi,,,PT,Kalimantan Timur,"Jl. Jend. Sudirman Rt. 008 No. 08, Klandasan Ulu, Balikpapan Selatan",,,,Terverifikasi Administrasi,2018-09-04
Mahakam Vision,Televisi,,,PT,Kalimantan Timur,"JL. Gatot Subrota NO. 90A, Kel Bandara, Kec Samarinda Utara",,,,Terverifikasi Administrasi,2018-09-04
Grogot Vision,Televisi,,,PT,Kalimantan Timur,"Alamat Kantor, Sta. Pengendali Dan HeadEnd : Jl. P. Singa Maulana Gg. Cempaka, Kel. Tanah Grogot, Kec. Tanah Grogot, Kab. Paser, Kalimantan Timur",,,,Terverifikasi Administrasi,2018-09-04
SPT,Televisi,,,PT,Kalimantan Timur,"Jl. Ranggaina RT.39 No.44, Kel. Karang Anyar, Kec. Tarakan Barat, Kota Tarakan",,,,Terverifikasi Administrasi,2018-09-04
,"Cetak
Radio
Televisi
Siber",,,,,,,,,,
Borneo Vision,Televisi,,,PT,Kalimantan Timur,"Jl. Soekarno Hatta No.1 Plaza Rapak RC.20, Kel. Rapak, Kec. Balikpapan,Balikpapan",,,,Terverifikasi Administrasi,2018-09-04
Bu Ka CaTV,Televisi,,,PT,Kalimantan Timur,"Jl. Bunga Matahari no.32, Klandasa Ilir, Balikpapan Selatan",,,,Terverifikasi Administrasi,2018-09-04
Tepian Cable,Televisi,,,PT,Kalimantan Timur,"Jl. Pangeran Antasari No. 79, Air Putih, Samarinda Ulu",,,,Terverifikasi Administrasi,2018-09-04
Balikpapan TV,Televisi,,,PT,Kalimantan Timur,"Jln.Soekarno Hatta Km 3,5 Balikpapan",0542 734998,,,Terverifikasi Administrasi dan Faktual,2018-09-04
batamnews.co.id,Siber,,,PT,Kepulauan Riau,"Jl. Timor Blok D No. 15, Bengkong Dalam, Batam",081260927388,bangindrawan@gmail.com,www.batamnews.co.id,Terverifikasi Administrasi dan Faktual,2018-09-04
mediakepri.co.id,Siber,,,PT,Kepulauan Riau,"Komplek Glory View, Blok C No 10, Batam Centre, Batam",08117012027,redaksimediakepri@gmail.com,www.mediakepri.co.id,Terverifikasi Administrasi dan Faktual,2018-09-04
wartakepri.co.id,Siber,,,PT,Kepulauan Riau,"Kawasan Kota Mandiri Mall Botania 2 Blok E5
Kecamatan Batam Kota â€“ Kota Batam",085264400989,wartakeprionline@gmail.com,www.wartakepri.co.id,Terverifikasi Administrasi dan Faktual,2018-09-04
batamclick.com,Siber,,,PT,Kepulauan Riau,"Kawasan Kota Mandiri Mall Botania 2 Blok E5
Kecamatan Batam Kota â€“ Kota Batam",0823 8482 6007,batamclcik@gmail.com,www.batamclick.com,Terverifikasi Administrasi dan Faktual,2018-09-04
Siger TV,Televisi,,,PT,Lampung,"Jl. Radin Imba Kesuma Ratu, Beringin Raya, Kemiling",,,,Terverifikasi Administrasi,2018-09-04
Tegar TV,Televisi,,,PT,Lampung,"Jl. Zaenal Abidin Pagar Alam No.12, Kel. Labuhan Ratu, Kec. Kedaton, Kota Bandar Lampung, Lampung",,,,Terverifikasi Administrasi,2018-09-04
,"Cetak
Radio
Televisi
Siber",,,,,,,,,,
Bchannel Lampung/dh. Krakatau TV,Televisi,,,PT,Lampung,"Jl. Pangeran Antasari No. 142, Kel. Tanjung Baru, Kec. Sukabumi",,,,Terverifikasi Administrasi,2018-09-04
ANTV Lampung,Televisi,,,PT,Lampung,"Jl. Perumka No.10 RT.03, LK.01, Desa Sukadanaham, Kec. Tanjung Karang Barat",,,,Terverifikasi Administrasi,2018-09-04
Trans TV Lampung,Televisi,,,PT,Lampung,,,,,Terverifikasi Administrasi,2018-09-04
Indosiar Lampung,Televisi,,,PT,Lampung,,,,,Terverifikasi Administrasi,2018-09-04
Metro TV Lampung,Televisi,,,PT,Lampung,"Kantor       : Jl. Ahmad Yani No.7, Kel. Palapa, Kec. Tanjung Karang Pusat, Kota Bandar Lampung
Pemancar : Jl. Hutan Raya wan Abdurahman, Desa Buladu, Kec. Gunung Batung",,,,Terverifikasi Administrasi,2018-09-04
Trans 7 Lampung,Televisi,,,PT,Lampung,,,,,Terverifikasi Administrasi,2018-09-04
TPI Bandar Lampung,Televisi,,,PT,Lampung,,,,,Terverifikasi Administrasi,2018-09-04
GTV Lampung,Televisi,,,PT,Lampung,,,,,Terverifikasi Administrasi,2018-09-04
Kupas Tuntas,Cetak,,,PT,Lampung,"Jl. Turi Raya Gang Perintis No.101, Kec Tanjung Senang, Bandarlampung",0721-773331,redaksi_kupastuntas@yahoo.co.id,,Terverifikasi Administrasi dan Faktual,2018-09-04
Molluca TV,Televisi,,,PT,Maluku,"Jl. Inatuni x no.8, Amantelu, Sirimau",,,,Terverifikasi Administrasi,2018-09-04
,"Cetak
Radio
Televisi
Siber",,,,,,,,,,
Trans TV Ambon,Televisi,,,PT,Maluku,"JL. JATI BESAR, Kel JATI, Kec TERNATE SELATAN",,,,Terverifikasi Administrasi,2018-09-04
ANTV Ambon,Televisi,,,PT,Maluku,"Jl. Telaga Raja RT.007/01, Kel. Batu Gajah, Kec. Sirimau",,,,Terverifikasi Administrasi,2018-09-04
TPI Lintas Ambon,Televisi,,,PT,Maluku,"Alamat Pemancar:
Jl. Gunung Nona, Bukit Gresir, Kramat Jaya, Kec. Nusaniwe Ambon",,,,Terverifikasi Administrasi,2018-09-04
Bchannel Ambon/ dh. Panorama TV,Televisi,,,PT,Maluku,"Jl. Telaga Raya RT.005 RW.01, Kel. Batu Gajah, Kec. Sirimau, Kota Ambon",,,,Terverifikasi Administrasi,2018-09-04
Indosiar Ambon,Televisi,,,PT,Maluku,"Jl. Rijali No.45 RT.005/04, Kel. Karang Panjang",,,,Terverifikasi Administrasi,2018-09-04
Metro TV Maluku,Siber,,,PT,Maluku,"Jl. Bambu, Kel. Kuda Mati, Kec. Musaniwe, Kab. Ambon",,,,Terverifikasi Administrasi,2018-09-04
TV Kabel Thunggal,Televisi,,,PT,Maluku,"Jl. Listrik Negara No.18A, Kel. Batu Gajah, Kec. Sirimau",,,,Terverifikasi Administrasi,2018-09-04
Radio DMS,Radio,,,PT,Maluku,Jl. A.Y. Patty No. 21 Lantai II,0911-353325,erick@radiodms.com,,Terverifikasi Administrasi dan Faktual,2018-09-04
Gamalama TV,Televisi,,,PT,Maluku Utara,"Jl. Hasan Boesoeri No.500, Kel. Gamalama, Kec. Kota Ternate Selatan",,,,Terverifikasi Administrasi,2018-09-04
Trans TV Ternate,Televisi,,,PT,Maluku Utara,"Jl. Jati, Kel. Jati, Kec. Ternate Selatan",,,,Terverifikasi Administrasi,2018-09-04
,"Cetak
Radio
Televisi
Siber",,,,,,,,,,
ANTV Mataram,Televisi,,,PT,Nusa Tenggara Barat,"JL. PANJI TILAR NEGARA NO.65 KEKALIK, KEL KEKALIK JAYA, kec SEKARBELA",,,,Terverifikasi Administrasi,2018-09-04
Trans 7 mataram,Televisi,,,PT,Nusa Tenggara Barat,"Jl. Bung Karno No.22, Mataram Timur, Mataram",,,,Terverifikasi Administrasi,2018-09-04
Lombok TV,Televisi,,,PT,Nusa Tenggara Barat,"Jl. Panji Tilar Negara no.65, Tanjung Karang, Ampenan",,,,Terverifikasi Administrasi,2018-09-04
tvOne Lombok,Televisi,,,PT,Nusa Tenggara Barat,"Kec. Gerung, Kota Lombok Barat",,,,Terverifikasi Administrasi,2018-09-04
Metro TV NTB,Televisi,,,PT,Nusa Tenggara Barat,,,,,Terverifikasi Administrasi,2018-09-04
Trans TV Mataram,Televisi,,,PT,Nusa Tenggara Barat,Jl. Bung Karno No.22,,,,Terverifikasi Administrasi,2018-09-04
SCTV Mataram,Televisi,,,PT,Nusa Tenggara Barat,,,,,Terverifikasi Administrasi,2018-09-04
Bchannel Kupang/ dh. Timot TV,Televisi,,,PT,Nusa Tenggara Barat,"Jl. R.W. Monginsidi RT.017/005, Kel. Fatululi, Kec. Oebobo",,,,Terverifikasi Administrasi,2018-09-04
Trans TV Kupang,Televisi,,,PT,Nusa Tenggara Barat,"Jl. HR Koroh, Kel. Sikumanam Kec. Maulafa, Kota Kupang",,,,Terverifikasi Administrasi,2018-09-04
Madika TV,Televisi,,,PT,Nusa Tenggara Barat,"Jl. Perintis Kemerdekaan No.16, Kel. Pasir Panjang, Kec. Kelapa Lima",,,,Terverifikasi Administrasi,2018-09-04
,"Cetak
Radio
Televisi
Siber",,,,,,,,,,
Sindo TV Kupang,Televisi,,,PT,Nusa Tenggara Barat,"Jl. Tompello No.31, Kel. Oetete, Kec. Oebobo
Pemancar : Jl. RCTI, Kel. Belo, Kec. Maulafa, Kota Kupang",,,,Terverifikasi Administrasi,2018-09-04
Indosiar Kupang,Televisi,,,PT,Nusa Tenggara Barat,"Jl. HR Koroh, RT/RW 24/10, Kel. Sikumana, Kec. Maulafa, Kota Kupang",,,,Terverifikasi Administrasi,2018-09-04
Trans 7 Kupang,Televisi,,,PT,Nusa Tenggara Barat,"Jl. HR Koroh RT/RW 24/01, Kel. Sikumana, Kec. Maulafa, Kota Kupang",,,,Terverifikasi Administrasi,2018-09-04
Metro TV NTT,Televisi,,,PT,Nusa Tenggara Barat,"Jl. Jalur 40, RT/RW 11/06, Kel. Bello, Kec. Maulafa",,,,Terverifikasi Administrasi,2018-09-04
Kemilau TV,Televisi,,,PT,Papua,"Jl. Komplek Komp. Ruko DOK II Bhayangkata, Kel. Jayapura, Kab. Kota Jayapura",,,,Terverifikasi Administrasi,2018-09-04
Indosiar Jayapura,Televisi,,,PT,Papua,,,,,Terverifikasi Administrasi,2018-09-04
Trans TV Jayapura,Televisi,,,PT,Papua,"Jl. Polimak 1, Desa Ardipura, Kec. Jayapura Selatan, Kota Jayapura",,,,Terverifikasi Administrasi,2018-09-04
Trans 7 Jayapura,Televisi,,,PT,Papua,"Jl. TVRI Pemancar Polimak 1, Kel. Ardipura, Kec. Jayapura Selatan",,,,Terverifikasi Administrasi,2018-09-04
Global TV Papua,Televisi,,,PT,Papua,"Jl. Ardipura Bukit Polemak, Kota Jayapura",,,,Terverifikasi Administrasi,2018-09-04
Metro TV Papua,Televisi,,,PT,Papua,"Perumahan KPR Organda Padang Bulan, Kel. Hedam, Kec. Abepura",,,,Terverifikasi Administrasi,2018-09-04
,"Cetak
Radio
Televisi
Siber",,,,,,,,,,
Harian Pagi Papua,Cetak,,,PT,Papua,Jl. Raya Abepura Ruko Sumber Air No. 3 Entrop Jayapura,08114800906,redaksiharianpagipapua@gmail.com,,Terverifikasi Administrasi dan Faktual,2018-09-04
Cendrawasih Pos,Cetak,,,PT,Papua,"Jl. Balaikota Entrop, Jayapura",0811480270,redaksi.cepos@gmail.com,,Terverifikasi Administrasi dan Faktual,2018-09-04
tabloidjubi.com,Siber,,,PT,Papua,"Jl. Sakura Gg. Jati No.A5 Perumnas II Waena, Kota Jayapura",0967 574209,redaksionline@tabloidjubi.com,www.tabloidjubi.com,Terverifikasi Administrasi dan Faktual,2018-09-04
Manokwari TV,Televisi,,,PT,Papua Barat,,,,,Terverifikasi Administrasi,2018-09-04
Megavision,Televisi,,,PT,Papua Barat,,,,,Terverifikasi Administrasi,2018-09-04
riauterkini.com,Siber,,,PT,Riau,"Jl. Soekarno Hatta no. 33 (depan SPBU I) Marpoyandamai, Pekanbaru",0761-8418980,redaksi@riauterkini.com,www.riauterkini.com,Terverifikasi Administrasi dan Faktual,2018-09-04
Tabloid Bidik,Cetak,,,PT,Riau,"Jl. Taskurun No. 21 B Kel. Wonorejo, Kec. Marfoyan Damai, Riau",0761-46032,nazarabidik@yahoo.com,www.bidikonline.com,Terverifikasi Administrasi,2018-09-04
Info Riau,Cetak,,,PT,Riau,"Jl. Purwodadi AL Karomah Residence Blok B No.5 Kelurahan Sidomulyo, Panam, Pekanbaru",(0761) 567253,redaksiinforiau@gmail.com,www.inforiau.com,Terverifikasi Administrasi dan Faktual,2018-09-04
Radar Pekanbaru,Cetak,,,PT,Riau,Jl. Arifin Ahmad Blok B No.8 Pekanbaru,0811751315,radarpekanbaru@gmail.com,www.radarpekanbaru.com,Terverifikasi Administrasi dan Faktual,2018-09-04
Tanjungpinang TV,Televisi,,,PT,Riau,Jl. Pramuka No. 3 Kel Tanjung Ayun Sakti Kec Bukit Bestari Kota Tanjungpinang,0771-312127,tanjungpinangtu33uhf@gmail.com,,Terverifikasi Administrasi,2018-09-04
,"Cetak
Radio
Televisi
Siber",,,,,,,,,,
riaumandiri.co,Siber,,,PT,Riau,Gedung Riau Pers Jl. Tuanku Tambusai No.7 Pekanbaru,0761-572168,redaksiriaumandiri@gmail.com,www.riaumandiri.co,Terverifikasi Administrasi dan Faktual,2018-09-04
berazam.com,Siber,,,PT,Riau,"Jl. Setia Maharaja/ Jl. Parit Indah, Perkantoran Grand Sudirman, Blok B -10, Pekanbaru",0761-32308,redaksiberazam@gmail.com,www.berazam.com,Terverifikasi Administrasi dan Faktual,2018-09-04
Intermezo,Cetak,,,PT,Riau,"Jl. Puyuhmas No. 09 Tangkeraan Teakah Marposan Damai, Pekanbaru",081371172221,tabloid_intermezo@yahoo.com,,Terverifikasi Administrasi dan Faktual,2018-09-04
Manakarra TV,Televisi,,,PT,Sulawesi Barat,"Jl. Mangga No.6 Kelurahan Binanga, Kecamatan Mamuju, Kab. Mamuju, Sulbar",,,,Terverifikasi Administrasi,2018-09-04
Mitra TV,Televisi,,,PT,Sulawesi Selatan,"Jl. P. Pettarani No. 11 Rappang, Kel Lalidata, Kec Panca Rijang",,,,Terverifikasi Administrasi,2018-09-04
Kompas TV Makassar d/h Makassar TV,Televisi,,,PT,Sulawesi Selatan,"Jl. Pengayoman Komplek Edelweis, Makassar",,,,Terverifikasi Administrasi,2018-09-04
SNB TV,Televisi,,,PT,Sulawesi Selatan,"Kantor dan Studio:
Gd. Menara Bosowa Lt.15. Jl. Jendral Sudirman No.5",,,,Terverifikasi Administrasi,2018-09-04
SunTV Makassar,Televisi,,,PT,Sulawesi Selatan,"Jl. Urip Sumuharjo No.168 No.168 RT.001/RW.004, Kel. Sinrijala, Kec. Panakukang",,,,Terverifikasi Administrasi,2018-09-04
SCTV Makassar,Televisi,,,PT,Sulawesi Selatan,,,,,Terverifikasi Administrasi,2018-09-04
ANTV Makassar,Televisi,,,PT,Sulawesi Selatan,"Jl. Poros Malino Km.22 Rt.8/2, Dusun Pakatto Lompo, Kel. Pakatto, Kec. Bontomarannu, Kab. Gowa",,,,Terverifikasi Administrasi,2018-09-04
,"Cetak
Radio
Televisi
Siber",,,,,,,,,,
Metro TV Sulsel,Televisi,,,PT,Sulawesi Selatan,"Jl. Poros Malino, Dusun Pakkto Lompo, Desa Pakkato, Kec. Bonto Marannu, Kab. Gowa",,,,Terverifikasi Administrasi,2018-09-04
Indosiar Makassar,Televisi,,,PT,Sulawesi Selatan,,,,,Terverifikasi Administrasi,2018-09-04
Mitra Kabel,Televisi,,,PT,Sulawesi Selatan,,,,,Terverifikasi Administrasi,2018-09-04
Lembang Kabel Vision,Televisi,,,PT,Sulawesi Selatan,"Kantor dan Headend :
Jl. Tien Suharto No.4, Kel. Benteng Utara, Kec. Benteng, Kab. Kep. Selayar
Stasiun Pengendali :
Jl. Pierre Tendean No.12, Kel. Benteng, Kec. Benteng, Kab. Kepulauan Selayar",,,,Terverifikasi Administrasi,2018-09-04
Palaron Vision,Televisi,,,PT,Sulawesi Selatan,"Kantor, Pengendali, Headend :
Jl. Elang No.1 BTN Samalewa Permai Bungoro, Kel. Samalewa, Kec. Bungoro",,,,Terverifikasi Administrasi,2018-09-04
Celebes TV,Televisi,,,PT,Sulawesi Selatan,Jln. Jend.Sudirman No. 5 Makassar â€“ Sulawesi Selatan,0411 -3681020,celebestv@gmail.com,,Terverifikasi Administrasi dan Faktual,2018-09-04
kabarmakassar.com,Siber,,,PT,Sulawesi Selatan,"Jl. Sungai Saddang F/15, Kompleks Latanete Plaza",0411 - 3630080,redaksi@kabarmakassar.com,www.kabarmakassar.com,Terverifikasi Administrasi dan Faktual,2018-09-04
Trans 7 Palu,Televisi,,,PT,Sulawesi Tengah,"Jl. Untad I, Kel. Tondo, Kec. Palu Timur, Kota Palu",,,,Terverifikasi Administrasi,2018-09-04
tvOne Palu,Televisi,,,PT,Sulawesi Tengah,"Jl. RE Martadinata, Kel. Tondo, Kec. Palu Timur",,,,Terverifikasi Administrasi,2018-09-04
Trans TV Palu,Televisi,,,PT,Sulawesi Tengah,"Jl. Untad I, Kel. Tondo, Kec. Palu Timur",,,,Terverifikasi Administrasi,2018-09-04
,"Cetak
Radio
Televisi
Siber",,,,,,,,,,
Metro TV Palu,Televisi,,,PT,Sulawesi Tengah,"Jl. Tg. Dako Gg. Elite, Kel. Lolu Selatan, Kec. Palu Selatan",,,,Terverifikasi Administrasi,2018-09-04
TPI Palu,Televisi,,,PT,Sulawesi Tengah,,,,,Terverifikasi Administrasi,2018-09-04
Megavision,Televisi,,,PT,Sulawesi Tengah,"Jl. Tomboloutu No.130A, Kel. Talise, Kec. Palu Timur",,,,Terverifikasi Administrasi,2018-09-04
Palu Media Net,Televisi,,,PT,Sulawesi Tengah,"Jl. Zebra III No.11, Birobuli Utara, Palu Selatan",,,,Terverifikasi Administrasi,2018-09-04
SW@TV,Televisi,,,PT,Sulawesi Tengah,"Jl. Pimpilido No.3, Kel. Baru, Kec. Palu Barat",,,,Terverifikasi Administrasi,2018-09-04
ANTV Kendari,Televisi,,,PT,Sulawesi Tenggara,"Jl. Kendari Permai Blok U No.7, Kel. Padaleu, Kec. Kambu",,,,Terverifikasi Administrasi,2018-09-04
Sindo TV Kendari,Cetak,,,PT,Sulawesi Tenggara,"Kantor dan Studio :
Jl. Jend A. Yani No.80, Kel. Kadia, Kec. Kadia, Kota Kendari
Pemancar :
Jl. Mekar 05, Kel. Kadia, Kec. Baruga, Kota Kendari",,,,Terverifikasi Administrasi,2018-09-04
Kendari TV,Televisi,,,PT,Sulawesi Tenggara,"Jl. Laute III No.5, Kel. Mandonga, Kota Kendari",,,,Terverifikasi Administrasi,2018-09-04
Metro TV Sultra,Televisi,,,PT,Sulawesi Tenggara,"Jl. BTN Kendari Permai V2 No.06, Kel. Padaleu, Kec. Kambu",,,,Terverifikasi Administrasi,2018-09-04
M Channel,Televisi,,,PT,Sulawesi Utara,"Jl. Arie Lasut No.125, Kel. Kombos Barat, Kec. Singkil",,,,Terverifikasi Administrasi,2018-09-04
,"Cetak
Radio
Televisi
Siber",,,,,,,,,,
Manado TV,Televisi,,,PT,Sulawesi Utara,"Kantor : Jl. Bumi Waringin No.16, Kel. Bumi Beringin, Kec. Wenang, Kota Manado
Studio dan Pemancar : Pegunungan Makaweimben, Kel. Marawas, Kec. Tondano Utara",,,,Terverifikasi Administrasi,2018-09-04
Pacific TV,Televisi,,,PT,Sulawesi Utara,"Jl. Anugerah No.8, Kel. Waningun, Kel. Malalayang, Kota Manado",,,,Terverifikasi Administrasi,2018-09-04
tvOne Manado,Televisi,,,PT,Sulawesi Utara,,,,,Terverifikasi Administrasi,2018-09-04
ANTV Manado,Televisi,,,PT,Sulawesi Utara,"Jl. TNI No.197, Kel. Tikala Area, Kec. Tikala
Pemancar : Jl. Makawemben No.06, Kel. Marawas, Kec. Tondano Utara, Kab. Minahasa",,,,Terverifikasi Administrasi,2018-09-04
Metro TV Sulut,Televisi,,,PT,Sulawesi Utara,"Jl. HR Koroh, RT/RW 24/10, Kel. Sikumana, Kec. Maulafa, Kota Kupang",,,,Terverifikasi Administrasi,2018-09-04
SCTV Manado,Televisi,,,PT,Sulawesi Utara,"Kantor:
Jl. Teling Bawah Lingkungan I, Kec. Wenang, Kota Manado
Alamat Studio dan Pemancar:
Jl. 14 Februari no. 163, Kota Manado",,,,Terverifikasi Administrasi,2018-09-04
Indosiar Manado,Televisi,,,PT,Sulawesi Utara,"Alamat Pemancar:
Jl. 14 Februari No. 163, Kel. Teling Bawah, Kec. Wenang, Kota Manado",,,,Terverifikasi Administrasi,2018-09-04
sulutnews.com,Siber,,,PT,Sulawesi Utara,Jl.Sudirman No.3 Manado,0431-843427,,www.sulutnews.com,Terverifikasi Administrasi dan Faktual,2018-09-04
manadonews.co.id,Siber,,,PT,Sulawesi Utara,Jl. Wakeke no. 11 Manado,08114300000,redaksi@manadonews.co.id,www.manadonews.co.id,Terverifikasi Administrasi dan Faktual,2018-09-04
beritamanado.com,Cetak,,,PT,Sulawesi Utara,"Gritma i/7, Paniki Bawah, Mapanget, Manado 95256",0431-818010,,www.beritamanado.com,Terverifikasi Administrasi dan Faktual,2018-09-04
,"Cetak
Radio
Televisi
Siber",,,,,,,,,,
Manado Post,Cetak,,,PT,Sulawesi Utara,"Jl. Babe Palar No. 62 Kelurahan Wanea Manado, Gedung Graha Pena",(0431) 855-558,editor@mdopost.com,www.manadopostonline.com,Terverifikasi Administrasi dan Faktual,2018-09-04
telegrafnews.co.id,Siber,,,PT,Sulawesi Utara,"Jl. Piere tendean, Kawasan Marina Plaza M-Walk Lt.2 Blok B No.62 Manado",0813-56415770,redaksitelegraf@gmail.com,www.telegrafnews.co.id,Terverifikasi Administrasi dan Faktual,2018-09-04
Radio Sion Tomohon,Radio,,,PT,Sulawesi Utara,Komplek BUkit Inspirasi Kel Kakaskeran Kec Tomohon Utara Kota Tomohon,0431- 352106,radiosion_tomohon@yahoo.com,,Terverifikasi Administrasi,2018-09-04
Pronews FM,Televisi,,,PT,Sumatera Barat,,0751-443307,mail.progroup@gmail.com,,Terverifikasi Administrasi dan Faktual,2018-09-04
minangsatu.com,Siber,,,PT,Sumatera Barat,"Jl. Aur Duri Raya No.28 Padang, Sumatera Barat",0751-8950555,news@minangsatu.com,www.minangsatu.com,Terverifikasi Administrasi dan Faktual,2018-09-04
Sriwijaya TV,Televisi,,,PT,Sumatera Selatan,"Jl. Angkatan 45 No.11-12 RT.14 RW.04 Demang Lebar Daun, Ilir Barat I Palembang",0711 - 364344,,,Terverifikasi Administrasi,2018-09-04
jurnalsumatra.com,Siber,,,PT,Sumatera Selatan,"Perumahan Griya Indah Blok B No.3 RT33/9, Kec. Seko, Palembang",0711-823875,"redaksi@jurnalsumatra.com, jurnalsumatra@yahoo.co.",www.jurnalsumatra.com,Terverifikasi Administrasi dan Faktual,2018-09-04
Fajar FM,Televisi,,,PT,Sumatera Selatan,Jl. Urip Sumoharjo No.20 Gedung Graha Pena Lantai.2 Makassar,0411438847,,,Terverifikasi Administrasi,2018-09-04
Trans TV Manado,Televisi,,,PT,Sumatera Utara,"Alamat Pemancar:
Jl. Tompakewa Lorong Trans TV, Bumi Nyiur, Wanea manado",,,,Terverifikasi Administrasi,2018-09-04
kabarmedan.com,Siber,,,PT,Sumatera Utara,"Jl. Setia Budi No 464 B-C Tj. Sari, Medan â€“ 20133",0819613506,redaksi@kabarmedan.com,www.kabarmedan.com,Terverifikasi Administrasi dan Faktual,2018-09-04
,"Cetak
Radio
Televisi
Siber",,,,,,,,,,
gosumut.com,Siber,,,PT,Sumatera Utara,"Komplek Maimun Ville Jalan Puskesmas l No 1 C, Medan",061-42085791,gosumutcom@gmail.com,www.gosumut.com,Terverifikasi Administrasi dan Faktual,2018-09-04
YOGYA TV,Televisi,,,PT,Daerah Istimewa Jogjakarta,"Jl. Wonosari KM.9, Sendang Tirto, Berbah",,,,Terverifikasi Administrasi,2018-09-04
MMTC TV,Televisi,,,PT,Daerah Istimewa Jogjakarta,"Jl. Jajalan No. 36, Puwokinanti, Pakualaman",,,,Terverifikasi Administrasi,2018-09-04
ADI TV,Televisi,,,PT,Daerah Istimewa Jogjakarta,"Jl. Kapas No.9, Kel. Semaki, Kec. Umbulharjo",,,,Terverifikasi Administrasi,2018-09-04
Nusa TV,Televisi,,,PT,Daerah Istimewa Jogjakarta,,,,,Terverifikasi Administrasi,2018-09-04
Jogja Medianet,Televisi,,,PT,Daerah Istimewa Jogjakarta,"Jl. Magelang KM. 6, Kel. Sinduadi, Kec. Mlati, Kab. Sleman",,,,Terverifikasi Administrasi,2018-09-04
Metro TV Yogyakarta,Televisi,,,PT,Daerah Istimewa Jogjakarta,"Gunung Asem RT.19 RW.05, Kel. Ngoro-oro, Kec. Patuk",,,,Terverifikasi Administrasi,2018-09-04
tvOne Yogyakarta,Televisi,,,PT,Daerah Istimewa Jogjakarta,"Jl. Patuk Tawang KM.6 Padukuhan Salaran RT.22/RW.06 Desa Ngoro-oro, Kec. Patuk",,,,Terverifikasi Administrasi,2018-09-04
SCTV Yogyakarta,Televisi,,,PT,Daerah Istimewa Jogjakarta,"Jl. Dusun Salaran Kel. Ngoro-oro, Kec. Patuk",,,,Terverifikasi Administrasi,2018-09-04
Trans TV Yogyakarta,Televisi,,,PT,Daerah Istimewa Jogjakarta,"Paduhukan Soka RT.26/RW.08, Desa Ngoro-oro, Kec. Patuk",,,,Terverifikasi Administrasi,2018-09-04
,"Cetak
Radio
Televisi
Siber",,,,,,,,,,
Trans 7 Yogyakarta,Televisi,,,PT,Daerah Istimewa Jogjakarta,"Jl. Dusun Sepat, RT. 07 RW. 02, Kel. Ngoro-oro, Kec. Patuk",,,,Terverifikasi Administrasi,2018-09-04
ANTV Yogyakarta,Televisi,,,PT,Daerah Istimewa Jogjakarta,"Jl. Padukuhan Sepat, RT.07 RW.02, Kel. Ngoro-oro, Kec. Patuk",,,,Terverifikasi Administrasi,2018-09-04
Global TV Yogyakarta,Televisi,,,PT,Daerah Istimewa Jogjakarta,Jl. Taman Siswa No.160 Slot B1 Ruko Taman Siswa Business Center,,,,Terverifikasi Administrasi,2018-09-04
TPI Network,Televisi,,,PT,Daerah Istimewa Jogjakarta,Jl. Taman Siswa No. 160 Slot B1 Ruko Taman Siswa Business Center,,,,Terverifikasi Administrasi,2018-09-04
Banten Raya TV,Televisi,,,PT,Banten,"Graha Pena Radar Banten Jl. Kolonel H.TB. Suwandi, Lingkar Selatan, Serang Banten.
Telp. 0254-220044",0254-220044,redaksi.barayatv123@gmail.com,,Terverifikasi Administrasi dan Faktual,2018-09-04
Radar Lebong,Cetak,,,PT,Bengkulu,"Jl. Mayor Singadikone RT 2 No.95 Kel. Kampung Jawa, Kab. Lebong, Bengkulu",0812.71252961,,,Terverifikasi Administrasi dan Faktual,2018-09-04
Radar Kepahaing,Cetak,,,PT,Bengkulu,"Jl. Lintas Kapahiang - Curup Desa Karang Anyar, Kec. Kapahiang, Bengkulu",081273855422,,,Terverifikasi Administrasi dan Faktual,2018-09-04
Radar Mukomuko,Cetak,,,PT,Bengkulu,"Jl. Soekarno Hatta, Kel. Bandar Ratu Kota Mukomuko",0737-71709,radar.mukomuko@yahoo.com,,Terverifikasi Administrasi dan Faktual,2018-09-04
Radar Kaur,Cetak,,,PT,Bengkulu,"Jl. Suka Bandung Kota Bintuhan Kes. Kaur Selatan, Kab. Kaur, Bengkulu",085384021991,,,Terverifikasi Administrasi dan Faktual,2018-09-04
Radar Pet Petulai,Cetak,,,PT,Bengkulu,"Jl. Jendral Sudirman No. 14 Kel. Tempel Rejo, Kec. Curup Selatan, Kab. Rejang Lebong",0732-23713,redaksirpp@gmail.com,,Terverifikasi Administrasi dan Faktual,2018-09-04
,"Cetak
Radio
Televisi
Siber",,,,,,,,,,
Rakyat Benteng,Cetak,,,PT,Bengkulu,"Jl. Lintas Bengkulu Kepahiang, Desa Ujung Karang",081279240009,rateng_rbt@yahoo.co.id,,Terverifikasi Administrasi dan Faktual,2018-09-04
Rakyat Bengkulu TV,Televisi,,,PT,Bengkulu,Jln. Pangeran Natadirja No. 69 Bengkulu,(0736)346771,rbtvdaerah@gmail.ciom,,Terverifikasi Administrasi dan Faktual,2018-09-04
Women's Obsession,Cetak,,,PT,DKI Jakarta,"Jl. Kedondong No.161, Jagakarsa, Jakarta Selatan","021-29436102, 2",redaksi@womensobsessionnews.com,,Terverifikasi Administrasi dan Faktual,2018-09-04
NET TV,Televisi,,,PT,DKI Jakarta,"Jl. Mega Kuningan Barat No.3 RT 5 RW 2 Kuningan, Kec. Setiabudi, Jakarta Selatan",021-29546100,,,Terverifikasi Administrasi dan Faktual,2018-09-04
Trans TV,Televisi,,,PT,DKI Jakarta,"Gedung Transmedia Lt.3, Jl. Kapten P. Tendean Kav.12 14A, RT.02/02, Mampang Prapatan, Jakarta",(021) 79177000,public.relations@cnn.id,,Terverifikasi Administrasi dan Faktual,2018-09-04
Kumparan.com,Siber,,,PT,DKI Jakarta,"Jl Jati Murni no.1A, Jati Padang, Pasar Minggu, Jakarta Selatan",+62 21 2278 457,redaksi@kumparan.com,kumparan.com,Terverifikasi Administrasi dan Faktual,2018-09-04
Bungo Pos,Cetak,,,PT,Jambi,Jl. Lintas Sumatera Km 4.5 Sungai Mengkuang,0811 7405064,redaksibungopos@gmail.com,,Terverifikasi Administrasi dan Faktual,2018-09-04
Ayobandung.com,Siber,,,PT,Jawa Barat,Jl. Sekar Tongeret No.14 Bandung,022-7311708,redaksi@ayobandung.com,www.ayobandung.com,Terverifikasi Administrasi dan Faktual,2018-09-04
TA Radio,Radio,,,PT,Jawa Tengah,"Jl. Giriwarno RT 01 RW 08, Desa Giriwarno, Wonogiri, Jawa Tengah",081567666600,,,Terverifikasi Administrasi dan Faktual,2018-09-04
TV 9 Nusantara,Televisi,,,PT,Jawa Timur,Jl. Raya Darmo 96 Surabaya,031.5620999,tv9station@gmail.com,,Terverifikasi Administrasi dan Faktual,2018-09-04
,"Cetak
Radio
Televisi
Siber",,,,,,,,,,
KALSEL POS,Cetak,,,PT,Kalimantan Selatan,"Jl. Trans Kalimantan Ruko Ni.1A Handil Bhakti Alalak, Kab. Barito Kuala, Kalimantan Selatan",0852.48159145,poskalsel@gmail.com,http://kalselpos.com,Terverifikasi Administrasi dan Faktual,2018-09-04
Koran Metro7,Cetak,,,PT,Kalimantan Selatan,"Jl. Simpang 3 Tangki Rijal No.2 RT6 Belimbing Raya Kec. Muruna Pudak, Tabalong",0526-2025606,redaksi@metro7.co.id,,Terverifikasi Administrasi dan Faktual,2018-09-04
Samarinda Pos,Cetak,,,PT,Kalimantan Timur,Jl. Soekarno Hatta Km 3.5,0542-479792,epaper.sapos.co.id,,Terverifikasi Administrasi dan Faktual,2018-09-04
Kaltara Pos,Cetak,,,PT,Kalimantan Utara,Jl. Mulawarman No.32 Rt 1 Gedung Sileur Lt. 4 Tarakan Kaltara,0551-32101,kalpos.redaksi.co.id,,Terverifikasi Administrasi dan Faktual,2018-09-04
Tanjungpinang Pos,Cetak,,,PT,Kepulauan Riau,"Jl. Panjanitan Komp. Pinlang Mas Blok Mayang No.10-11 Tanjungpinang, Kepulauan Riau",0771 - 7447234,redaksi@tanjungpinangpos.id,Tanjungpinangpos.id,Terverifikasi Administrasi dan Faktual,2018-09-04
Posmetro Batam,Cetak,,,PT,Kepulauan Riau,Gedung Graha Pena Lt. 3 Jl. Jendral Ahmad Yani Batam Kepri,0778-464777,redaksiposmetrobatam@gmail.com,,Terverifikasi Administrasi dan Faktual,2018-09-04
Koran Sindo Batam,Cetak,,,PT,Kepulauan Riau,Jl. Tenggiri Tjg Sengkuang Batu Ampar Batam Kepri,0778-4100200,redaksikoransindobatam.com,,Terverifikasi Administrasi dan Faktual,2018-09-04
kundurnews.co.id,Siber,,,PT,Kepulauan Riau,"Jalan H.Nawawie No.48. RT/RW 007/002 Tanjungbatu Kota, Kec. Kundur, Kab. Karimun, Provinsi Kepulauan Riau",0779 21104,redaksi.kundurnews@gmail.com,www.kundurnews.co.id,Terverifikasi Administrasi,2018-09-04
Lintaslampung.com,Siber,,,PT,Lampung,"Glora Persada Blok H No.10 Rajabasa Raya, Rajbasa, Bandar Lampung",0819.57438245,redaksi@lintaslampung.com,www.lintaslampung.com,Terverifikasi Administrasi dan Faktual,2018-09-04
Faktual,Cetak,,,PT,Lampung,Jl. Sisingamangaraja No.44 Bandar Lampung,0812.72245525,,,Terverifikasi Administrasi dan Faktual,2018-09-04
,"Cetak
Radio
Televisi
Siber",,,,,,,,,,
Pelitaekspres.com,Siber,,,PT,Lampung,"Jl. Ratu Dibalau Gg. Kenanga No.10, Kec. Tanjung Senang, Bandar Lampung",0721-5614288,pelitaekspress@gmail.com,www.pelitaekspres.com,Terverifikasi Administrasi dan Faktual,2018-09-04
indotimur.com,Siber,,,PT,Maluku Utara,"Jl. Jati Lurus, Kel. Jati, Ternate Selatan, Maluku Utara",081244330108,redaksi.indotimur@gmail.com,www.indotimur.com,Terverifikasi Administrasi dan Faktual,2018-09-04
AFB TV,Televisi,,,PT,Nusa Tenggara Timur,"Wisma Senegor 
Jl. HR Koroh KM 7, Sikumana, Kupang, NTT",0380-825888,afbkupang@gmail.com,afbkupang@gmail.com,Terverifikasi Administrasi,2018-09-04
Sorong TV,Televisi,,,PT,Papua Barat,"Jl. Klarono Km 19 Sorong, Papua Barat",0822.39180606,,,Terverifikasi Administrasi,2018-09-04
Papua Channel TV,Televisi,,,PT,Papua Barat,"Jl. F. Kalasuat Sorong Utara, Papua Barat",0821.14721193,papua.channel@gmail.com,,Terverifikasi Administrasi,2018-09-04
News24xx.com,Siber,,,PT,Riau,"Perkantoran Grand Sudirman Blok D No.19
Jl. Datuk Setia Maharaja, Kec. Tangkerang Selatan, Kel. Bukit Raya,Pekanbaru, Riau",085320004928,info@news24xx.com,www.news24xx.com,Terverifikasi Administrasi dan Faktual,2018-09-04
Bidik,Cetak,,,PT,Riau,"Jl. Bukit Barisan No. 7 Kel. Pematang Kapau, Kec. Tenayan Raya, Pekan Baru",0761-8522804,nazarabidik@yahoo.com,,Terverifikasi Administrasi dan Faktual,2018-09-04
Riau24.com,Siber,,,PT,Riau,"Perkantoran Grand Sudirman Blok D 18 Jl. Datuk Setia Maharaja, Kec. Tangkerang Selatan, Kel. Bukit Raya, Pekanbaru, Riau",085320004928,info@riau24.com,www.riau24.com,Terverifikasi Administrasi dan Faktual,2018-09-04
Luwuk Post,Cetak,,,PT,Sulawesi Tengah,"Jl. Imam Bonjol Km3 No.4 Kec. Luwuk, Kab. Banggai, Sulawesi Tengah",0461-325497,,,Terverifikasi Administrasi dan Faktual,2018-09-04
Kawanua Tv,Televisi,,,PT,Sulawesi Utara,Gedung Graha Pena Manado Post Lt. 3 Jl. Babe Palar,0431-855558,kawanuatv.md@gmail.com,,Terverifikasi Administrasi dan Faktual,2018-09-04
,"Cetak
Radio
Televisi
Siber",,,,,,,,,,
Radio Amigos 100.8FM,Radio,,,PT,Sulawesi Utara,Kel. Talete Dua Ling III Kec. Tomohon Tengah Kota Tomohon,(0431) 353 887,Amigos.news2015@yahoo.com,,Terverifikasi Administrasi,2018-09-04
Radio Mars FM,Radio,,,PT,Sulawesi Utara,Jl. Wisma Roncali No.92 Paslaten 1 Lingkungan III Kec Tomohon Timur Kota Tomohon,0431 3156572,radiomarsfmtomohon@gmail.com,www.newsmarsfm.com,Terverifikasi Administrasi,2018-09-04
Radio Classy FM,Radio,,,PT,Sumatera Barat,"Jl ,Raya indarung Kel,Indarunng  kec,Lubuk Kilangan Padang Sumatra Barat","0751-202761,749",news@Classyfm.co.id,,Terverifikasi Administrasi,2018-09-04
Orbit,Cetak,,,PT,Sumatera Utara,Jl. Asmara Gedung Bumi Jurnalis Komplek Bumi Asri Blok C No. 61 - 62 Medan,061-8449267,,,Terverifikasi Administrasi dan Faktual,2018-09-04
LWI POS,Cetak,,,PT,Sumatera Utara,jl Dr wahidin gg sawah no 28 Kel Rejo Kec Binjai Timur Kota Binjai Sumatera Utara,0821 6744 4791,lwi_pos@yahoo.co.id,,Terverifikasi Administrasi dan Faktual,2018-09-04
tribun-medan.com,Siber,,,PT,Sumatera Utara,Jl. KH Wahid Hasyim No.37 Kel. Babura Kec. Medan Baru,061 457422,redaksitribunmedan@yahoo.com,www.tribun-medan.com,Terverifikasi Administrasi dan Faktual,2018-09-04
Bernas.id,Siber,,,PT,Daerah Istimewa Jogjakarta,"Jl. Ringroad Utara No.7A Caturtunggal, Depok, Sleman, Yogyakarta 55281",0274-5306623,redaksi@harianbernas.com,www.bernas.id,Terverifikasi Administrasi dan Faktual,2018-09-04
Matauli.com,Siber,,,PT,,"The Square Office, Wisma NH, Lantai Dasar (Ground Floor) Jln. Raya Pasar Minggu Kav. 2B â€“ C, Pancoran, Jakarta",021-7976226,redaksi@matauli.com,www.matauli.com,Terverifikasi Administrasi,2018-09-04
Tangerang Expres,Cetak,,,PT,,"Graha Pena Tanggerang, Moderngolf Shophouse No. 8, Modernland, Tanggerang Banten",(021) 5578-1212,Tangerang.ekpres@gmail.com,,Terverifikasi Administrasi dan Faktual,2018-09-04
Batam Pos,Cetak,,,,Kepulauan Riau,"Gedung Graha Pena Batam Lt. 2 Jl. Raya Batam Centre, Batam - 29461",(0778) 460000,redaksi@batampos.co.id,www.batampos.co.id,Terverifikasi Administratif,2015-07-18
,"Cetak
Radio
Televisi
Siber",,,,,,,,,,
Radio Amigos 100.8FM,Radio,,,PT,Sulawesi Utara,Kel. Talete Dua Ling III Kec. Tomohon Tengah Kota Tomohon,(0431) 353 887,Amigos.news2015@yahoo.com,,Terverifikasi Administrasi,2018-09-04
Radio Mars FM,Radio,,,PT,Sulawesi Utara,Jl. Wisma Roncali No.92 Paslaten 1 Lingkungan III Kec Tomohon Timur Kota Tomohon,0431 3156572,radiomarsfmtomohon@gmail.com,www.newsmarsfm.com,Terverifikasi Administrasi,2018-09-04
Radio Classy FM,Radio,,,PT,Sumatera Barat,"Jl ,Raya indarung Kel,Indarunng  kec,Lubuk Kilangan Padang Sumatra Barat","0751-202761,749",news@Classyfm.co.id,,Terverifikasi Administrasi,2018-09-04
Orbit,Cetak,,,PT,Sumatera Utara,Jl. Asmara Gedung Bumi Jurnalis Komplek Bumi Asri Blok C No. 61 - 62 Medan,061-8449267,,,Terverifikasi Administrasi dan Faktual,2018-09-04
LWI POS,Cetak,,,PT,Sumatera Utara,jl Dr wahidin gg sawah no 28 Kel Rejo Kec Binjai Timur Kota Binjai Sumatera Utara,0821 6744 4791,lwi_pos@yahoo.co.id,,Terverifikasi Administrasi dan Faktual,2018-09-04
tribun-medan.com,Siber,,,PT,Sumatera Utara,Jl. KH Wahid Hasyim No.37 Kel. Babura Kec. Medan Baru,061 457422,redaksitribunmedan@yahoo.com,www.tribun-medan.com,Terverifikasi Administrasi dan Faktual,2018-09-04
Bernas.id,Siber,,,PT,Daerah Istimewa Jogjakarta,"Jl. Ringroad Utara No.7A Caturtunggal, Depok, Sleman, Yogyakarta 55281",0274-5306623,redaksi@harianbernas.com,www.bernas.id,Terverifikasi Administrasi dan Faktual,2018-09-04
Matauli.com,Siber,,,PT,,"The Square Office, Wisma NH, Lantai Dasar (Ground Floor) Jln. Raya Pasar Minggu Kav. 2B â€“ C, Pancoran, Jakarta",021-7976226,redaksi@matauli.com,www.matauli.com,Terverifikasi Administrasi,2018-09-04
Tangerang Expres,Cetak,,,PT,,"Graha Pena Tanggerang, Moderngolf Shophouse No. 8, Modernland, Tanggerang Banten",(021) 5578-1212,Tangerang.ekpres@gmail.com,,Terverifikasi Administrasi dan Faktual,2018-09-04
Batam Pos,Cetak,,,,Kepulauan Riau,"Gedung Graha Pena Batam Lt. 2 Jl. Raya Batam Centre, Batam - 29461",(0778) 460000,redaksi@batampos.co.id,www.batampos.co.id,Terverifikasi Administratif,2015-07-18
